1786892930.732,17.93,0.41,0.39,0.34,0.36,0.36,0.36
1786892931.053,0.52,0.30,0.30,0.28,0.29,0.28,0.50
1786892931.356,0.54,0.32,0.24,0.27,0.64,0.36,0.45
1786892931.665,0.57,0.30,0.28,0.26,0.22,0.28,0.30
1786892931.968,0.59,0.38,0.25,0.28,0.24,0.22,0.23
1786892932.271,0.55,0.37,0.57,0.42,0.28,0.29,0.35
1786892932.573,0.59,0.33,0.26,0.25,0.29,0.25,0.26
1786892932.876,0.58,0.32,0.32,0.29,0.31,0.28,0.26
1786892933.179,0.63,0.35,0.30,0.30,0.26,0.25,0.27
1786892933.481,0.66,0.50,0.44,0.39,0.46,0.41,0.39
1786892933.785,0.64,0.36,0.34,0.36,0.33,0.43,0.55
1786892934.089,0.60,0.35,0.36,0.35,0.33,0.32,0.33
1786892934.392,0.83,0.70,0.51,0.49,0.43,0.39,0.49
1786892934.696,0.74,0.31,0.30,0.32,0.25,0.28,0.24
1786892934.999,0.51,0.32,0.33,0.29,0.30,0.28,0.27
1786892935.306,0.67,0.38,0.29,0.28,0.30,0.31,0.30
1786892935.609,0.61,0.35,0.30,0.27,0.28,0.33,0.31
1786892935.912,0.48,0.33,0.28,0.24,0.28,0.23,0.24
1786892936.214,0.54,0.33,0.39,0.32,0.30,0.27,0.26
1786892936.517,0.54,0.36,200.58,0.48,0.33,0.32,0.26
1786892937.021,0.57,0.31,207.01,0.63,0.39,0.29,0.26
1786892937.532,0.60,0.36,209.54,0.51,0.34,0.35,0.33
1786892938.044,0.48,0.36,198.85,0.48,0.32,0.26,0.26
1786892938.546,0.57,0.30,209.44,0.52,0.39,0.34,0.34
1786892939.058,0.58,0.74,206.50,0.46,0.35,0.30,0.28
1786892939.568,0.57,0.33,210.34,0.53,0.32,0.26,0.29
1786892940.081,0.60,0.30,199.72,0.52,0.33,0.29,0.29
1786892940.584,0.64,0.33,196.57,0.50,0.35,0.35,0.26
1786892941.083,0.53,0.32,191.82,0.66,0.41,0.44,0.34
1786892941.578,0.53,2.09,204.36,0.54,0.35,0.35,0.42
1786892942.087,0.56,0.48,198.82,0.46,0.32,0.30,0.29
1786892942.589,0.66,0.30,193.88,0.48,0.35,0.32,0.32
1786892943.086,0.56,0.38,197.16,0.44,0.38,0.32,0.25
1786892943.586,0.54,0.35,191.87,0.52,0.35,0.28,0.34
1786892944.081,0.50,0.27,204.96,0.46,0.32,0.30,0.35
1786892944.589,0.55,0.41,191.39,0.57,0.39,0.31,0.49
1786892945.083,0.59,0.38,192.65,0.56,0.29,0.27,0.25
1786892945.579,0.87,0.57,194.09,0.46,0.33,0.28,0.26
1786892946.076,0.73,0.52,198.15,0.44,0.30,0.28,0.29
1786892946.577,0.49,0.31,204.27,0.78,0.54,0.38,0.35
1786892947.085,0.66,0.43,199.39,0.62,0.66,0.44,0.44
1786892947.588,0.61,0.52,203.83,0.51,0.39,0.43,0.35
1786892948.095,0.61,0.37,193.70,0.55,0.41,0.36,0.36
1786892948.592,0.63,0.31,190.82,0.47,0.29,0.31,0.41
1786892949.086,0.53,0.39,210.22,0.53,0.37,0.35,0.35
1786892949.599,0.55,0.38,208.15,0.48,0.29,0.29,0.26
1786892950.110,0.60,0.41,200.22,0.45,0.28,0.26,0.26
1786892950.613,0.56,0.49,199.04,0.49,0.31,0.23,0.24
1786892951.115,0.51,0.33,196.55,0.51,0.32,0.26,0.25
1786892951.614,0.53,0.36,196.74,0.54,0.36,0.30,0.30
1786892952.114,0.57,0.33,200.89,0.54,0.36,0.34,0.28
1786892952.617,0.56,0.32,208.82,0.47,0.30,0.24,0.25
1786892953.129,0.57,0.33,202.35,0.49,0.29,0.34,0.23
1786892953.634,0.54,0.27,196.34,0.55,0.49,0.46,0.31
1786892954.134,0.51,0.37,198.97,0.47,0.28,0.27,0.20
1786892954.636,0.57,0.36,201.60,0.40,0.29,0.26,0.31
1786892955.140,0.49,0.36,204.55,0.47,0.31,0.30,0.28
1786892955.648,0.63,0.37,203.08,0.41,0.31,0.27,0.26
1786892956.155,0.53,0.30,192.17,0.60,0.30,0.25,0.30
1786892956.650,0.50,0.30,198.67,0.48,0.32,0.29,0.27
1786892957.151,0.85,0.55,198.52,0.50,0.34,0.32,0.27
1786892957.653,0.56,0.30,192.31,0.54,0.32,0.36,0.36
1786892958.148,0.62,0.38,197.72,0.64,0.53,0.41,0.52
1786892958.653,0.62,0.43,199.32,0.48,0.44,0.30,0.29
1786892959.162,0.55,0.37,199.41,0.52,0.32,0.31,0.28
1786892959.665,0.54,0.31,210.27,0.51,0.28,0.26,0.26
1786892960.178,0.49,0.31,201.51,0.50,0.34,0.27,0.31
1786892960.682,0.56,0.33,201.34,0.49,0.34,0.30,0.25
1786892961.188,0.51,0.33,209.16,0.49,0.32,0.32,0.22
1786892961.700,0.48,0.35,209.19,0.44,0.31,0.31,0.27
1786892962.212,0.52,0.34,206.08,0.47,0.28,0.31,0.25
1786892962.720,0.56,0.34,209.79,0.55,0.30,0.28,0.30
1786892963.245,0.58,0.33,199.87,0.52,0.30,0.28,0.27
1786892963.748,0.51,0.36,200.52,0.49,0.28,0.27,0.31
1786892964.251,0.74,0.33,192.07,0.60,0.39,0.37,0.39
1786892964.748,0.56,0.37,203.75,0.53,0.31,0.29,0.24
1786892965.255,0.61,0.35,194.49,0.50,0.32,0.31,0.23
1786892965.753,0.61,0.38,202.31,0.51,0.28,0.29,0.27
1786892966.258,0.58,0.31,190.67,0.53,0.37,0.34,0.31
1786892966.752,0.54,0.41,197.98,0.76,0.51,0.48,0.48
1786892967.253,0.57,0.31,199.16,0.41,0.33,0.28,0.25
1786892967.755,0.57,0.34,207.99,0.49,0.32,0.29,0.27
1786892968.266,0.78,0.52,193.41,0.54,0.31,0.26,0.29
1786892968.762,0.56,2.32,203.20,0.46,0.33,0.40,0.30
1786892969.270,0.57,0.40,203.37,0.55,0.33,0.29,0.28
1786892969.777,0.49,0.29,207.62,0.48,0.35,0.32,0.31
1786892970.288,0.59,0.46,199.48,0.50,0.27,0.29,0.38
1786892970.791,0.51,0.32,208.73,0.48,0.32,0.29,0.26
1786892971.303,0.55,0.33,192.34,0.51,0.31,0.33,0.33
1786892971.800,0.53,0.29,207.58,0.53,0.34,0.32,0.38
1786892972.310,0.58,0.40,203.43,0.47,0.29,0.26,0.27
1786892972.816,0.74,0.32,199.02,0.49,0.31,0.30,0.28
1786892973.318,0.51,0.38,200.43,0.45,0.33,0.30,0.35
1786892973.824,0.53,0.31,206.98,0.56,0.36,0.36,0.37
1786892974.334,0.51,0.30,209.47,0.50,0.31,0.29,0.23
1786892974.846,0.49,0.27,209.41,0.50,0.30,0.27,0.34
1786892975.358,0.52,0.51,208.25,0.52,0.30,0.25,0.31
1786892975.870,0.47,0.32,191.50,0.49,0.28,0.23,0.35
1786892976.364,0.58,0.28,197.57,0.51,0.28,0.30,0.31
1786892976.864,0.61,0.39,206.96,0.61,0.44,0.41,0.26
1786892977.374,0.61,0.38,202.92,0.49,0.28,0.30,0.29
1786892977.880,0.55,0.29,200.43,0.84,0.73,0.76,0.68
1786892978.385,0.58,0.34,207.65,0.48,0.28,0.24,0.25
1786892978.896,0.57,0.31,209.29,0.49,0.42,0.29,0.35
1786892979.408,0.62,0.42,209.40,0.50,0.37,0.35,0.29
1786892979.920,0.51,0.34,204.04,0.56,0.35,0.34,0.34
1786892980.428,0.58,0.31,209.22,0.58,0.35,0.35,0.28
1786892980.943,0.77,0.68,210.28,0.57,0.42,0.34,0.28
1786892981.458,0.53,0.35,192.03,0.69,0.37,0.67,0.34
1786892981.954,0.59,0.30,198.82,0.51,0.32,0.27,0.33
1786892982.455,0.52,0.31,198.72,0.74,0.41,0.30,0.38
1786892982.958,0.60,0.35,202.48,0.56,0.42,0.36,0.33
1786892983.464,0.46,0.27,210.44,1.20,0.67,0.65,0.88
1786892983.979,0.48,0.55,198.80,0.47,0.30,0.27,0.26
1786892984.481,0.57,0.34,202.01,0.56,0.37,0.36,0.52
1786892984.987,0.45,0.32,201.36,0.52,0.33,0.28,0.26
1786892985.493,0.44,0.30,192.42,0.47,0.29,0.27,0.30
1786892985.987,0.51,0.31,192.52,0.48,0.40,0.34,0.28
1786892986.483,0.59,0.34,194.49,0.52,0.38,0.37,0.34
1786892986.981,0.51,0.31,191.26,0.50,0.30,0.36,0.27
1786892987.475,0.50,0.33,208.89,0.74,0.41,0.45,0.34
1786892987.987,0.48,0.29,200.68,0.56,0.37,0.34,0.38
1786892988.491,0.51,0.36,204.97,0.52,0.36,0.29,0.27
1786892989.001,0.50,0.30,202.82,0.51,0.34,0.28,0.77
1786892989.512,0.59,0.33,205.21,0.49,0.32,0.37,0.37
1786892990.020,0.54,0.32,200.01,0.62,0.34,0.35,0.26
1786892990.529,0.65,0.36,196.48,0.55,0.41,0.32,0.29
1786892991.031,0.64,0.33,210.51,0.48,0.34,0.33,0.28
1786892991.545,0.59,0.34,194.93,0.52,0.35,0.31,0.38
1786892992.044,0.56,0.38,194.41,0.52,0.31,0.23,0.27
1786892992.540,0.62,0.36,197.75,0.49,0.34,0.26,0.22
1786892993.040,0.53,0.28,210.38,0.62,0.39,0.48,0.39
1786892993.554,0.65,0.39,202.91,0.53,0.36,0.32,0.28
1786892994.059,0.43,0.40,197.89,0.49,0.36,0.31,0.32
1786892994.560,0.52,0.32,200.77,0.48,0.34,0.24,0.28
1786892995.063,0.56,0.36,192.79,0.57,0.62,0.55,0.37
1786892995.560,0.59,0.37,204.79,0.52,0.34,0.26,0.23
1786892996.067,0.57,0.35,192.01,0.41,0.29,0.24,0.28
1786892996.562,0.49,0.28,205.69,0.46,0.39,0.29,0.34
1786892997.071,0.59,0.40,199.48,0.53,0.34,0.36,0.30
1786892997.573,0.49,0.36,199.94,0.48,0.35,0.28,0.25
1786892998.076,0.54,0.27,208.81,0.66,0.41,0.37,0.32
1786892998.588,0.48,0.30,200.72,0.54,0.39,0.29,0.32
1786892999.097,0.70,0.34,203.22,0.48,0.32,0.30,0.25
1786892999.603,0.56,0.27,202.19,0.53,0.38,0.32,0.45
1786893000.108,0.54,0.31,195.71,0.45,0.28,0.34,0.29
1786893000.607,0.61,0.37,208.44,0.46,0.35,0.30,0.27
1786893001.118,0.57,0.36,201.47,0.80,0.55,0.51,0.41
1786893001.632,0.53,0.32,196.40,0.61,0.33,0.36,0.31
1786893002.132,3.64,0.56,191.90,0.53,0.35,0.32,0.43
1786893002.630,0.69,0.46,208.68,0.48,0.31,0.33,0.31
1786893003.142,0.53,0.28,198.33,0.83,0.44,0.45,0.50
1786893003.644,0.55,0.31,197.12,0.64,0.35,0.35,0.32
1786893004.145,0.52,0.29,204.29,0.72,0.73,0.35,0.22
1786893004.653,0.51,0.25,206.08,0.59,0.34,0.28,0.20
1786893005.161,0.48,0.43,197.85,0.52,0.29,0.26,0.30
1786893005.662,0.57,0.38,201.73,0.59,0.44,0.30,0.30
1786893006.167,0.50,0.37,199.02,0.56,0.38,0.40,0.41
1786893006.670,0.54,0.31,208.73,0.46,0.28,0.26,0.26
1786893007.181,0.54,0.32,190.73,0.46,0.31,0.25,0.23
1786893007.674,0.53,0.30,200.00,0.56,0.36,0.36,0.31
1786893008.177,0.55,0.32,196.22,0.55,0.34,0.29,0.30
1786893008.676,0.51,0.31,195.51,0.49,0.41,0.33,0.33
1786893009.179,0.54,0.32,203.90,0.52,0.51,0.27,0.25
1786893009.686,0.53,0.30,210.14,0.42,0.29,0.28,0.24
1786893010.199,0.52,0.30,197.48,0.50,0.31,0.32,0.29
1786893010.699,0.57,0.35,201.38,0.51,0.34,0.29,0.34
1786893011.203,0.45,0.30,192.14,0.50,0.31,0.29,0.29
1786893011.698,0.55,0.35,198.14,0.50,0.29,0.27,0.29
1786893012.199,0.53,0.31,198.02,0.56,0.35,0.31,0.33
1786893012.700,0.54,0.25,192.73,0.46,0.26,0.27,0.26
1786893013.196,0.57,0.32,192.13,0.82,0.35,0.41,0.31
1786893013.691,0.59,0.44,206.35,0.46,0.28,0.30,0.29
1786893014.203,0.68,0.56,210.55,0.59,0.33,0.30,0.26
1786893014.717,0.60,0.36,198.55,0.42,0.47,0.31,0.33
1786893015.219,0.49,0.36,190.85,0.40,0.31,0.27,0.31
1786893015.712,0.57,0.28,207.98,0.47,0.29,0.27,0.29
1786893016.223,0.43,0.32,205.06,0.54,0.34,0.31,0.27
1786893016.731,0.49,0.38,195.12,0.50,0.32,0.27,0.28
1786893017.228,0.49,0.33,205.27,0.55,0.31,0.32,0.38
1786893017.737,0.48,0.37,192.22,0.44,0.29,0.28,0.21
1786893018.232,0.48,0.36,200.93,1.05,0.42,0.28,0.31
1786893018.738,0.51,0.28,192.53,0.49,0.44,0.28,0.27
1786893019.235,0.48,0.35,194.47,0.49,0.33,0.26,0.24
1786893019.736,0.56,0.33,203.13,0.54,0.32,0.37,0.37
1786893020.242,0.54,0.31,199.06,0.53,0.31,0.31,0.39
1786893020.744,0.49,0.30,207.38,0.48,0.28,0.29,0.28
1786893021.259,0.59,0.34,209.48,0.51,0.33,0.37,0.37
1786893021.771,0.46,0.36,208.72,0.47,0.40,0.36,0.38
1786893022.283,0.46,0.40,208.80,0.56,0.43,0.40,0.38
1786893022.794,0.67,0.51,203.08,0.43,0.32,0.36,0.27
1786893023.300,0.54,0.35,193.56,0.51,0.28,0.27,0.22
1786893023.797,0.61,0.39,203.10,0.56,0.38,0.38,0.31
1786893024.303,0.50,0.30,204.03,0.57,0.38,0.43,0.36
1786893024.810,0.58,0.35,203.89,0.38,0.36,0.27,0.33
1786893025.317,1.01,0.36,197.37,0.64,0.37,0.33,0.42
1786893025.819,0.52,0.34,203.55,0.63,0.43,0.43,0.43
1786893026.326,0.50,0.31,210.12,0.55,0.53,0.28,0.33
1786893026.839,0.59,0.33,200.97,0.47,0.29,0.37,0.31
1786893027.343,0.55,0.30,198.22,0.46,0.38,0.31,0.28
1786893027.844,0.51,0.26,204.65,0.54,0.33,0.32,0.33
1786893028.352,0.61,0.34,202.75,0.52,0.34,0.36,0.49
1786893028.858,0.54,0.40,194.43,0.50,0.48,0.55,0.31
1786893029.356,0.59,0.46,207.21,0.48,0.46,0.40,0.33
1786893029.866,0.52,0.39,197.34,0.55,0.45,0.39,0.28
1786893030.367,0.56,0.59,207.34,0.58,0.34,0.37,0.34
1786893030.878,0.52,0.36,197.01,0.61,0.35,0.28,0.31
1786893031.378,0.50,0.37,202.25,0.49,0.31,0.28,0.29
1786893031.885,0.64,0.40,208.74,0.48,0.33,0.28,0.23
1786893032.396,0.44,0.26,191.63,0.53,0.50,0.26,0.43
1786893032.892,0.54,0.33,205.19,0.46,0.33,0.25,0.26
1786893033.400,0.52,0.33,196.42,0.49,0.44,0.50,0.46
1786893033.899,0.55,0.33,201.41,0.44,0.26,0.28,0.25
1786893034.403,0.45,4.87,208.88,0.53,0.48,0.32,0.28
1786893034.920,0.47,0.35,203.43,0.52,0.35,0.34,0.34
1786893035.426,0.47,0.34,198.64,0.57,0.35,0.37,0.35
1786893035.928,0.44,0.31,207.80,0.41,0.30,0.28,0.52
1786893036.439,0.60,0.42,204.50,0.51,0.48,0.32,0.30
1786893036.947,0.57,0.34,195.76,0.57,0.56,0.53,0.76
1786893037.446,0.47,0.30,193.09,0.49,0.32,0.28,0.38
1786893037.942,0.50,0.34,197.05,0.78,0.64,0.32,0.29
1786893038.443,0.53,0.44,205.18,0.48,0.43,0.32,0.28
1786893038.952,0.38,0.29,196.10,0.43,0.32,0.44,0.28
1786893039.456,0.60,0.31,208.17,0.48,0.35,0.39,0.26
1786893039.967,0.64,0.39,206.39,0.50,0.32,0.32,0.36
1786893040.481,0.49,0.37,206.96,0.47,0.36,0.32,0.60
1786893040.992,0.49,0.33,209.40,0.49,0.37,0.39,0.27
1786893041.505,0.66,0.42,207.30,0.42,0.32,0.27,0.33
1786893042.015,0.45,0.36,195.44,0.46,0.35,0.33,0.33
1786893042.513,0.53,0.42,205.74,0.47,0.31,0.30,0.28
1786893043.022,0.44,0.50,191.80,0.43,0.29,0.31,0.30
1786893043.517,0.51,0.35,210.19,0.39,0.29,0.31,0.26
1786893044.030,0.50,0.36,192.79,0.49,0.31,0.31,0.25
1786893044.525,0.58,0.35,195.72,0.43,0.44,0.26,0.23
1786893045.024,0.45,0.32,207.35,0.49,0.36,0.32,0.27
1786893045.535,0.47,0.30,203.97,0.49,0.46,0.36,0.30
1786893046.042,0.47,0.32,200.98,0.47,0.28,0.30,0.26
1786893046.546,0.50,0.30,203.15,0.40,0.31,0.33,0.24
1786893047.052,0.57,0.40,209.41,0.52,0.47,0.38,0.46
1786893047.569,0.77,0.61,204.97,0.48,0.44,0.35,0.51
1786893048.078,0.60,0.32,205.51,0.76,0.48,0.33,0.36
1786893048.587,0.51,0.36,198.30,0.42,0.33,0.27,0.25
1786893049.088,0.60,0.36,190.46,0.48,0.34,0.29,0.28
1786893049.581,0.62,0.31,208.45,0.46,0.29,0.26,0.24
1786893050.092,0.59,0.47,197.95,0.40,0.29,1.09,0.34
1786893050.594,0.50,0.35,208.80,0.49,0.31,0.26,0.25
1786893051.105,0.59,0.39,208.14,0.49,0.34,0.30,0.28
1786893051.616,0.50,0.31,209.60,0.53,0.31,0.30,0.35
1786893052.136,0.56,0.41,198.04,0.38,0.31,0.29,0.24
1786893052.636,0.41,0.43,194.54,0.46,0.28,0.28,0.42
1786893053.134,0.51,0.32,191.00,0.52,0.37,0.31,0.34
1786893053.627,0.48,0.39,200.88,0.52,0.34,0.29,0.33
1786893054.131,0.61,0.38,200.88,0.49,0.49,0.27,0.29
1786893054.635,0.46,0.38,205.23,0.48,0.33,0.28,0.35
1786893055.143,0.49,0.38,207.80,0.51,0.31,0.29,0.28
1786893055.654,0.48,0.31,191.40,0.43,0.27,0.26,0.29
1786893056.148,0.79,0.38,199.80,0.51,0.34,0.29,0.27
1786893056.651,0.50,0.49,190.91,0.59,0.39,0.38,0.33
1786893057.146,0.53,0.36,195.19,0.41,0.32,0.26,0.33
1786893057.649,0.45,0.46,193.74,0.52,0.33,0.26,0.27
1786893058.145,0.62,0.34,206.94,0.64,0.38,0.38,0.40
1786893058.656,0.60,0.31,198.48,0.71,0.30,0.27,0.25
1786893059.157,0.55,0.32,192.65,0.66,0.37,0.45,0.34
1786893059.653,0.60,0.31,200.46,0.48,0.31,0.25,0.24
1786893060.157,0.60,0.33,205.56,0.41,0.27,0.27,0.24
1786893060.665,0.48,0.35,191.12,0.62,0.37,0.27,0.31
1786893061.159,0.55,0.36,204.64,0.64,0.30,0.26,0.34
1786893061.667,0.49,0.36,202.42,0.55,0.33,0.24,0.29
1786893062.172,0.57,0.33,208.86,0.50,0.30,0.25,0.29
1786893062.683,0.51,0.34,191.70,0.50,0.30,0.30,0.29
1786893063.180,0.51,0.36,190.99,0.41,0.30,0.42,0.28
1786893063.674,0.50,0.35,195.66,0.92,0.74,0.90,0.59
1786893064.174,0.51,0.32,193.96,0.51,0.32,0.29,0.26
1786893064.677,0.46,0.30,206.73,0.53,0.28,0.29,0.26
1786893065.186,0.52,0.30,206.25,0.42,0.40,0.62,0.49
1786893065.696,0.48,0.45,194.92,0.46,0.33,0.29,0.27
1786893066.195,0.50,0.36,192.86,0.45,0.35,0.28,0.41
1786893066.691,0.50,0.36,207.79,0.48,0.51,0.46,0.31
1786893067.203,0.50,0.33,203.24,0.62,0.48,0.30,0.33
1786893067.710,0.54,0.32,199.51,0.48,0.30,0.26,0.27
1786893068.212,0.66,0.39,193.67,0.51,0.30,0.31,0.44
1786893068.709,0.91,0.49,203.32,0.58,0.48,0.37,0.38
1786893069.216,0.60,0.34,210.00,0.43,0.34,0.27,0.28
1786893069.728,0.46,0.30,200.94,0.46,0.31,0.30,0.28
1786893070.232,0.50,0.28,199.54,0.52,0.35,0.30,0.26
1786893070.735,0.52,0.31,209.42,0.62,0.56,0.46,0.53
1786893071.248,0.79,0.50,195.04,0.57,0.28,0.27,0.26
1786893071.749,0.48,0.32,200.17,0.55,0.36,0.30,0.30
1786893072.252,0.47,0.34,190.55,0.49,0.38,0.31,0.28
1786893072.745,0.46,0.43,195.07,0.46,0.31,0.30,0.33
1786893073.243,0.50,0.35,206.15,0.48,0.34,0.29,0.32
1786893073.752,0.55,0.37,202.88,0.45,0.31,0.29,0.25
1786893074.258,0.50,0.35,206.56,0.49,0.31,0.32,0.36
1786893074.770,0.45,0.28,204.53,0.41,0.35,0.28,0.25
1786893075.277,0.59,0.31,208.13,0.46,0.34,0.30,0.28
1786893075.788,0.51,0.33,204.51,0.45,0.29,0.36,0.27
1786893076.296,0.43,0.33,206.22,0.46,0.32,0.42,0.47
1786893076.805,0.50,0.31,210.01,0.52,0.33,0.42,0.37
1786893077.320,0.62,0.67,203.67,0.43,0.32,0.31,0.28
1786893077.827,0.55,0.41,203.74,0.49,0.53,0.31,0.26
1786893078.333,0.59,0.34,208.38,0.60,0.36,0.30,0.35
1786893078.845,0.54,0.36,192.46,0.60,0.32,0.31,0.30
1786893079.340,0.50,0.31,203.88,0.57,0.42,0.38,0.37
1786893079.848,0.59,0.44,204.40,0.43,0.30,0.30,0.32
1786893080.355,0.53,0.32,204.60,0.44,0.30,0.32,0.28
1786893080.865,0.48,0.40,203.91,0.62,0.44,0.44,0.57
1786893081.373,0.51,0.32,208.15,0.46,0.27,0.25,0.28
1786893081.883,0.54,0.31,201.19,0.52,0.34,0.45,0.36
1786893082.387,0.49,0.42,197.85,0.50,0.32,0.28,0.27
1786893082.887,0.59,0.44,198.48,0.64,0.48,0.33,0.29
1786893083.389,0.48,0.44,191.06,0.59,0.57,0.38,0.34
1786893083.883,0.58,0.30,202.87,0.52,0.32,0.27,0.31
1786893084.389,0.58,0.39,193.88,0.50,0.32,0.29,0.28
1786893084.885,0.53,0.32,193.93,0.42,0.32,0.29,0.28
1786893085.382,0.54,0.32,195.89,0.66,0.59,0.35,0.34
1786893085.882,0.63,0.30,208.85,0.58,0.38,0.33,0.31
1786893086.394,0.45,0.28,205.28,0.44,0.31,0.27,0.26
1786893086.901,0.54,0.32,208.88,0.46,0.28,0.26,0.20
1786893087.413,0.76,0.35,200.06,0.43,0.41,0.48,0.31
1786893087.917,0.57,0.35,192.48,0.53,0.37,0.43,0.31
1786893088.413,0.46,0.30,194.14,0.54,0.36,0.32,0.33
1786893088.910,0.63,0.32,192.18,0.65,0.31,0.37,0.35
1786893089.406,0.48,0.32,193.49,0.54,0.35,0.30,0.33
1786893089.902,0.48,0.36,198.18,0.43,0.41,0.41,0.43
1786893090.404,0.60,0.29,202.84,0.46,0.31,0.40,0.65
1786893090.910,0.48,0.29,197.38,0.48,0.29,0.30,0.27
1786893091.409,0.53,0.36,196.75,0.50,0.29,0.28,0.27
1786893091.909,0.47,0.28,202.13,0.58,0.34,0.35,0.46
1786893092.414,0.45,0.32,208.08,0.52,0.40,0.29,0.39
1786893092.925,0.50,0.29,200.25,0.48,0.47,0.34,0.30
1786893093.431,0.70,2.10,198.68,0.75,0.31,0.26,0.26
1786893093.935,0.55,0.29,207.46,0.44,0.29,0.32,0.61
1786893094.446,0.55,0.32,209.67,0.57,0.39,0.42,0.32
1786893094.959,0.47,0.33,196.50,0.42,0.31,0.28,0.33
1786893095.458,0.47,0.29,193.80,0.52,0.43,0.35,0.34
1786893095.955,0.50,0.32,204.26,0.59,0.50,0.46,0.45
1786893096.462,0.62,0.37,201.33,0.48,0.47,0.30,0.40
1786893096.967,0.47,0.33,208.87,0.51,0.32,0.30,0.30
1786893097.479,0.52,0.45,209.19,0.55,0.29,0.29,0.28
1786893097.991,0.37,0.28,195.30,0.39,0.35,0.26,0.28
1786893098.489,0.49,0.64,192.73,0.46,0.34,0.37,0.38
1786893098.985,0.42,0.27,200.00,0.44,0.28,0.29,0.28
1786893099.487,0.58,0.36,190.59,0.58,0.32,0.31,0.25
1786893099.981,0.50,0.33,201.66,0.41,0.28,0.29,0.25
1786893100.485,0.58,0.81,198.27,0.49,0.35,0.29,0.29
1786893100.991,0.48,0.32,209.84,0.47,0.32,0.29,0.29
1786893101.504,0.54,0.30,199.65,0.55,0.37,0.33,0.40
1786893102.007,0.58,0.45,196.38,0.49,0.28,0.25,0.26
1786893102.506,0.56,0.36,194.88,0.49,0.32,0.31,0.25
1786893103.004,0.46,0.38,196.52,0.47,0.41,0.41,0.39
1786893103.503,0.59,0.36,202.38,0.48,0.32,0.28,0.27
1786893104.009,0.48,0.29,197.24,0.52,0.33,0.27,0.38
1786893104.509,0.48,0.33,192.88,0.57,0.43,0.31,0.28
1786893105.004,0.44,0.37,208.54,0.45,0.27,0.28,0.28
1786893105.516,0.45,0.37,202.82,0.60,0.44,0.26,0.61
1786893106.023,0.64,0.58,209.60,0.49,0.31,0.28,0.24
1786893106.535,0.50,0.30,194.49,0.62,0.60,0.47,0.48
1786893107.034,0.67,0.44,194.68,0.49,0.52,0.33,0.31
1786893107.532,0.56,0.35,194.13,0.91,0.45,0.90,1.21
1786893108.032,0.52,0.32,191.37,0.68,0.35,0.29,0.32
1786893108.527,0.90,0.40,201.18,0.51,0.32,0.29,0.29
1786893109.031,0.50,0.30,190.78,0.71,0.29,0.31,0.34
1786893109.525,0.51,0.39,196.84,0.43,0.28,0.30,0.27
1786893110.024,0.47,0.30,196.78,0.47,0.31,0.29,0.27
1786893110.524,0.54,0.33,195.28,0.57,0.31,0.35,0.26
1786893111.022,0.52,0.35,202.03,0.63,0.32,0.27,0.25
1786893111.527,0.59,0.37,194.18,0.43,0.31,0.29,0.33
1786893112.024,0.47,0.30,201.16,0.55,0.35,0.29,0.27
1786893112.526,0.45,0.31,199.03,0.45,0.29,0.26,0.27
1786893113.027,0.69,0.37,200.89,0.71,0.47,0.66,0.39
1786893113.532,0.64,0.32,191.65,0.51,0.32,0.32,0.26
1786893114.027,0.56,0.34,208.79,0.56,0.30,0.28,0.27
1786893114.538,0.54,0.32,206.08,0.52,0.34,0.30,0.24
1786893115.047,0.48,0.32,193.46,1.02,0.41,0.57,0.67
1786893115.545,0.49,0.28,193.54,0.45,0.28,0.28,0.29
1786893116.041,0.53,0.34,210.04,0.48,0.36,0.40,0.34
1786893116.554,0.60,0.37,208.12,0.44,0.37,0.37,1.15
1786893117.067,0.61,0.46,207.18,0.43,0.30,0.30,0.28
1786893117.577,0.46,0.39,190.84,0.65,0.39,0.33,0.42
1786893118.071,0.52,0.30,201.80,0.58,0.42,0.43,0.41
1786893118.576,0.61,0.38,200.56,0.45,0.31,0.26,0.27
1786893119.080,0.57,0.32,195.60,0.46,0.28,0.28,0.29
1786893119.578,0.58,0.30,191.86,0.43,0.29,0.27,0.26
1786893120.076,0.65,0.36,199.48,0.47,0.32,0.27,0.31
1786893120.578,0.56,0.33,200.16,0.47,0.32,0.30,0.26
1786893121.081,0.59,0.44,194.02,0.73,0.41,0.36,0.31
1786893121.580,0.47,0.33,190.36,0.45,0.28,0.27,0.26
1786893122.073,0.57,0.46,210.26,0.52,0.42,0.40,0.29
1786893122.586,0.73,0.35,196.92,0.45,0.31,0.29,0.27
1786893123.086,0.53,0.32,193.31,0.59,0.35,0.39,0.33
1786893123.582,0.45,0.32,209.31,0.42,0.31,0.25,0.27
1786893124.095,0.52,0.41,193.59,0.50,0.28,0.25,0.20
1786893124.591,0.46,0.29,191.52,0.45,0.30,0.34,0.25
1786893125.086,0.51,0.31,202.57,0.51,0.31,0.27,0.25
1786893125.591,0.48,0.27,197.28,0.42,0.30,0.22,0.24
1786893126.091,0.53,0.39,209.73,0.52,0.38,0.32,0.34
1786893126.604,0.51,0.33,197.98,0.50,0.34,0.30,0.27
1786893127.105,0.75,0.37,210.38,0.43,0.30,0.33,0.30
1786893127.618,0.44,0.29,207.00,0.47,0.29,0.23,0.22
1786893128.128,0.56,0.35,197.46,0.56,0.79,0.47,0.44
1786893128.629,0.66,0.52,208.52,0.79,0.65,0.82,0.37
1786893129.143,0.61,0.37,206.78,0.46,0.34,0.30,0.31
1786893129.652,0.46,0.33,194.37,0.46,0.32,0.29,0.25
1786893130.149,0.48,0.31,209.52,0.52,0.34,0.28,0.26
1786893130.661,0.54,0.34,203.12,0.46,0.45,0.29,0.28
1786893131.167,0.60,0.37,190.51,0.56,0.35,0.40,0.35
1786893131.661,0.55,0.30,197.22,0.56,0.33,0.36,0.33
1786893132.161,0.53,0.33,194.56,1.48,0.91,0.52,0.40
1786893132.660,0.52,0.44,200.90,0.57,0.41,0.27,0.30
1786893133.166,0.63,0.35,205.70,0.58,0.31,0.38,0.32
1786893133.675,0.61,0.45,209.99,0.56,0.31,0.32,0.30
1786893134.188,0.72,0.34,195.80,0.56,0.33,0.33,0.32
1786893134.686,0.58,0.35,207.95,0.67,0.30,0.32,0.29
1786893135.197,0.54,0.34,202.30,0.64,0.50,0.45,0.34
1786893135.703,0.49,0.54,196.94,0.60,0.32,0.32,0.27
1786893136.203,0.45,0.37,209.67,0.42,0.46,0.43,0.22
1786893136.716,0.53,0.32,199.84,0.47,0.41,0.34,0.30
1786893137.219,0.45,0.27,210.49,0.53,0.33,0.30,0.47
1786893137.735,0.60,0.34,208.39,0.53,0.29,0.26,0.24
1786893138.246,0.60,0.34,192.38,0.87,0.72,0.92,0.63
1786893138.744,0.51,0.23,202.35,0.61,0.36,0.34,0.34
1786893139.250,0.53,0.45,209.15,0.62,0.64,0.37,0.42
1786893139.763,0.71,0.35,209.28,0.54,0.50,0.34,0.34
1786893140.275,0.49,0.31,190.44,0.43,0.29,0.28,0.25
1786893140.769,0.50,0.28,193.08,0.56,0.33,0.36,0.32
1786893141.265,0.56,0.45,203.95,0.45,0.32,0.37,0.29
1786893141.772,0.51,0.31,195.78,0.55,0.37,0.47,0.35
1786893142.271,0.52,0.31,203.61,0.57,0.36,0.33,0.36
1786893142.777,0.58,0.34,201.17,0.53,0.36,0.29,0.25
1786893143.289,0.48,0.27,205.38,0.49,0.29,0.35,0.25
1786893143.797,0.57,0.30,190.89,0.49,0.31,0.29,0.30
1786893144.291,0.52,0.28,196.88,0.67,0.34,0.31,0.30
1786893144.792,1.13,0.53,206.50,0.39,0.35,0.30,0.30
1786893145.302,0.47,0.31,191.72,0.48,0.31,0.30,0.24
1786893145.796,0.70,0.39,199.84,0.53,0.34,0.30,0.27
1786893146.299,0.57,0.33,198.83,0.53,0.35,0.31,0.65
1786893146.801,0.71,0.37,201.41,0.47,0.27,0.31,0.26
1786893147.305,0.57,0.55,199.82,0.56,0.28,0.27,0.25
1786893147.811,0.75,0.45,209.96,0.47,0.25,0.24,0.26
1786893148.324,1.08,1.64,195.48,0.49,0.33,0.26,0.24
1786893148.827,0.52,0.29,210.21,0.48,0.30,0.32,0.31
1786893149.340,0.63,0.54,207.94,0.56,0.45,0.33,0.24
1786893149.851,0.49,0.30,202.54,0.55,0.28,0.31,0.31
1786893150.364,0.49,0.36,193.84,0.58,0.38,0.27,0.28
1786893150.861,0.50,0.30,202.61,0.40,0.31,0.30,0.29
1786893151.366,0.48,0.31,198.57,0.55,0.31,0.25,0.33
1786893151.867,0.52,0.36,203.02,0.63,0.40,0.47,0.31
1786893152.373,0.53,0.35,193.82,0.56,0.37,0.30,0.35
1786893152.870,0.50,0.32,198.79,0.50,0.29,0.35,0.34
1786893153.373,0.55,0.53,190.92,0.71,0.35,0.29,0.25
1786893153.868,0.57,0.37,192.13,0.59,0.42,0.41,0.51
1786893154.365,0.57,0.32,203.07,0.55,0.29,0.27,0.30
1786893154.871,0.54,0.35,196.06,0.47,0.26,0.28,0.30
1786893155.369,0.57,0.34,205.18,0.82,0.45,0.32,0.38
1786893155.878,0.48,0.36,194.25,0.53,0.31,0.28,0.34
1786893156.375,0.52,0.34,199.54,0.52,0.46,0.25,0.30
1786893156.878,0.51,0.38,194.36,0.50,0.39,0.32,0.28
1786893157.375,0.50,0.40,207.34,0.44,0.26,0.26,0.28
1786893157.885,0.51,0.38,191.10,0.55,0.40,0.40,0.38
1786893158.380,0.54,0.37,195.04,0.49,0.32,0.27,0.29
1786893158.877,0.53,0.32,192.60,0.52,0.33,0.29,0.27
1786893159.373,0.55,0.38,208.39,0.54,0.26,0.30,0.27
1786893159.884,0.49,0.40,198.14,0.55,0.34,0.31,0.24
1786893160.385,0.60,0.34,198.05,0.59,0.34,0.31,0.34
1786893160.886,0.56,0.36,206.67,0.51,0.40,0.32,0.29
1786893161.396,0.48,0.30,197.62,0.53,0.39,0.33,0.30
1786893161.897,0.52,0.33,207.07,0.52,0.29,0.30,0.35
1786893162.407,0.60,0.32,198.41,0.52,0.53,0.33,0.33
1786893162.909,0.78,0.38,207.16,0.55,0.31,0.27,0.23
1786893163.420,0.46,0.37,195.86,0.48,0.30,0.29,0.26
1786893163.919,0.55,0.29,194.89,0.57,0.37,0.33,0.39
1786893164.417,0.77,0.54,204.62,0.55,0.31,0.30,0.32
1786893164.925,0.58,0.47,209.56,0.40,0.30,0.28,0.29
1786893165.437,0.67,0.45,204.35,0.57,0.34,0.28,0.30
1786893165.944,0.52,0.29,209.90,0.59,0.39,0.33,0.28
1786893166.457,0.54,0.33,191.95,0.54,0.38,0.33,0.27
1786893166.953,0.72,0.48,193.35,0.50,0.33,0.35,0.29
1786893167.449,0.61,0.39,197.69,0.46,0.36,0.28,0.25
1786893167.949,0.66,0.41,192.44,0.56,0.35,0.35,0.27
1786893168.445,0.62,0.46,196.74,0.64,0.28,0.41,0.25
1786893168.946,0.48,0.40,197.84,0.56,0.40,0.33,0.27
1786893169.446,0.57,0.32,194.33,0.58,0.34,0.63,0.35
1786893169.944,0.56,0.32,194.52,0.54,0.39,0.31,0.29
1786893170.442,0.61,0.69,192.72,0.58,0.35,0.35,0.32
1786893170.938,0.60,0.37,204.72,0.56,0.38,0.39,0.26
1786893171.446,0.53,0.36,209.66,0.53,0.33,0.32,0.26
1786893171.958,0.57,0.30,205.63,0.58,0.38,0.31,0.27
1786893172.467,0.52,0.37,203.93,0.52,0.32,0.30,0.39
1786893172.978,0.51,0.35,210.13,0.56,0.30,0.30,0.21
1786893173.491,0.73,0.54,193.29,0.50,0.33,0.28,0.28
1786893173.987,0.55,0.32,206.01,0.44,0.28,0.27,0.26
1786893174.496,0.41,0.58,207.73,0.44,0.37,0.32,0.32
1786893175.008,0.49,0.28,195.02,0.53,0.47,0.24,0.23
1786893175.506,0.44,0.30,206.48,0.59,0.36,0.45,0.27
1786893176.015,0.51,0.32,190.80,0.61,0.47,0.46,0.56
1786893176.510,0.49,0.36,206.97,0.50,0.34,0.32,0.31
1786893177.021,0.45,0.30,190.86,0.57,0.37,0.32,0.37
1786893177.515,0.52,0.37,204.35,0.61,0.48,0.36,0.29
1786893178.022,0.57,0.34,196.35,0.47,0.38,0.44,0.27
1786893178.522,0.49,0.34,191.64,0.56,0.45,0.26,0.28
1786893179.016,0.56,0.68,194.99,0.44,0.29,0.29,0.29
1786893179.514,0.50,0.31,195.42,0.50,0.34,0.27,0.28
1786893180.012,0.61,0.34,191.38,0.51,0.35,0.24,0.37
1786893180.506,0.44,0.37,207.19,0.44,0.30,0.25,0.22
1786893181.016,0.49,0.40,199.58,0.54,0.38,0.29,0.29
1786893181.520,0.54,0.65,196.63,0.53,0.35,0.37,0.36
1786893182.020,0.49,0.35,205.17,0.62,0.74,0.40,0.39
1786893182.528,0.49,0.35,201.38,0.53,0.32,0.29,0.27
1786893183.033,0.56,0.39,199.64,0.52,0.35,0.43,0.30
1786893183.540,0.55,0.35,192.74,0.53,0.27,0.21,0.22
1786893184.036,0.53,0.32,210.09,0.53,0.27,0.29,0.29
1786893184.548,0.52,0.37,198.80,0.51,0.40,0.46,0.52
1786893185.050,0.50,0.27,207.58,0.50,0.29,0.25,0.29
1786893185.561,0.48,0.31,204.01,0.66,0.33,0.34,0.33
1786893186.068,0.55,0.31,203.11,0.54,0.38,0.36,0.27
1786893186.574,0.51,0.37,191.98,0.49,0.34,0.43,0.35
1786893187.069,0.59,0.32,210.37,0.53,0.35,0.33,0.38
1786893187.582,0.42,0.34,205.59,0.58,0.37,0.29,0.30
1786893188.091,0.54,0.33,208.74,0.52,0.31,0.28,0.24
1786893188.602,0.77,0.50,206.39,0.50,0.32,0.30,0.27
1786893189.112,0.66,0.39,192.11,0.58,0.46,0.46,0.41
1786893189.607,0.80,0.47,191.17,0.58,0.40,0.38,0.30
1786893190.102,0.59,0.31,201.49,0.53,0.38,0.39,0.37
1786893190.607,0.57,0.34,198.22,1.52,0.81,0.65,0.57
1786893191.110,0.49,0.31,209.27,0.61,0.34,0.53,0.30
1786893191.622,0.64,0.64,199.38,0.48,0.40,0.31,0.32
1786893192.125,0.54,0.33,196.58,0.59,0.40,0.29,0.30
1786893192.625,0.46,0.34,203.37,0.47,0.31,0.30,0.28
1786893193.131,4.23,0.62,196.68,0.47,0.35,0.26,0.33
1786893193.635,0.44,0.43,208.87,0.50,0.27,0.29,0.30
1786893194.147,0.59,0.30,202.60,0.56,0.34,0.39,0.38
1786893194.652,0.51,0.37,194.18,0.60,0.30,0.26,0.25
1786893195.150,0.46,0.33,204.20,0.48,0.37,0.34,0.37
1786893195.660,0.59,0.44,201.71,0.49,0.31,0.39,0.40
1786893196.165,0.50,0.37,204.02,0.47,0.39,0.30,0.34
1786893196.672,0.59,0.55,196.81,0.46,0.30,0.26,0.24
1786893197.172,0.50,0.37,202.86,0.47,0.34,0.29,0.29
1786893197.677,0.46,0.29,205.63,0.48,0.28,0.57,0.38
1786893198.186,0.56,0.36,196.06,0.53,0.30,0.34,0.27
1786893198.685,0.57,0.46,206.40,0.54,0.36,0.34,0.33
1786893199.195,0.70,0.66,194.24,0.41,0.45,0.56,0.36
1786893199.729,0.56,0.28,205.82,0.64,0.39,0.34,0.25
1786893200.241,0.52,0.29,209.19,0.56,0.28,0.36,0.42
1786893200.753,0.51,0.38,208.92,0.55,0.30,0.33,0.40
1786893201.265,0.60,0.36,194.06,0.48,0.30,0.29,0.26
1786893201.762,0.71,0.43,199.64,0.58,0.37,0.62,0.39
1786893202.265,0.53,0.32,190.68,0.55,0.30,0.36,0.45
1786893202.758,0.52,0.38,190.76,0.49,0.34,0.40,0.29
1786893203.251,0.49,0.36,191.31,0.88,0.69,0.80,0.62
1786893203.748,0.62,0.34,207.27,0.60,0.41,0.30,0.29
1786893204.258,0.53,0.29,193.57,0.60,0.53,0.38,0.41
1786893204.755,0.47,0.31,207.10,0.62,0.39,0.36,0.47
1786893205.266,0.48,0.33,191.57,0.56,0.36,0.34,0.33
1786893205.761,0.50,0.47,194.59,0.66,0.36,0.33,0.39
1786893206.259,0.58,0.34,203.86,0.54,0.36,0.34,0.34
1786893206.766,0.49,0.39,201.32,0.51,0.31,0.31,0.33
1786893207.270,0.50,0.46,199.87,0.54,0.29,0.30,0.32
1786893207.772,0.49,0.30,202.16,0.49,0.31,0.30,0.28
1786893208.277,0.62,0.31,202.62,0.60,0.34,0.32,0.27
1786893208.784,0.57,0.39,200.84,0.47,0.32,0.27,0.24
1786893209.289,0.51,0.36,197.98,0.54,0.30,0.24,0.31
1786893209.790,0.52,0.33,205.85,0.49,0.29,0.29,0.27
1786893210.299,0.55,0.29,200.51,0.56,0.40,0.26,0.31
1786893210.802,0.62,0.44,193.92,5.57,0.54,0.60,0.42
1786893211.306,0.47,0.41,200.26,0.51,0.27,0.29,0.26
1786893211.811,0.50,0.33,197.06,0.58,0.43,0.28,0.34
1786893212.311,0.59,0.36,203.85,0.45,0.27,0.27,0.30
1786893212.818,0.50,0.29,207.22,0.52,0.30,0.33,0.30
1786893213.330,0.56,0.36,201.98,0.49,0.28,0.27,0.27
1786893213.835,0.60,0.44,196.54,0.56,0.33,0.25,0.27
1786893214.336,0.46,0.29,195.00,0.54,0.31,0.31,0.32
1786893214.835,0.50,0.44,207.62,0.54,0.40,0.36,0.40
1786893215.346,0.62,0.40,204.44,0.53,0.30,0.26,0.32
1786893215.853,0.87,0.49,193.87,0.52,0.36,0.25,0.32
1786893216.350,0.63,0.36,209.81,0.50,0.37,0.32,0.32
1786893216.863,0.54,0.32,199.28,0.49,0.32,0.37,0.26
1786893217.366,0.52,0.37,201.24,0.43,0.30,0.30,0.27
1786893217.869,0.57,0.34,195.75,0.57,0.37,0.34,0.38
1786893218.368,0.54,0.49,206.47,0.60,0.33,0.43,0.33
1786893218.878,0.56,0.47,193.56,0.61,0.39,0.34,0.33
1786893219.378,0.54,0.40,200.17,0.54,0.36,0.34,0.34
1786893219.881,0.50,0.83,209.58,0.66,0.58,0.49,0.65
1786893220.398,0.60,0.32,192.95,0.55,0.44,0.35,0.32
1786893220.894,0.53,0.34,199.09,0.48,0.32,0.30,0.29
1786893221.396,0.51,0.32,205.23,0.48,0.32,0.27,0.26
1786893221.904,0.48,0.33,206.28,0.48,0.32,0.29,0.34
1786893222.413,0.56,0.33,193.17,0.55,0.32,0.35,0.28
1786893222.909,0.60,0.32,199.44,0.55,0.34,0.31,0.34
1786893223.412,0.59,0.39,208.89,0.55,0.41,0.28,0.37
1786893223.924,0.50,0.36,194.08,0.70,0.33,0.34,0.27
1786893224.421,0.53,0.33,198.77,0.55,0.49,0.33,0.30
1786893224.923,0.50,0.29,203.04,0.69,0.39,0.34,0.34
1786893225.429,0.55,0.31,193.94,0.57,0.48,0.36,0.66
1786893225.928,0.51,0.45,202.69,0.51,0.32,0.26,0.38
1786893226.433,0.85,0.53,210.09,0.49,0.29,0.29,0.29
1786893226.947,0.59,0.29,206.25,0.62,0.50,0.39,0.36
1786893227.457,0.56,0.42,207.53,0.45,0.28,0.29,0.26
1786893227.967,0.51,0.41,193.90,0.49,0.28,0.26,0.30
1786893228.464,0.59,0.35,205.33,0.89,0.52,0.47,0.37
1786893228.973,0.60,0.40,201.31,0.49,0.34,0.36,0.58
1786893229.478,0.46,0.38,201.74,0.60,0.34,0.38,0.29
1786893229.983,0.57,0.34,195.84,0.45,0.30,0.40,0.28
1786893230.496,0.56,0.30,198.70,0.52,0.34,0.30,0.27
1786893230.998,0.53,0.42,198.55,0.54,0.38,0.34,0.33
1786893231.500,0.52,0.34,205.76,0.55,0.36,0.38,0.36
1786893232.008,0.48,0.32,196.10,0.51,0.47,0.35,0.40
1786893232.507,0.47,0.32,206.53,0.51,0.36,0.32,0.36
1786893233.017,0.54,0.33,193.76,0.49,0.32,0.32,0.27
1786893233.513,0.55,0.34,197.47,0.51,0.33,0.34,0.35
1786893234.013,0.86,0.45,204.38,0.50,0.30,0.23,0.26
1786893234.521,0.46,0.27,201.82,0.56,0.36,0.46,0.32
1786893235.026,0.52,0.31,201.84,0.50,0.26,0.28,0.28
1786893235.530,0.57,0.34,207.58,0.47,0.29,0.32,0.43
1786893236.041,0.47,0.42,198.48,0.54,0.36,0.31,0.34
1786893236.542,0.49,0.40,204.75,0.48,0.31,0.25,0.25
1786893237.051,0.47,0.37,197.27,0.54,0.48,0.31,0.38
1786893237.551,0.42,0.31,198.90,0.51,0.29,0.28,0.27
1786893238.053,0.83,0.71,209.29,0.51,0.28,0.27,0.22
1786893238.565,0.89,0.46,193.40,0.50,0.30,0.27,0.28
1786893239.062,0.56,0.32,205.23,0.54,0.33,0.27,0.29
1786893239.570,0.80,0.50,196.38,0.47,0.30,0.35,0.31
1786893240.069,0.57,0.37,205.36,0.50,0.36,0.37,0.30
1786893240.578,0.55,0.36,206.64,0.57,0.36,0.65,0.26
1786893241.088,0.58,0.37,205.83,0.54,0.44,0.27,0.24
1786893241.598,0.59,0.33,198.73,0.52,0.33,0.32,0.26
1786893242.100,0.50,0.29,193.08,0.57,0.39,0.34,0.30
1786893242.603,0.63,0.43,194.03,0.52,0.38,0.45,0.27
1786893243.101,0.51,0.29,205.24,0.44,0.28,0.28,0.24
1786893243.608,0.58,0.35,201.46,0.52,0.37,0.37,0.46
1786893244.113,0.50,0.35,205.09,0.53,0.29,0.32,0.25
1786893244.621,0.56,0.39,201.72,0.55,0.36,0.33,0.32
1786893245.127,0.54,0.32,194.00,0.46,0.32,0.25,0.30
1786893245.623,0.57,0.29,210.02,0.61,0.34,0.39,0.34
1786893246.137,0.82,0.50,196.95,0.49,0.36,0.35,0.30
1786893246.638,0.58,0.37,209.49,0.58,0.35,0.34,0.32
1786893247.150,0.47,0.27,194.31,0.50,0.32,0.26,0.26
1786893247.647,0.54,0.31,191.58,0.57,0.36,0.43,0.37
1786893248.142,0.46,0.28,204.41,0.44,0.30,0.26,0.25
1786893248.649,0.58,0.58,194.95,0.61,0.36,0.38,0.33
1786893249.148,0.45,0.29,205.93,0.78,0.63,0.48,0.66
1786893249.658,0.59,0.33,194.39,0.47,0.31,0.38,0.36
1786893250.155,0.55,0.35,201.64,0.75,0.81,0.63,0.36
1786893250.661,0.52,0.31,205.74,0.54,0.32,0.32,0.35
1786893251.170,0.60,0.36,195.59,0.48,0.29,0.31,0.27
1786893251.668,0.49,0.31,196.77,0.52,0.32,0.32,0.29
1786893252.167,0.64,0.41,210.01,0.49,0.34,0.28,0.28
1786893252.680,0.56,0.29,205.00,0.44,0.27,0.29,0.29
1786893253.189,0.50,0.30,200.92,0.45,0.30,0.32,0.38
1786893253.693,0.54,0.46,198.08,0.49,0.30,0.38,0.28
1786893254.194,0.46,0.35,205.82,0.51,0.30,0.42,0.34
1786893254.703,0.65,0.40,195.92,0.40,0.25,0.29,0.28
1786893255.202,0.46,0.34,193.23,0.53,0.34,0.25,0.27
1786893255.698,0.55,0.31,193.89,0.59,0.29,0.32,0.41
1786893256.195,0.57,0.61,205.83,0.50,0.28,0.33,0.34
1786893256.704,0.48,0.43,197.75,0.51,0.27,0.29,0.28
1786893257.207,0.50,0.28,192.55,0.45,0.35,0.51,0.36
1786893257.703,0.49,0.46,203.53,0.53,0.30,0.33,0.33
1786893258.210,0.54,0.79,210.39,0.47,0.32,0.28,0.28
1786893258.723,0.52,0.35,191.99,0.46,0.31,0.27,0.23
1786893259.218,0.55,0.30,197.18,0.52,0.27,0.32,0.35
1786893259.718,0.56,0.32,194.90,0.50,0.30,0.29,0.30
1786893260.216,0.50,0.30,201.83,0.49,0.33,0.32,0.29
1786893260.721,0.50,0.32,208.62,0.55,0.29,0.25,0.24
1786893261.232,0.63,0.36,207.97,0.74,0.34,0.43,0.44
1786893261.744,0.50,0.32,205.88,0.53,0.35,0.41,0.31
1786893262.257,0.52,0.38,202.36,0.46,0.26,0.22,0.24
1786893262.761,0.81,0.70,207.92,0.57,0.33,0.27,0.27
1786893263.273,0.60,0.33,193.25,0.56,0.37,0.31,0.42
1786893263.769,0.48,0.36,200.88,0.43,0.28,0.27,0.31
1786893264.273,0.63,0.36,199.38,0.63,0.36,0.30,0.25
1786893264.780,0.50,0.37,200.22,0.47,0.34,0.27,0.27
1786893265.283,0.52,0.35,195.72,0.60,0.37,0.34,0.40
1786893265.782,0.52,0.45,202.72,0.52,0.39,0.35,0.44
1786893266.288,0.54,0.38,206.22,0.65,0.30,0.28,0.23
1786893266.797,0.53,0.43,199.00,0.54,0.29,0.26,0.24
1786893267.299,0.52,0.32,199.62,0.56,0.37,0.30,0.36
1786893267.801,0.50,0.35,190.89,0.46,0.29,0.29,0.27
1786893268.295,0.46,0.33,200.59,0.52,0.33,0.32,0.38
1786893268.798,0.54,0.36,203.85,0.72,0.49,0.71,0.53
1786893269.306,0.51,0.28,190.96,0.62,0.36,0.35,0.31
1786893269.803,0.74,0.30,206.49,0.43,0.30,0.29,0.26
1786893270.312,0.49,0.34,200.55,0.59,0.28,0.33,0.28
1786893270.816,0.60,0.33,206.23,0.58,0.36,0.30,0.27
1786893271.327,0.53,0.36,193.93,0.50,0.31,0.27,0.25
1786893271.823,0.60,0.41,206.28,0.47,0.29,0.29,0.26
1786893272.332,0.64,0.29,206.94,0.55,0.44,0.37,0.34
1786893272.843,0.54,0.51,209.40,0.48,0.31,0.31,0.25
1786893273.355,0.58,0.33,205.88,0.58,0.42,0.37,0.35
1786893273.864,0.68,0.51,199.25,0.52,0.29,0.26,0.26
1786893274.366,0.51,0.44,190.49,0.83,0.69,0.69,0.71
1786893274.863,0.62,0.37,197.15,0.47,0.31,0.29,0.23
1786893275.363,0.56,0.31,193.27,0.49,0.31,0.30,0.28
1786893275.859,0.58,0.31,194.18,0.50,0.31,0.32,0.28
1786893276.356,0.59,0.39,191.25,0.52,0.32,0.26,0.29
1786893276.850,0.57,0.43,202.85,0.49,0.30,0.28,0.24
1786893277.358,0.56,0.43,191.79,0.56,0.32,0.30,0.31
1786893277.852,0.50,0.43,191.00,0.39,0.34,0.38,0.30
1786893278.347,0.53,0.32,202.68,0.64,0.35,0.36,0.35
1786893278.854,0.60,0.41,203.28,0.62,0.34,0.31,0.32
1786893279.361,0.55,0.34,200.45,0.89,0.36,0.34,0.34
1786893279.868,0.57,0.33,205.26,0.60,0.32,0.26,0.38
1786893280.376,0.44,0.32,209.53,0.64,0.32,0.28,0.34
1786893280.889,0.55,0.32,208.18,0.54,0.32,0.28,0.57
1786893281.401,0.58,0.34,206.02,0.48,0.30,0.27,0.27
1786893281.909,0.49,0.36,197.18,0.47,0.32,0.27,0.26
1786893282.409,0.48,0.35,192.58,0.61,0.39,0.27,0.32
1786893282.905,0.66,0.35,203.06,0.59,0.28,0.26,0.27
1786893283.411,0.44,0.29,209.01,0.45,0.34,0.25,0.26
1786893283.922,0.54,0.33,208.51,0.57,0.34,0.24,0.36
1786893284.434,0.66,0.52,195.30,0.46,0.28,0.26,0.28
1786893284.932,0.49,0.32,196.07,0.56,0.33,0.34,0.29
1786893285.431,0.51,0.31,208.62,0.67,0.41,0.35,0.39
1786893285.946,0.53,0.30,195.54,0.47,0.25,0.30,0.25
1786893286.444,0.60,0.41,191.29,0.68,0.50,0.45,0.45
1786893286.939,0.54,0.38,201.20,0.46,0.29,0.28,0.27
1786893287.443,0.92,0.56,208.65,0.47,0.34,0.29,0.27
1786893287.955,0.52,0.33,191.67,0.41,0.45,0.32,0.34
1786893288.450,0.62,0.43,195.26,0.59,0.35,0.34,0.37
1786893288.948,0.59,0.48,202.28,0.44,0.30,0.41,0.30
1786893289.455,0.50,0.35,201.98,0.51,0.34,0.29,0.28
1786893289.960,0.62,0.29,199.09,0.55,0.36,0.42,0.44
1786893290.462,0.51,0.34,199.16,0.64,0.48,0.39,0.41
1786893290.965,0.57,0.45,201.58,0.47,0.28,0.27,0.29
1786893291.469,0.59,0.30,196.76,0.53,0.37,0.25,0.40
1786893291.972,0.53,0.32,205.51,0.39,0.29,0.27,0.26
1786893292.480,0.47,0.33,198.29,0.50,0.30,0.29,0.28
1786893292.982,0.52,0.33,194.96,0.45,0.28,0.26,0.25
1786893293.479,0.79,0.47,192.75,0.53,0.30,0.29,0.28
1786893293.975,0.53,0.33,190.66,0.48,0.33,0.31,0.32
1786893294.469,0.67,0.38,192.57,0.53,0.33,0.33,0.28
1786893294.964,0.65,0.32,205.16,0.53,0.38,0.37,0.40
1786893295.472,0.62,0.38,201.98,0.62,0.38,0.32,0.31
1786893295.977,0.68,0.35,205.09,0.49,0.33,0.26,0.30
1786893296.485,0.60,0.39,201.29,0.51,0.29,0.29,0.30
1786893296.989,0.61,0.39,193.07,0.49,0.33,0.31,0.26
1786893297.485,0.70,0.41,207.11,0.47,0.37,0.37,0.29
1786893297.995,0.71,0.31,194.72,0.41,0.29,0.31,0.30
1786893298.493,0.64,0.38,205.27,0.46,1.92,0.44,0.31
1786893299.003,0.67,0.57,192.15,0.41,0.33,0.26,0.27
1786893299.498,0.49,0.35,196.03,0.72,0.37,0.38,0.30
1786893299.997,0.68,0.37,195.19,0.49,0.30,0.48,0.39
1786893300.496,0.50,0.37,193.81,0.51,0.29,0.28,0.37
1786893300.992,0.55,0.35,209.86,0.48,0.32,0.34,0.31
1786893301.505,0.49,0.36,209.45,0.55,0.36,0.27,0.26
1786893302.017,0.52,0.45,201.25,0.72,0.43,0.30,0.25
1786893302.521,0.46,0.37,208.84,0.58,0.38,0.35,0.39
1786893303.033,0.47,0.29,210.45,0.49,0.30,0.27,0.26
1786893303.546,0.56,0.36,190.37,0.52,0.32,0.23,0.45
1786893304.040,0.53,0.31,206.55,0.73,0.35,0.37,0.25
1786893304.550,0.47,0.31,195.12,0.54,0.28,0.44,0.80
1786893305.048,0.72,0.33,190.96,0.40,0.28,0.22,0.25
1786893305.542,0.46,0.30,203.14,0.57,0.35,0.30,0.41
1786893306.048,0.53,0.31,207.70,0.42,0.42,0.31,0.31
1786893306.559,0.52,0.31,203.83,0.47,0.34,0.27,0.32
1786893307.065,0.72,0.43,198.62,0.53,0.30,0.34,0.29
1786893307.567,0.56,0.41,201.75,0.60,0.40,0.41,0.31
1786893308.072,0.55,0.39,202.44,0.48,0.57,0.33,0.36
1786893308.577,0.53,0.34,202.97,0.57,0.37,0.34,0.32
1786893309.084,0.50,0.42,202.59,0.61,0.34,0.34,0.37
1786893309.590,0.52,0.36,194.76,0.53,0.34,0.29,0.27
1786893310.087,0.59,0.35,197.21,0.56,0.39,0.27,0.30
1786893310.588,0.66,0.35,199.04,0.54,0.50,0.39,0.31
1786893311.090,0.51,0.33,206.17,0.56,0.29,0.30,0.24
1786893311.599,0.51,0.38,197.86,0.43,0.28,0.24,0.26
1786893312.100,0.53,0.33,191.66,0.54,0.34,0.35,0.35
1786893312.594,0.48,0.35,203.93,0.43,0.28,0.25,0.24
1786893313.101,0.49,0.46,208.58,0.44,0.34,0.26,0.26
1786893313.612,0.47,0.29,198.10,0.48,0.32,0.29,0.31
1786893314.114,0.57,0.32,195.16,0.49,0.44,0.32,0.33
1786893314.612,0.58,0.40,201.05,0.51,1.52,0.31,0.34
1786893315.118,0.42,0.31,199.63,0.48,0.36,0.30,0.27
1786893315.620,0.50,0.33,200.93,0.55,0.34,0.35,0.34
1786893316.124,0.45,0.35,199.96,0.53,0.33,0.26,0.28
1786893316.627,0.50,0.35,210.31,0.45,0.32,0.30,0.26
1786893317.140,0.45,0.34,201.54,0.60,0.43,0.30,0.29
1786893317.645,0.50,0.30,208.19,0.46,0.30,0.32,0.28
1786893318.155,0.44,0.45,198.18,0.52,0.45,0.48,0.44
1786893318.657,0.59,0.33,191.94,0.48,0.31,0.44,0.49
1786893319.152,0.59,0.35,208.93,0.55,0.34,0.31,0.46
1786893319.664,0.57,0.48,207.71,0.52,0.36,0.29,0.29
1786893320.175,0.41,0.30,207.31,0.53,0.29,0.39,0.38
1786893320.685,0.55,0.34,208.69,0.52,0.35,0.44,0.31
1786893321.196,0.50,0.28,197.62,0.46,0.33,0.34,0.25
1786893321.697,0.61,0.36,195.22,0.46,0.31,0.29,0.25
1786893322.195,0.52,0.38,191.79,0.47,0.34,0.39,0.30
1786893322.691,0.47,0.32,207.70,0.53,0.32,0.27,0.35
1786893323.202,0.47,0.35,198.33,0.43,0.33,0.27,0.29
1786893323.703,0.51,0.57,197.40,0.47,0.30,0.28,0.27
1786893324.203,0.62,0.32,196.80,0.48,0.28,0.33,0.27
1786893324.702,0.62,0.30,199.04,0.46,0.35,0.28,0.33
1786893325.204,0.46,0.32,197.19,0.49,0.30,0.25,0.27
1786893325.705,0.50,0.34,198.61,0.44,0.34,0.38,0.33
1786893326.206,0.49,0.37,202.57,0.45,0.29,0.34,0.28
1786893326.711,0.53,0.32,194.77,0.54,0.35,0.36,0.36
1786893327.209,0.50,0.31,203.89,0.43,0.34,0.25,0.31
1786893327.716,0.47,0.33,198.69,0.44,0.34,0.24,0.31
1786893328.217,0.58,0.34,201.67,0.49,0.37,0.31,0.37
1786893328.722,0.47,0.52,205.11,0.40,0.29,0.25,0.45
1786893329.231,0.56,0.32,191.60,0.52,0.32,0.25,0.24
1786893329.725,0.54,0.33,207.98,0.41,0.29,0.25,0.34
1786893330.235,0.52,0.35,206.91,0.64,0.37,0.30,0.35
1786893330.746,0.41,0.31,204.61,0.62,0.34,0.33,0.26
1786893331.255,0.46,0.28,195.44,0.71,0.43,0.61,0.44
1786893331.754,0.65,0.34,201.05,0.39,0.34,0.30,0.33
1786893332.258,0.48,0.30,205.85,0.53,0.39,0.26,0.25
1786893332.767,0.54,0.40,208.26,0.52,0.36,0.38,0.40
1786893333.279,0.59,0.39,198.15,0.51,0.30,0.29,0.28
1786893333.781,0.58,0.34,195.26,0.41,0.25,0.27,0.30
1786893334.278,0.53,0.34,202.52,0.43,0.30,0.24,0.32
1786893334.784,0.60,0.37,197.85,0.51,0.41,0.32,0.39
1786893335.284,0.45,0.31,196.70,0.53,0.32,0.41,0.32
1786893335.784,0.47,0.33,199.80,0.45,0.35,0.30,0.27
1786893336.286,0.52,0.37,203.22,0.63,0.41,0.38,0.32
1786893336.793,0.55,0.33,193.89,0.44,0.40,0.67,0.37
1786893337.290,0.46,0.31,192.30,0.46,0.34,0.31,0.32
1786893337.785,0.45,0.30,194.20,0.48,0.35,0.34,0.27
1786893338.282,0.49,0.42,201.35,0.41,0.29,0.29,0.27
1786893338.786,0.43,0.27,206.64,0.47,0.30,0.24,0.29
1786893339.295,0.49,0.35,191.69,0.48,0.35,0.36,0.37
1786893339.790,0.56,0.32,203.38,0.41,0.31,0.32,0.27
1786893340.296,0.58,0.45,193.17,0.50,0.35,0.37,0.63
1786893340.793,0.47,0.29,190.97,0.49,0.27,0.28,0.25
1786893341.287,0.50,0.30,205.73,0.48,0.29,0.26,0.37
1786893341.795,0.54,0.35,191.57,0.49,0.27,0.40,0.25
1786893342.291,0.48,0.28,210.01,0.57,0.38,0.47,0.46
1786893342.804,0.55,0.27,202.78,0.51,0.42,0.35,0.31
1786893343.309,0.57,0.32,193.06,0.53,0.32,0.43,0.31
1786893343.805,0.52,0.32,199.24,0.52,0.33,0.31,0.34
1786893344.309,0.63,0.37,203.49,0.40,0.31,0.28,0.28
1786893344.815,0.58,0.32,199.22,0.50,0.75,0.34,0.35
1786893345.318,0.49,0.36,204.09,0.48,0.30,0.28,0.25
1786893345.825,0.56,0.51,205.51,0.51,0.38,0.30,0.38
1786893346.334,0.52,0.29,205.58,0.53,0.37,0.35,0.32
1786893346.843,0.50,0.32,198.13,0.41,0.27,0.27,0.29
1786893347.343,0.51,0.34,191.80,0.48,0.31,0.32,0.33
1786893347.838,0.49,0.33,197.46,0.51,0.32,0.28,0.25
1786893348.338,0.63,0.74,193.95,0.50,0.31,0.28,0.30
1786893348.835,0.50,0.30,196.80,0.52,0.36,0.33,0.34
1786893349.335,0.51,0.34,192.20,0.44,0.34,0.36,0.31
1786893349.831,0.55,0.31,192.46,0.46,0.30,0.30,0.26
1786893350.326,0.45,0.37,194.10,0.54,0.34,0.33,0.34
1786893350.824,0.49,0.35,198.69,0.45,0.33,0.27,0.28
1786893351.325,0.49,0.34,200.20,0.47,0.35,0.32,0.28
1786893351.829,0.56,0.33,191.15,0.52,0.40,0.44,0.32
1786893352.323,0.51,0.36,209.33,0.60,0.36,0.30,0.35
1786893352.834,0.62,0.35,203.26,0.60,0.40,0.39,0.33
1786893353.341,0.70,0.35,203.40,0.54,0.35,0.35,0.30
1786893353.848,0.83,0.51,194.74,0.54,0.35,0.33,0.30
1786893354.346,0.56,0.36,194.66,0.60,0.39,0.57,0.30
1786893354.846,0.61,0.38,192.75,0.46,0.30,0.26,0.27
1786893355.341,0.61,0.46,201.57,0.52,0.35,0.38,0.28
1786893355.846,0.52,0.30,206.74,0.55,0.31,0.31,0.38
1786893356.356,0.51,0.30,195.38,0.48,0.32,0.32,0.29
1786893356.854,0.49,0.31,199.41,0.46,0.30,0.31,0.21
1786893357.356,0.48,0.32,193.47,0.50,0.32,0.37,0.29
1786893357.858,0.46,0.29,200.96,0.52,0.38,0.31,0.26
1786893358.362,0.58,0.61,198.15,0.46,0.33,0.30,0.28
1786893358.863,0.50,0.87,196.25,0.56,0.39,0.41,0.36
1786893359.369,0.47,0.31,192.13,0.45,0.28,0.30,0.25
1786893359.863,0.56,0.37,194.99,0.47,0.34,0.27,0.24
1786893360.361,0.53,0.33,203.38,0.70,0.40,0.31,0.35
1786893360.867,0.46,0.34,196.05,0.47,0.27,0.42,0.32
1786893361.366,0.63,0.38,207.31,0.42,0.37,0.32,0.27
1786893361.876,0.57,0.30,194.67,0.68,0.47,0.39,0.46
1786893362.375,0.51,0.34,208.26,0.49,0.33,0.32,0.27
1786893362.887,0.53,0.33,193.49,0.46,0.32,0.33,0.41
1786893363.384,0.50,0.29,200.33,0.49,0.29,0.34,0.24
1786893363.887,0.49,0.36,196.32,0.45,0.31,0.26,0.24
1786893364.386,0.69,0.49,197.67,0.38,0.33,0.29,0.29
1786893364.886,0.49,0.32,210.03,0.60,0.35,0.30,0.28
1786893365.399,0.51,0.32,204.05,0.43,0.29,0.28,0.26
1786893365.906,0.51,0.34,195.20,0.49,0.32,0.35,0.31
1786893366.406,0.54,0.31,199.14,0.69,0.32,0.30,0.26
1786893366.908,0.44,0.29,199.14,0.42,0.30,0.32,0.28
1786893367.409,0.54,0.32,196.66,0.60,0.34,0.41,0.30
1786893367.909,0.59,0.34,204.73,0.64,0.37,0.33,0.31
1786893368.417,0.59,0.34,197.43,0.55,0.45,0.34,0.31
1786893368.917,0.71,0.38,198.64,0.57,0.41,0.29,0.32
1786893369.419,0.50,0.35,206.13,0.40,0.29,0.32,0.26
1786893369.928,0.54,0.31,192.01,0.50,0.33,0.30,0.35
1786893370.423,0.48,0.32,191.20,0.61,0.48,0.30,0.33
1786893370.917,0.57,0.47,197.48,0.48,0.28,0.24,0.29
1786893371.418,0.54,0.44,193.22,0.59,0.32,0.34,0.28
1786893371.914,0.47,0.31,209.82,0.43,0.30,0.32,0.27
1786893372.427,0.56,0.34,202.50,0.43,0.31,0.27,0.28
1786893372.932,0.55,0.55,194.27,0.48,0.26,0.38,0.29
1786893373.432,0.45,0.47,190.70,0.49,0.30,0.31,0.28
1786893373.926,0.49,0.29,198.25,0.46,0.29,0.28,0.28
1786893374.427,0.64,0.43,207.72,0.45,0.38,0.34,0.33
1786893374.938,0.53,0.32,192.84,0.52,0.32,0.31,0.30
1786893375.433,0.51,0.47,192.41,0.63,0.34,0.34,0.77
1786893375.930,0.55,0.32,204.84,0.48,0.33,0.29,0.25
1786893376.438,0.55,0.58,191.80,0.49,0.35,0.32,0.33
1786893376.933,0.68,0.39,199.44,0.47,0.29,0.27,0.29
1786893377.436,0.42,0.31,192.45,0.53,0.44,0.36,0.50
1786893377.932,0.54,0.30,204.40,0.41,0.32,0.38,0.39
1786893378.440,0.46,0.30,195.74,0.50,0.44,0.38,0.29
1786893378.939,0.56,0.31,195.56,0.47,0.34,0.29,0.25
1786893379.437,0.49,0.54,205.39,0.45,0.29,0.27,0.25
1786893379.945,0.56,0.33,209.90,0.62,0.34,0.27,0.29
1786893380.460,0.48,0.37,193.90,0.50,0.41,0.36,0.30
1786893380.959,0.44,0.34,204.17,0.51,0.38,0.32,0.30
1786893381.467,0.50,0.35,200.27,0.50,0.38,0.31,0.24
1786893381.971,0.57,0.36,198.09,0.46,0.28,0.29,0.30
1786893382.471,0.47,0.35,198.85,0.61,0.36,0.33,0.37
1786893382.973,0.50,0.39,195.98,0.56,0.44,0.51,0.34
1786893383.472,0.47,0.26,199.61,0.71,0.44,0.34,0.35
1786893383.975,0.61,0.40,208.11,0.47,0.32,0.28,0.31
1786893384.486,0.57,0.45,206.39,0.49,0.44,0.31,0.31
1786893384.996,0.63,0.57,196.81,0.47,0.44,0.33,0.32
1786893385.496,0.61,0.34,195.39,0.50,0.48,0.34,0.39
1786893385.995,0.56,0.38,207.95,0.54,0.56,0.50,0.32
1786893386.507,0.82,0.42,190.80,0.62,0.30,0.28,0.31
1786893387.001,0.48,0.28,206.67,0.52,0.37,0.27,0.31
1786893387.511,0.57,0.36,205.05,0.48,0.35,0.31,0.52
1786893388.019,0.58,0.51,199.69,0.65,0.38,0.29,0.41
1786893388.522,0.65,0.27,207.90,0.53,0.47,0.37,0.31
1786893389.033,0.68,0.38,198.89,0.58,0.50,0.35,0.34
1786893389.536,0.59,0.41,206.67,0.51,0.39,0.25,0.24
1786893390.046,0.60,0.87,194.62,0.49,0.33,0.34,0.31
1786893390.544,0.63,0.35,208.97,0.48,0.37,0.33,0.38
1786893391.056,0.52,0.35,209.32,0.57,0.32,0.27,0.29
1786893391.568,0.51,0.36,191.77,0.47,0.36,0.31,0.28
1786893392.062,0.58,0.35,208.89,0.40,0.28,0.24,0.27
1786893392.575,0.57,0.35,197.62,0.44,0.28,0.27,0.26
1786893393.075,0.70,0.62,198.11,0.63,0.34,0.29,0.28
1786893393.577,0.70,0.43,206.16,0.67,0.49,0.41,0.46
1786893394.090,0.55,0.35,194.40,0.55,0.33,0.34,0.30
1786893394.587,0.53,0.40,190.72,0.58,0.45,0.43,0.54
1786893395.081,0.80,0.55,193.01,0.66,0.54,0.43,0.54
1786893395.578,0.63,0.43,205.93,0.52,0.39,0.37,0.30
1786893396.087,0.70,0.47,195.22,0.54,0.36,0.34,0.34
1786893396.587,0.49,0.32,204.70,0.61,0.54,0.48,0.40
1786893397.096,0.61,0.35,201.75,0.51,0.32,0.30,0.29
1786893397.615,0.60,0.36,198.98,0.47,0.31,0.29,0.27
1786893398.117,0.64,0.28,197.77,0.41,0.35,0.31,0.34
1786893398.617,0.57,0.47,209.27,0.49,0.28,0.29,0.30
1786893399.129,0.56,0.37,199.35,0.49,0.32,0.23,0.26
1786893399.631,0.54,0.33,195.02,0.72,0.41,1.55,0.43
1786893400.131,0.50,0.32,206.53,0.55,0.29,0.38,0.36
1786893400.640,0.72,0.43,199.23,0.60,0.35,0.49,0.37
1786893401.143,0.70,0.37,206.53,0.59,0.31,0.30,0.27
1786893401.653,0.48,0.35,194.85,0.46,0.41,0.33,0.63
1786893402.151,0.57,0.41,190.83,0.50,0.33,0.27,0.43
1786893402.647,0.46,0.34,200.15,0.55,0.32,0.38,0.31
1786893403.150,0.55,0.61,201.53,0.47,0.58,0.32,0.35
1786893403.655,0.44,0.30,208.18,0.56,0.44,0.42,0.34
1786893404.171,0.46,0.34,209.98,0.62,0.39,0.37,0.28
1786893404.684,0.54,0.34,205.98,0.52,0.51,0.34,0.35
1786893405.194,0.46,0.35,205.56,0.44,0.33,0.27,0.24
1786893405.702,0.53,0.33,198.39,0.51,0.30,0.32,0.32
1786893406.203,0.58,0.37,197.18,0.53,0.30,0.32,0.41
1786893406.704,0.64,0.41,200.97,0.41,0.33,0.27,0.27
1786893407.208,0.55,0.33,194.45,0.68,0.31,0.36,0.24
1786893407.705,0.64,0.71,200.29,0.50,0.37,0.25,0.26
1786893408.208,0.45,0.21,198.29,0.69,0.55,0.58,0.40
1786893408.710,0.46,0.26,206.60,0.50,0.36,0.32,0.24
1786893409.219,0.57,0.49,208.83,0.50,0.48,0.50,0.33
1786893409.733,0.48,0.40,197.59,0.53,0.36,0.41,0.34
1786893410.234,0.64,0.35,206.82,0.51,0.28,0.25,0.25
1786893410.743,0.49,0.31,202.06,0.42,0.33,0.30,0.28
1786893411.248,0.43,0.30,202.74,0.47,0.32,0.29,0.27
1786893411.757,0.44,0.32,196.80,0.43,0.29,0.26,0.21
1786893412.257,0.48,0.35,203.59,0.63,0.27,0.22,0.30
1786893412.762,0.44,0.30,190.47,0.50,0.33,0.29,0.26
1786893413.255,0.56,0.36,199.72,0.49,0.44,0.30,0.29
1786893413.757,0.55,0.30,209.60,0.54,0.30,0.29,0.35
1786893414.270,0.51,0.28,207.83,0.57,0.43,0.26,0.25
1786893414.780,0.60,0.31,202.86,0.74,0.47,0.41,0.39
1786893415.287,0.45,0.32,202.94,0.44,0.34,0.31,0.24
1786893415.792,0.47,0.54,203.57,0.43,0.31,0.24,0.33
1786893416.299,0.48,0.28,205.38,0.55,0.48,0.29,0.31
1786893416.807,0.69,0.42,207.05,0.53,0.32,0.26,0.25
1786893417.318,0.47,0.29,196.06,0.52,0.35,0.39,0.32
1786893417.817,0.45,0.32,207.73,0.45,4.91,0.52,0.31
1786893418.332,0.61,0.56,198.41,0.56,0.36,0.35,0.36
1786893418.834,0.56,0.34,201.77,0.78,0.58,0.51,0.49
1786893419.340,0.55,0.29,208.12,0.49,0.27,0.26,0.28
1786893419.853,0.54,0.32,202.09,0.49,0.32,0.33,0.30
1786893420.358,0.47,0.24,206.45,0.44,0.30,0.34,0.29
1786893420.868,0.58,0.28,207.71,0.52,0.31,0.42,0.37
1786893421.379,0.53,0.41,200.96,0.55,0.33,0.35,0.34
1786893421.883,0.52,0.32,207.07,0.52,0.35,0.32,0.42
1786893422.393,0.41,0.27,194.14,0.53,0.33,0.30,0.28
1786893422.890,0.55,0.35,208.28,0.51,0.39,0.30,0.27
1786893423.401,0.55,0.33,206.87,0.84,0.80,0.88,0.88
1786893423.914,0.48,0.46,194.79,0.54,0.36,0.35,0.40
1786893424.412,0.47,0.36,209.12,0.65,0.41,0.28,0.31
1786893424.924,0.60,0.33,206.51,0.53,0.37,0.29,0.33
1786893425.435,0.65,0.33,206.61,0.46,0.42,0.31,0.34
1786893425.945,0.53,0.32,193.78,0.58,0.38,0.27,0.25
1786893426.443,0.55,0.32,194.16,0.50,0.32,0.29,0.27
1786893426.943,0.58,0.32,202.01,0.60,0.42,0.27,0.30
1786893427.448,0.53,0.31,191.73,0.49,0.34,0.33,0.29
1786893427.943,0.57,0.34,199.01,0.48,0.29,0.28,0.28
1786893428.446,0.58,0.41,207.71,0.53,0.34,0.27,0.28
1786893428.956,0.83,0.36,205.66,0.50,0.32,0.30,0.27
1786893429.465,0.58,0.35,203.39,0.52,0.31,0.29,0.29
1786893429.972,0.55,0.30,190.56,0.47,0.29,0.25,0.27
1786893430.465,0.52,0.35,203.48,0.62,0.47,0.46,0.37
1786893430.972,0.55,0.32,193.40,0.66,0.33,0.29,0.36
1786893431.468,0.76,0.54,205.35,0.69,0.48,0.57,0.57
1786893431.981,0.60,0.32,197.17,0.46,0.28,0.31,0.26
1786893432.481,0.53,0.34,205.02,0.53,0.36,0.25,0.31
1786893432.989,0.50,0.30,197.85,0.52,0.33,0.27,0.27
1786893433.490,0.53,0.43,204.30,0.58,0.31,0.38,0.35
1786893433.998,0.48,0.26,201.79,0.70,0.67,0.49,0.59
1786893434.504,0.63,0.43,205.16,2.20,0.36,0.35,0.41
1786893435.014,0.48,0.42,197.35,0.47,0.27,0.32,0.40
1786893435.514,0.52,0.31,200.21,0.53,0.39,0.25,0.33
1786893436.017,0.47,0.33,196.17,0.51,0.31,0.26,0.31
1786893436.516,0.47,0.31,204.29,0.50,0.37,0.29,0.36
1786893437.024,0.57,0.31,199.69,0.44,0.28,0.28,0.33
1786893437.526,0.54,0.32,209.53,0.51,0.29,0.29,0.28
1786893438.039,0.48,0.40,201.55,0.38,0.29,0.27,0.27
1786893438.543,0.47,0.34,199.97,0.47,0.29,0.27,0.28
1786893439.045,0.46,0.44,201.87,0.46,0.35,0.35,0.26
1786893439.550,0.51,0.30,203.41,0.48,0.30,0.29,0.27
1786893440.056,0.60,0.32,203.79,0.69,0.47,0.46,0.37
1786893440.564,0.54,0.39,196.99,0.60,0.39,0.36,0.34
1786893441.064,0.60,0.35,195.25,0.50,0.28,0.27,0.26
1786893441.562,0.57,0.34,194.27,0.78,0.39,0.45,0.46
1786893442.060,0.56,0.36,201.05,0.47,0.27,0.30,0.26
1786893442.564,0.51,0.40,202.20,0.77,0.46,0.66,0.61
1786893443.072,0.56,0.39,195.80,0.45,0.31,0.25,0.23
1786893443.570,0.46,0.38,201.56,0.51,0.29,0.32,0.31
1786893444.074,0.72,0.55,191.34,0.51,0.28,0.39,0.33
1786893444.569,0.55,0.35,192.36,0.52,0.30,0.31,0.32
1786893445.065,0.55,0.34,193.53,0.42,0.40,0.29,0.27
1786893445.561,0.60,0.62,191.43,0.59,0.34,0.46,0.31
1786893446.058,0.51,0.36,198.31,0.48,0.30,0.35,0.32
1786893446.559,0.59,0.54,200.39,0.50,0.36,0.39,0.36
1786893447.063,0.53,0.35,191.86,0.42,0.26,0.28,0.25
1786893447.558,0.51,0.35,204.30,0.47,0.33,0.29,0.27
1786893448.065,0.62,0.37,194.30,0.39,0.26,0.27,0.29
1786893448.562,0.54,0.49,196.85,0.53,0.31,0.34,0.38
1786893449.062,0.55,0.66,197.48,0.42,0.31,0.31,0.29
1786893449.563,0.52,0.37,208.86,0.50,0.43,0.31,0.28
1786893450.082,0.62,0.44,201.75,0.49,0.32,0.32,0.30
1786893450.586,0.76,0.35,208.89,0.57,0.34,0.27,0.37
1786893451.098,0.75,0.38,200.79,0.44,0.29,0.25,0.23
1786893451.602,0.63,0.44,195.88,0.64,0.36,0.39,0.54
1786893452.101,0.51,0.29,197.86,0.52,0.30,0.26,0.28
1786893452.602,0.52,0.42,199.29,0.76,0.55,0.50,0.41
1786893453.105,0.49,0.33,210.42,0.52,0.38,0.27,0.28
1786893453.618,0.52,0.38,195.95,0.78,0.52,0.49,0.44
1786893454.119,0.51,0.30,199.09,0.58,0.32,0.31,0.29
1786893454.621,0.68,0.51,191.73,0.79,0.59,0.54,0.37
1786893455.117,0.47,0.32,200.18,0.52,0.45,0.46,0.38
1786893455.620,0.47,0.59,195.90,0.60,0.49,0.45,0.40
1786893456.119,0.53,0.46,202.28,0.46,0.43,0.36,0.34
1786893456.625,0.48,0.36,191.56,0.70,0.45,0.44,0.42
1786893457.120,0.50,0.32,199.89,0.52,0.32,0.38,0.32
1786893457.624,0.87,0.78,205.75,0.39,0.29,0.26,0.26
1786893458.133,0.46,0.37,194.27,0.53,0.27,0.34,0.27
1786893458.630,0.52,0.40,192.74,0.50,0.42,0.52,0.37
1786893459.128,0.58,0.47,205.29,0.43,0.33,0.30,0.21
1786893459.636,0.56,0.31,196.57,0.48,0.32,0.24,0.26
1786893460.136,0.53,0.35,206.15,0.56,0.29,0.33,0.25
1786893460.647,0.58,0.42,205.25,0.55,0.38,0.38,0.36
1786893461.156,0.45,0.33,206.25,0.59,0.50,0.33,0.34
1786893461.665,0.49,0.43,205.88,0.92,0.43,0.32,0.35
1786893462.175,0.52,0.35,191.01,0.52,0.31,0.31,0.29
1786893462.668,0.42,0.34,198.77,0.60,0.28,0.23,0.28
1786893463.170,0.46,0.67,197.11,0.47,0.34,0.31,0.22
1786893463.671,0.42,0.30,200.16,0.54,0.34,0.54,0.42
1786893464.174,0.53,0.42,208.41,0.47,0.28,0.29,0.30
1786893464.685,0.56,0.34,192.32,0.58,0.50,0.50,0.32
1786893465.181,0.58,0.32,193.04,0.51,0.39,0.32,0.28
1786893465.677,0.69,0.41,204.65,0.51,0.33,0.32,0.31
1786893466.185,0.62,0.30,205.96,0.61,0.66,0.32,0.29
1786893466.696,0.60,0.54,195.40,0.56,0.36,0.30,0.30
1786893467.194,0.83,0.80,194.12,0.47,0.28,0.29,0.30
1786893467.692,0.49,0.29,196.42,0.50,0.27,0.28,0.25
1786893468.191,0.59,0.35,194.05,0.50,0.33,0.33,0.29
1786893468.688,0.53,0.31,204.03,0.45,0.34,0.27,0.25
1786893469.194,0.52,0.29,193.53,0.50,0.31,0.29,0.23
1786893469.691,0.56,0.29,206.45,0.57,0.32,0.28,0.26
1786893470.201,0.46,0.32,208.90,0.44,0.29,0.28,0.27
1786893470.712,0.54,0.46,202.07,0.50,0.31,0.33,0.32
1786893471.218,0.44,0.36,203.13,0.51,0.33,0.33,0.30
1786893471.724,0.60,0.35,197.01,0.53,0.32,0.32,0.30
1786893472.224,0.49,0.31,204.88,0.36,0.33,0.39,0.29
1786893472.731,0.49,0.36,195.18,0.51,0.32,0.34,0.25
1786893473.229,0.50,0.34,209.28,0.71,0.41,0.36,0.45
1786893473.741,0.61,0.39,200.90,0.47,0.30,0.32,0.35
1786893474.245,0.53,0.31,200.81,0.55,0.34,0.29,0.27
1786893474.749,0.49,0.37,197.37,0.60,0.49,0.29,0.32
1786893475.249,0.52,0.31,195.95,0.48,0.31,0.48,0.36
1786893475.749,0.68,0.48,210.13,0.41,0.32,0.32,0.30
1786893476.263,0.54,0.35,190.93,0.66,0.59,0.42,0.41
1786893476.757,0.54,0.30,192.36,0.48,0.26,0.23,0.25
1786893477.252,0.45,0.40,203.95,0.50,0.40,0.30,0.27
1786893477.759,0.48,0.35,198.72,0.62,0.31,0.24,0.35
1786893478.265,0.51,0.40,209.94,0.44,0.30,0.24,0.24
1786893478.777,0.57,0.46,190.53,0.47,0.30,0.26,0.28
1786893479.271,0.46,0.32,210.04,0.44,0.26,0.28,0.22
1786893479.783,0.52,0.28,210.11,0.47,0.82,0.41,0.31
1786893480.297,0.50,0.41,199.25,0.57,0.34,0.51,0.38
1786893480.801,0.58,0.55,207.45,0.48,0.31,0.31,0.31
1786893481.314,0.55,0.31,199.27,0.68,0.33,0.28,0.26
1786893481.816,0.59,0.69,194.55,0.44,0.37,0.30,0.27
1786893482.314,0.48,0.35,197.48,0.58,0.33,0.27,0.24
1786893482.814,0.70,0.41,203.34,0.50,0.32,0.27,0.23
1786893483.321,0.55,0.34,202.53,0.52,0.36,0.30,0.27
1786893483.827,0.45,0.32,192.69,0.44,0.37,0.26,0.27
1786893484.322,0.65,0.46,201.52,0.46,0.30,0.32,0.38
1786893484.827,0.49,0.31,206.81,0.46,0.32,0.26,0.25
1786893485.336,0.47,0.31,206.93,0.44,0.26,0.25,0.24
1786893485.846,0.43,0.34,210.46,0.44,0.27,0.29,0.28
1786893486.358,0.45,0.31,198.01,0.45,0.32,0.31,0.33
1786893486.859,0.51,0.30,201.87,0.48,0.32,0.31,0.29
1786893487.364,0.53,0.36,204.75,0.50,0.48,0.33,0.32
1786893487.875,0.47,0.27,193.46,0.43,0.29,0.25,0.24
1786893488.370,0.90,0.46,197.70,0.56,0.30,0.30,0.30
1786893488.873,0.51,0.28,194.79,0.51,0.27,0.27,0.24
1786893489.370,0.61,0.33,202.54,0.48,0.31,0.27,0.25
1786893489.876,0.55,0.37,210.35,0.48,0.44,0.38,0.49
1786893490.390,0.54,0.37,200.64,0.50,0.29,0.29,0.33
1786893490.902,0.52,0.31,206.67,0.52,0.34,0.28,0.29
1786893491.416,0.55,0.36,207.30,0.51,0.32,0.27,0.21
1786893491.926,0.48,0.35,207.70,0.45,0.35,0.29,0.48
1786893492.437,0.54,0.45,192.63,0.41,0.27,0.26,0.23
1786893492.932,0.52,0.38,205.32,0.62,0.40,0.30,0.32
1786893493.441,2.12,1.04,209.14,0.48,0.40,0.43,0.47
1786893493.956,0.64,0.42,191.88,0.90,0.68,0.78,1.00
1786893494.453,0.50,0.29,202.23,0.43,0.33,0.25,0.26
1786893494.958,0.56,0.37,201.90,0.57,0.39,0.31,0.32
1786893495.463,0.43,0.29,202.74,0.42,0.32,0.25,0.26
1786893495.969,0.42,0.29,203.65,0.59,0.39,0.34,0.46
1786893496.475,0.48,0.32,210.27,0.48,0.30,0.33,0.27
1786893496.988,0.56,0.34,205.69,0.65,0.62,0.83,0.57
1786893497.499,0.44,0.30,201.02,0.47,0.33,0.31,0.29
1786893498.003,0.44,0.31,207.04,0.52,0.32,0.29,0.30
1786893498.513,0.74,0.40,195.46,0.45,0.35,0.34,0.32
1786893499.011,0.49,0.33,190.75,0.49,0.30,0.30,0.36
1786893499.507,0.62,0.44,192.21,0.48,0.30,0.28,0.27
1786893500.007,0.80,0.49,209.71,0.62,0.29,0.29,0.26
1786893500.520,0.44,0.45,199.69,0.47,0.28,0.27,0.25
1786893501.022,0.60,0.34,209.02,0.47,0.35,0.34,0.31
1786893501.535,0.72,0.48,205.37,0.48,0.39,0.34,0.27
1786893502.043,0.59,0.36,192.67,0.45,0.27,0.26,0.25
1786893502.537,0.52,0.31,194.89,0.47,0.29,0.26,0.30
1786893503.035,0.55,0.29,206.42,0.50,0.40,0.32,0.30
1786893503.557,0.43,0.31,202.88,0.55,0.43,0.33,0.47
1786893504.062,0.57,0.36,194.24,0.54,0.35,0.37,0.34
1786893504.560,0.53,0.28,201.01,0.44,0.30,0.26,0.28
1786893505.063,0.55,0.30,195.55,0.45,0.34,0.30,0.28
1786893505.562,0.44,0.26,207.28,0.63,0.39,0.38,0.26
1786893506.073,0.54,0.33,207.05,0.51,0.32,0.33,0.31
1786893506.583,0.54,0.32,201.02,0.55,0.34,0.32,0.37
1786893507.087,0.50,0.28,193.11,0.39,0.32,0.31,0.29
1786893507.583,0.57,0.33,207.31,0.54,0.31,0.30,0.28
1786893508.093,0.58,0.43,205.98,0.47,0.30,0.32,0.29
1786893508.602,0.60,0.34,206.80,0.46,0.27,0.21,0.25
1786893509.112,0.48,0.30,208.07,0.44,0.34,0.27,0.30
1786893509.623,0.47,0.31,190.88,0.57,0.49,0.34,0.35
1786893510.121,0.55,0.36,199.98,0.54,0.28,0.26,0.28
1786893510.624,0.58,0.31,200.47,0.57,0.36,0.34,0.30
1786893511.127,0.69,0.46,198.68,0.43,0.34,0.29,0.45
1786893511.629,0.49,0.30,191.47,0.55,0.49,0.31,0.44
1786893512.124,0.46,0.28,205.29,0.60,0.45,0.41,0.51
1786893512.633,0.52,0.32,192.95,0.54,0.41,0.35,0.35
1786893513.129,0.51,0.40,206.95,0.57,0.34,0.28,0.28
1786893513.639,0.52,0.45,200.01,0.67,0.31,0.33,0.28
1786893514.142,0.51,0.36,200.55,0.43,0.54,0.34,0.30
1786893514.645,0.49,0.38,191.02,0.57,0.30,0.38,0.39
1786893515.140,0.43,0.37,197.67,0.45,0.34,0.30,0.31
1786893515.640,0.56,0.41,199.21,0.61,0.39,0.28,0.34
1786893516.142,0.60,0.33,200.57,0.43,0.29,0.33,0.48
1786893516.646,0.61,0.37,204.61,0.47,0.31,0.26,0.23
1786893517.154,0.47,0.50,204.63,0.44,0.30,0.29,0.33
1786893517.661,0.61,0.42,202.45,0.52,0.41,0.31,0.29
1786893518.167,0.52,0.34,206.93,0.47,0.34,0.31,0.28
1786893518.677,0.55,0.39,190.65,0.85,0.84,0.78,1.28
1786893519.173,0.47,0.29,201.94,0.46,0.32,0.29,0.28
1786893519.681,0.50,0.39,196.96,0.48,0.28,0.40,0.31
1786893520.181,0.51,0.33,199.81,0.41,0.27,0.26,0.26
1786893520.684,0.54,0.60,210.31,0.43,0.28,0.23,0.25
1786893521.197,0.51,0.32,197.22,0.46,0.30,0.29,0.28
1786893521.697,0.67,0.34,198.94,0.54,0.36,0.33,0.26
1786893522.199,0.49,0.41,200.59,0.46,0.30,0.29,0.27
1786893522.702,0.54,0.30,194.61,0.53,0.36,0.32,0.31
1786893523.200,0.55,0.40,203.50,0.44,0.31,0.30,0.27
1786893523.706,0.47,0.35,199.33,0.44,0.45,0.30,0.27
1786893524.208,0.55,0.32,205.98,0.44,0.31,0.27,0.27
1786893524.716,0.54,0.40,198.98,0.48,0.37,0.27,0.23
1786893525.218,0.54,0.40,201.81,0.45,0.31,0.29,0.28
1786893525.723,1.01,0.79,197.44,0.47,0.38,0.44,0.33
1786893526.224,0.51,0.31,203.23,0.54,0.34,0.31,0.29
1786893526.730,0.53,0.34,205.47,0.51,0.54,0.38,0.38
1786893527.243,0.43,0.28,196.58,0.51,0.53,0.72,0.85
1786893527.744,0.54,0.33,204.48,0.44,0.42,0.33,0.45
1786893528.251,0.47,0.27,200.85,0.74,0.65,0.31,0.32
1786893528.757,0.50,0.29,210.26,0.49,0.42,0.45,0.29
1786893529.270,0.55,0.33,201.85,0.60,0.30,0.26,0.40
1786893529.777,0.47,0.28,200.87,0.42,0.29,0.28,0.32
1786893530.281,0.67,0.35,193.48,0.46,0.30,0.29,0.29
1786893530.794,0.48,0.35,192.76,0.43,0.38,0.31,0.30
1786893531.290,0.57,0.37,204.78,0.48,0.29,0.32,0.31
1786893531.798,0.72,0.53,206.70,0.49,0.32,0.30,0.28
1786893532.308,0.54,0.32,197.47,0.53,0.31,0.28,0.24
1786893532.807,0.57,0.41,208.80,0.48,0.37,0.28,0.30
1786893533.318,0.78,0.46,191.82,0.51,0.33,0.31,0.32
1786893533.813,0.61,0.34,190.68,0.52,0.31,0.33,0.29
1786893534.307,0.52,0.44,192.48,0.51,0.28,0.33,0.26
1786893534.804,0.51,0.45,206.70,0.56,0.35,0.33,0.35
1786893535.314,0.47,0.36,203.49,0.53,0.36,0.25,0.23
1786893535.820,0.46,0.33,192.81,0.57,0.39,0.39,0.49
1786893536.316,0.47,0.32,201.46,0.47,0.34,0.31,0.24
1786893536.824,0.51,0.31,209.24,0.53,0.40,0.27,0.26
1786893537.336,0.49,0.32,207.27,0.51,0.34,0.43,0.27
1786893537.847,0.49,0.34,190.46,0.45,0.29,0.26,0.26
1786893538.340,0.56,0.29,195.75,0.61,0.39,0.32,0.27
1786893538.838,0.52,0.29,200.60,0.41,0.26,0.25,0.25
1786893539.341,0.45,0.29,195.20,0.74,0.44,0.44,0.30
1786893539.840,0.46,0.30,207.47,0.50,0.34,0.30,0.29
1786893540.351,0.45,0.30,198.68,0.48,0.29,0.26,0.24
1786893540.852,0.58,0.30,206.82,0.46,0.30,0.30,0.28
1786893541.361,0.49,0.40,193.18,0.50,0.26,0.26,0.23
1786893541.862,0.46,0.35,208.69,0.63,0.36,0.23,0.27
1786893542.375,0.51,0.43,202.29,0.44,0.30,0.25,0.32
1786893542.884,0.44,0.31,190.76,0.53,0.32,0.28,0.27
1786893543.377,0.46,0.30,194.29,0.53,0.40,0.28,0.27
1786893543.876,0.51,0.33,209.96,0.84,0.78,0.87,0.78
1786893544.391,0.47,0.36,190.94,0.38,0.24,0.28,0.23
1786893544.885,0.66,0.37,196.96,0.46,0.25,0.30,0.25
1786893545.384,0.46,0.26,208.33,0.43,0.28,0.28,0.27
1786893545.895,0.69,0.59,193.01,0.48,0.33,0.27,0.27
1786893546.391,0.61,0.55,210.12,0.63,0.34,0.47,0.44
1786893546.905,0.54,0.31,194.11,0.53,0.36,0.33,0.30
1786893547.402,0.52,0.32,208.43,0.50,0.33,0.31,0.27
1786893547.913,0.52,0.31,208.01,0.53,0.43,0.33,0.35
1786893548.426,0.51,0.30,191.73,0.48,0.35,0.30,0.28
1786893548.921,0.47,0.35,206.01,0.55,0.34,0.34,0.33
1786893549.430,0.46,0.31,198.71,0.48,0.30,0.26,0.25
1786893549.931,0.56,0.38,202.00,0.59,0.52,0.36,0.50
1786893550.439,0.54,0.28,204.13,0.44,0.29,0.24,0.23
1786893550.945,0.45,0.32,191.73,0.62,0.35,0.37,0.32
1786893551.440,0.57,0.33,199.40,0.46,0.39,0.31,0.26
1786893551.943,0.49,0.35,202.17,0.58,0.49,0.34,0.32
1786893552.448,0.59,0.46,193.91,0.56,0.37,0.33,0.43
1786893552.946,0.58,0.46,193.56,0.52,0.31,0.27,0.29
1786893553.442,0.62,0.35,201.53,0.41,0.29,0.28,0.26
1786893553.946,0.48,0.31,197.51,0.70,0.36,0.32,0.36
1786893554.447,0.60,0.56,209.93,0.50,0.35,0.34,0.29
1786893554.961,0.43,0.33,201.20,0.54,0.41,0.24,0.35
1786893555.465,0.48,0.35,196.78,0.42,0.31,0.20,0.20
1786893555.964,0.65,0.46,205.13,0.53,0.43,0.40,0.39
1786893556.473,0.47,0.29,199.15,0.72,0.44,0.38,0.36
1786893556.977,0.57,0.36,203.96,0.53,0.46,0.41,0.44
1786893557.484,0.48,0.29,198.40,0.45,0.45,0.29,0.25
1786893557.986,0.55,0.34,193.80,0.54,0.32,0.28,0.26
1786893558.483,0.47,0.37,208.90,0.47,0.30,0.30,0.33
1786893558.995,0.49,0.34,200.40,0.43,0.30,0.27,0.27
1786893559.498,0.46,0.53,209.71,0.55,0.36,0.45,0.44
1786893560.011,0.56,0.37,209.66,0.51,0.29,0.26,0.27
1786893560.523,0.56,0.34,203.66,0.42,0.26,0.23,0.23
1786893561.030,0.51,0.37,193.46,0.47,0.32,0.25,0.25
1786893561.526,0.45,0.30,199.63,0.47,0.32,0.28,0.27
1786893562.028,0.45,0.30,191.37,0.46,0.28,0.31,0.26
1786893562.521,0.55,0.34,207.83,0.42,0.29,0.32,0.27
1786893563.032,0.49,0.35,198.75,0.43,0.35,0.32,0.34
1786893563.533,0.47,0.31,191.51,0.46,0.29,0.29,0.28
1786893564.027,0.47,0.30,204.75,0.35,0.26,0.32,0.24
1786893564.536,0.70,0.38,200.18,0.84,0.35,0.32,0.38
1786893565.040,0.46,0.33,194.65,0.51,0.33,0.29,0.29
1786893565.537,0.48,0.31,203.57,0.42,0.28,0.27,0.27
1786893566.043,0.58,0.30,201.50,0.49,0.29,0.26,0.36
1786893566.547,0.60,0.37,203.95,0.53,0.32,0.33,0.31
1786893567.055,0.57,0.30,199.04,0.86,0.33,0.65,0.53
1786893567.558,0.57,0.31,195.82,0.53,0.30,0.33,0.27
1786893568.056,0.47,0.30,210.01,0.54,0.37,0.33,0.41
1786893568.569,0.57,0.38,206.33,0.47,0.33,0.32,0.27
1786893569.078,0.51,0.29,203.18,0.55,0.37,0.30,0.27
1786893569.585,0.58,0.32,199.32,0.83,0.76,8.96,0.44
1786893570.097,0.53,0.33,208.36,0.85,0.81,1.22,0.62
1786893570.611,0.59,0.33,204.45,0.53,0.33,0.29,0.29
1786893571.118,0.44,0.29,202.53,0.48,0.31,0.33,0.31
1786893571.624,0.47,0.27,192.60,1.00,0.65,1.00,0.92
1786893572.122,0.65,0.33,192.44,0.55,0.30,0.30,0.27
1786893572.619,0.56,0.41,201.09,0.50,0.30,0.29,0.29
1786893573.123,0.51,0.30,193.39,0.50,0.43,0.30,0.27
1786893573.619,0.45,0.27,210.20,0.65,0.39,0.28,0.54
1786893574.132,0.47,0.30,206.38,0.57,0.36,0.34,0.35
1786893574.642,0.48,0.28,194.57,0.55,0.34,0.32,0.38
1786893575.139,0.57,0.40,202.19,0.70,0.36,0.25,0.26
1786893575.645,0.50,0.76,192.52,0.68,0.35,0.31,0.37
1786893576.141,0.70,0.44,191.27,0.90,0.48,0.44,0.42
1786893576.636,0.69,0.40,205.82,0.48,0.31,0.31,0.28
1786893577.145,0.66,0.43,195.98,0.47,0.29,0.30,0.27
1786893577.644,0.55,0.35,203.12,0.53,0.37,0.34,0.32
1786893578.151,0.51,0.36,200.00,0.47,0.35,0.43,0.29
1786893578.654,0.65,0.51,202.96,0.49,0.32,0.28,0.33
1786893579.160,0.67,0.36,209.67,0.49,0.31,0.33,0.31
1786893579.672,0.49,0.27,203.63,0.44,0.43,0.36,0.32
1786893580.181,0.55,0.36,200.11,0.48,0.30,0.29,0.27
1786893580.692,0.52,0.42,194.45,0.52,0.33,0.27,0.31
1786893581.189,0.55,0.29,207.35,0.62,0.32,0.40,0.49
1786893581.700,0.81,0.62,206.10,0.51,0.33,0.24,0.28
1786893582.210,0.53,0.62,194.05,0.61,0.33,0.30,0.37
1786893582.708,0.58,0.69,199.01,0.46,0.38,0.24,0.35
1786893583.210,0.71,0.40,203.97,0.68,0.46,0.49,0.39
1786893583.718,0.60,0.38,199.65,0.67,0.32,0.40,0.35
1786893584.221,0.93,0.45,206.26,0.54,0.44,0.26,0.33
1786893584.731,0.59,0.29,206.71,0.62,0.41,0.29,0.55
1786893585.245,0.55,0.37,194.32,0.55,0.29,0.33,0.29
1786893585.742,0.64,0.41,209.68,0.54,0.31,0.24,0.39
1786893586.255,0.52,0.34,200.24,0.49,0.52,0.31,0.35
1786893586.759,0.61,0.71,205.44,0.60,0.29,0.30,0.35
1786893587.268,0.59,0.33,201.51,0.53,0.37,0.29,0.34
1786893587.774,0.58,0.42,200.53,0.46,0.26,0.25,0.29
1786893588.277,0.48,0.38,207.61,0.49,0.32,0.34,0.28
1786893588.787,0.49,0.39,193.90,0.63,0.45,0.36,0.37
1786893589.285,0.56,0.37,208.42,0.50,0.38,0.27,0.29
1786893589.798,0.62,0.35,198.35,0.44,0.29,0.28,0.32
1786893590.299,0.54,0.36,200.89,0.59,0.33,0.35,0.64
1786893590.804,0.51,0.36,197.45,0.55,0.43,0.51,0.37
1786893591.304,0.58,0.45,205.35,0.51,0.34,0.34,0.33
1786893591.813,0.64,0.45,197.58,0.53,0.24,0.26,0.24
1786893592.318,0.53,0.35,192.60,0.44,0.26,0.29,0.25
1786893592.812,0.50,0.36,198.57,0.51,0.36,0.31,0.27
1786893593.319,0.81,0.39,196.76,0.52,0.39,0.29,0.35
1786893593.819,0.68,0.55,202.17,0.47,0.28,0.33,0.31
1786893594.324,0.49,0.33,191.65,0.42,0.31,0.31,0.31
1786893594.818,0.58,0.32,207.13,0.47,0.32,0.30,0.31
1786893595.328,0.51,0.31,197.66,0.45,0.29,0.30,0.28
1786893595.828,0.53,0.40,196.76,0.82,0.39,0.37,0.34
1786893596.329,0.48,0.30,191.76,0.55,0.31,0.33,0.34
1786893596.824,0.56,0.45,203.15,0.53,0.31,0.44,0.33
1786893597.331,0.51,0.72,199.87,0.51,0.28,0.29,0.32
1786893597.834,0.59,0.29,206.87,0.52,0.26,0.31,0.51
1786893598.343,0.41,0.34,210.03,0.49,0.34,0.34,0.36
1786893598.856,0.55,0.60,195.26,0.52,0.29,0.31,0.34
1786893599.357,0.50,0.40,201.65,0.51,0.27,0.29,0.26
1786893599.862,0.49,0.35,203.22,0.54,0.40,0.39,0.43
1786893600.369,0.52,0.37,206.39,0.58,0.26,0.31,0.32
1786893600.878,0.53,0.30,196.51,0.56,0.36,0.33,0.37
1786893601.378,0.47,0.30,191.62,0.55,0.26,0.33,0.33
1786893601.873,0.52,0.29,208.24,0.66,0.46,0.59,0.59
1786893602.385,0.58,0.41,207.15,0.47,0.41,0.50,0.35
1786893602.896,0.62,0.43,208.20,0.48,0.31,0.29,0.28
1786893603.407,0.50,0.39,204.78,0.47,0.28,0.31,0.30
1786893603.915,0.56,0.55,202.17,0.52,0.36,0.26,0.27
1786893604.420,0.45,0.36,191.07,0.57,0.39,0.22,0.47
1786893604.915,0.47,0.56,196.81,0.54,0.35,0.38,0.38
1786893605.415,0.48,0.40,197.10,1.01,0.39,0.40,0.28
1786893605.917,0.49,0.62,196.81,0.82,0.68,0.82,0.64
1786893606.421,0.45,0.31,196.94,0.61,0.35,0.35,0.27
1786893606.921,0.51,0.60,200.28,0.53,0.36,0.31,0.26
1786893607.424,0.56,0.33,202.32,0.54,0.35,0.36,0.33
1786893607.929,0.43,0.31,193.46,0.56,0.35,0.48,0.30
1786893608.426,0.61,0.42,196.66,0.41,0.30,0.29,0.26
1786893608.925,0.53,0.35,190.95,0.62,0.48,0.36,0.28
1786893609.419,0.54,0.29,191.12,0.46,0.29,0.25,0.26
1786893609.913,0.66,0.41,200.86,0.56,0.45,0.27,0.39
1786893610.419,0.50,0.37,191.60,0.52,0.43,0.37,0.27
1786893610.914,0.50,0.41,195.62,0.53,0.27,0.24,0.27
1786893611.412,0.66,0.33,203.30,0.47,0.33,0.29,0.30
1786893611.920,0.71,0.38,207.46,0.51,0.34,0.45,0.35
1786893612.434,0.55,0.70,207.29,0.61,0.42,0.29,0.34
1786893612.946,0.55,0.33,207.08,0.51,0.31,0.27,0.26
1786893613.456,0.59,0.36,192.12,0.57,0.36,0.40,0.41
1786893613.951,0.55,0.44,210.36,0.48,0.33,0.28,0.32
1786893614.464,0.51,0.35,201.06,0.79,0.39,0.27,0.26
1786893614.968,0.51,0.35,203.65,0.54,0.35,0.37,0.23
1786893615.475,0.56,0.29,199.07,0.53,0.35,0.34,0.29
1786893615.977,0.47,0.43,196.21,0.57,0.38,0.36,0.25
1786893616.476,0.53,0.33,202.12,0.67,0.40,0.35,0.26
1786893616.981,0.58,0.37,203.65,0.42,0.28,0.26,0.24
1786893617.488,0.54,0.36,200.12,0.51,0.37,0.40,0.36
1786893617.991,0.51,0.42,190.77,0.51,0.31,0.28,0.23
1786893618.485,0.60,0.37,198.12,0.49,0.46,0.41,0.29
1786893618.986,0.44,0.34,205.50,0.46,0.30,0.29,0.23
1786893619.494,0.45,0.70,200.55,0.64,0.47,0.43,0.43
1786893619.999,0.44,0.27,193.08,0.50,0.36,0.33,0.32
1786893620.495,0.42,0.28,195.34,0.48,0.32,0.31,0.33
1786893620.993,0.50,0.33,198.01,0.47,0.31,0.27,0.31
1786893621.495,0.43,0.34,192.98,0.58,0.47,0.45,0.58
1786893621.992,0.59,0.35,202.04,0.49,0.35,0.30,0.30
1786893622.500,0.58,0.33,205.74,0.46,0.30,0.29,0.23
1786893623.009,0.60,0.31,199.46,0.86,0.36,0.37,0.32
1786893623.512,0.73,0.46,199.27,0.59,0.34,0.32,0.29
1786893624.014,0.74,0.44,197.38,0.63,0.34,0.34,0.29
1786893624.515,0.61,0.30,197.43,0.60,0.37,0.33,0.35
1786893625.016,0.53,0.38,197.85,0.56,0.38,0.35,0.44
1786893625.517,0.62,0.34,191.70,0.45,0.27,0.25,0.28
1786893626.011,0.50,0.39,210.19,0.53,0.28,0.27,0.26
1786893626.524,0.49,0.36,192.18,0.47,0.32,0.30,0.32
1786893627.019,0.49,0.35,207.54,0.53,0.37,0.30,0.32
1786893627.532,0.48,0.36,209.50,0.72,0.35,0.29,0.34
1786893628.044,0.51,0.38,197.79,0.47,0.32,0.26,0.31
1786893628.545,0.49,0.35,205.82,0.55,0.55,0.23,0.29
1786893629.054,0.91,0.58,208.66,0.56,0.28,0.28,0.32
1786893629.566,0.79,0.34,207.34,0.45,0.26,0.26,0.32
1786893630.077,0.64,0.35,207.07,0.59,0.35,0.24,0.33
1786893630.587,0.50,0.41,205.87,0.59,0.33,0.23,0.32
1786893631.096,0.47,0.33,210.33,0.70,0.43,0.29,0.51
1786893631.610,0.57,0.33,206.77,0.47,0.34,0.25,0.54
1786893632.120,0.61,0.34,197.50,0.72,0.42,0.33,0.35
1786893632.621,0.55,0.44,196.01,0.54,0.36,0.38,0.59
1786893633.120,0.54,0.41,190.84,0.48,0.47,0.30,0.34
1786893633.617,0.48,0.29,198.59,0.48,0.30,0.26,0.25
1786893634.119,0.53,0.36,199.24,0.48,0.30,0.26,0.28
1786893634.621,0.55,0.62,204.23,0.58,0.34,0.39,0.34
1786893635.129,0.55,0.31,196.65,0.42,0.30,0.32,0.31
1786893635.628,0.52,0.33,201.55,0.74,0.64,0.89,0.97
1786893636.138,0.72,0.64,192.33,0.52,0.37,0.36,0.45
1786893636.635,0.50,0.36,195.94,3.04,0.36,0.53,0.36
1786893637.136,0.47,0.30,190.61,0.49,0.37,0.33,0.32
1786893637.629,0.61,0.42,204.49,0.41,0.26,0.29,0.29
1786893638.137,0.71,0.42,190.54,0.54,0.32,0.37,0.29
1786893638.637,0.61,0.41,195.88,0.52,0.35,0.51,0.31
1786893639.136,0.52,0.37,206.84,0.92,0.36,0.31,0.20
1786893639.646,0.49,0.37,207.85,0.54,0.33,0.36,0.67
1786893640.157,0.49,0.32,194.94,0.55,0.43,0.45,0.29
1786893640.659,0.48,0.34,206.57,0.58,0.36,0.34,0.33
1786893641.169,0.67,0.35,194.50,0.55,0.32,0.32,0.27
1786893641.666,0.79,0.67,205.22,0.46,0.29,0.31,1.79
1786893642.180,0.61,0.40,206.34,0.59,0.40,0.37,0.37
1786893642.689,0.45,0.35,210.21,0.58,0.31,0.28,0.80
1786893643.203,0.76,0.36,198.98,0.83,0.72,0.87,0.72
1786893643.707,0.51,0.46,193.12,0.47,0.29,0.30,0.24
1786893644.203,0.46,0.35,198.39,0.76,0.40,0.35,0.28
1786893644.706,0.47,0.34,192.45,0.83,0.43,0.41,0.34
1786893645.202,0.44,0.35,191.24,0.42,0.29,0.28,0.28
1786893645.695,0.46,0.35,206.68,0.63,0.46,0.55,0.42
1786893646.206,0.59,0.30,207.01,0.64,0.37,0.47,0.41
1786893646.717,0.54,0.32,200.23,0.54,0.48,0.30,0.34
1786893647.220,0.53,0.32,192.54,0.55,0.34,0.32,0.29
1786893647.715,0.53,0.34,196.68,0.47,0.31,0.34,0.31
1786893648.215,0.53,0.30,192.23,0.48,0.29,0.31,0.28
1786893648.710,0.66,0.32,205.87,0.52,0.32,0.33,0.41
1786893649.219,0.71,0.40,205.74,0.45,0.28,0.29,0.27
1786893649.728,0.51,0.31,207.67,0.74,0.60,0.57,0.51
1786893650.240,0.56,0.38,205.39,0.53,0.39,0.52,0.38
1786893650.751,0.44,0.28,198.50,0.53,0.40,0.29,0.28
1786893651.253,0.51,0.28,210.03,0.51,0.37,0.44,0.36
1786893651.766,0.80,0.50,195.92,0.63,0.30,0.43,0.35
1786893652.265,0.46,0.41,196.90,0.54,0.35,0.34,0.36
1786893652.765,0.46,0.48,202.62,0.61,0.41,0.38,0.40
1786893653.272,0.58,0.37,195.31,0.52,0.37,0.32,0.24
1786893653.770,0.57,0.33,200.06,0.55,0.39,0.29,0.40
1786893654.273,0.58,0.33,199.44,0.48,0.31,0.31,0.28
1786893654.775,0.58,0.33,199.57,0.47,0.39,0.31,0.28
1786893655.278,0.65,0.30,200.56,0.48,0.30,0.29,0.27
1786893655.784,0.58,0.40,195.15,0.73,0.49,0.42,0.61
1786893656.283,0.47,0.28,190.96,0.45,0.33,0.30,0.24
1786893656.776,0.46,0.35,203.33,0.56,0.34,0.28,0.37
1786893657.283,0.50,0.30,195.14,0.46,0.28,0.33,0.26
1786893657.780,0.55,0.28,196.31,0.44,0.31,0.31,0.26
1786893658.280,0.46,0.28,208.35,0.59,0.45,0.31,0.28
1786893658.792,0.52,0.57,199.77,0.53,0.34,0.30,0.29
1786893659.295,0.59,0.32,199.64,0.42,0.28,0.25,0.25
1786893659.797,0.52,0.30,191.09,0.65,0.35,0.43,0.31
1786893660.292,0.55,0.36,199.66,0.50,0.36,0.28,0.33
1786893660.795,0.51,0.43,209.15,0.45,0.33,0.31,0.24
1786893661.307,0.68,0.43,210.11,0.46,0.46,0.44,0.30
1786893661.820,0.49,0.37,197.56,0.58,0.38,0.36,0.32
1786893662.321,0.54,0.53,201.41,0.47,0.28,0.26,0.26
1786893662.825,0.57,0.30,203.95,0.51,0.31,0.31,0.31
1786893663.332,0.65,0.60,205.06,0.47,0.31,0.27,0.24
1786893663.840,0.48,0.34,198.28,0.52,0.33,0.33,0.27
1786893664.344,0.49,0.34,192.03,0.46,0.30,0.28,0.29
1786893664.839,0.46,0.30,197.38,0.39,0.29,0.26,0.25
1786893665.343,0.58,0.34,197.42,0.45,0.30,0.24,0.28
1786893665.843,0.52,0.65,195.60,0.58,0.38,0.30,0.34
1786893666.343,0.49,0.36,195.18,0.50,0.32,0.27,0.27
1786893666.841,0.52,0.36,202.26,0.47,0.28,0.28,0.28
1786893667.346,0.51,0.30,196.39,0.66,0.38,0.31,0.30
1786893667.858,0.54,0.32,194.49,0.52,0.28,0.29,0.27
1786893668.355,0.54,0.36,209.34,0.64,0.38,0.29,0.33
1786893668.870,0.54,0.32,202.20,0.52,0.33,0.26,0.30
1786893669.376,0.48,0.36,205.67,0.56,0.37,0.26,0.27
1786893669.887,0.44,0.39,192.96,0.49,0.37,0.31,0.27
1786893670.383,0.67,0.42,208.40,0.52,0.31,0.24,0.35
1786893670.894,0.59,0.38,191.55,0.48,0.36,0.29,0.29
1786893671.389,0.65,0.38,204.65,0.48,0.29,0.28,0.26
1786893671.896,0.47,0.33,204.90,0.63,0.45,0.40,0.39
1786893672.404,0.48,0.30,193.73,0.50,0.30,0.27,0.31
1786893672.901,0.54,0.33,198.74,0.55,0.34,0.29,0.30
1786893673.402,0.61,0.45,198.62,0.69,0.47,0.34,0.50
1786893673.905,0.56,0.42,203.44,0.65,0.39,0.30,0.30
1786893674.411,0.62,0.31,195.71,0.47,0.33,0.29,0.27
1786893674.912,0.50,0.30,203.68,0.52,0.36,0.27,0.24
1786893675.421,0.46,0.43,205.39,0.49,0.31,0.37,0.28
1786893675.930,0.58,0.32,195.39,0.57,0.36,0.33,0.36
1786893676.429,0.46,0.30,192.84,0.54,0.32,0.30,0.30
1786893676.924,0.52,0.34,197.48,0.48,0.32,0.29,0.29
1786893677.424,0.54,0.34,196.25,0.53,0.30,0.29,0.30
1786893677.927,0.55,0.37,208.87,0.51,0.34,0.34,0.34
1786893678.440,0.60,0.29,206.26,0.65,0.44,0.38,0.28
1786893678.950,0.51,0.33,206.55,0.50,0.34,0.31,0.28
1786893679.460,0.55,0.32,196.23,0.54,0.28,0.24,0.23
1786893679.959,0.53,0.37,209.53,0.52,0.31,0.30,0.28
1786893680.471,0.62,0.33,197.58,0.51,0.34,0.32,0.32
1786893680.980,0.63,0.33,191.84,0.68,0.43,0.35,0.28
1786893681.479,0.56,0.40,205.66,0.53,0.42,0.35,0.25
1786893681.990,0.49,0.33,194.41,0.57,0.34,0.34,0.27
1786893682.490,0.53,0.34,204.61,0.51,0.29,0.28,0.24
1786893682.998,0.55,0.36,209.59,0.66,0.35,0.33,0.29
1786893683.513,0.67,0.45,208.39,0.52,0.37,0.28,0.32
1786893684.032,0.61,0.57,194.51,0.53,0.31,0.35,0.34
1786893684.530,0.83,0.38,192.50,0.60,0.40,0.30,0.30
1786893685.028,0.56,0.34,199.66,0.50,0.35,0.32,0.30
1786893685.530,0.61,0.31,209.41,0.48,0.28,0.29,0.26
1786893686.045,0.57,0.35,200.37,0.54,0.30,0.28,0.24
1786893686.548,0.61,0.35,209.59,0.49,0.48,0.28,0.27
1786893687.061,0.55,0.39,205.22,0.46,0.35,0.32,0.24
1786893687.569,0.56,0.30,205.97,0.59,0.34,0.26,0.25
1786893688.081,0.54,0.30,194.35,0.49,0.32,0.30,0.28
1786893688.578,0.57,0.33,205.17,0.47,0.34,0.28,0.25
1786893689.086,0.52,0.30,190.54,0.57,0.38,0.34,0.40
1786893689.579,0.61,0.68,200.21,0.51,0.28,0.37,0.28
1786893690.088,0.60,0.39,195.26,0.58,0.28,0.35,0.31
1786893690.586,0.53,0.31,198.03,0.74,0.38,0.30,0.41
1786893691.090,0.52,0.35,203.65,0.51,0.32,0.35,0.39
1786893691.597,0.59,0.34,197.25,0.51,0.34,0.30,0.38
1786893692.098,0.58,0.47,195.78,0.49,0.41,0.29,0.35
1786893692.597,0.49,0.33,202.75,0.46,0.30,0.31,0.26
1786893693.102,0.75,0.36,196.64,0.51,0.41,0.35,0.28
1786893693.602,0.57,0.35,192.63,0.56,0.34,0.37,0.38
1786893694.098,0.81,0.47,192.90,0.51,0.27,0.25,0.34
1786893694.594,0.84,0.45,199.34,0.60,0.33,0.38,0.39
1786893695.097,0.51,0.31,202.50,0.61,0.38,0.37,0.41
1786893695.603,0.80,0.51,201.56,0.47,0.31,0.38,0.31
1786893696.108,0.86,0.46,209.24,0.54,0.35,0.26,0.26
1786893696.620,0.57,0.39,204.76,0.52,0.41,0.29,0.32
1786893697.129,0.52,0.48,199.51,0.69,0.49,0.50,0.34
1786893697.632,0.67,0.35,198.14,0.55,0.36,0.34,0.29
1786893698.134,0.56,0.35,201.45,0.54,0.45,0.39,0.29
1786893698.639,0.61,0.40,204.44,0.50,0.33,0.27,0.31
1786893699.148,0.48,0.27,208.09,0.54,0.38,0.28,0.33
1786893699.663,0.56,0.30,204.84,0.48,0.39,0.37,0.31
1786893700.177,0.50,0.33,208.77,0.54,0.34,0.34,0.30
1786893700.688,0.55,0.26,195.01,0.45,0.33,0.30,0.31
1786893701.186,0.54,0.41,192.74,0.56,0.40,0.34,0.33
1786893701.682,0.48,0.40,201.47,0.50,0.31,0.28,0.25
1786893702.186,0.61,0.33,198.64,0.53,0.35,0.28,0.31
1786893702.688,0.48,0.34,209.47,0.57,0.30,0.32,0.36
1786893703.201,0.57,0.30,204.09,0.56,0.44,0.29,0.31
1786893703.711,0.53,0.29,208.43,0.69,0.48,0.39,0.38
1786893704.223,0.56,0.37,195.65,0.59,0.47,0.39,0.38
1786893704.722,0.52,0.36,196.84,0.52,0.33,0.33,0.26
1786893705.221,0.53,0.29,205.07,0.44,0.33,0.27,0.26
1786893705.729,0.57,0.30,197.18,0.58,0.35,0.33,0.39
1786893706.230,0.54,0.33,195.24,0.50,0.35,0.31,0.28
1786893706.728,0.54,0.31,204.42,0.54,0.46,0.37,0.40
1786893707.236,0.54,0.36,194.50,0.57,0.33,0.38,0.42
1786893707.734,0.58,0.34,195.68,0.63,0.47,0.46,0.43
1786893708.233,0.55,0.31,209.22,0.51,0.39,0.43,0.44
1786893708.747,0.48,0.33,192.00,0.49,0.36,0.38,0.31
1786893709.242,0.62,0.38,193.35,0.50,0.31,0.32,0.28
1786893709.738,0.62,0.34,203.20,0.51,0.28,0.47,0.46
1786893710.284,0.69,0.34,196.42,0.46,0.37,0.30,0.27
1786893710.783,0.60,0.39,200.27,0.52,0.33,0.63,0.42
1786893711.287,0.62,0.41,208.59,0.48,0.29,0.32,0.23
1786893711.799,0.59,0.48,193.50,0.54,0.33,0.34,0.33
1786893712.302,0.57,0.34,208.94,0.47,0.37,0.35,0.40
1786893712.813,0.61,0.31,200.99,0.48,0.28,0.32,0.23
1786893713.317,0.66,0.44,194.37,0.60,0.33,0.28,0.42
1786893713.815,0.63,0.35,194.69,0.47,0.32,0.30,0.30
1786893714.313,0.61,0.47,195.07,0.52,0.31,0.32,0.26
1786893714.811,0.62,0.43,204.43,0.47,0.35,0.33,0.30
1786893715.319,0.61,0.35,199.78,0.49,0.36,0.31,0.33
1786893715.821,0.59,0.33,196.01,0.51,0.30,0.31,0.27
1786893716.320,0.53,0.39,196.26,0.53,0.33,0.32,0.28
1786893716.820,0.61,0.35,193.05,0.62,0.34,0.32,0.29
1786893717.316,0.54,0.44,205.14,0.53,0.33,0.28,0.28
1786893717.824,0.64,0.36,191.68,0.45,0.35,0.30,0.24
1786893718.320,0.52,0.33,195.96,0.51,0.32,0.33,0.29
1786893718.820,0.95,0.57,205.68,0.54,0.34,0.32,0.38
1786893719.329,0.57,0.37,197.38,0.53,0.34,0.28,0.28
1786893719.830,0.56,0.33,202.43,0.56,0.34,0.30,0.29
1786893720.338,0.79,0.50,204.94,0.54,0.39,0.40,0.34
1786893720.847,0.55,0.38,192.30,0.53,0.31,0.36,0.37
1786893721.342,0.54,0.34,205.16,0.56,0.35,0.30,0.49
1786893721.851,0.47,0.38,202.47,0.49,0.37,0.34,0.30
1786893722.356,0.56,0.38,203.93,0.51,0.32,0.27,0.28
1786893722.862,0.57,0.39,192.88,0.52,0.35,0.34,0.26
1786893723.363,0.56,0.36,203.34,0.54,0.42,0.48,0.27
1786893723.869,0.53,0.39,206.17,0.54,0.73,0.65,0.25
1786893724.379,0.54,0.48,204.07,0.51,0.32,0.30,0.27
1786893724.889,0.56,0.35,210.13,0.47,0.34,0.24,0.29
1786893725.402,0.55,0.34,198.80,0.51,0.42,0.33,0.27
1786893725.904,0.58,0.34,192.38,0.61,0.33,0.51,0.22
1786893726.400,0.55,0.35,204.57,0.54,0.36,0.32,0.26
1786893726.909,0.61,0.37,191.79,0.51,0.36,0.28,0.27
1786893727.404,0.59,0.33,192.17,0.54,0.38,0.25,0.28
1786893727.899,0.60,0.36,192.91,0.50,0.31,0.28,0.26
1786893728.395,0.52,0.29,197.88,0.49,0.45,0.33,0.27
1786893728.895,0.58,0.34,192.99,0.56,0.35,0.30,0.30
1786893729.391,0.55,0.34,199.48,0.50,0.32,0.29,0.28
1786893729.893,0.58,0.29,202.17,0.57,0.32,0.29,0.31
1786893730.399,0.54,0.34,197.28,0.45,0.30,0.23,0.29
1786893730.898,0.65,0.44,199.50,0.57,0.32,0.32,0.25
1786893731.401,0.60,0.37,206.83,0.51,0.31,0.35,0.32
1786893731.914,0.79,0.47,205.76,0.50,0.31,0.36,0.29
1786893732.426,0.54,0.35,195.43,0.62,0.36,0.30,0.33
1786893732.924,0.57,0.34,191.45,0.51,0.41,0.31,0.31
1786893733.419,0.55,0.37,195.36,0.52,0.31,0.27,0.34
1786893733.917,0.61,0.35,197.45,0.56,0.36,0.32,0.54
1786893734.418,0.56,5.82,199.44,0.54,0.39,0.27,0.30
1786893734.926,0.59,0.38,194.90,0.45,0.31,0.37,0.29
1786893735.424,0.70,0.40,203.38,0.51,0.29,0.28,0.24
1786893735.930,0.53,0.38,191.86,0.55,0.28,0.23,0.30
1786893736.425,0.46,0.28,194.59,0.58,0.33,0.31,0.29
1786893736.923,0.55,0.35,197.02,0.55,0.38,0.29,0.22
1786893737.424,0.52,0.30,205.72,0.54,0.32,0.29,0.26
1786893737.934,0.47,0.28,208.34,0.49,0.30,0.30,0.23
1786893738.446,0.57,0.31,206.44,0.52,0.36,0.36,0.37
1786893738.955,0.57,0.31,196.62,0.49,0.34,0.30,0.32
1786893739.456,0.49,0.29,191.65,0.54,0.36,0.37,0.36
1786893739.950,0.56,0.33,192.67,0.54,0.30,0.48,0.29
1786893740.446,0.55,0.31,200.34,0.54,0.40,0.29,0.41
1786893740.950,0.54,0.34,197.27,0.48,0.27,0.28,0.38
1786893741.451,0.82,0.48,206.23,0.54,0.42,0.46,0.28
1786893741.961,0.94,0.38,197.43,0.81,0.45,0.51,0.58
1786893742.463,0.53,0.33,200.41,0.52,0.53,0.33,0.37
1786893742.965,0.61,0.37,196.02,0.52,0.33,0.32,0.30
1786893743.464,0.63,0.33,200.39,0.75,0.35,0.32,0.30
1786893743.968,0.58,0.35,207.92,0.49,0.39,0.33,0.35
1786893744.479,0.60,0.33,202.64,0.51,0.35,0.30,0.29
1786893744.985,0.58,0.32,201.08,0.50,0.37,0.30,0.28
1786893745.489,0.43,0.27,190.73,0.49,0.33,0.29,0.38
1786893745.983,0.55,0.38,195.43,0.61,0.30,0.40,0.40
1786893746.482,0.53,0.29,201.45,0.57,0.50,0.45,0.36
1786893746.987,0.52,0.47,209.95,0.49,0.29,0.29,0.26
1786893747.500,0.50,0.32,199.96,0.50,0.34,0.26,0.26
1786893748.003,0.52,0.32,208.46,0.88,0.49,0.40,0.39
1786893748.515,0.50,0.32,209.22,0.46,0.28,0.26,0.30
1786893749.026,0.56,0.32,200.66,0.68,0.36,0.30,0.27
1786893749.530,0.46,0.31,205.37,0.51,0.34,0.29,0.26
1786893750.038,0.50,0.29,191.06,0.59,0.29,0.29,0.29
1786893750.532,0.48,0.39,207.47,0.67,0.35,0.25,0.32
1786893751.042,0.55,0.39,198.74,0.50,0.30,0.23,0.30
1786893751.544,0.60,0.32,194.38,0.55,0.34,0.31,0.32
1786893752.042,0.44,0.33,208.58,0.49,0.35,0.26,0.32
1786893752.553,0.65,0.49,209.30,0.54,0.36,0.34,0.33
1786893753.066,0.52,0.31,198.15,0.61,0.31,0.28,0.32
1786893753.567,0.52,0.37,209.36,0.81,0.37,0.38,0.38
1786893754.080,0.57,0.62,191.24,0.45,0.35,0.29,0.32
1786893754.574,0.52,0.31,200.83,0.52,0.29,0.29,0.29
1786893755.078,0.47,0.30,192.32,0.45,0.28,0.30,0.28
1786893755.573,0.44,0.32,199.71,0.48,0.33,0.29,0.31
1786893756.075,0.56,0.37,209.73,0.45,0.31,0.24,0.30
1786893756.588,0.48,0.35,206.03,0.52,0.37,0.26,0.26
1786893757.096,0.65,0.36,198.08,0.55,0.40,0.32,0.28
1786893757.598,0.51,0.35,208.89,0.54,0.38,0.29,0.32
1786893758.110,0.49,0.30,207.36,0.58,0.37,0.27,0.33
1786893758.620,0.55,0.30,195.26,0.57,0.34,0.27,0.32
1786893759.118,0.61,0.36,207.34,0.54,0.34,0.33,0.31
1786893759.629,0.48,0.31,207.86,0.58,0.38,0.41,0.36
1786893760.140,0.57,0.32,202.84,0.56,0.36,0.36,0.32
1786893760.648,0.58,0.42,195.29,0.54,0.40,0.34,0.36
1786893761.147,0.54,0.60,202.44,0.57,0.35,0.32,0.33
1786893761.653,0.49,0.35,200.21,0.71,0.50,0.52,0.54
1786893762.157,0.57,0.33,201.12,0.54,0.34,0.34,0.46
1786893762.661,0.49,0.35,200.13,0.50,0.31,0.38,0.34
1786893763.164,0.45,0.32,204.43,0.59,0.38,0.33,0.31
1786893763.671,0.62,0.39,209.12,0.52,0.33,0.34,0.35
1786893764.184,0.78,0.40,206.63,0.51,0.31,0.33,0.28
1786893764.693,0.60,0.29,203.40,0.51,0.31,0.32,0.29
1786893765.200,0.60,0.37,196.08,0.56,0.31,0.26,0.28
1786893765.699,0.60,0.34,200.32,0.51,0.46,0.37,0.39
1786893766.202,0.53,0.30,191.09,0.54,0.28,0.47,0.32
1786893766.696,0.57,0.35,200.10,0.52,0.32,0.37,0.29
1786893767.199,0.51,0.35,192.26,0.51,0.29,0.34,0.28
1786893767.694,0.51,0.27,194.85,0.56,0.34,0.30,0.35
1786893768.192,0.55,0.66,198.79,0.59,0.51,0.40,0.44
1786893768.694,0.44,0.32,202.19,0.56,0.30,0.43,0.28
1786893769.199,0.54,0.41,194.23,0.51,0.35,0.28,0.27
1786893769.696,0.57,0.32,194.72,0.51,0.34,0.35,0.49
1786893770.195,0.56,0.27,193.01,0.53,0.33,0.39,0.26
1786893770.691,0.50,0.36,207.22,0.55,0.50,0.35,0.40
1786893771.201,0.50,0.34,198.81,0.62,0.55,0.39,0.42
1786893771.703,0.57,0.49,196.27,0.80,0.66,0.81,0.79
1786893772.205,0.54,0.55,205.59,0.53,0.39,0.36,0.27
1786893772.712,0.57,0.32,207.06,0.45,0.32,0.29,0.32
1786893773.225,0.60,0.36,197.90,0.58,0.38,0.33,0.27
1786893773.725,0.60,0.35,192.57,0.67,0.38,0.36,0.33
1786893774.221,0.55,0.34,192.34,0.45,0.32,0.29,0.29
1786893774.716,0.47,0.42,206.46,0.48,0.36,0.27,0.24
1786893775.226,0.45,0.40,194.64,0.43,0.29,0.27,0.29
1786893775.724,0.48,0.34,203.41,0.51,0.40,0.30,0.37
1786893776.230,0.53,0.32,207.14,0.57,0.39,0.48,0.36
1786893776.742,0.51,0.28,199.45,0.53,0.32,0.26,0.27
1786893777.244,0.54,0.32,191.13,0.42,0.29,0.32,0.31
1786893777.737,0.64,0.52,190.62,0.49,0.30,0.28,0.29
1786893778.231,0.53,0.34,202.16,0.45,0.41,0.30,0.28
1786893778.736,0.48,0.63,194.76,0.46,0.28,0.26,0.26
1786893779.234,0.62,0.35,209.44,0.48,0.29,0.25,0.30
1786893779.746,0.59,0.62,194.46,0.52,0.36,0.34,0.25
1786893780.244,0.53,0.35,193.11,0.61,0.33,0.33,0.27
1786893780.740,0.48,0.35,208.95,0.51,0.36,0.36,0.25
1786893781.252,0.54,0.32,197.96,0.48,0.31,0.32,0.24
1786893781.752,0.47,0.33,196.75,0.58,0.34,0.33,0.33
1786893782.252,0.50,0.34,206.05,0.53,0.30,0.31,0.26
1786893782.761,0.56,0.38,199.86,0.60,0.42,0.33,0.32
1786893783.264,0.55,0.35,201.84,0.53,0.52,0.34,0.35
1786893783.771,0.52,0.66,202.22,0.63,0.51,0.40,0.24
1786893784.277,0.55,0.52,209.82,0.47,0.30,0.35,0.27
1786893784.791,0.52,0.46,198.65,0.72,0.63,0.84,0.65
1786893785.294,0.58,0.29,203.97,0.43,0.31,0.26,0.24
1786893785.800,0.48,0.35,200.38,0.53,0.32,0.34,0.29
1786893786.304,0.51,0.30,203.88,0.42,0.29,0.23,0.27
1786893786.810,0.54,0.38,194.48,0.47,0.26,0.33,0.28
1786893787.307,0.68,0.41,200.21,0.51,0.35,0.32,0.42
1786893787.811,0.65,0.31,203.66,0.37,0.33,0.30,0.27
1786893788.317,0.59,0.34,204.01,0.47,0.27,0.23,0.37
1786893788.824,0.62,0.47,208.28,0.54,0.34,0.34,0.33
1786893789.336,0.53,0.29,198.56,0.49,0.35,0.36,0.29
1786893789.838,0.61,0.42,192.30,0.47,0.31,0.27,0.24
1786893790.333,0.52,0.30,200.57,0.64,0.48,0.35,0.41
1786893790.837,0.49,0.33,201.57,0.45,0.32,0.29,0.26
1786893791.343,0.56,0.36,194.87,0.53,0.32,0.27,0.27
1786893791.841,0.46,0.51,208.99,0.55,0.31,0.26,0.23
1786893792.353,0.55,0.25,197.46,0.51,0.29,0.31,0.31
1786893792.853,0.56,0.64,203.44,0.64,0.33,0.38,0.40
1786893793.360,0.49,0.31,190.42,0.50,0.33,0.40,0.33
1786893793.855,0.48,0.37,200.17,0.92,0.51,0.63,0.61
1786893794.359,0.55,0.36,204.40,0.49,0.31,0.29,0.25
1786893794.866,0.63,0.39,192.34,0.54,0.32,0.32,0.37
1786893795.362,0.58,0.33,196.20,0.46,0.28,0.25,0.25
1786893795.860,0.77,0.37,192.72,0.50,0.47,0.31,0.34
1786893796.356,0.86,0.35,209.10,0.59,0.31,0.35,0.28
1786893796.869,0.48,0.33,191.03,0.65,0.28,0.32,0.34
1786893797.363,0.60,0.99,206.89,0.54,0.30,0.32,0.38
1786893797.874,0.61,0.35,195.65,0.38,0.34,0.38,0.27
1786893798.372,0.66,0.45,209.42,0.52,0.28,0.40,0.35
1786893798.885,0.52,0.29,206.02,0.51,0.28,0.31,0.52
1786893799.394,0.70,0.41,193.56,0.45,0.31,0.30,0.27
1786893799.891,0.89,0.45,203.79,0.47,0.27,0.29,0.34
1786893800.398,0.59,0.39,193.32,0.50,0.29,0.30,0.32
1786893800.914,0.52,0.37,194.64,0.50,0.26,0.30,0.32
1786893801.411,0.54,0.30,194.82,0.55,0.35,0.40,0.31
1786893801.909,0.46,0.33,206.80,0.51,0.35,0.37,0.33
1786893802.419,0.70,0.37,209.40,0.64,0.44,0.31,0.36
1786893802.931,0.51,0.47,207.78,0.54,0.45,0.33,0.36
1786893803.443,0.69,0.39,201.72,0.58,0.37,0.34,0.29
1786893803.948,0.54,0.51,194.89,0.51,0.30,0.30,0.23
1786893804.445,0.81,0.58,208.86,0.58,0.33,0.34,0.34
1786893804.962,0.58,0.31,199.56,0.56,0.36,0.32,0.31
1786893805.464,0.50,0.27,206.21,0.46,0.31,0.24,0.37
1786893805.973,0.42,0.37,192.39,0.52,0.31,0.31,0.31
1786893806.468,0.55,0.33,195.69,0.55,0.38,0.39,0.25
1786893806.967,0.54,0.31,203.49,0.55,0.43,0.36,0.46
1786893807.474,0.50,0.31,198.70,0.51,0.44,0.69,0.57
1786893807.976,0.42,0.29,203.28,0.66,0.49,0.40,0.32
1786893808.483,0.51,0.34,201.25,0.53,0.33,0.36,0.27
1786893808.987,0.47,0.35,202.30,0.74,0.86,1.04,0.82
1786893809.494,0.58,0.33,197.59,0.48,0.30,0.42,0.30
1786893809.995,0.46,0.39,204.60,0.51,0.33,0.29,0.30
1786893810.503,0.54,0.33,197.58,0.51,0.37,0.44,0.28
1786893811.003,0.45,0.30,195.86,0.57,0.34,0.35,0.32
1786893811.502,0.48,0.29,195.51,0.74,0.73,0.58,0.76
1786893812.002,0.47,0.29,205.55,0.52,0.35,0.31,0.29
1786893812.510,0.67,0.35,196.90,0.58,0.31,0.28,0.22
1786893813.010,0.66,0.36,207.87,0.49,0.33,0.40,0.29
1786893813.521,0.70,0.39,197.50,0.49,0.40,0.34,0.39
1786893814.028,0.50,0.31,207.84,0.49,0.32,0.31,0.27
1786893814.538,0.65,0.61,194.55,0.48,0.26,0.30,0.31
1786893815.036,0.47,0.30,204.62,0.50,0.40,0.30,0.27
1786893815.543,0.52,0.33,199.06,0.53,0.38,0.32,0.37
1786893816.045,0.54,0.32,191.90,0.56,0.35,0.41,0.47
1786893816.540,0.69,0.30,193.97,0.48,0.32,0.30,0.32
1786893817.037,0.45,0.43,210.31,0.51,0.34,0.51,0.33
1786893817.551,0.49,0.33,196.26,0.57,0.37,0.34,0.56
1786893818.050,0.45,0.30,193.19,0.52,0.43,0.33,0.30
1786893818.546,0.52,0.32,205.86,0.52,0.34,0.31,0.33
1786893819.055,0.54,0.34,192.66,0.67,0.57,0.39,0.46
1786893819.552,0.46,0.33,204.46,0.58,0.30,0.38,0.28
1786893820.059,0.46,0.33,206.55,0.41,0.36,0.34,0.34
1786893820.569,0.75,0.40,208.94,0.58,0.36,0.32,0.41
1786893821.081,0.69,0.48,198.80,0.54,0.29,0.35,0.28
1786893821.583,0.55,0.39,204.92,0.49,0.33,0.36,0.46
1786893822.091,0.58,0.37,196.27,0.57,0.47,0.25,0.33
1786893822.591,0.60,0.35,206.79,0.50,0.31,0.35,0.24
1786893823.101,0.61,0.35,191.74,0.46,0.34,0.33,0.29
1786893823.595,0.54,0.35,194.06,0.65,0.31,0.28,0.34
1786893824.092,0.59,0.39,190.64,0.49,0.29,0.26,0.28
1786893824.586,0.49,0.36,199.42,0.58,0.52,0.34,0.39
1786893825.089,0.52,0.32,206.09,0.57,0.35,0.39,0.51
1786893825.598,0.60,0.42,204.16,0.67,0.39,0.36,0.39
1786893826.106,0.52,0.35,191.10,0.49,0.41,0.29,0.29
1786893826.600,0.51,0.95,205.06,0.50,0.48,0.36,0.31
1786893827.108,0.74,0.52,199.49,0.42,0.31,0.21,0.29
1786893827.611,0.54,0.35,199.25,0.62,0.33,0.22,0.51
1786893828.113,0.43,0.30,195.64,0.47,0.28,0.25,0.28
1786893828.611,0.50,0.36,200.62,0.58,0.39,0.25,0.33
1786893829.116,0.53,0.29,206.13,0.56,0.41,0.30,0.34
1786893829.625,0.57,0.32,206.03,0.51,0.46,0.28,0.34
1786893830.134,0.56,0.37,199.01,0.55,0.33,0.42,0.31
1786893830.636,0.52,0.37,208.33,0.55,0.34,0.50,0.35
1786893831.148,0.51,0.37,206.49,0.54,0.36,0.33,0.44
1786893831.658,0.51,0.45,191.83,0.54,0.30,0.26,0.24
1786893832.154,0.53,0.32,198.93,0.53,0.31,0.33,0.23
1786893832.655,0.53,0.81,191.41,0.53,0.35,0.34,0.33
1786893833.150,0.56,0.41,207.45,0.73,0.42,0.44,0.39
1786893833.661,0.47,0.33,196.87,0.68,0.45,0.37,0.34
1786893834.161,0.57,0.32,197.60,0.46,0.30,0.27,0.33
1786893834.661,0.51,0.31,199.75,0.57,0.43,0.55,0.34
1786893835.164,0.51,0.32,199.49,0.44,0.37,0.30,0.30
1786893835.667,0.43,0.26,202.45,0.69,0.42,0.36,0.38
1786893836.173,0.47,0.27,201.10,0.50,0.39,0.33,0.33
1786893836.677,0.75,0.41,194.62,0.44,0.29,0.28,0.29
1786893837.174,0.51,0.34,190.76,0.52,0.34,0.33,0.34
1786893837.668,0.46,0.29,198.20,0.53,0.35,0.36,0.42
1786893838.169,0.43,0.32,205.88,0.58,0.39,0.33,0.37
1786893838.678,0.48,0.31,206.21,0.58,0.50,0.43,0.31
1786893839.188,0.47,0.31,208.91,0.49,0.31,0.29,0.25
1786893839.699,0.78,0.47,191.99,0.49,0.28,0.22,0.49
1786893840.194,0.58,0.35,196.40,0.45,0.31,0.28,0.27
1786893840.694,0.57,0.31,194.83,0.53,0.40,0.33,0.29
1786893841.192,0.56,0.33,208.97,0.51,0.31,0.28,0.30
1786893841.709,0.51,0.31,202.67,0.50,0.33,0.34,0.40
1786893842.214,0.49,0.30,192.61,0.47,0.30,0.38,0.29
1786893842.710,0.50,0.32,193.77,0.49,0.39,0.30,0.33
1786893843.207,0.55,0.28,207.21,0.54,0.33,0.27,0.26
1786893843.719,0.53,0.61,210.29,0.54,0.35,0.38,0.33
1786893844.233,0.50,0.34,206.71,0.55,0.31,0.32,0.28
1786893844.744,0.50,0.56,197.70,0.79,0.67,0.81,0.64
1786893845.247,0.45,0.26,200.78,0.46,0.32,0.28,0.29
1786893845.750,0.49,0.31,206.25,0.53,0.38,0.31,0.31
1786893846.260,0.48,0.35,193.62,0.50,0.41,0.30,0.32
1786893846.757,0.49,0.34,192.47,0.56,0.35,0.59,0.49
1786893847.253,0.53,0.56,194.76,0.40,0.32,0.34,0.27
1786893847.751,0.55,0.31,192.62,0.53,0.36,0.28,0.28
1786893848.246,0.58,0.36,195.40,0.54,0.30,0.37,0.27
1786893848.744,0.69,0.30,199.12,0.61,0.30,0.61,0.68
1786893849.247,0.51,0.32,209.72,0.47,0.28,0.36,0.24
1786893849.760,0.48,0.51,200.90,0.53,0.32,0.46,0.31
1786893850.266,0.51,0.52,200.00,0.60,0.38,0.34,0.36
1786893850.769,0.58,0.30,191.38,0.63,0.33,0.28,0.28
1786893851.263,0.54,0.27,191.86,0.40,0.30,0.26,0.30
1786893851.758,0.48,0.33,196.19,0.61,0.32,0.30,0.35
1786893852.257,0.58,0.28,201.77,0.64,0.47,0.28,0.35
1786893852.762,0.54,0.30,193.11,0.54,0.37,0.24,0.42
1786893853.258,0.60,0.31,202.60,0.43,0.28,0.30,0.27
1786893853.764,0.51,0.38,204.52,0.53,0.33,0.34,0.30
1786893854.271,0.56,0.45,199.22,0.49,0.29,0.24,0.27
1786893854.773,0.50,0.39,202.30,0.54,0.53,0.52,0.38
1786893855.279,0.60,0.38,210.09,0.56,0.35,0.29,0.26
1786893855.792,0.54,0.35,204.79,0.53,0.33,0.44,0.28
1786893856.300,0.76,0.91,201.12,0.50,0.43,0.32,0.29
1786893856.805,0.60,0.36,200.85,0.52,0.32,0.32,0.27
1786893857.309,0.51,0.35,204.32,0.44,0.43,0.32,0.30
1786893857.817,0.57,0.41,205.70,0.36,0.28,0.26,0.29
1786893858.325,0.66,0.64,197.49,0.48,0.29,0.33,0.24
1786893858.825,0.50,0.47,209.68,0.56,0.33,0.33,0.37
1786893859.338,0.52,0.35,201.10,0.56,0.34,0.47,0.34
1786893859.843,0.58,0.39,200.61,0.50,0.49,0.34,0.33
1786893860.347,0.49,0.33,202.73,0.60,0.42,0.30,0.40
1786893860.853,0.70,0.36,194.92,0.55,0.38,0.33,0.34
1786893861.352,0.58,0.36,198.94,0.44,0.28,0.29,0.29
1786893861.853,0.52,0.36,209.95,0.54,0.32,0.34,0.32
1786893862.366,0.52,0.37,204.33,1.52,0.35,0.41,0.29
1786893862.873,0.57,0.35,197.21,0.81,0.67,0.87,0.60
1786893863.375,0.60,0.34,202.19,0.89,0.51,0.42,0.30
1786893863.881,0.58,0.33,201.92,0.51,0.37,0.26,0.46
1786893864.386,0.75,0.58,194.71,0.55,0.36,0.35,0.33
1786893864.884,0.73,0.37,193.05,0.59,0.35,0.32,0.34
1786893865.380,0.49,0.30,197.38,0.41,0.32,0.30,0.27
1786893865.880,0.63,0.34,200.30,0.52,0.26,0.33,0.28
1786893866.384,0.57,0.33,203.57,0.53,0.37,0.34,0.33
1786893866.891,0.50,0.28,205.05,0.56,0.34,0.33,0.33
1786893867.399,0.48,0.35,206.96,0.51,0.33,0.40,0.26
1786893867.909,0.54,0.41,202.87,0.49,0.33,0.29,0.27
1786893868.416,0.49,0.45,195.44,0.52,0.40,0.40,0.27
1786893868.915,0.54,0.33,202.15,0.57,0.33,0.33,0.31
1786893869.420,0.90,0.47,204.38,0.53,0.36,0.31,0.26
1786893869.928,0.62,0.49,205.34,0.55,0.36,0.32,0.32
1786893870.438,0.63,0.62,200.11,0.97,0.79,1.33,0.60
1786893870.943,0.64,0.37,196.29,0.51,0.31,0.27,0.24
1786893871.442,0.56,0.29,193.72,0.49,0.35,0.31,0.42
1786893871.939,0.53,0.37,206.10,0.47,0.30,0.30,0.35
1786893872.448,0.55,0.36,195.48,0.58,0.35,0.50,0.34
1786893872.947,0.50,0.37,191.73,0.47,0.38,0.26,0.23
1786893873.441,0.55,0.48,200.40,0.55,0.37,0.34,0.35
1786893873.945,0.59,0.53,190.67,1.21,0.64,0.63,0.77
1786893874.442,0.45,0.36,193.83,0.55,0.38,0.38,0.31
1786893874.939,0.81,0.70,208.54,0.53,0.32,0.33,0.33
1786893875.451,0.55,0.37,198.78,0.44,0.35,0.31,0.29
1786893875.953,0.51,0.45,198.20,0.48,0.41,0.29,0.28
1786893876.454,0.50,0.30,203.20,0.72,0.39,0.28,0.37
1786893876.962,0.55,0.69,204.98,0.57,0.38,0.24,0.50
1786893877.470,0.45,0.28,210.13,0.50,0.33,0.29,0.31
1786893877.984,0.51,0.34,198.45,0.43,0.33,0.25,0.28
1786893878.485,0.49,0.36,200.16,0.45,0.29,0.26,0.29
1786893878.988,0.46,0.33,204.13,0.45,0.29,0.33,0.30
1786893879.495,0.65,0.50,191.50,0.50,0.39,0.28,0.31
1786893879.990,0.50,0.36,202.37,0.49,0.30,0.27,0.23
1786893880.497,0.50,0.38,191.65,0.40,0.30,0.25,0.25
1786893880.991,0.47,0.27,197.55,0.43,0.28,0.26,0.36
1786893881.491,0.42,0.35,204.11,0.44,0.28,0.23,0.23
1786893881.998,0.56,0.39,208.42,0.49,0.42,0.34,0.29
1786893882.510,0.58,0.35,201.22,0.54,0.34,0.27,0.33
1786893883.014,0.52,0.39,210.50,1.40,0.91,0.62,0.48
1786893883.530,0.48,0.30,210.07,0.44,0.32,0.30,0.26
1786893884.043,0.55,0.41,206.65,0.44,0.29,0.27,0.24
1786893884.553,0.71,0.31,199.46,0.62,0.35,0.33,0.31
1786893885.055,0.47,0.37,193.30,0.51,0.32,0.29,0.46
1786893885.552,0.41,0.32,204.90,0.39,0.28,0.26,0.24
1786893886.059,0.58,0.37,200.35,0.54,0.38,0.38,0.41
1786893886.563,0.62,0.39,208.86,0.84,0.66,0.88,0.61
1786893887.077,0.50,0.43,201.25,0.42,0.35,0.29,0.36
1786893887.581,0.69,0.45,193.97,0.51,0.41,0.30,0.39
1786893888.078,0.53,0.38,204.06,0.56,0.41,0.35,0.36
1786893888.586,0.51,0.36,197.95,0.54,0.36,0.36,0.30
1786893889.087,0.54,0.28,198.42,0.56,0.38,0.32,0.53
1786893889.589,0.42,0.43,199.81,0.64,0.38,0.31,0.26
1786893890.092,0.48,0.35,191.04,0.50,0.38,0.31,0.30
1786893890.585,0.60,0.68,195.68,0.51,0.34,0.25,0.26
1786893891.084,0.54,0.30,196.65,0.82,0.66,0.77,0.37
1786893891.585,0.59,0.35,205.95,0.61,0.38,0.34,0.56
1786893892.095,0.57,0.32,194.05,0.70,0.34,0.30,0.23
1786893892.591,0.48,0.42,205.87,0.49,0.38,0.36,0.27
1786893893.100,0.58,0.31,206.36,0.53,0.31,0.27,0.29
1786893893.609,0.62,0.35,192.17,0.52,0.37,0.29,0.29
1786893894.104,0.61,0.40,197.03,0.51,0.31,0.33,0.25
1786893894.604,0.62,0.31,195.61,0.55,0.50,0.39,0.30
1786893895.103,0.64,0.38,200.84,0.57,0.42,0.33,0.27
1786893895.607,0.44,0.29,204.39,0.49,0.42,0.35,0.29
1786893896.115,0.50,0.36,197.32,0.51,0.36,0.37,0.30
1786893896.615,0.54,0.38,199.91,0.49,0.35,0.37,0.27
1786893897.118,0.52,0.36,198.81,0.57,0.49,0.62,0.59
1786893897.621,0.45,0.28,196.30,0.53,0.42,0.29,0.37
1786893898.120,0.43,0.31,203.81,0.54,0.32,0.29,0.31
1786893898.627,0.57,0.43,193.38,0.54,0.56,0.47,0.44
1786893899.124,0.52,0.38,204.10,0.51,0.34,0.29,0.26
1786893899.631,0.59,0.40,199.87,0.65,0.33,0.27,0.27
1786893900.134,0.57,0.31,204.76,0.49,0.45,0.31,0.26
1786893900.644,0.47,0.39,199.67,0.54,0.31,0.28,0.26
1786893901.148,0.56,0.38,191.75,0.50,0.37,0.32,0.34
1786893901.646,0.58,0.33,207.93,0.57,0.34,0.38,0.36
1786893902.157,0.55,0.31,198.58,0.67,0.49,0.30,0.38
1786893902.659,0.53,0.71,193.91,0.47,0.34,0.29,0.26
1786893903.157,0.49,0.34,208.28,0.54,0.38,0.38,0.25
1786893903.668,0.52,0.64,205.82,0.53,0.34,0.31,0.34
1786893904.177,0.53,0.29,201.30,0.45,0.28,0.26,0.26
1786893904.681,0.52,0.29,202.13,0.50,0.32,0.29,0.49
1786893905.186,0.50,0.32,198.59,0.53,0.29,0.31,0.41
1786893905.688,0.44,0.29,205.59,0.59,0.31,0.35,0.44
1786893906.196,0.47,0.34,202.25,0.60,0.33,0.34,0.33
1786893906.702,0.63,0.30,209.88,0.57,0.42,0.28,0.33
1786893907.215,0.59,0.37,196.27,0.50,0.37,0.32,0.31
1786893907.714,0.62,0.38,193.92,0.50,0.31,0.33,0.34
1786893908.211,0.52,0.36,204.54,0.60,0.33,0.38,0.41
1786893908.719,0.68,0.35,198.80,0.62,0.36,0.29,0.27
1786893909.221,0.57,0.48,202.86,0.47,0.29,0.30,0.30
1786893909.727,0.53,0.38,203.21,0.56,0.27,0.31,0.34
1786893910.233,0.60,0.36,190.95,0.54,0.27,0.33,0.35
1786893910.727,0.51,0.33,191.87,0.50,0.32,0.33,0.30
1786893911.224,0.51,0.37,203.16,0.52,0.38,0.36,0.40
1786893911.731,0.56,0.29,207.84,0.57,0.34,0.28,0.29
1786893912.242,0.56,0.33,191.71,0.61,0.39,0.32,0.25
1786893912.737,0.47,0.42,193.94,0.47,0.29,0.31,0.27
1786893913.233,0.56,0.34,204.29,0.79,0.53,0.54,0.44
1786893913.743,0.65,0.34,203.40,0.43,0.31,0.32,0.24
1786893914.249,0.47,0.33,203.92,0.51,0.34,0.32,0.37
1786893914.756,0.47,0.35,205.59,0.51,0.37,0.32,0.31
1786893915.265,0.48,0.32,203.24,0.56,0.41,0.31,0.35
1786893915.771,0.65,0.33,208.11,0.59,0.40,0.30,0.30
1786893916.283,0.61,0.34,198.81,0.48,0.36,0.34,0.32
1786893916.785,0.55,0.47,191.55,0.50,0.37,0.32,0.26
1786893917.280,0.46,0.47,192.98,0.52,0.35,0.33,0.34
1786893917.776,0.48,0.52,210.10,0.51,0.32,0.32,0.27
1786893918.289,0.48,0.30,199.91,1.42,0.72,0.50,0.47
1786893918.794,0.49,0.36,194.87,0.49,0.36,0.30,0.24
1786893919.291,0.58,0.40,209.79,0.48,0.30,0.25,0.23
1786893919.804,0.58,0.33,198.17,0.45,0.44,0.30,0.29
1786893920.305,0.49,0.34,209.28,0.46,0.33,0.25,0.24
1786893920.817,0.49,0.34,196.03,0.57,0.37,0.32,0.36
1786893921.316,0.56,0.46,196.34,0.54,0.34,0.33,0.32
1786893921.816,0.46,0.37,201.18,0.67,0.39,0.35,0.38
1786893922.320,0.59,0.39,199.28,0.47,0.26,0.30,0.29
1786893922.821,0.49,0.34,197.30,0.71,0.49,0.45,0.41
1786893923.324,0.55,0.32,204.79,0.52,0.35,0.28,0.33
1786893923.845,0.54,0.38,199.53,0.51,0.59,0.40,0.53
1786893924.349,0.51,0.37,195.39,0.51,0.33,0.38,0.30
1786893924.848,0.48,0.33,199.60,0.63,0.74,0.52,0.86
1786893925.352,0.52,0.32,192.06,0.45,0.27,0.27,0.34
1786893925.847,0.52,0.36,202.50,0.50,0.30,0.29,0.30
1786893926.353,0.51,0.30,197.80,0.43,0.33,0.27,0.30
1786893926.854,0.50,0.34,206.71,0.81,0.83,1.27,1.26
1786893927.366,0.41,0.31,199.52,1.97,0.28,0.33,0.28
1786893927.880,0.56,0.34,208.27,0.49,0.30,0.30,0.30
1786893928.391,0.46,0.31,200.50,0.40,0.31,0.23,0.29
1786893928.895,0.42,0.52,201.87,0.40,0.31,0.30,0.33
1786893929.400,0.48,0.36,205.20,0.36,0.28,0.30,0.25
1786893929.908,0.51,0.32,194.73,0.46,0.32,0.29,0.28
1786893930.405,0.55,0.31,200.75,0.45,0.32,0.27,0.28
1786893930.908,0.54,0.33,206.47,0.41,0.34,0.33,0.33
1786893931.418,0.47,0.37,206.25,0.53,0.38,0.30,0.40
1786893931.927,0.57,0.34,196.85,0.43,0.30,0.27,0.37
1786893932.428,0.48,0.39,199.66,0.45,0.36,0.34,0.35
1786893932.930,0.54,0.33,194.16,0.62,0.44,0.44,0.49
1786893933.428,0.52,0.31,208.11,0.43,0.30,0.30,0.28
1786893933.938,0.60,0.33,192.40,0.56,0.38,0.31,0.31
1786893934.434,1.27,0.59,190.84,0.47,0.36,0.33,0.33
1786893934.929,0.81,0.51,197.35,0.41,0.28,0.26,0.31
1786893935.429,0.54,0.30,202.08,0.45,0.30,0.29,0.26
1786893935.933,0.59,0.53,207.19,0.58,0.39,0.29,0.31
1786893936.444,0.57,0.37,198.40,0.57,0.51,0.34,0.34
1786893936.945,0.50,0.47,192.53,0.49,0.33,0.26,0.28
1786893937.441,0.50,0.35,206.37,0.40,0.27,0.28,0.30
1786893937.950,0.51,0.38,192.38,0.42,0.28,0.25,0.30
1786893938.444,0.44,0.44,199.78,0.51,0.30,0.34,0.31
1786893938.947,0.56,0.36,191.03,0.44,0.35,0.37,0.43
1786893939.441,0.63,0.34,207.32,0.50,0.30,0.31,0.31
1786893939.951,0.56,0.49,209.46,0.56,0.34,0.29,0.29
1786893940.464,0.60,0.40,205.91,0.43,0.30,0.26,0.27
1786893940.972,0.55,0.31,191.36,0.49,0.35,0.39,0.32
1786893941.469,0.50,0.33,192.87,0.56,0.50,0.49,0.45
1786893941.965,0.48,0.30,205.68,0.53,0.35,0.25,0.30
1786893942.476,0.44,0.31,195.18,0.44,0.28,0.25,1.04
1786893942.974,0.54,0.34,209.55,0.39,0.33,0.33,0.37
1786893943.487,0.42,0.28,200.24,0.50,0.34,0.30,0.24
1786893943.990,0.48,0.31,204.70,0.48,0.33,0.25,0.24
1786893944.498,0.62,0.30,202.09,0.83,0.44,0.82,0.32
1786893945.004,0.52,0.31,201.82,0.69,1.06,0.74,0.37
1786893945.510,0.54,0.37,206.89,0.48,0.35,0.31,0.31
1786893946.020,0.69,0.44,196.37,0.39,0.27,0.32,0.27
1786893946.519,0.53,0.34,195.77,0.48,0.35,0.37,0.30
1786893947.018,0.53,0.31,192.08,0.42,0.32,0.39,0.36
1786893947.513,0.45,0.28,202.80,0.41,0.44,0.31,0.31
1786893948.027,0.51,0.35,205.92,0.45,0.30,0.29,0.30
1786893948.536,0.74,0.35,203.19,0.45,0.30,0.24,0.29
1786893949.042,0.59,0.31,209.33,0.62,0.35,0.34,0.30
1786893949.555,0.54,0.32,193.99,0.50,0.36,0.29,0.29
1786893950.051,0.43,0.38,197.16,0.62,0.52,0.31,0.31
1786893950.552,0.49,0.37,204.56,0.57,0.77,0.69,0.31
1786893951.061,0.49,0.56,207.12,0.50,0.33,0.30,0.28
1786893951.571,0.57,0.39,197.47,0.45,0.32,0.27,0.31
1786893952.071,0.51,0.32,204.68,0.83,0.40,0.35,0.27
1786893952.578,0.60,0.33,199.87,0.49,0.29,0.38,0.28
1786893953.081,0.45,0.29,193.01,0.57,0.37,0.30,0.30
1786893953.577,0.62,0.29,201.13,0.53,0.28,0.39,0.27
1786893954.081,0.67,0.44,204.02,0.52,0.37,0.35,0.26
1786893954.588,0.54,0.38,210.12,0.44,0.29,0.26,0.26
1786893955.101,0.61,0.31,197.04,0.55,0.36,0.36,0.47
1786893955.601,0.43,0.29,193.72,0.39,0.28,0.27,0.23
1786893956.098,0.64,0.74,196.36,0.42,0.29,0.25,0.26
1786893956.598,0.46,0.32,202.71,0.61,0.35,0.30,0.28
1786893957.104,0.45,0.32,210.38,0.56,0.34,0.28,0.36
1786893957.617,0.54,0.30,196.47,0.50,0.35,0.29,0.35
1786893958.116,0.51,0.35,194.17,0.55,0.30,0.26,0.27
1786893958.613,0.43,0.32,200.39,0.53,0.28,0.38,0.38
1786893959.118,0.59,0.38,200.20,0.46,0.31,0.28,0.29
1786893959.621,0.46,0.31,199.19,0.52,0.33,0.32,0.35
1786893960.123,0.57,0.35,199.46,0.47,0.30,0.27,0.24
1786893960.625,0.56,0.30,198.17,0.48,0.27,0.27,0.32
1786893961.127,0.56,0.33,192.10,0.59,0.47,0.32,0.32
1786893961.624,0.51,0.35,207.73,0.44,0.33,0.33,0.25
1786893962.134,0.47,0.32,196.42,0.48,0.30,0.29,0.33
1786893962.636,0.43,0.31,208.57,0.50,0.28,0.26,0.23
1786893963.147,0.54,0.31,202.48,0.49,0.37,0.29,0.29
1786893963.653,0.43,0.40,199.38,0.49,0.29,0.29,0.25
1786893964.155,0.48,0.32,209.97,0.48,0.31,0.28,0.27
1786893964.667,0.49,0.36,207.36,0.43,0.29,0.28,0.25
1786893965.177,0.47,0.36,204.49,0.46,0.30,0.28,0.23
1786893965.684,0.41,0.26,203.58,0.42,0.32,0.27,0.30
1786893966.190,0.48,0.35,192.98,0.51,0.31,0.28,0.34
1786893966.686,0.48,0.30,197.77,0.50,0.28,0.30,0.23
1786893967.187,0.61,0.48,192.97,0.41,0.34,0.27,0.26
1786893967.682,0.48,0.30,198.13,0.49,0.27,0.29,0.31
1786893968.183,0.42,0.32,196.19,0.48,0.27,0.31,0.31
1786893968.682,0.52,0.30,192.87,0.55,0.36,0.50,0.52
1786893969.178,0.55,0.33,191.98,0.50,0.28,0.33,0.33
1786893969.673,0.63,0.42,208.04,0.49,0.30,0.32,0.26
1786893970.184,0.65,0.59,206.90,0.54,0.38,0.52,0.30
1786893970.694,0.51,0.31,202.33,0.48,0.30,0.29,0.26
1786893971.199,0.54,0.45,208.16,0.45,0.33,0.36,0.35
1786893971.710,0.63,0.40,209.99,0.43,0.40,0.35,0.35
1786893972.223,0.47,0.30,207.74,0.59,0.28,0.39,0.36
1786893972.734,0.60,0.41,194.84,0.54,0.33,0.31,0.32
1786893973.232,0.49,0.40,209.34,0.49,0.30,0.30,0.29
1786893973.744,0.46,0.33,192.66,0.49,0.30,0.32,0.33
1786893974.240,0.48,0.33,206.45,0.47,0.27,0.32,0.29
1786893974.749,0.51,0.29,207.93,0.35,0.31,0.28,0.32
1786893975.259,0.52,0.27,195.53,0.49,0.35,0.29,0.30
1786893975.759,0.55,0.32,193.87,0.42,0.27,0.26,0.21
1786893976.255,0.45,0.31,196.38,0.43,0.29,0.31,0.34
1786893976.754,0.50,0.32,202.70,0.65,0.34,0.58,0.48
1786893977.261,0.42,0.34,206.20,0.54,0.28,0.25,0.26
1786893977.769,0.89,0.42,197.05,0.49,0.31,0.32,0.29
1786893978.270,0.46,0.36,199.64,0.54,0.32,0.29,0.44
1786893978.773,0.66,0.31,207.01,0.38,0.47,0.43,0.27
1786893979.283,0.48,0.31,197.09,0.54,0.33,0.27,0.30
1786893979.783,0.52,0.45,206.74,0.53,0.36,0.29,0.27
1786893980.293,0.46,0.39,197.89,0.44,0.44,0.42,0.34
1786893980.794,0.52,0.33,193.83,0.52,0.30,0.29,0.26
1786893981.291,0.69,0.38,196.59,0.63,0.50,0.45,0.42
1786893981.791,0.57,0.29,198.16,0.48,0.34,0.29,0.28
1786893982.292,0.58,0.47,192.58,0.49,0.32,0.31,0.26
1786893982.786,0.67,0.47,205.24,0.48,0.31,0.28,0.31
1786893983.294,0.52,0.29,190.48,0.44,0.29,0.26,0.26
1786893983.787,0.47,0.35,194.80,0.43,0.25,0.27,1.69
1786893984.286,0.61,0.37,209.55,0.47,0.36,0.28,0.33
1786893984.798,0.51,0.35,192.75,0.50,0.27,0.32,0.24
1786893985.293,0.59,0.45,204.04,0.42,0.34,0.30,0.28
1786893985.800,0.50,0.32,191.17,0.43,0.29,0.28,0.28
1786893986.294,0.52,0.29,204.57,0.47,0.32,0.30,0.31
1786893986.803,0.48,0.28,210.18,0.45,0.31,0.26,0.27
1786893987.316,0.50,0.43,191.37,0.43,0.32,0.28,0.27
1786893987.810,0.44,0.39,206.25,0.54,0.36,0.52,0.37
1786893988.320,0.61,0.36,198.83,0.51,0.33,0.37,0.34
1786893988.822,0.57,0.35,198.98,0.50,0.32,0.28,0.30
1786893989.323,0.39,0.30,206.55,0.44,0.28,0.37,0.31
1786893989.832,0.57,0.32,197.88,0.46,0.30,0.31,0.28
1786893990.333,0.52,0.28,207.68,0.53,0.35,0.24,0.31
1786893990.844,0.63,0.39,208.54,0.45,0.38,0.27,0.25
1786893991.358,0.56,0.28,197.48,0.40,0.30,0.29,0.27
1786893991.858,0.61,0.35,200.14,0.74,0.50,0.28,0.30
1786893992.363,0.48,0.31,210.12,0.44,0.28,0.25,0.32
1786893992.876,0.45,0.37,202.12,0.49,0.32,0.33,0.33
1786893993.381,0.58,0.34,193.75,0.58,0.42,0.31,0.42
1786893993.878,0.58,0.45,205.80,0.48,0.31,0.24,0.26
1786893994.386,0.52,0.42,191.77,0.45,0.41,0.29,0.30
1786893994.881,0.54,0.32,195.20,0.50,0.36,0.27,0.33
1786893995.379,0.61,0.35,195.27,0.52,0.32,0.32,0.36
1786893995.877,0.45,0.31,196.25,0.59,0.28,0.26,0.27
1786893996.376,0.45,0.30,204.49,0.50,0.30,0.26,0.32
1786893996.883,0.53,0.35,201.69,0.45,0.32,0.30,0.27
1786893997.387,0.57,0.34,202.61,0.47,0.31,0.37,0.44
1786893997.893,0.52,0.30,195.49,0.51,0.36,0.33,0.27
1786893998.391,0.45,0.35,193.63,0.39,0.32,0.30,0.32
1786893998.894,0.48,0.31,198.79,0.83,0.56,0.37,0.43
1786893999.397,0.51,0.29,191.59,0.47,0.35,0.31,0.31
1786893999.892,0.49,0.29,192.87,0.41,0.29,0.30,0.27
1786894000.387,0.52,0.31,198.39,0.51,0.34,0.25,0.25
1786894000.888,0.42,0.29,194.55,0.50,0.31,0.27,0.30
1786894001.385,0.47,0.34,202.21,0.50,0.33,0.33,0.31
1786894001.890,0.53,0.28,190.71,0.61,0.34,0.33,0.34
1786894002.384,0.54,0.29,193.04,0.44,0.29,0.29,0.27
1786894002.880,0.71,0.34,196.76,0.45,0.32,0.31,0.32
1786894003.379,0.46,0.28,192.30,0.62,0.36,0.32,0.32
1786894003.880,0.42,0.41,196.76,0.44,0.28,0.30,0.26
1786894004.379,0.49,0.28,200.23,0.55,0.33,0.52,0.33
1786894004.882,0.70,0.40,209.34,0.52,0.30,0.28,0.28
1786894005.395,0.68,0.46,193.29,0.44,0.33,0.31,0.30
1786894005.891,0.70,0.57,205.82,0.45,0.34,0.27,0.26
1786894006.400,0.49,0.31,192.47,0.50,0.36,0.28,0.32
1786894006.896,0.51,0.41,201.47,0.69,0.55,0.43,0.34
1786894007.407,0.49,0.29,194.23,0.42,0.33,0.30,0.25
1786894007.904,0.46,0.35,203.23,0.45,0.36,0.44,0.31
1786894008.410,0.59,0.34,191.31,0.46,0.33,0.27,0.29
1786894008.904,0.45,0.32,192.48,0.43,0.34,0.32,0.25
1786894009.399,0.52,0.69,203.55,0.60,0.37,0.31,0.25
1786894009.909,0.43,0.29,208.07,0.51,0.39,0.38,0.31
1786894010.421,0.45,0.28,192.73,0.47,0.32,0.38,0.28
1786894010.916,0.57,0.59,206.09,0.46,0.32,0.25,0.29
1786894011.425,0.49,0.32,206.04,0.53,0.28,0.29,0.27
1786894011.934,0.49,0.40,199.76,0.46,0.43,0.43,0.28
1786894012.441,0.50,0.39,192.01,0.43,0.29,0.34,0.26
1786894012.935,0.51,0.38,207.26,0.49,0.34,0.29,0.26
1786894013.445,0.51,0.30,204.39,0.56,0.35,0.26,0.25
1786894013.952,0.62,0.30,193.55,0.50,0.34,0.34,0.27
1786894014.449,0.47,0.31,208.44,0.53,0.38,0.39,0.38
1786894014.960,0.51,0.35,201.22,0.54,0.32,0.30,0.26
1786894015.464,0.57,0.42,191.00,0.43,0.29,0.27,0.31
1786894015.959,0.43,0.35,197.46,0.53,0.37,0.31,0.36
1786894016.459,0.59,0.33,200.69,0.53,0.40,0.49,0.56
1786894016.965,0.55,0.33,192.09,0.61,0.49,0.42,0.39
1786894017.461,0.51,0.27,209.81,0.48,0.33,0.30,0.28
1786894017.973,0.57,0.37,207.08,0.44,0.32,0.30,0.30
1786894018.483,0.56,0.31,201.20,0.49,0.36,0.33,0.38
1786894018.987,0.59,0.31,201.61,0.47,0.32,0.29,0.26
1786894019.491,0.44,0.35,195.74,0.47,0.31,0.29,0.34
1786894019.990,0.54,0.31,194.78,0.50,0.32,0.31,0.26
1786894020.487,0.48,0.30,192.57,0.49,0.38,0.42,0.35
1786894020.998,0.47,0.29,203.17,0.47,0.31,0.37,0.28
1786894021.504,0.55,0.30,196.23,0.37,0.38,0.28,0.42
1786894022.003,0.44,0.38,195.06,0.45,0.32,0.47,0.31
1786894022.504,0.41,0.31,191.82,0.46,0.32,0.28,0.31
1786894022.998,0.55,0.36,205.90,0.44,0.30,0.27,0.26
1786894023.506,0.46,0.28,201.08,0.44,0.35,0.46,0.25
1786894024.010,0.45,0.28,204.52,0.50,0.29,0.25,0.28
1786894024.517,0.48,0.26,208.14,0.76,0.33,0.42,0.60
1786894025.030,0.53,0.42,206.42,0.42,0.29,0.28,0.27
1786894025.539,0.60,0.33,193.02,0.44,0.30,0.32,0.33
1786894026.034,0.64,0.36,206.29,0.43,0.29,0.31,0.28
1786894026.543,0.44,0.32,197.88,0.56,0.35,0.38,0.35
1786894027.044,0.58,0.35,192.82,0.79,0.41,0.37,0.33
1786894027.541,0.47,0.42,204.36,0.53,0.34,0.35,0.36
1786894028.049,0.61,0.37,203.59,0.47,0.30,0.30,0.26
1786894028.569,0.62,0.36,198.49,0.41,0.30,0.23,0.27
1786894029.070,0.60,0.40,200.43,0.44,0.30,0.29,0.28
1786894029.573,0.53,0.34,205.61,0.54,0.30,0.27,0.27
1786894030.082,0.47,0.28,197.71,0.54,0.36,0.27,0.27
1786894030.582,0.50,0.31,193.22,0.52,0.34,0.28,0.30
1786894031.078,1.40,0.48,195.80,0.45,0.33,0.31,0.30
1786894031.579,0.93,0.36,200.23,0.48,0.24,0.27,0.26
1786894032.082,0.51,0.43,192.53,0.48,0.29,0.27,0.22
1786894032.578,0.48,0.33,207.16,0.50,0.32,0.38,0.33
1786894033.088,0.53,0.37,191.49,0.42,0.30,0.27,0.24
1786894033.582,0.48,0.34,192.68,0.64,0.31,0.29,0.41
1786894034.079,0.49,0.30,201.74,0.39,0.31,0.27,0.25
1786894034.583,0.49,0.33,201.20,0.59,0.38,0.36,0.35
1786894035.087,0.47,0.34,197.89,0.48,0.38,0.37,0.28
1786894035.591,0.64,0.34,203.88,0.40,0.27,0.26,0.29
1786894036.097,0.54,0.80,199.29,0.49,0.32,0.22,0.29
1786894036.600,0.65,0.36,209.17,0.51,0.32,0.40,0.42
1786894037.112,0.59,0.42,209.21,0.53,0.37,0.32,0.31
1786894037.625,0.50,0.35,203.77,0.56,0.35,0.28,0.32
1786894038.132,0.44,0.31,196.14,0.42,0.26,0.31,0.23
1786894038.631,0.62,0.33,205.74,0.44,0.45,0.37,0.34
1786894039.143,0.62,0.35,197.58,0.56,0.33,0.29,0.32
1786894039.643,0.52,0.38,199.09,0.84,0.43,0.39,0.40
1786894040.146,0.47,0.36,202.65,0.48,0.28,0.30,0.25
1786894040.651,0.54,0.32,200.82,0.51,0.36,0.25,0.31
1786894041.155,0.58,0.33,196.48,0.49,0.31,0.28,0.27
1786894041.654,0.50,0.31,194.38,0.58,0.38,0.28,0.31
1786894042.152,0.63,0.35,200.96,0.55,0.39,0.25,0.51
1786894042.655,0.54,0.37,209.63,0.44,0.28,0.22,0.28
1786894043.167,0.54,0.57,201.91,0.49,0.41,0.24,0.34
1786894043.672,0.51,0.35,196.41,0.56,0.55,0.26,0.32
1786894044.171,0.49,0.36,207.35,0.53,0.39,0.36,0.39
1786894044.682,0.47,0.28,208.62,0.63,0.39,0.29,0.36
1786894045.193,0.55,0.28,195.65,0.51,0.27,0.27,0.31
1786894045.692,0.43,0.29,195.67,0.49,0.30,0.30,0.26
1786894046.190,0.46,0.33,202.56,0.49,0.32,0.26,0.28
1786894046.695,0.45,0.28,202.21,1.33,0.75,0.98,0.72
1786894047.203,0.54,0.29,199.88,0.52,0.35,0.34,0.33
1786894047.706,0.57,0.36,198.58,0.53,0.33,0.32,0.33
1786894048.208,0.43,0.25,205.77,0.54,0.35,0.26,0.31
1786894048.718,0.48,0.28,200.05,0.76,0.75,0.83,0.69
1786894049.224,0.49,0.39,198.34,0.53,0.44,0.26,0.26
1786894049.725,0.77,0.39,204.92,0.47,0.38,0.25,0.27
1786894050.233,0.79,0.52,201.59,0.49,0.32,0.33,0.33
1786894050.738,0.58,0.39,202.02,0.58,0.30,0.29,0.32
1786894051.244,0.51,0.29,209.19,0.47,0.36,0.30,0.25
1786894051.758,0.56,0.33,204.11,0.59,0.33,0.27,0.29
1786894052.265,0.53,0.33,210.13,0.50,0.36,0.31,0.32
1786894052.778,0.54,0.39,198.85,0.50,0.41,0.45,0.40
1786894053.281,0.48,0.37,206.09,0.52,0.37,0.31,0.27
1786894053.791,0.61,0.32,192.76,0.50,0.32,0.31,0.28
1786894054.287,0.69,0.47,203.73,0.45,0.29,0.28,0.46
1786894054.794,0.48,0.32,208.33,0.52,0.35,0.35,0.29
1786894055.306,0.57,0.31,209.62,0.51,0.38,0.31,0.27
1786894055.818,0.48,0.28,202.00,0.53,0.33,0.30,0.27
1786894056.324,0.49,0.32,197.48,0.52,0.33,0.33,0.33
1786894056.825,0.53,0.34,206.19,0.52,0.37,0.28,0.27
1786894057.334,0.61,0.38,200.02,0.83,0.57,0.64,0.50
1786894057.839,0.47,0.34,200.44,0.48,0.34,0.26,0.25
1786894058.342,0.53,0.31,196.47,0.52,0.32,0.27,0.29
1786894058.841,0.62,0.41,206.52,0.68,0.61,0.33,0.46
1786894059.378,0.54,0.31,199.21,0.48,0.28,0.28,0.26
1786894059.880,0.56,0.52,201.60,0.48,0.29,0.26,0.29
1786894060.385,0.55,0.41,202.86,0.50,0.41,0.31,0.25
1786894060.891,0.48,0.38,193.61,0.50,0.34,0.33,0.33
1786894061.388,0.60,0.71,196.98,0.52,0.34,0.28,0.24
1786894061.892,0.46,0.32,199.11,0.50,0.30,0.27,0.27
1786894062.395,0.48,0.35,193.11,0.55,0.48,0.37,0.33
1786894062.891,0.61,0.33,191.17,0.47,0.39,0.35,0.29
1786894063.385,0.58,0.31,202.45,0.69,0.58,0.38,0.41
1786894063.891,0.47,0.27,200.90,0.59,0.34,0.42,0.35
1786894064.397,0.68,0.38,203.67,0.45,0.29,0.25,0.24
1786894064.903,0.46,0.29,204.99,0.56,0.34,0.45,0.32
1786894065.411,0.50,0.34,202.15,0.52,0.34,0.30,0.31
1786894065.916,0.54,0.32,194.57,0.48,0.36,0.33,0.63
1786894066.414,0.48,0.35,207.37,0.52,0.40,0.39,0.41
1786894066.924,0.55,0.60,204.24,0.49,0.29,0.28,0.24
1786894067.432,0.47,0.37,203.72,0.53,0.39,0.28,0.41
1786894067.938,0.53,0.55,194.40,0.40,0.31,0.26,0.26
1786894068.435,0.55,0.39,192.70,0.47,0.45,0.32,0.32
1786894068.931,0.59,0.37,209.56,0.63,0.40,0.39,0.43
1786894069.445,0.59,0.63,191.22,0.46,0.35,0.33,0.29
1786894069.939,0.49,0.36,195.39,0.52,0.52,0.36,0.33
1786894070.437,0.50,0.31,207.24,0.60,0.49,0.33,0.41
1786894070.949,0.58,0.34,205.43,0.85,0.65,0.88,0.77
1786894071.459,0.46,0.46,191.36,0.55,0.34,0.33,0.30
1786894071.953,0.49,0.35,205.11,0.52,0.49,0.38,0.25
1786894072.462,0.52,0.35,204.77,0.77,0.42,0.30,0.41
1786894072.973,0.51,0.34,204.77,0.49,0.35,0.32,0.28
1786894073.482,0.64,0.57,194.58,0.52,0.31,0.27,0.26
1786894073.980,0.73,0.39,196.72,0.61,0.36,0.31,0.31
1786894074.480,0.63,0.37,197.47,0.51,0.33,0.29,0.27
1786894074.980,0.53,0.32,194.85,0.49,0.32,0.28,0.27
1786894075.478,0.47,0.33,199.45,0.46,0.35,0.29,0.23
1786894075.980,0.73,0.47,205.07,0.52,0.36,0.35,0.30
1786894076.489,0.46,0.30,200.33,0.41,0.33,0.30,0.27
1786894076.993,0.52,0.38,196.39,0.67,0.62,0.79,0.75
1786894077.494,0.54,0.46,191.63,0.67,0.66,0.56,0.41
1786894077.995,0.50,0.40,209.02,0.44,0.29,0.26,0.24
1786894078.506,0.46,0.31,202.11,0.45,0.31,0.30,0.27
1786894079.011,0.49,0.28,209.14,0.70,0.41,0.52,0.32
1786894079.525,0.50,0.31,205.54,0.39,0.30,0.32,0.28
1786894080.033,0.66,0.34,192.31,0.48,0.30,0.27,0.24
1786894080.528,0.49,0.34,195.23,0.49,0.33,0.28,0.32
1786894081.031,0.53,0.29,200.65,0.60,0.35,0.33,0.38
1786894081.534,0.55,0.31,200.90,0.49,0.32,0.28,0.25
1786894082.038,0.48,0.30,209.16,0.62,0.36,0.25,0.29
1786894082.550,0.57,0.33,194.21,0.53,0.31,0.26,0.29
1786894083.049,0.57,0.31,198.01,0.64,0.39,0.43,0.34
1786894083.550,0.52,0.30,207.94,0.68,0.43,0.38,0.53
1786894084.062,0.52,0.28,199.51,0.47,0.27,0.26,0.26
1786894084.564,0.48,0.32,191.07,0.46,0.33,0.29,0.27
1786894085.057,0.53,0.26,194.48,0.58,0.30,0.28,0.25
1786894085.555,0.58,0.38,193.13,0.44,0.28,0.29,0.28
1786894086.051,0.51,0.30,202.58,0.46,0.31,0.27,0.27
1786894086.556,0.55,0.43,198.80,0.53,0.44,0.29,0.25
1786894087.058,0.50,0.30,207.93,0.71,0.32,0.27,0.37
1786894087.571,0.45,0.27,203.71,0.54,0.33,0.30,0.28
1786894088.078,0.52,0.31,206.14,0.44,0.48,0.28,0.28
1786894088.588,0.64,0.41,194.83,0.68,0.33,0.25,0.27
1786894089.087,0.55,0.56,200.06,0.50,0.30,0.29,0.26
1786894089.590,0.61,0.67,201.63,0.46,0.30,0.25,0.43
1786894090.095,0.46,0.34,198.83,0.57,0.42,0.38,0.41
1786894090.597,0.47,0.35,205.42,0.47,0.35,0.31,0.32
1786894091.106,0.43,0.36,200.75,0.44,0.28,0.25,0.28
1786894091.609,0.50,0.33,209.42,0.72,0.37,0.41,0.31
1786894092.121,0.44,0.34,203.83,0.53,0.35,0.38,0.33
1786894092.628,0.55,0.33,202.29,0.55,0.41,0.35,0.31
1786894093.134,0.57,0.34,195.06,0.58,0.36,0.40,0.26
1786894093.632,0.51,0.32,195.47,0.51,0.32,0.37,0.29
1786894094.132,0.48,0.40,195.36,0.49,0.45,0.29,0.27
1786894094.630,0.52,0.70,197.32,0.66,0.52,0.28,0.27
1786894095.131,0.63,0.42,200.45,0.68,0.35,0.28,0.29
1786894095.635,0.56,0.35,192.62,0.52,0.33,0.30,0.23
1786894096.130,0.72,0.38,195.02,0.53,0.41,0.34,0.26
1786894096.629,0.72,0.37,193.58,0.48,0.30,0.27,0.37
1786894097.125,0.59,0.36,208.11,0.70,0.35,0.26,0.27
1786894097.636,0.47,0.35,203.91,0.54,0.47,0.31,0.28
1786894098.143,0.57,0.33,206.93,0.47,0.32,0.26,0.27
1786894098.653,0.51,0.36,193.97,0.91,0.73,0.83,0.39
1786894099.153,0.63,0.30,192.16,0.57,0.37,0.27,0.27
1786894099.648,0.53,0.57,209.34,0.62,0.32,0.25,0.34
1786894100.160,0.58,0.37,203.95,0.50,0.35,0.32,0.27
1786894100.667,0.48,0.32,207.08,0.98,0.36,0.38,0.28
1786894101.178,0.53,0.33,198.14,0.49,0.30,0.25,0.27
1786894101.679,0.44,0.40,197.76,0.52,0.38,0.32,0.40
1786894102.179,0.50,0.29,205.66,0.53,0.34,0.34,0.34
1786894102.688,0.55,0.32,196.59,0.58,0.40,0.32,0.25
1786894103.188,0.46,0.35,207.31,0.53,0.31,0.30,0.39
1786894103.700,0.46,0.35,205.59,0.51,0.33,0.36,0.38
1786894104.209,0.47,0.33,198.64,0.57,0.34,0.35,0.31
1786894104.710,0.47,0.37,191.32,0.51,0.35,0.32,0.26
1786894105.205,0.51,0.39,203.98,0.62,0.43,0.38,0.37
1786894105.712,0.48,0.26,199.65,0.46,0.33,0.37,0.30
1786894106.215,0.48,0.42,192.79,0.53,0.46,0.40,0.34
1786894106.711,0.53,0.30,201.56,0.50,0.36,0.35,0.35
1786894107.215,0.53,0.33,204.71,0.76,0.51,0.31,0.28
1786894107.724,0.51,0.33,198.11,0.53,0.93,0.33,0.33
1786894108.225,0.44,0.29,204.39,0.50,0.31,0.32,0.26
1786894108.732,0.44,0.30,206.29,0.51,0.27,0.25,0.27
1786894109.241,0.48,0.31,191.30,0.58,0.42,0.27,0.34
1786894109.735,0.57,0.37,204.37,0.72,0.47,0.37,0.40
1786894110.243,0.51,0.31,208.04,0.54,0.37,0.25,0.29
1786894110.754,0.48,0.64,207.94,0.57,0.36,0.27,0.41
1786894111.266,0.48,0.31,207.75,0.49,0.35,0.32,0.27
1786894111.777,0.49,0.78,201.88,0.50,0.37,0.28,0.22
1786894112.282,0.51,0.39,192.79,0.53,0.32,0.23,0.31
1786894112.778,0.53,0.37,192.74,0.67,0.44,0.33,0.42
1786894113.275,0.51,0.34,194.20,0.63,0.39,0.27,0.31
1786894113.772,0.59,0.39,204.61,0.52,0.31,0.24,0.31
1786894114.280,0.47,0.36,204.80,0.77,0.64,0.51,0.59
1786894114.789,0.48,0.36,193.78,0.51,0.34,0.26,0.31
1786894115.286,0.57,0.45,202.50,0.47,0.46,0.28,0.28
1786894115.792,0.59,0.36,191.36,0.52,0.32,0.27,0.32
1786894116.286,0.65,0.58,205.34,0.55,0.28,0.25,0.33
1786894116.795,0.55,0.33,206.77,0.53,0.33,0.37,0.34
1786894117.306,0.61,0.39,205.38,0.50,0.31,0.27,0.26
1786894117.814,0.61,0.36,196.46,0.83,0.53,0.37,0.32
1786894118.314,0.46,0.31,193.46,0.56,0.32,0.33,0.31
1786894118.812,0.56,0.34,191.86,0.50,0.33,0.31,0.31
1786894119.307,0.53,0.59,196.58,0.52,0.34,0.25,0.24
1786894119.806,0.48,0.34,191.11,0.47,0.32,0.32,0.29
1786894120.300,0.53,0.32,194.93,0.50,0.38,0.31,0.33
1786894120.809,0.49,0.33,194.95,0.45,0.28,0.27,0.24
1786894121.306,0.46,0.32,202.55,0.52,0.34,0.27,0.22
1786894121.813,0.52,0.34,202.09,0.53,0.37,0.37,0.28
1786894122.319,0.54,0.60,191.47,0.51,0.39,0.28,0.32
1786894122.814,0.48,0.34,199.54,0.53,0.31,0.26,0.54
1786894123.317,0.52,0.37,195.00,0.53,0.33,0.31,0.42
1786894123.815,0.58,0.40,207.08,0.71,0.39,0.31,0.33
1786894124.326,0.64,0.33,208.94,0.56,0.32,0.31,0.30
1786894124.837,0.49,0.36,208.26,0.49,0.33,0.35,0.35
1786894125.349,0.51,0.43,201.29,0.52,0.37,0.34,0.32
1786894125.853,0.43,0.30,205.39,0.52,0.41,0.84,0.49
1786894126.361,0.68,0.68,201.68,0.53,0.44,1.02,0.41
1786894126.867,0.64,0.39,195.75,0.48,0.29,0.26,0.22
1786894127.366,0.43,0.34,206.88,0.51,0.36,0.30,0.25
1786894127.875,0.52,0.29,197.85,0.61,0.33,0.33,0.36
1786894128.376,0.56,0.35,199.67,0.51,0.39,0.31,0.31
1786894128.879,0.50,0.36,203.58,0.67,0.47,0.43,0.37
1786894129.386,0.56,0.51,191.54,0.44,0.32,0.29,0.31
1786894129.880,0.47,0.37,208.74,0.52,0.40,0.34,0.31
1786894130.395,0.62,0.36,204.34,0.57,0.35,0.32,0.23
1786894130.902,0.54,0.34,197.24,0.45,0.34,0.23,0.26
1786894131.404,0.83,0.45,198.59,0.62,0.49,0.32,0.32
1786894131.906,0.52,0.45,203.76,0.55,0.30,0.30,0.28
1786894132.417,0.48,0.36,198.51,0.54,0.35,0.27,0.35
1786894132.920,0.57,0.42,198.98,0.80,0.75,0.68,0.45
1786894133.424,0.70,0.57,198.84,0.51,0.31,0.31,0.26
1786894133.926,0.66,0.40,205.12,0.51,0.33,0.31,0.29
1786894134.434,0.51,0.32,203.87,0.56,0.36,0.34,0.37
1786894134.941,0.44,0.34,197.00,0.48,0.31,0.30,0.25
1786894135.441,0.55,0.34,193.75,0.56,0.30,0.31,0.45
1786894135.938,0.62,0.78,201.95,0.51,0.33,0.34,0.26
1786894136.444,0.67,0.33,199.89,0.49,0.42,0.34,0.33
1786894136.947,0.48,0.26,209.21,0.84,0.67,0.87,0.65
1786894137.461,0.48,0.30,195.31,0.64,0.30,0.55,0.42
1786894137.960,0.46,0.26,194.04,0.57,0.41,0.32,0.26
1786894138.460,0.53,0.44,210.31,0.44,0.34,0.29,0.29
1786894138.973,0.50,0.30,190.46,0.75,0.69,0.83,0.63
1786894139.468,0.53,0.27,199.47,0.51,0.34,0.38,0.57
1786894139.971,0.53,0.28,201.96,0.49,0.29,0.33,0.32
1786894140.476,0.44,0.32,206.52,0.52,0.34,0.32,0.33
1786894140.985,0.53,0.31,202.08,0.52,0.50,0.40,0.35
1786894141.491,0.60,0.55,192.13,0.43,0.32,0.30,0.24
1786894141.986,0.51,0.30,195.28,0.54,0.40,0.31,0.30
1786894142.484,0.48,0.27,206.51,0.46,0.40,0.32,0.35
1786894142.995,0.48,0.30,201.05,0.51,0.35,0.32,0.47
1786894143.499,0.49,0.31,210.30,0.51,0.35,0.36,0.30
1786894144.012,0.43,0.24,207.19,0.57,0.35,0.30,0.33
1786894144.522,0.56,0.38,198.35,0.57,0.34,0.48,0.31
1786894145.024,0.58,0.34,195.91,0.78,0.39,0.35,0.36
1786894145.523,0.46,0.37,206.04,0.43,0.29,0.25,0.26
1786894146.031,0.50,0.42,193.91,0.49,0.27,0.26,0.25
1786894146.528,0.51,0.36,208.36,0.49,0.34,0.27,0.30
1786894147.042,0.51,0.32,203.90,0.55,0.35,0.35,0.36
1786894147.549,0.55,0.77,198.73,0.49,0.33,0.30,0.28
1786894148.051,0.47,0.41,200.23,0.51,0.30,0.30,0.28
1786894148.554,0.54,0.34,209.01,0.44,0.29,0.25,0.23
1786894149.066,0.50,0.29,207.28,0.42,0.37,0.24,0.29
1786894149.581,0.56,0.37,193.32,0.49,0.31,0.24,0.23
1786894150.076,0.56,0.34,207.52,0.52,0.30,0.29,0.29
1786894150.588,0.56,0.64,206.97,0.45,0.31,0.30,0.24
1786894151.097,0.55,0.35,192.44,0.54,0.37,0.34,0.34
1786894151.593,0.58,0.46,195.66,0.53,0.38,0.39,0.27
1786894152.092,0.48,0.31,209.72,0.57,0.39,0.25,0.21
1786894152.605,0.45,0.33,195.80,0.54,0.33,0.38,0.27
1786894153.103,0.54,0.38,191.29,0.56,0.34,0.37,0.27
1786894153.598,0.67,0.44,200.84,0.49,0.44,0.29,0.26
1786894154.102,0.56,0.36,196.98,0.65,0.44,0.39,0.35
1786894154.603,0.57,0.47,194.88,0.50,0.33,0.27,0.24
1786894155.101,0.80,0.38,201.89,0.56,0.30,0.30,0.41
1786894155.606,0.47,0.34,205.11,0.39,0.29,0.31,0.24
1786894156.114,0.59,0.32,192.64,0.61,0.37,0.29,0.33
1786894156.610,0.53,0.32,202.65,0.42,0.27,0.26,0.26
1786894157.119,0.44,0.31,209.31,0.55,0.35,0.35,0.34
1786894157.631,0.60,0.42,196.89,0.51,0.32,0.30,0.31
1786894158.131,0.59,0.33,202.63,0.46,0.36,0.33,0.31
1786894158.636,0.63,0.50,194.91,0.47,0.29,0.28,0.30
1786894159.134,0.65,0.42,209.96,0.60,0.34,0.33,0.29
1786894159.647,0.71,0.36,204.13,0.56,0.35,0.33,0.34
1786894160.155,0.77,12.23,198.97,0.51,0.32,0.28,0.35
1786894160.669,0.55,0.45,191.68,0.42,0.37,0.26,0.25
1786894161.164,0.47,0.41,203.95,0.47,0.35,0.26,0.26
1786894161.670,0.62,0.39,192.00,0.43,0.28,0.34,0.50
1786894162.165,0.46,0.31,196.92,0.58,0.35,0.28,0.31
1786894162.664,0.50,0.36,209.61,0.55,0.48,0.34,0.38
1786894163.177,0.57,0.35,210.12,0.51,0.31,0.25,0.30
1786894163.690,0.45,0.32,208.94,0.44,0.32,0.34,0.30
1786894164.202,0.67,0.48,195.18,0.55,0.32,0.28,0.31
1786894164.700,0.68,0.67,198.27,0.48,0.43,0.34,0.37
1786894165.202,0.55,0.34,199.57,0.53,0.31,0.43,0.28
1786894165.705,0.62,0.40,197.47,0.42,0.42,0.29,0.35
1786894166.206,0.53,0.28,194.19,0.54,0.38,0.24,0.32
1786894166.703,0.51,0.31,193.21,0.44,0.38,0.27,0.27
1786894167.199,0.66,0.40,192.12,0.52,0.57,0.41,0.24
1786894167.697,0.65,0.35,194.88,0.78,0.32,0.31,0.31
1786894168.195,0.63,0.33,204.57,0.62,0.34,0.38,0.28
1786894168.703,0.63,0.34,205.89,0.56,0.29,0.27,0.47
1786894169.212,0.50,0.31,190.89,0.52,0.51,0.33,0.38
1786894169.706,0.45,0.33,190.33,0.48,0.31,0.35,0.31
1786894170.199,0.51,0.29,198.17,0.50,0.29,0.34,0.28
1786894170.700,0.45,0.30,196.73,0.62,0.52,0.46,0.42
1786894171.200,0.44,0.36,210.04,0.62,0.44,0.44,0.49
1786894171.714,0.45,0.29,201.84,0.46,0.34,0.30,0.26
1786894172.218,0.49,0.36,197.92,0.61,0.34,0.32,0.35
1786894172.719,0.52,0.30,196.13,0.50,0.31,0.29,0.29
1786894173.218,0.59,0.33,195.99,0.46,0.37,0.28,0.39
1786894173.718,0.47,0.34,194.89,0.57,0.35,0.35,0.26
1786894174.216,0.49,0.31,209.84,0.59,0.38,0.33,0.31
1786894174.730,0.47,0.34,202.13,0.57,0.49,0.36,0.40
1786894175.236,0.54,0.34,203.70,0.49,0.32,0.31,0.29
1786894175.743,0.42,0.34,191.27,0.39,0.31,0.38,0.27
1786894176.237,0.44,0.30,191.09,0.50,0.31,0.28,0.27
1786894176.731,0.48,0.32,195.93,0.46,0.35,0.34,0.31
1786894177.229,0.46,0.34,206.00,0.60,0.38,0.68,0.31
1786894177.739,0.55,0.29,198.49,0.51,0.37,0.30,0.30
1786894178.240,0.50,0.35,207.28,0.43,0.27,0.27,0.27
1786894178.750,0.46,0.32,201.49,0.45,0.40,0.29,0.24
1786894179.254,0.44,0.28,209.59,0.66,0.41,0.36,0.30
1786894179.767,0.45,0.34,211.55,2.05,1.74,1.22,0.43
1786894180.286,0.56,0.34,198.68,0.47,0.36,0.33,0.30
1786894180.787,0.53,0.38,204.95,0.49,0.30,0.29,0.26
1786894181.295,0.53,0.32,193.68,0.52,0.66,0.46,0.36
1786894181.792,0.41,0.30,203.88,0.48,0.31,0.29,0.23
1786894182.299,0.55,0.30,196.52,0.46,0.33,0.34,0.25
1786894182.803,0.48,0.28,210.55,0.54,0.37,0.35,0.35
1786894183.316,0.68,0.45,196.42,0.43,0.27,0.26,0.21
1786894183.815,0.53,0.33,209.00,0.60,0.33,0.31,0.29
1786894184.327,0.48,0.29,197.75,0.45,0.32,0.30,0.28
1786894184.828,0.53,0.54,201.35,0.48,0.32,0.30,0.31
1786894185.332,0.46,0.30,194.88,0.49,0.33,0.30,0.30
1786894185.829,0.67,0.52,192.49,0.42,0.32,0.29,0.27
1786894186.325,0.59,0.33,192.60,0.38,0.31,0.25,0.26
1786894186.820,0.73,0.37,190.72,0.50,0.30,0.29,0.32
1786894187.314,0.48,0.31,200.36,0.52,0.36,0.32,0.55
1786894187.829,0.55,0.30,205.54,0.46,0.28,0.24,0.23
1786894188.337,0.59,0.32,197.60,0.46,0.28,0.29,0.28
1786894188.837,0.75,0.34,209.16,0.47,0.28,0.30,0.30
1786894189.349,0.55,0.31,204.07,0.45,0.33,0.30,0.29
1786894189.856,0.47,0.39,193.48,0.49,0.29,0.34,0.37
1786894190.353,0.54,0.31,203.11,0.48,0.32,0.30,0.28
1786894190.859,0.47,0.32,199.87,0.56,0.46,0.37,0.30
1786894191.362,0.52,0.38,198.80,0.42,0.30,0.28,0.26
1786894191.864,0.48,0.27,207.40,0.49,0.33,0.37,0.30
1786894192.374,0.53,0.29,195.59,0.54,0.40,0.30,0.30
1786894192.871,0.64,0.34,203.08,0.68,0.34,0.29,0.28
1786894193.378,0.73,0.51,193.45,0.76,0.50,0.52,0.43
1786894193.876,0.63,0.35,191.18,0.60,0.35,0.33,0.29
1786894194.370,0.58,0.34,206.97,0.44,0.26,0.24,0.23
1786894194.880,0.47,0.30,196.51,0.66,0.40,0.51,0.40
1786894195.380,0.46,0.29,190.45,0.53,0.44,0.38,0.38
1786894195.874,0.71,0.37,209.69,0.59,0.59,0.33,0.32
1786894196.387,0.49,0.39,207.12,0.39,0.32,0.35,0.32
1786894196.897,0.49,0.36,207.67,0.57,0.31,0.30,0.31
1786894197.407,0.67,0.38,202.74,0.59,0.31,0.28,0.29
1786894197.913,0.53,0.34,190.90,0.54,0.48,0.37,0.48
1786894198.407,0.55,0.32,194.28,0.48,0.33,0.28,0.25
1786894198.904,0.49,0.33,197.64,0.60,0.37,0.39,0.35
1786894199.405,0.44,0.30,202.13,0.53,0.31,0.31,0.26
1786894199.911,0.55,0.30,191.14,0.49,0.52,0.30,0.29
1786894200.405,0.50,0.34,200.19,0.44,0.31,0.34,0.31
1786894200.909,0.47,0.39,206.10,0.52,0.36,0.32,0.50
1786894201.418,0.46,0.33,199.42,0.70,0.48,0.29,0.36
1786894201.921,0.61,0.30,196.83,0.62,0.40,0.35,0.32
1786894202.421,0.44,0.38,195.58,0.60,0.35,0.37,0.40
1786894202.919,0.71,0.36,198.97,0.45,0.32,0.21,0.28
1786894203.421,0.46,0.30,197.24,0.50,0.30,0.33,0.27
1786894203.921,0.48,0.33,194.19,0.60,0.58,1.77,0.36
1786894204.420,0.47,0.30,198.20,0.70,0.46,0.24,0.45
1786894204.922,0.48,0.38,209.43,0.82,0.51,0.36,0.30
1786894205.435,0.46,0.44,201.05,0.38,0.30,0.27,0.27
1786894205.938,0.42,0.34,209.28,0.71,0.36,0.34,0.36
1786894206.451,0.54,0.34,209.95,0.43,0.37,0.29,0.27
1786894206.964,0.68,0.36,200.09,0.52,0.35,0.33,0.34
1786894207.467,0.49,0.42,196.36,0.45,0.30,0.26,0.26
1786894207.966,0.68,0.41,208.36,0.55,0.38,0.33,0.46
1786894208.478,0.59,0.32,210.23,0.52,0.36,0.29,0.24
1786894208.991,0.49,0.32,204.20,0.48,0.62,0.45,0.45
1786894209.499,0.47,0.35,201.21,0.47,0.28,0.27,0.27
1786894210.003,0.50,0.36,201.09,0.44,0.33,0.29,0.27
1786894210.506,0.48,0.37,195.69,0.63,0.41,0.47,0.47
1786894211.005,0.68,0.47,202.20,0.98,0.93,0.44,0.35
1786894211.512,0.47,0.35,193.37,0.46,0.30,0.27,0.38
1786894212.009,0.49,0.34,195.25,0.60,0.35,0.34,0.35
1786894212.507,0.44,0.33,192.85,0.69,0.38,0.59,0.47
1786894213.005,0.58,0.35,206.47,0.47,0.27,0.27,0.24
1786894213.514,0.60,0.49,206.79,0.49,0.29,0.28,0.30
1786894214.024,0.47,0.27,202.25,0.61,0.35,0.60,0.86
1786894214.531,0.44,0.27,208.67,0.54,0.48,0.32,0.25
1786894215.042,0.47,0.29,208.73,0.47,0.28,0.25,0.25
1786894215.554,0.44,0.34,208.46,0.40,0.31,0.36,0.27
1786894216.065,0.47,0.31,207.98,0.50,0.28,0.36,0.29
1786894216.576,0.49,0.28,209.28,0.44,0.47,0.24,0.35
1786894217.088,0.45,0.34,202.50,0.41,0.31,0.31,0.25
1786894217.593,0.52,0.31,198.91,0.41,0.45,0.26,0.33
1786894218.095,0.47,0.27,204.11,0.45,0.27,0.26,0.27
1786894218.601,0.47,0.29,193.96,0.50,0.31,0.32,0.28
1786894219.098,0.51,0.42,208.45,0.48,0.31,0.34,0.35
1786894219.609,0.46,0.34,205.47,0.46,0.31,0.26,0.26
1786894220.117,0.52,0.33,196.35,0.47,0.30,0.26,0.22
1786894220.616,0.53,0.60,209.20,0.43,0.33,0.28,0.29
1786894221.128,0.49,0.28,199.88,0.42,0.31,0.26,0.31
1786894221.631,0.57,0.59,190.93,0.49,0.30,0.29,0.27
1786894222.125,0.48,0.32,198.28,0.46,0.31,0.28,0.30
1786894222.625,0.59,0.34,198.59,0.52,0.34,0.31,0.24
1786894223.129,0.44,0.35,193.86,0.54,0.39,0.35,0.30
1786894223.626,0.49,0.34,205.55,0.53,0.52,0.32,0.28
1786894224.136,0.63,0.38,201.88,0.46,0.29,0.24,0.25
1786894224.641,0.51,1.23,202.01,0.40,0.36,0.27,0.29
1786894225.146,0.51,0.33,201.09,0.64,0.38,0.32,0.32
1786894225.650,0.59,0.28,201.90,0.46,0.31,0.27,0.24
1786894226.155,0.46,0.33,191.14,0.53,0.37,0.32,0.33
1786894226.649,0.62,0.38,199.62,0.59,0.35,0.50,0.81
1786894227.152,0.69,0.34,207.00,0.64,0.34,0.34,0.33
1786894227.663,0.59,0.30,200.00,0.47,0.27,0.32,0.27
1786894228.166,0.37,0.29,204.38,0.42,0.32,0.27,0.24
1786894228.672,0.43,0.33,203.46,0.44,0.28,0.39,0.36
1786894229.178,0.48,0.34,208.20,0.47,0.34,0.38,0.36
1786894229.691,0.51,0.36,199.64,0.45,0.32,0.28,0.26
1786894230.193,0.47,0.26,197.53,0.51,0.36,0.32,0.30
1786894230.693,0.44,0.37,207.32,0.45,0.31,0.50,0.25
1786894231.204,0.57,0.49,196.02,0.56,0.44,0.43,0.27
1786894231.707,0.52,0.35,198.39,0.57,0.65,0.25,0.25
1786894232.208,0.53,0.30,204.65,1.27,0.41,0.33,0.65
1786894232.717,0.54,0.32,196.97,0.45,0.30,0.25,0.23
1786894233.216,0.69,0.72,194.89,0.51,0.34,0.29,0.25
1786894233.714,0.54,0.31,199.06,0.55,0.37,0.26,0.24
1786894234.216,0.51,0.39,209.04,0.46,0.35,0.30,0.32
1786894234.729,0.73,0.51,198.79,0.54,0.34,0.53,0.37
1786894235.231,0.55,0.33,197.80,0.49,0.34,0.27,0.21
1786894235.732,0.59,0.47,193.05,0.61,0.37,0.36,0.33
1786894236.229,0.53,0.33,206.20,0.46,0.36,0.28,0.24
1786894236.737,0.54,0.33,194.98,0.45,0.35,0.33,0.32
1786894237.236,0.49,0.36,204.78,0.50,0.32,0.44,0.36
1786894237.743,0.58,0.37,191.78,0.45,0.29,0.24,0.31
1786894238.238,0.69,0.36,201.56,0.43,0.33,0.26,0.25
1786894238.742,0.50,0.33,205.99,0.46,0.33,0.26,0.32
1786894239.251,0.51,0.55,210.32,0.50,0.46,0.38,0.31
1786894239.764,0.47,0.30,204.27,0.43,0.31,0.32,0.32
1786894240.271,0.51,0.42,196.82,0.45,0.32,0.33,0.30
1786894240.771,0.52,0.97,207.47,0.44,0.33,0.27,0.25
1786894241.287,0.54,0.36,190.77,0.46,0.35,0.26,0.29
1786894241.781,0.53,0.43,204.50,0.64,0.33,0.26,0.25
1786894242.290,0.55,0.32,194.34,0.45,0.43,0.37,0.34
1786894242.788,0.54,0.31,207.39,0.63,0.32,0.30,0.28
1786894243.298,0.58,0.55,210.00,0.49,0.30,0.35,0.26
1786894243.811,0.52,0.66,204.23,0.56,0.32,0.30,0.26
1786894244.319,0.79,0.39,207.84,0.78,0.47,0.42,0.39
1786894244.830,0.63,0.33,200.57,0.51,0.30,0.31,0.26
1786894245.334,0.60,0.41,193.83,0.51,0.32,0.28,0.28
1786894245.830,0.59,0.56,205.03,0.47,0.32,0.29,0.22
1786894246.338,0.53,0.38,204.09,0.58,0.62,0.32,0.59
1786894246.846,0.56,0.32,205.06,0.43,0.33,0.28,0.28
1786894247.354,0.48,0.37,207.59,0.59,0.42,0.37,0.47
1786894247.865,0.59,0.35,195.37,0.51,0.29,0.30,0.29
1786894248.363,0.42,0.32,205.94,0.72,0.42,0.32,0.24
1786894248.872,0.46,0.31,191.30,0.42,0.29,0.30,0.27
1786894249.375,0.42,0.32,194.45,0.55,0.43,0.27,0.29
1786894249.875,0.41,0.29,210.05,0.52,0.33,0.28,0.25
1786894250.389,0.52,0.32,206.34,0.49,0.28,0.25,0.25
1786894250.898,0.52,0.34,202.50,0.49,0.35,0.27,0.23
1786894251.403,0.58,0.31,194.99,0.52,0.32,0.38,0.27
1786894251.903,0.56,0.27,197.68,0.50,0.33,0.26,0.27
1786894252.406,0.80,0.43,210.44,0.44,0.31,0.24,0.32
1786894252.918,0.52,0.28,202.22,0.57,0.55,0.34,0.28
1786894253.423,0.54,0.30,192.66,0.53,0.36,0.32,0.31
1786894253.919,0.57,0.32,194.86,0.51,0.34,0.27,0.24
1786894254.417,0.51,0.33,193.89,0.75,0.57,0.44,0.39
1786894254.914,0.45,0.32,207.38,0.52,0.35,0.30,0.44
1786894255.424,0.54,0.29,202.54,0.54,0.36,0.34,0.38
1786894255.930,0.46,0.28,207.67,0.48,0.30,0.28,0.26
1786894256.440,0.65,0.34,198.11,0.50,0.34,0.30,0.26
1786894256.941,0.63,0.45,203.32,0.49,0.30,0.28,0.23
1786894257.447,0.61,0.34,197.33,0.64,0.31,0.39,0.31
1786894257.948,0.54,0.36,197.37,0.48,0.35,0.30,0.28
1786894258.448,0.44,0.31,204.10,0.54,0.36,0.33,0.27
1786894258.955,0.56,0.37,198.77,2.77,0.56,0.74,0.47
1786894259.464,0.73,0.41,208.14,0.58,0.35,0.37,0.22
1786894259.976,0.45,0.36,200.74,0.86,0.74,0.36,0.26
1786894260.480,0.57,0.48,209.96,0.54,0.45,0.34,0.34
1786894260.994,0.47,0.35,200.43,0.55,0.32,0.29,0.25
1786894261.498,0.56,0.33,207.98,0.46,0.31,0.27,0.23
1786894262.008,0.48,0.31,191.13,0.51,0.32,0.29,0.27
1786894262.502,0.54,0.33,201.15,0.54,0.35,0.55,0.24
1786894263.006,0.49,0.34,198.03,0.50,0.32,0.27,0.24
1786894263.507,0.50,0.37,192.31,0.46,0.28,0.22,0.27
1786894264.002,0.50,0.36,195.55,0.55,0.44,0.35,0.24
1786894264.501,0.65,0.55,192.29,0.51,0.52,0.36,0.46
1786894264.997,0.47,0.40,197.89,0.81,0.70,0.95,0.41
1786894265.500,0.49,0.28,202.24,0.52,0.32,0.35,0.25
1786894266.005,0.49,0.34,207.43,0.76,0.44,0.34,0.27
1786894266.515,0.46,0.42,197.39,0.79,0.50,0.40,0.43
1786894267.016,0.62,0.49,209.62,0.49,0.28,0.28,0.29
1786894267.529,0.54,0.57,208.58,0.55,0.38,0.41,0.31
1786894268.041,0.48,0.35,194.84,0.69,0.60,0.38,0.30
1786894268.539,0.56,0.33,205.03,0.53,0.35,0.28,0.34
1786894269.047,0.60,0.45,192.58,0.56,0.35,0.34,0.34
1786894269.543,0.58,0.42,195.00,0.54,0.54,0.30,0.47
1786894270.042,0.46,0.35,193.22,1.25,0.73,0.70,0.40
1786894270.539,0.70,0.50,197.47,0.48,0.32,0.33,0.26
1786894271.040,0.57,0.35,201.79,0.55,0.36,0.29,0.31
1786894271.544,0.68,0.43,204.96,0.52,0.35,0.27,0.23
1786894272.052,0.46,0.34,203.19,0.68,0.26,0.28,0.28
1786894272.558,0.58,0.35,193.38,0.51,0.39,0.37,0.38
1786894273.055,0.48,0.29,198.64,0.59,0.30,0.28,0.31
1786894273.558,0.56,0.34,201.57,0.55,0.29,0.26,0.30
1786894274.062,0.51,0.32,193.16,0.48,0.29,0.29,0.23
1786894274.558,0.49,0.35,200.01,0.52,0.58,0.33,0.53
1786894275.062,0.48,0.35,200.94,0.55,0.35,0.29,0.29
1786894275.566,0.50,0.46,192.84,0.57,0.27,0.23,0.27
1786894276.062,0.49,0.29,196.90,0.50,0.30,0.26,0.24
1786894276.561,0.48,0.36,202.69,1.60,2.34,0.48,0.40
1786894277.070,0.51,0.66,197.20,0.48,0.31,0.32,0.35
1786894277.570,0.68,0.30,203.02,0.56,0.31,0.32,0.31
1786894278.076,0.55,0.29,205.62,0.61,0.30,0.34,0.33
1786894278.585,0.66,0.40,201.84,0.59,0.35,0.40,0.35
1786894279.090,0.57,0.36,199.93,0.68,0.38,0.31,0.42
1786894279.593,0.71,0.44,195.53,0.53,0.40,0.50,0.37
1786894280.092,0.49,0.35,204.85,0.57,0.47,0.33,0.39
1786894280.601,0.54,0.31,200.35,0.58,0.36,0.33,0.32
1786894281.104,0.61,0.46,204.82,0.52,0.36,0.33,0.38
1786894281.612,0.82,0.43,198.94,0.71,0.77,1.33,0.26
1786894282.116,0.59,0.38,205.15,0.57,0.34,0.33,0.35
1786894282.625,0.74,0.59,209.41,0.50,0.46,0.34,0.33
1786894283.138,0.58,0.34,198.38,0.54,0.29,0.29,0.29
1786894283.639,0.54,0.32,206.82,0.47,0.30,0.30,0.39
1786894284.148,0.48,0.40,206.62,0.56,0.33,0.30,0.26
1786894284.658,0.55,0.37,197.39,0.54,0.31,0.28,0.26
1786894285.158,0.57,0.38,198.07,0.84,0.43,0.61,0.62
1786894285.661,0.74,0.38,203.26,0.41,0.32,0.31,0.31
1786894286.167,0.64,0.44,210.12,0.56,0.29,0.30,0.31
1786894286.680,0.50,0.50,198.90,0.38,0.31,0.28,0.27
1786894287.182,0.47,0.37,199.40,1.25,0.32,0.52,1.22
1786894287.686,0.57,0.31,190.63,0.45,0.34,0.26,0.22
1786894288.179,0.50,0.29,190.67,0.44,0.32,0.28,0.27
1786894288.672,0.54,0.28,197.56,0.40,0.29,0.34,0.33
1786894289.177,0.46,0.29,192.43,0.52,0.35,0.48,0.31
1786894289.672,0.48,0.44,201.70,0.75,0.62,0.63,0.59
1786894290.189,0.49,0.30,208.16,0.57,0.30,0.34,0.29
1786894290.701,0.56,0.34,200.27,0.45,0.30,0.40,0.36
1786894291.204,0.54,0.35,206.37,0.48,0.39,0.30,0.32
1786894291.714,0.72,1.25,200.02,0.51,0.35,0.33,0.31
1786894292.218,0.46,0.56,205.87,0.53,0.29,0.35,0.44
1786894292.727,0.52,0.50,191.99,0.45,0.33,0.32,0.30
1786894293.222,0.56,1.98,207.39,0.46,0.33,0.52,0.33
1786894293.735,0.60,0.37,197.19,0.64,0.57,0.49,0.47
1786894294.235,0.55,0.32,193.60,0.67,0.45,0.28,0.45
1786894294.736,0.64,0.37,206.74,0.45,0.28,0.29,0.31
1786894295.246,0.55,0.33,208.40,0.50,0.29,0.28,0.23
1786894295.757,0.56,0.42,201.78,0.54,0.50,0.31,0.28
1786894296.263,0.53,0.35,197.71,0.46,0.33,0.30,0.26
1786894296.763,0.60,0.43,205.88,0.49,0.50,1.01,0.62
1786894297.274,0.55,0.37,206.35,0.82,0.61,0.68,0.65
1786894297.786,0.47,0.36,204.82,0.54,0.46,0.31,0.30
1786894298.294,0.55,0.38,204.29,0.48,0.43,0.45,0.43
1786894298.801,0.58,0.39,208.94,0.64,0.51,0.51,0.47
1786894299.314,0.58,0.30,205.28,0.64,0.36,0.32,0.33
1786894299.822,0.46,0.31,208.84,0.54,0.56,0.38,0.35
1786894300.334,0.54,0.33,193.69,0.52,0.43,0.31,0.39
1786894300.831,0.50,0.31,203.05,0.63,0.41,0.39,0.54
1786894301.338,0.52,0.28,199.91,0.48,0.29,0.25,0.25
1786894301.840,0.55,0.34,196.25,0.58,0.39,0.65,0.43
1786894302.340,0.54,0.37,206.28,0.49,0.30,0.27,0.23
1786894302.850,0.57,0.32,208.60,0.59,0.38,0.30,0.30
1786894303.362,0.66,0.34,208.38,0.55,0.34,0.30,0.34
1786894303.874,0.85,0.44,195.96,0.51,0.35,0.27,0.37
1786894304.373,0.48,0.29,191.77,0.49,0.41,0.43,0.26
1786894304.868,0.49,0.37,198.50,0.52,0.32,0.32,0.27
1786894305.369,0.53,0.31,205.19,0.49,0.37,0.32,0.32
1786894305.879,0.64,0.30,204.23,0.59,0.59,1.59,0.72
1786894306.388,0.52,0.31,202.82,0.68,0.60,0.45,0.42
1786894306.895,0.56,0.35,198.31,0.50,0.74,0.43,0.34
1786894307.397,0.55,0.29,197.26,0.55,0.44,0.45,0.33
1786894307.897,0.61,0.35,197.24,0.56,0.35,0.25,0.38
1786894308.398,0.52,0.34,192.20,0.53,0.34,0.31,0.30
1786894308.893,0.49,0.29,205.29,0.52,0.37,0.64,0.58
1786894309.402,0.55,0.61,206.84,0.62,0.30,0.24,0.26
1786894309.916,0.62,0.40,209.75,0.65,0.33,0.36,0.41
1786894310.429,0.63,0.66,208.56,0.52,0.30,0.27,0.26
1786894310.941,0.51,0.38,193.67,0.67,0.54,0.40,0.43
1786894311.439,0.69,0.28,197.38,0.50,0.34,0.30,0.34
1786894311.941,0.55,0.34,203.64,0.56,0.33,0.29,0.29
1786894312.447,0.69,0.38,192.29,0.58,0.36,0.32,0.31
1786894312.941,0.55,0.40,204.84,0.55,0.32,0.43,0.39
1786894313.449,0.55,0.33,194.40,0.58,0.32,0.33,0.35
1786894313.947,0.66,0.36,206.04,0.47,0.33,0.30,0.33
1786894314.456,0.70,0.40,192.61,0.56,0.50,0.38,0.67
1786894314.952,0.75,1.26,193.36,0.65,0.43,0.53,0.76
1786894315.450,0.58,0.35,197.04,0.47,0.27,0.29,0.28
1786894315.950,0.44,0.39,210.08,0.47,0.34,0.28,0.41
1786894316.463,0.64,0.44,204.73,0.56,0.42,0.29,0.30
1786894316.971,0.56,0.33,200.05,0.50,0.29,0.30,0.24
1786894317.474,0.88,0.48,207.11,0.54,0.42,0.30,0.40
1786894317.985,0.60,0.40,209.65,0.72,0.40,0.40,0.39
1786894318.498,0.49,0.32,196.18,0.46,0.31,0.29,0.31
1786894318.997,0.55,0.37,194.23,0.52,0.31,0.27,0.23
1786894319.494,0.47,0.32,203.57,0.47,0.33,0.26,0.25
1786894320.000,0.45,0.32,203.86,0.51,0.37,0.25,0.47
1786894320.507,0.64,0.35,198.51,0.47,0.48,0.40,0.44
1786894321.010,0.50,0.27,197.72,0.56,0.53,0.66,0.50
1786894321.511,0.52,0.57,209.87,0.81,0.45,0.32,0.30
1786894322.029,0.55,0.29,191.44,0.63,0.48,0.32,0.69
1786894322.524,0.61,0.43,210.25,0.59,0.30,0.29,0.25
1786894323.038,0.58,0.51,195.75,0.57,0.31,0.49,0.31
1786894323.537,0.51,0.46,191.11,0.53,0.37,0.77,0.61
1786894324.032,0.48,0.53,202.09,0.79,0.67,1.03,0.59
1786894324.540,0.52,0.38,203.50,0.48,0.37,0.43,0.44
1786894325.051,0.68,0.49,208.39,0.52,0.31,0.26,0.26
1786894325.562,0.68,0.40,201.99,0.59,0.28,0.26,0.25
1786894326.067,0.47,0.29,195.84,0.39,0.30,0.26,0.31
1786894326.566,0.71,0.38,197.81,0.55,0.32,0.32,0.47
1786894327.067,0.57,0.72,200.90,0.67,0.41,0.41,1.03
1786894327.573,0.48,0.57,195.46,0.75,0.53,0.55,0.61
1786894328.073,0.58,0.31,200.04,0.60,0.41,0.26,0.54
1786894328.576,0.58,0.38,204.93,0.51,0.26,0.33,0.27
1786894329.083,0.51,0.36,195.43,0.64,0.35,0.30,0.32
1786894329.582,0.48,0.39,210.00,0.53,0.34,0.26,0.52
1786894330.095,0.51,0.47,210.35,0.57,0.33,0.33,0.37
1786894330.609,0.56,0.28,190.60,0.82,0.62,0.46,0.70
1786894331.104,0.45,0.34,193.29,0.61,0.34,0.26,0.33
1786894331.601,0.57,0.35,195.31,0.52,0.48,0.26,0.31
1786894332.099,0.49,0.33,205.58,0.56,0.39,0.26,0.32
1786894332.608,0.66,0.53,197.33,0.53,0.33,0.24,0.29
1786894333.111,0.53,0.40,204.64,0.46,0.31,0.27,0.28
1786894333.619,0.50,0.40,200.88,0.45,0.29,0.28,0.33
1786894334.122,0.52,0.42,198.84,0.54,0.35,0.31,0.43
1786894334.624,0.53,0.31,204.75,0.54,0.39,0.42,0.37
1786894335.132,0.49,0.29,206.99,0.49,0.30,0.24,0.22
1786894335.642,0.56,0.32,193.71,0.38,0.29,0.24,0.22
1786894336.139,0.57,0.61,192.99,0.52,0.66,0.45,0.46
1786894336.636,0.68,0.40,207.06,0.46,0.32,0.41,0.54
1786894337.146,0.69,0.39,200.87,0.63,0.34,0.40,0.30
1786894337.650,0.55,0.38,205.60,0.50,0.35,0.31,0.94
1786894338.160,0.47,0.34,199.04,0.53,0.33,0.26,0.58
1786894338.663,0.58,0.29,203.54,0.52,0.34,0.31,0.32
1786894339.169,0.68,0.45,199.35,0.43,0.30,0.26,0.30
1786894339.672,0.99,0.38,203.77,0.71,0.39,0.46,0.41
1786894340.179,0.61,0.33,206.28,0.49,0.27,0.25,0.30
1786894340.689,0.52,0.29,210.25,0.50,0.27,0.34,0.27
1786894341.202,0.54,0.31,208.44,0.71,0.42,0.45,0.42
1786894341.714,0.54,0.33,193.51,1.08,0.40,0.50,0.45
1786894342.212,1.29,0.31,201.38,0.84,10.70,0.63,0.66
1786894342.728,0.53,0.33,191.10,0.48,0.34,0.35,0.27
1786894343.223,0.52,0.30,195.36,0.50,0.30,0.27,0.25
1786894343.721,0.64,0.45,200.78,0.65,0.31,0.79,0.45
1786894344.231,0.51,0.31,195.23,0.55,0.35,0.52,0.32
1786894344.729,0.50,0.28,197.09,0.48,0.31,0.43,0.31
1786894345.229,0.71,0.60,199.52,0.49,0.49,0.34,0.37
1786894345.732,0.62,0.34,191.12,0.49,0.33,0.30,0.30
1786894346.229,0.68,0.33,196.37,0.60,0.35,0.33,0.44
1786894346.729,0.62,0.28,206.82,0.51,0.31,0.32,0.37
1786894347.244,0.74,0.40,192.41,0.50,0.46,0.31,0.25
1786894347.740,0.48,0.53,209.67,0.54,0.33,0.51,0.31
1786894348.253,0.53,0.46,209.48,0.43,0.35,0.25,0.27
1786894348.767,0.58,0.31,210.43,0.70,0.34,0.33,0.30
1786894349.280,0.58,0.44,196.12,0.45,0.29,0.36,0.29
1786894349.780,0.51,0.38,208.29,0.59,0.32,0.32,0.33
1786894350.295,0.57,0.33,200.21,0.52,0.28,0.35,0.27
1786894350.798,0.51,0.33,203.51,0.62,0.31,0.30,0.35
1786894351.308,0.60,0.34,197.33,0.92,0.40,0.42,0.32
1786894351.809,0.68,0.49,210.27,0.57,0.50,0.32,0.57
1786894352.323,0.51,0.33,193.71,0.60,0.32,0.34,0.34
1786894352.821,0.59,0.35,200.43,0.55,0.36,0.31,0.34
1786894353.325,0.57,0.38,208.44,0.53,0.32,0.44,0.32
1786894353.837,0.55,1.13,201.42,0.46,0.26,0.28,0.26
1786894354.342,0.60,0.32,205.19,0.51,0.68,0.56,0.36
1786894354.851,0.50,0.39,198.00,0.49,0.34,0.25,0.26
1786894355.351,0.59,0.38,193.99,0.50,0.30,0.29,0.27
1786894355.848,0.42,0.28,205.94,0.53,0.37,0.30,0.25
1786894356.357,0.52,0.54,200.47,0.54,0.37,0.26,0.36
1786894356.860,0.56,0.58,204.21,0.47,0.38,0.25,0.24
1786894357.368,0.47,0.59,198.23,0.90,0.73,0.30,0.55
1786894357.870,0.42,0.28,194.35,0.51,0.30,0.25,0.23
1786894358.367,0.60,0.31,200.73,0.44,0.25,0.30,0.26
1786894358.870,0.48,0.34,206.85,0.67,0.53,0.39,0.32
1786894359.381,0.45,0.36,190.79,0.56,0.35,0.32,0.28
1786894359.875,0.60,0.33,190.70,0.51,0.34,0.40,0.28
1786894360.368,0.56,0.58,192.39,0.53,0.27,0.27,0.24
1786894360.867,0.48,0.40,192.38,0.58,0.29,0.30,0.29
1786894361.363,0.53,0.30,190.42,0.52,0.38,0.28,0.26
1786894361.856,0.43,0.35,205.78,0.57,0.36,0.36,0.30
1786894362.365,0.63,0.44,200.36,0.51,0.33,0.31,0.26
1786894362.868,0.61,0.50,196.12,0.52,0.33,0.33,0.26
1786894363.371,0.49,0.33,205.74,0.71,0.47,0.42,0.41
1786894363.881,0.54,0.36,193.77,0.58,0.46,0.38,0.37
1786894364.378,0.47,0.36,204.49,0.58,0.35,0.41,0.39
1786894364.887,0.60,0.84,207.24,0.47,0.31,0.31,0.25
1786894365.398,0.53,0.52,190.56,0.54,0.32,0.35,0.29
1786894365.893,0.43,0.30,209.15,0.52,0.32,0.31,0.25
1786894366.405,0.53,0.32,194.83,0.69,0.64,0.84,0.62
1786894366.904,0.47,0.32,206.01,0.48,0.28,0.28,0.26
1786894367.413,0.46,0.37,201.66,0.52,0.34,0.34,0.39
1786894367.918,0.57,0.31,201.28,0.54,0.36,0.35,0.32
1786894368.422,0.65,0.41,192.88,0.52,0.35,0.25,0.27
1786894368.918,0.60,0.38,209.04,0.56,0.27,0.39,0.26
1786894369.430,0.60,0.34,201.89,0.46,0.31,0.41,0.27
1786894369.935,0.52,0.31,195.21,0.45,0.28,0.29,0.27
1786894370.433,0.78,0.33,200.74,0.47,0.31,0.38,0.29
1786894370.937,0.71,0.56,204.11,0.54,0.30,0.31,0.27
1786894371.444,0.61,0.32,202.53,0.64,0.46,0.32,0.41
1786894371.950,0.59,0.44,205.94,0.63,0.30,0.35,0.28
1786894372.459,0.46,0.34,200.38,1.02,0.40,1.03,0.38
1786894372.967,0.52,0.31,191.94,0.54,0.32,0.42,0.54
1786894373.463,0.65,0.38,206.48,0.46,0.29,0.23,0.23
1786894373.972,0.63,0.45,204.76,0.62,0.40,0.38,0.31
1786894374.480,0.82,0.33,199.37,0.54,0.32,0.35,0.35
1786894374.983,0.58,0.30,193.13,0.52,0.33,0.33,0.58
1786894375.479,0.52,0.52,193.02,0.83,0.59,0.74,0.63
1786894375.977,0.56,0.36,197.67,0.55,0.36,0.33,0.39
1786894376.478,0.52,0.48,209.01,0.63,0.28,0.38,0.26
1786894376.990,0.55,0.42,205.08,0.51,3.27,2.22,2.04
1786894377.505,0.54,0.72,201.65,0.49,0.29,0.33,0.40
1786894378.011,0.66,0.38,201.84,0.52,0.33,0.29,0.36
1786894378.516,0.45,0.31,210.40,0.70,0.33,0.27,0.26
1786894379.029,0.49,0.42,195.56,0.49,0.35,0.35,0.30
1786894379.528,0.49,0.35,205.41,0.79,0.52,0.46,0.52
1786894380.037,0.61,0.35,201.14,0.51,0.31,0.26,0.32
1786894380.545,0.63,0.33,201.31,0.58,0.36,0.42,0.37
1786894381.050,0.62,0.38,199.11,0.52,0.34,0.32,0.32
1786894381.552,0.52,0.41,204.77,0.64,0.35,0.46,0.34
1786894382.060,0.45,0.27,204.53,0.43,0.29,0.28,0.24
1786894382.567,0.60,0.33,199.23,0.53,0.28,0.45,0.37
1786894383.070,0.58,0.33,206.10,0.58,0.33,0.34,0.29
1786894383.579,0.48,0.29,193.15,0.63,0.41,0.28,0.37
1786894384.075,0.44,0.28,205.55,0.48,0.34,0.27,0.26
1786894384.584,0.47,0.28,209.01,0.60,0.38,0.37,0.35
1786894385.098,0.52,0.31,208.19,0.43,0.30,0.27,0.23
1786894385.609,0.53,0.48,199.50,0.58,0.37,0.29,0.28
1786894386.112,0.48,0.27,204.24,0.57,0.34,0.33,0.37
1786894386.621,0.58,0.32,191.52,0.61,0.34,0.38,0.53
1786894387.116,0.47,0.26,207.39,0.47,0.32,0.34,0.29
1786894387.626,0.67,0.37,196.73,0.52,0.33,0.34,0.44
1786894388.126,0.74,0.34,203.60,0.73,0.38,0.76,0.38
1786894388.634,0.45,0.30,207.17,0.57,0.39,0.36,0.45
1786894389.144,2.07,0.46,209.81,0.49,0.31,0.31,0.36
1786894389.662,0.46,0.32,192.29,0.60,0.49,0.32,0.44
1786894390.158,0.60,0.30,198.78,0.51,0.42,0.36,0.45
1786894390.672,0.47,0.28,193.99,0.51,0.33,0.27,0.31
1786894391.172,0.50,0.29,197.11,0.59,0.39,0.36,0.50
1786894391.674,0.49,0.34,198.68,0.80,0.46,0.37,0.33
1786894392.176,0.55,0.37,206.02,0.52,0.37,0.29,0.29
1786894392.686,0.61,0.48,197.72,0.45,0.28,0.30,0.29
1786894393.186,0.50,0.33,201.23,0.45,0.32,0.33,0.27
1786894393.690,0.57,0.34,208.80,0.53,0.31,0.29,0.29
1786894394.202,0.49,0.33,209.54,0.60,0.32,0.34,0.51
1786894394.715,0.50,0.35,199.34,0.62,0.48,0.40,0.41
1786894395.217,0.44,0.33,207.07,0.49,0.48,0.33,0.43
1786894395.728,0.55,0.60,211.17,0.51,0.35,0.25,0.28
1786894396.242,0.42,0.31,195.77,0.46,0.39,0.25,0.29
1786894396.740,0.57,0.32,209.57,0.42,0.32,0.31,0.24
1786894397.252,0.52,0.47,194.18,0.68,0.54,0.33,0.35
1786894397.750,0.44,0.33,207.52,0.56,0.32,0.30,0.25
1786894398.261,0.50,0.29,203.94,0.43,0.29,0.32,0.31
1786894398.768,0.50,0.48,209.35,0.55,0.33,0.30,0.30
1786894399.281,0.53,0.38,207.65,0.56,0.36,0.27,0.26
1786894399.792,0.60,0.41,199.17,0.55,0.46,0.46,0.35
1786894400.294,0.59,0.41,191.74,0.52,0.32,0.26,0.26
1786894400.789,0.60,0.35,207.12,0.59,0.37,0.34,0.37
1786894401.299,0.53,0.36,196.94,0.65,0.38,0.31,0.32
1786894401.800,0.57,0.40,201.43,0.54,0.35,0.27,0.30
1786894402.304,0.56,0.33,197.99,0.50,0.29,0.31,0.39
1786894402.806,0.58,0.34,198.87,0.49,0.55,0.41,0.43
1786894403.308,0.58,0.32,205.57,0.58,0.54,0.36,0.33
1786894403.818,0.66,0.32,200.73,0.62,0.29,0.27,0.25
1786894404.322,0.63,0.38,200.86,0.62,0.33,0.33,0.40
1786894404.826,0.67,0.34,201.36,0.62,0.36,0.29,0.31
1786894405.331,0.56,0.29,192.20,0.61,0.34,0.40,0.31
1786894405.826,0.59,0.37,201.73,0.49,0.36,0.29,0.31
1786894406.330,0.76,0.54,205.11,0.62,0.47,0.93,0.57
1786894406.840,0.77,0.46,197.34,0.50,0.37,0.34,0.31
1786894407.341,0.58,0.43,208.02,0.48,0.29,0.26,0.27
1786894407.852,0.52,0.34,203.02,0.50,0.29,0.30,0.27
1786894408.357,0.61,0.36,194.58,0.45,0.29,0.26,0.29
1786894408.855,0.44,0.28,208.18,0.55,0.36,0.32,0.34
1786894409.368,0.50,0.35,206.26,0.43,0.30,0.34,0.28
1786894409.877,0.57,0.43,209.04,0.43,0.44,0.27,0.33
1786894410.389,0.59,0.37,204.51,0.53,0.34,0.31,0.31
1786894410.896,0.51,0.30,193.73,0.53,0.32,0.25,0.35
1786894411.393,0.53,0.31,199.00,0.48,0.35,0.28,0.27
1786894411.895,0.67,0.61,198.36,0.54,0.36,0.35,0.41
1786894412.396,0.50,0.30,201.54,0.48,0.31,0.31,0.27
1786894412.901,0.57,0.46,195.65,0.47,0.48,0.31,0.29
1786894413.400,0.65,0.30,194.20,0.54,0.31,0.31,0.30
1786894413.897,0.68,0.40,204.23,0.48,0.31,0.32,0.32
1786894414.405,0.53,0.40,208.65,0.43,0.40,0.92,0.36
1786894414.918,0.48,0.36,204.19,0.50,0.34,0.37,0.34
1786894415.425,0.58,0.33,202.04,0.40,0.28,0.26,0.23
1786894415.929,0.50,0.29,196.03,0.48,0.35,0.35,0.34
1786894416.429,0.56,0.54,204.32,0.47,0.47,0.49,0.38
1786894416.936,0.43,0.47,193.46,0.46,0.78,0.52,0.29
1786894417.433,0.48,0.34,192.75,0.75,0.59,0.74,0.50
1786894417.930,0.49,0.47,205.79,0.64,0.42,0.37,0.46
1786894418.439,0.59,0.42,207.22,0.50,0.48,0.42,0.39
1786894418.950,0.49,0.72,196.99,0.44,0.31,0.27,0.28
1786894419.450,0.55,0.33,198.06,0.67,0.35,0.36,0.30
1786894419.952,0.47,0.25,199.26,0.44,0.35,0.28,0.28
1786894420.453,0.53,0.37,204.39,0.52,0.35,0.27,0.30
1786894420.960,0.83,0.58,200.65,0.58,0.40,0.50,0.48
1786894421.465,0.41,0.29,199.15,0.55,0.48,0.32,0.30
1786894421.967,0.53,0.35,202.90,0.44,0.36,0.39,0.25
1786894422.474,0.40,0.32,203.34,0.45,0.29,0.32,0.30
1786894422.979,0.58,0.32,200.09,0.38,0.31,0.23,0.36
1786894423.494,0.56,0.31,199.78,0.56,0.34,0.38,0.35
1786894423.997,0.55,0.49,191.96,0.50,0.44,0.36,0.46
1786894424.492,0.52,0.40,199.74,0.44,0.28,0.24,0.24
1786894424.995,0.48,0.36,199.18,0.46,0.28,0.28,0.27
1786894425.496,0.64,0.37,205.44,0.47,0.30,0.31,0.31
1786894426.005,0.49,0.36,195.78,0.48,0.30,0.26,0.24
1786894426.503,0.55,0.35,198.19,0.53,0.32,0.29,0.30
1786894427.008,0.50,0.32,206.42,0.35,0.31,0.65,0.33
1786894427.517,0.50,0.30,209.20,0.51,0.35,0.30,0.25
1786894428.029,0.48,0.29,197.50,0.44,0.33,0.33,0.36
1786894428.529,0.46,0.30,199.60,0.44,0.32,0.32,0.24
1786894429.031,0.49,0.53,201.47,0.45,0.30,0.31,0.28
1786894429.535,0.59,0.46,206.10,0.48,0.32,0.31,0.33
1786894430.044,0.55,0.32,203.42,0.50,0.29,0.28,0.29
1786894430.564,0.63,0.34,208.10,0.62,0.42,0.32,0.32
1786894431.076,0.54,0.30,193.89,0.44,0.68,0.70,0.28
1786894431.573,0.57,0.36,191.35,0.51,0.31,0.31,0.29
1786894432.067,0.54,0.57,202.74,0.49,0.39,0.29,0.89
1786894432.573,0.42,0.32,198.37,0.43,0.34,0.29,0.45
1786894433.074,0.45,0.35,207.33,0.46,0.44,0.36,0.32
1786894433.584,0.56,0.32,208.41,0.52,0.31,0.30,0.37
1786894434.095,0.53,0.36,191.27,0.64,0.65,0.73,0.39
1786894434.591,0.56,0.47,208.63,0.40,0.27,0.28,0.27
1786894435.102,0.48,0.30,209.56,0.50,1.38,2.41,0.39
1786894435.618,0.63,0.38,207.47,0.51,0.31,0.30,0.25
1786894436.129,0.56,0.35,194.61,0.72,0.56,0.44,0.34
1786894436.627,0.54,0.58,196.20,0.48,0.31,0.32,0.29
1786894437.130,0.55,0.32,209.87,0.47,0.62,0.36,0.33
1786894437.643,0.47,0.31,191.66,0.46,0.31,0.25,0.30
1786894438.137,0.42,0.45,190.88,0.47,0.29,0.25,0.28
1786894438.631,0.49,0.31,193.52,0.48,0.36,0.35,0.33
1786894439.127,0.52,0.31,197.01,0.46,0.29,0.24,0.24
1786894439.627,0.46,0.34,195.15,0.38,0.34,0.27,0.37
1786894440.125,0.50,0.35,201.36,0.45,0.46,0.35,0.30
1786894440.629,0.55,0.36,194.19,0.51,0.32,0.34,0.24
1786894441.126,0.46,0.33,204.67,0.45,0.29,0.26,0.26
1786894441.633,0.46,0.34,204.09,0.72,0.28,0.35,0.37
1786894442.149,0.52,0.32,207.03,0.42,0.28,0.34,0.85
1786894442.659,0.47,0.34,203.99,0.46,0.32,0.29,0.27
1786894443.166,0.53,0.32,193.77,0.61,0.31,0.34,0.27
1786894443.663,0.49,0.35,201.20,0.42,0.34,0.29,0.30
1786894444.167,0.55,0.33,200.01,0.51,0.26,0.25,0.29
1786894444.669,0.51,0.30,200.81,0.46,0.27,0.29,0.26
1786894445.173,0.54,0.30,203.56,0.49,0.38,0.37,0.43
1786894445.679,0.48,0.30,192.97,0.51,0.31,0.25,0.29
1786894446.175,0.66,0.29,202.12,0.55,0.39,0.37,0.33
1786894446.680,0.46,0.41,192.60,0.43,0.31,0.29,0.32
1786894447.175,0.71,0.44,199.78,0.54,0.35,0.28,0.26
1786894447.678,0.75,0.44,194.58,0.47,0.35,0.27,0.29
1786894448.176,0.44,0.30,190.64,0.49,0.39,0.29,0.30
1786894448.670,0.47,0.27,207.84,0.47,0.32,0.58,0.29
1786894449.181,0.43,0.32,194.80,0.60,0.35,0.38,0.42
1786894449.679,0.50,0.28,197.78,0.52,0.33,0.42,0.29
1786894450.180,0.46,0.29,190.97,0.46,0.32,0.30,0.31
1786894450.675,0.64,0.33,193.28,0.55,0.42,0.47,0.47
1786894451.171,0.56,0.61,199.66,0.48,0.40,0.37,0.30
1786894451.675,0.50,0.23,205.57,0.55,0.42,0.33,0.43
1786894452.184,0.46,0.29,194.19,0.45,0.30,0.29,0.26
1786894452.680,0.41,0.31,201.95,0.53,0.33,0.28,0.27
1786894453.187,0.52,0.34,207.68,0.49,0.39,0.32,0.37
1786894453.697,0.49,0.33,199.86,0.53,0.54,0.52,0.34
1786894454.200,0.60,0.33,202.09,0.50,0.33,0.45,0.33
1786894454.705,0.60,0.33,199.88,0.49,0.34,0.28,0.26
1786894455.208,0.55,0.33,209.56,0.51,0.32,0.29,0.28
1786894455.722,0.47,0.30,204.93,0.50,0.46,0.29,0.37
1786894456.230,0.52,0.32,209.09,0.62,0.41,0.47,0.27
1786894456.742,0.49,0.35,207.22,0.46,0.35,0.35,0.32
1786894457.253,0.51,0.42,206.85,0.38,0.29,0.28,0.29
1786894457.763,0.60,0.36,201.63,0.54,0.35,0.35,0.32
1786894458.268,0.50,0.33,198.95,0.45,0.28,0.28,0.27
1786894458.769,0.50,0.30,194.44,0.46,0.33,0.32,0.24
1786894459.266,0.68,0.76,191.57,0.46,0.27,0.53,0.30
1786894459.761,0.77,0.53,197.32,0.42,0.42,0.26,0.29
1786894460.262,0.55,0.35,194.97,0.57,0.41,0.38,0.33
1786894460.762,0.52,0.37,208.89,0.39,0.32,0.30,0.28
1786894461.275,0.65,0.45,207.34,0.39,0.38,0.37,0.32
1786894461.786,0.51,0.33,193.43,0.47,0.31,0.29,0.37
1786894462.282,0.48,0.31,197.18,0.43,0.30,0.28,0.26
1786894462.780,0.72,0.50,207.60,0.48,0.32,0.30,0.26
1786894463.290,0.56,0.33,196.23,0.48,0.32,0.29,0.26
1786894463.789,0.53,0.34,194.20,0.49,0.36,0.32,0.29
1786894464.286,0.54,0.39,204.77,0.54,0.40,0.31,0.42
1786894464.794,0.67,0.36,193.94,0.47,0.28,0.27,0.24
1786894465.291,0.53,0.34,192.60,0.49,0.30,0.27,0.26
1786894465.786,0.49,0.36,200.76,0.43,0.30,0.31,0.25
1786894466.289,0.48,0.34,192.42,0.48,0.30,0.29,0.29
1786894466.784,0.55,0.29,210.03,0.46,0.31,0.26,0.29
1786894467.297,0.48,0.36,210.39,0.54,0.36,0.29,0.33
1786894467.811,0.43,0.39,208.22,0.42,0.29,0.30,0.27
1786894468.321,0.53,0.32,199.94,0.48,0.32,0.28,0.26
1786894468.824,0.52,0.35,209.05,0.40,0.28,0.25,0.22
1786894469.336,0.48,0.30,194.20,0.57,0.30,0.33,0.37
1786894469.842,0.44,0.32,193.60,0.46,0.31,0.30,0.25
1786894470.338,0.68,0.32,200.63,0.45,0.28,0.28,0.28
1786894470.843,0.48,0.33,204.30,0.51,0.33,0.32,0.29
1786894471.350,0.61,0.32,193.31,0.49,0.39,0.26,0.35
1786894471.848,0.52,0.35,191.29,0.56,0.41,0.34,0.32
1786894472.343,0.58,0.47,205.85,0.50,0.27,0.29,0.28
1786894472.855,0.47,0.42,196.13,0.51,0.31,0.29,0.28
1786894473.354,0.60,0.33,192.72,0.51,0.30,0.32,0.27
1786894473.850,0.53,0.33,199.62,0.51,0.38,0.26,0.32
1786894474.352,0.58,0.43,198.24,0.49,0.36,0.32,0.31
1786894474.853,0.51,0.31,205.09,0.55,0.36,0.32,0.35
1786894475.362,0.55,0.32,205.40,0.43,0.31,0.25,0.24
1786894475.869,0.50,0.51,194.35,0.43,0.29,0.26,0.27
1786894476.368,0.44,0.27,208.92,0.49,0.33,0.28,0.26
1786894476.880,0.52,0.34,206.62,0.51,0.32,0.26,0.22
1786894477.389,0.50,0.41,200.55,0.39,0.33,0.46,0.45
1786894477.893,0.49,0.33,191.40,0.54,0.31,0.28,0.25
1786894478.387,0.46,0.29,202.82,0.43,0.30,0.32,0.38
1786894478.893,0.48,0.32,193.43,0.51,0.29,0.26,0.30
1786894479.389,0.48,0.32,203.73,0.48,0.30,0.30,0.38
1786894479.922,0.52,0.40,195.01,0.46,0.30,0.30,0.40
1786894480.420,0.51,0.29,208.63,0.50,0.33,0.29,0.33
1786894480.931,0.46,0.30,192.16,0.45,0.35,0.29,0.40
1786894481.436,0.51,0.32,209.79,0.43,0.37,0.32,0.48
1786894481.949,0.54,0.34,196.11,0.55,0.45,0.35,0.34
1786894482.448,0.50,0.30,201.60,0.47,0.35,0.33,0.32
1786894482.952,0.58,0.42,199.07,0.55,0.28,0.28,0.27
1786894483.454,0.60,0.41,194.00,0.74,0.72,0.75,0.64
1786894483.954,0.55,0.43,195.30,0.46,0.31,0.31,0.27
1786894484.452,0.52,0.34,202.55,0.57,0.35,0.30,0.33
1786894484.957,0.49,0.38,190.60,0.47,0.32,0.29,0.28
1786894485.451,0.46,0.31,194.29,0.53,0.29,0.37,0.34
1786894485.948,0.59,0.49,208.83,0.45,0.29,0.25,0.25
1786894486.460,0.55,0.33,208.67,0.49,0.38,0.28,0.39
1786894486.972,0.47,0.32,203.80,0.47,0.28,0.23,0.25
1786894487.478,0.63,0.45,191.76,0.48,0.27,0.26,0.55
1786894487.973,0.48,0.38,199.18,0.49,0.27,0.21,0.26
1786894488.475,0.57,0.36,203.32,0.47,0.30,0.28,0.27
1786894488.981,0.55,0.33,203.89,0.80,0.43,0.34,0.25
1786894489.489,0.52,0.33,208.10,0.56,0.33,0.30,0.29
1786894490.000,0.60,0.33,201.89,0.48,0.31,0.40,0.30
1786894490.504,0.54,0.32,207.02,0.52,0.36,0.31,0.32
1786894491.014,0.50,0.32,202.38,0.57,0.38,0.41,0.46
1786894491.520,0.57,0.32,204.61,0.43,0.31,0.28,0.26
1786894492.028,0.66,0.38,203.83,0.60,0.38,0.35,0.30
1786894492.534,0.60,0.41,207.99,0.59,0.38,0.36,0.30
1786894493.045,0.80,0.54,195.25,0.55,0.45,0.39,0.34
1786894493.544,0.62,0.32,197.96,0.55,0.35,0.28,0.37
1786894494.045,0.59,0.47,199.88,0.49,0.42,0.31,0.30
1786894494.549,0.56,0.53,204.05,1.11,0.95,0.69,0.59
1786894495.058,0.57,0.31,195.22,0.48,0.30,0.29,0.28
1786894495.556,0.47,0.46,206.37,0.51,0.33,0.33,0.31
1786894496.066,0.46,0.34,206.84,0.47,0.46,0.28,0.30
1786894496.575,0.47,0.32,201.21,0.46,0.37,0.32,0.30
1786894497.080,0.55,0.36,191.38,0.84,0.63,0.35,0.45
1786894497.575,0.49,0.30,202.46,0.64,0.50,0.29,0.32
1786894498.081,0.48,0.31,198.31,0.45,0.27,0.25,0.26
1786894498.581,0.85,0.54,195.97,0.47,0.28,0.30,0.38
1786894499.081,0.57,0.35,203.78,0.58,0.42,0.42,0.40
1786894499.588,0.55,0.36,207.18,0.38,0.29,0.29,0.29
1786894500.099,0.56,0.30,196.07,0.53,0.39,0.56,0.34
1786894500.629,0.53,0.32,197.79,0.42,0.30,0.29,0.25
1786894501.129,0.52,0.42,199.01,0.45,0.52,0.37,0.28
1786894501.631,0.47,0.36,191.00,0.48,0.33,0.27,0.26
1786894502.125,0.55,0.38,194.18,0.47,0.31,0.27,0.27
1786894502.624,0.49,0.31,191.95,0.49,0.35,0.27,0.25
1786894503.119,0.51,0.32,199.08,0.47,0.34,0.30,0.30
1786894503.621,0.56,0.63,207.62,0.57,0.39,0.33,0.30
1786894504.132,0.65,0.43,203.36,0.49,0.28,0.33,0.32
1786894504.638,0.47,0.37,207.34,0.53,0.35,0.34,0.29
1786894505.149,0.42,0.32,204.09,0.42,0.27,0.35,0.31
1786894505.655,0.45,0.39,202.05,0.43,0.31,0.27,0.22
1786894506.160,0.43,0.27,206.65,0.48,0.34,0.41,0.34
1786894506.672,0.44,0.34,192.78,0.43,0.32,0.28,0.24
1786894507.168,0.39,0.40,193.00,0.51,0.35,0.31,0.39
1786894507.665,0.46,0.30,207.76,0.39,0.26,0.24,0.25
1786894508.175,0.45,0.29,195.95,0.49,0.27,0.26,0.28
1786894508.674,0.43,0.29,192.48,0.43,0.28,0.27,0.24
1786894509.170,0.77,0.33,192.87,0.50,0.40,0.30,0.27
1786894509.666,0.46,0.46,200.09,0.44,0.29,0.22,0.28
1786894510.169,0.74,0.42,191.67,0.52,0.36,0.39,0.30
1786894510.665,0.49,0.28,199.99,0.49,0.31,0.26,0.32
1786894511.168,0.52,0.39,199.54,0.56,0.31,0.30,0.27
1786894511.670,0.53,0.28,204.00,0.47,0.28,0.28,0.29
1786894512.177,0.46,0.35,199.26,0.73,0.39,0.50,0.34
1786894512.681,0.49,0.30,206.38,0.83,0.53,0.33,0.51
1786894513.191,0.50,0.34,198.12,0.48,0.48,0.38,0.35
1786894513.692,0.78,0.40,205.23,0.54,0.30,0.27,0.29
1786894514.204,0.50,0.32,200.76,0.48,0.38,0.30,0.30
1786894514.707,0.56,0.35,192.16,0.76,0.37,0.27,0.52
1786894515.204,0.52,0.28,201.59,0.44,0.32,0.23,0.36
1786894515.709,0.55,0.32,193.40,0.51,0.23,0.28,0.26
1786894516.205,0.62,0.52,200.46,0.57,0.35,0.25,0.31
1786894516.709,0.63,0.35,199.23,1.09,1.08,1.03,0.84
1786894517.214,0.52,0.37,191.84,0.43,0.33,0.24,0.30
1786894517.710,0.77,0.43,192.18,0.83,0.70,0.53,0.62
1786894518.207,0.45,0.42,209.10,0.55,0.35,0.25,0.32
1786894518.719,0.51,0.28,202.49,0.54,0.35,0.26,0.30
1786894519.224,0.63,0.37,196.67,0.50,0.27,0.24,0.27
1786894519.724,0.52,0.59,209.04,0.75,0.83,0.43,0.36
1786894520.237,0.62,0.37,191.30,0.45,0.33,0.26,0.25
1786894520.736,0.76,0.41,208.39,0.54,0.34,0.28,0.44
1786894521.248,0.70,0.39,200.83,0.49,0.32,0.21,0.24
1786894521.752,0.49,0.38,202.61,0.55,0.37,0.27,0.39
1786894522.258,0.46,0.35,192.59,0.48,0.37,0.30,0.37
1786894522.753,0.56,0.33,200.13,0.51,0.42,0.50,0.51
1786894523.256,0.59,0.31,201.48,0.41,0.31,0.27,0.25
1786894523.761,0.50,0.38,201.88,0.51,0.35,0.29,0.30
1786894524.266,0.53,0.36,203.01,0.52,0.33,0.34,0.40
1786894524.772,0.54,0.55,200.52,0.55,0.40,0.77,0.65
1786894525.277,0.63,0.34,193.11,0.56,0.32,0.30,0.27
1786894525.773,0.52,0.34,206.51,0.49,0.30,0.28,0.31
1786894526.282,0.52,0.29,195.75,0.52,0.33,0.28,0.28
1786894526.782,0.61,0.35,201.94,0.49,0.31,0.34,0.26
1786894527.288,0.54,0.67,198.69,0.43,0.37,0.28,0.24
1786894527.789,0.43,0.42,208.29,0.93,0.39,0.36,2.04
1786894528.303,0.60,0.30,190.90,0.52,0.29,0.30,0.27
1786894528.797,0.60,0.32,203.86,0.56,0.34,0.34,0.26
1786894529.304,0.53,0.34,197.63,0.51,0.34,0.26,0.23
1786894529.805,0.49,0.35,192.96,0.84,0.73,1.04,0.70
1786894530.305,0.54,0.34,198.33,0.65,0.40,0.33,0.38
1786894530.807,0.66,0.39,206.47,0.52,0.34,0.38,0.33
1786894531.320,0.47,0.35,193.43,0.51,0.31,0.23,0.35
1786894531.820,0.46,0.38,191.86,0.56,0.33,0.31,0.34
1786894532.315,0.51,0.41,205.96,0.51,0.34,0.33,0.40
1786894532.825,0.51,0.35,198.55,0.66,0.38,0.32,0.22
1786894533.327,0.59,0.38,207.95,0.53,0.30,0.31,0.28
1786894533.840,0.61,0.33,208.97,0.59,0.35,0.38,0.52
1786894534.352,0.51,0.33,207.78,0.57,0.36,0.32,0.27
1786894534.863,0.52,0.34,205.47,0.49,0.30,0.25,0.25
1786894535.372,0.57,0.47,196.68,0.52,0.36,0.41,0.33
1786894535.872,0.55,0.58,199.83,0.39,0.31,0.27,0.24
1786894536.374,0.49,0.36,193.69,0.57,0.36,0.32,0.33
1786894536.871,0.48,0.39,204.80,0.53,0.35,0.31,0.37
1786894537.379,0.57,0.77,210.49,0.48,0.28,0.34,0.30
1786894537.894,0.58,0.42,192.81,0.44,0.25,0.25,0.25
1786894538.390,0.80,0.45,195.38,0.42,0.31,0.33,0.27
1786894538.888,0.66,0.41,207.34,0.51,0.33,0.29,0.26
1786894539.398,0.55,0.34,209.26,0.69,0.28,0.37,0.40
1786894539.912,0.64,0.37,197.74,0.46,0.29,0.35,0.27
1786894540.412,0.46,0.28,197.47,0.66,0.34,0.28,0.27
1786894540.913,0.54,0.39,195.05,0.55,0.36,0.34,0.38
1786894541.411,0.54,0.31,204.08,0.90,0.69,0.77,0.41
1786894541.919,0.49,0.32,204.44,0.46,0.31,0.27,0.44
1786894542.427,0.59,0.38,191.71,0.55,0.32,0.29,0.27
1786894542.921,0.70,0.52,203.00,1.30,1.05,0.68,0.39
1786894543.430,0.58,0.31,191.02,0.59,0.30,0.33,0.39
1786894543.924,0.58,0.41,197.68,0.47,0.25,0.26,0.23
1786894544.425,0.53,0.69,204.18,0.81,0.54,0.72,0.61
1786894544.935,0.70,0.56,206.20,0.54,0.31,0.32,0.36
1786894545.445,0.46,0.37,198.39,0.95,0.56,0.67,0.64
1786894545.948,0.49,0.36,207.51,0.39,0.33,0.27,0.26
1786894546.458,0.50,0.37,198.76,0.41,0.29,0.25,0.21
1786894546.960,0.69,0.52,194.84,0.59,0.37,0.49,0.44
1786894547.458,0.47,0.36,194.73,0.74,0.60,1.43,0.95
1786894547.959,0.55,0.58,196.79,0.49,0.26,0.30,0.29
1786894548.459,0.66,0.37,208.35,0.39,0.29,0.27,0.29
1786894548.970,0.60,0.43,202.83,0.50,0.26,0.30,0.30
1786894549.476,0.61,0.51,196.07,0.45,0.29,0.31,0.31
1786894549.978,0.46,0.34,194.15,0.50,0.51,0.52,0.40
1786894550.476,0.51,0.44,207.56,0.52,0.32,0.32,0.28
1786894550.987,0.57,0.32,205.82,0.48,0.39,0.34,0.33
1786894551.495,0.78,0.42,202.17,0.55,0.35,0.29,0.28
1786894552.001,0.48,0.34,191.70,0.51,0.35,0.32,0.40
1786894552.496,0.48,0.40,195.93,0.49,0.27,0.30,0.28
1786894552.994,0.56,0.28,206.30,0.48,0.39,0.29,0.31
1786894553.506,0.67,0.43,200.73,0.52,0.34,0.29,0.26
1786894554.009,0.63,0.37,204.27,0.57,0.32,0.29,0.27
1786894554.517,0.59,0.33,195.53,0.49,0.36,0.52,0.37
1786894555.015,0.53,0.36,205.35,0.42,0.30,0.26,0.43
1786894555.523,0.46,0.32,202.81,0.53,0.38,0.41,0.37
1786894556.029,0.56,0.37,201.36,0.43,0.31,0.27,0.21
1786894556.533,0.52,0.29,205.92,0.62,0.39,0.39,0.33
1786894557.042,0.54,0.35,192.43,0.52,0.37,0.34,0.35
1786894557.538,0.52,0.35,202.44,0.55,0.45,0.35,0.35
1786894558.044,0.54,0.39,207.28,0.60,0.62,1.23,0.32
1786894558.555,0.52,0.32,196.69,0.43,0.28,0.25,0.31
1786894559.054,0.53,0.36,197.51,0.55,0.42,0.33,0.38
1786894559.555,0.50,0.37,194.22,0.50,0.29,0.28,0.30
1786894560.052,0.58,0.26,203.30,0.47,0.31,0.26,0.32
1786894560.558,0.57,0.34,206.91,0.55,0.41,0.30,0.33
1786894561.068,0.46,0.37,200.79,0.53,0.33,0.31,0.32
1786894561.576,0.47,0.39,197.65,0.56,0.37,0.33,0.34
1786894562.077,0.53,0.27,192.19,1.09,0.61,0.87,0.71
1786894562.576,0.47,0.32,208.98,0.54,0.36,0.37,0.32
1786894563.088,0.50,0.34,207.57,0.80,0.68,0.85,0.68
1786894563.600,0.57,0.34,193.34,0.44,0.27,0.23,0.21
1786894564.096,0.59,0.34,207.26,0.53,0.35,0.32,0.37
1786894564.607,0.50,0.40,200.85,0.51,0.34,0.28,0.31
1786894565.111,0.58,0.59,203.33,0.60,0.42,0.27,0.45
1786894565.618,0.65,0.35,191.36,0.51,0.33,0.30,0.24
1786894566.114,0.54,0.32,196.08,0.42,0.30,0.26,0.25
1786894566.613,0.58,0.40,198.16,0.55,0.32,0.29,0.27
1786894567.114,0.54,0.38,201.46,0.51,0.42,0.40,0.40
1786894567.619,0.47,0.37,190.55,0.51,0.33,0.30,0.26
1786894568.112,0.44,0.27,201.16,0.54,0.36,0.42,0.35
1786894568.617,0.43,0.35,197.42,0.52,0.38,0.36,0.44
1786894569.118,0.50,0.31,205.46,0.56,0.33,0.34,0.34
1786894569.626,0.53,0.38,208.89,0.63,0.32,0.69,0.30
1786894570.138,0.59,0.37,198.07,0.61,0.36,0.32,0.26
1786894570.639,0.62,0.35,208.43,0.68,0.36,0.34,0.28
1786894571.151,0.48,0.33,194.45,0.63,0.33,0.39,0.29
1786894571.649,0.51,0.43,194.02,0.58,0.39,0.46,0.38
1786894572.146,0.48,0.36,199.68,0.51,0.37,0.29,0.27
1786894572.649,0.46,0.40,204.26,0.56,0.29,0.30,0.24
1786894573.156,0.54,0.56,196.64,0.58,0.35,0.35,0.34
1786894573.656,0.59,0.62,210.15,0.82,0.69,0.88,0.65
1786894574.171,0.47,0.34,202.15,0.52,0.34,0.29,0.24
1786894574.676,0.47,0.37,192.51,0.78,0.66,0.69,0.79
1786894575.174,0.55,0.35,197.68,0.65,0.47,0.35,0.27
1786894575.676,0.62,0.35,200.39,0.46,0.31,0.31,0.25
1786894576.179,0.45,0.30,200.07,0.84,0.67,0.84,0.32
1786894576.683,0.55,0.30,207.42,0.48,0.31,0.27,0.29
1786894577.193,0.46,0.37,203.17,0.51,0.34,0.25,0.25
1786894577.699,0.48,0.40,209.19,0.50,0.35,0.29,0.20
1786894578.211,0.55,0.80,207.99,0.58,0.37,0.37,0.41
1786894578.723,0.52,0.30,194.37,0.60,0.36,0.32,0.36
1786894579.220,0.52,0.46,204.50,0.57,0.33,0.37,0.31
1786894579.728,0.53,0.37,196.59,0.57,0.32,0.29,0.55
1786894580.228,0.55,0.29,209.32,0.51,0.33,0.30,0.47
1786894580.740,0.59,0.38,209.12,0.59,0.44,0.35,0.53
1786894581.253,0.52,4.34,202.22,0.43,0.28,0.31,0.28
1786894581.762,0.57,0.36,200.97,0.59,0.40,0.44,0.33
1786894582.267,0.54,0.33,202.75,0.53,0.43,0.35,0.33
1786894582.772,0.58,0.34,208.77,0.47,0.31,0.32,0.40
1786894583.283,0.61,0.35,205.16,0.53,0.29,0.27,0.20
1786894583.791,0.53,0.31,199.32,0.38,0.28,0.25,0.28
1786894584.293,0.55,0.31,201.51,0.47,0.31,0.28,0.31
1786894584.797,0.85,0.38,203.92,0.52,0.33,0.26,0.27
1786894585.304,0.52,0.36,191.91,0.62,0.35,0.36,0.30
1786894585.800,0.49,0.42,194.70,0.61,0.55,0.38,0.30
1786894586.299,0.59,0.34,207.18,0.55,0.35,0.37,0.26
1786894586.809,0.58,0.36,198.95,0.50,0.47,0.42,0.35
1786894587.312,0.55,0.30,198.68,0.45,0.32,0.28,0.25
1786894587.824,0.91,0.36,205.88,0.48,0.39,0.31,0.29
1786894588.334,0.57,0.83,191.97,0.57,0.43,0.39,0.32
1786894588.829,0.60,0.45,209.13,0.52,0.36,0.32,0.29
1786894589.342,0.58,0.34,201.62,0.51,0.51,0.33,0.33
1786894589.847,0.45,0.31,200.05,0.47,0.38,0.30,0.27
1786894590.349,0.56,0.30,193.21,0.81,0.75,0.44,0.29
1786894590.847,0.55,0.31,205.13,0.50,0.30,0.24,0.23
1786894591.355,0.58,0.47,209.42,0.48,0.36,0.47,0.26
1786894591.868,0.51,0.65,192.47,0.52,0.31,0.34,0.27
1786894592.363,0.50,0.32,194.86,0.49,0.34,0.28,0.24
1786894592.861,0.55,0.42,193.50,0.49,0.32,0.30,0.28
1786894593.358,0.49,0.30,198.04,0.48,0.32,0.31,0.27
1786894593.859,0.46,0.27,190.44,0.44,0.31,0.27,0.24
1786894594.352,0.51,0.32,206.36,0.49,0.34,0.31,0.28
1786894594.864,0.48,0.34,197.38,0.46,0.32,0.29,0.25
1786894595.364,0.65,0.52,197.45,0.55,0.32,0.33,0.43
1786894595.865,0.49,0.33,196.13,0.49,0.39,0.25,0.27
1786894596.364,0.45,0.31,210.29,0.59,0.42,0.34,0.24
1786894596.877,0.57,0.40,201.72,0.54,0.38,0.46,0.39
1786894597.382,0.53,0.56,206.20,0.49,0.29,0.29,0.28
1786894597.891,0.48,0.36,202.91,1.63,1.17,1.17,0.55
1786894598.414,0.43,0.32,194.88,0.77,0.42,0.40,0.42
1786894598.912,0.49,0.38,195.95,0.54,0.35,0.31,0.28
1786894599.411,0.55,0.36,207.39,0.47,0.37,0.32,0.29
1786894599.922,0.57,0.35,198.34,0.44,0.29,0.25,0.23
1786894600.423,0.49,0.32,199.36,0.60,0.28,0.26,0.26
1786894600.925,0.63,0.45,193.91,0.56,0.42,0.44,0.32
1786894601.422,0.53,0.37,199.09,0.54,0.28,0.33,0.36
1786894601.925,0.63,0.47,195.82,0.53,0.33,0.34,0.33
1786894602.424,0.45,0.30,207.18,0.61,0.66,0.44,0.37
1786894602.964,0.50,0.32,198.68,0.48,0.32,0.34,0.26
1786894603.465,0.50,0.29,199.58,0.46,0.31,0.32,0.23
1786894603.968,0.49,0.32,192.45,0.47,0.29,0.29,0.24
1786894604.463,0.65,0.46,204.20,0.74,0.39,0.25,0.44
1786894604.970,0.47,0.31,191.13,0.44,0.29,0.25,0.23
1786894605.464,0.44,0.38,198.47,0.70,0.79,0.86,0.43
1786894605.967,0.49,0.34,208.12,0.49,0.30,0.27,0.29
1786894606.478,0.50,0.36,197.35,0.47,0.29,0.28,0.28
1786894606.978,0.48,0.34,201.31,0.49,0.35,0.37,0.34
1786894607.482,0.52,0.35,195.95,0.41,0.50,0.24,0.25
1786894607.981,0.53,0.37,197.37,0.58,0.30,0.27,0.29
1786894608.481,0.51,0.56,201.17,0.41,0.32,0.32,0.28
1786894608.985,0.57,0.34,192.49,0.49,0.32,0.30,0.25
1786894609.481,0.70,0.34,191.51,0.51,0.32,0.28,0.30
1786894609.975,0.90,0.51,209.46,0.46,0.33,0.26,0.42
1786894610.492,0.58,0.33,192.49,0.48,0.32,0.30,0.25
1786894610.988,0.51,0.36,210.56,0.52,0.35,0.35,0.33
1786894611.502,0.63,0.42,209.93,0.48,0.28,0.32,0.36
1786894612.015,0.48,0.30,205.88,0.53,0.33,0.35,0.30
1786894612.524,3.90,0.45,203.64,0.43,0.33,0.42,0.29
1786894613.033,0.57,0.40,196.71,0.56,0.37,0.32,0.33
1786894613.533,0.50,0.29,206.80,0.50,0.32,0.25,0.34
1786894614.042,0.59,0.36,197.17,0.54,0.34,0.30,0.31
1786894614.542,0.50,0.36,204.66,0.49,0.36,0.31,0.35
1786894615.050,0.48,0.36,198.61,0.52,0.34,0.27,0.36
1786894615.552,0.46,0.34,198.85,0.55,0.65,0.38,0.34
1786894616.054,0.58,0.30,191.04,0.43,0.29,0.28,0.27
1786894616.548,0.49,0.33,208.53,0.52,0.45,0.33,0.36
1786894617.060,0.71,0.62,199.64,0.47,0.39,0.27,0.42
1786894617.565,0.49,0.31,201.39,0.55,0.38,0.35,0.35
1786894618.069,0.50,0.36,206.84,0.50,0.30,0.27,0.27
1786894618.579,0.50,0.39,199.13,0.47,0.48,0.27,0.32
1786894619.082,0.54,0.45,195.38,0.44,0.32,0.35,0.27
1786894619.581,0.48,0.33,199.70,0.48,0.37,0.39,0.40
1786894620.084,0.52,0.39,206.64,0.42,0.36,0.39,0.34
1786894620.594,0.53,0.34,197.51,0.51,0.40,0.30,0.26
1786894621.094,0.49,0.29,206.72,0.50,0.31,0.26,0.25
1786894621.603,0.54,0.49,194.98,0.47,0.27,0.25,0.25
1786894622.101,0.65,0.31,205.41,0.62,0.42,0.35,0.46
1786894622.610,0.52,0.29,208.41,0.46,0.36,0.31,0.25
1786894623.121,0.54,0.47,191.20,0.43,0.30,0.29,0.27
1786894623.614,0.51,0.30,203.09,0.43,0.34,0.26,0.39
1786894624.120,0.51,0.29,204.59,0.51,0.29,0.24,0.27
1786894624.627,0.58,0.30,209.94,0.44,0.27,0.30,0.29
1786894625.140,0.47,0.37,194.56,0.45,0.29,0.28,0.27
1786894625.637,0.55,0.42,199.63,0.53,0.37,0.35,0.44
1786894626.141,0.58,0.29,209.64,0.47,0.35,0.39,0.41
1786894626.654,0.48,0.32,198.47,0.57,0.35,0.29,0.31
1786894627.156,0.51,0.34,196.57,0.48,0.31,0.30,0.29
1786894627.655,0.51,0.38,195.29,0.52,0.39,0.27,0.29
1786894628.153,0.52,0.34,208.58,0.55,0.38,0.33,0.29
1786894628.665,0.51,0.34,193.01,0.51,0.31,0.30,0.25
1786894629.161,0.51,0.34,209.11,0.47,0.33,0.31,0.30
1786894629.673,0.50,0.33,202.50,0.80,0.81,0.84,0.48
1786894630.180,0.49,0.33,201.87,0.52,0.36,0.26,0.27
1786894630.686,0.57,0.34,205.03,0.51,0.45,0.32,0.26
1786894631.194,0.44,0.31,195.76,0.46,0.28,0.25,0.30
1786894631.692,0.50,0.38,210.53,0.46,0.35,0.26,0.29
1786894632.205,0.59,0.34,208.90,0.66,0.30,0.38,0.29
1786894632.718,0.45,0.33,198.46,0.52,0.37,0.29,0.28
1786894633.228,0.63,0.36,202.34,0.49,0.33,0.28,0.27
1786894633.733,0.48,0.33,208.88,0.57,0.36,0.37,0.28
1786894634.248,0.57,0.45,205.76,0.45,0.28,0.29,0.31
1786894634.756,0.43,0.31,202.18,0.48,0.41,0.35,0.28
1786894635.262,0.50,0.39,193.00,0.43,0.27,0.24,0.25
1786894635.757,0.42,0.31,203.01,0.50,0.31,0.31,0.55
1786894636.264,0.46,0.32,209.79,0.50,0.34,0.29,0.33
1786894636.777,0.52,0.35,191.75,0.49,0.33,0.30,0.36
1786894637.272,0.52,0.33,190.65,0.59,0.33,0.28,0.25
1786894637.767,0.55,0.37,202.69,0.63,0.57,0.30,0.34
1786894638.273,0.48,0.34,208.08,0.51,0.35,0.36,0.38
1786894638.786,0.61,0.38,206.86,0.48,0.36,0.29,0.31
1786894639.296,0.63,0.38,207.99,0.62,0.41,0.48,0.36
1786894639.808,0.48,0.30,200.78,1.05,0.35,0.48,0.38
1786894640.313,0.62,0.34,204.47,0.49,0.33,0.28,0.26
1786894640.820,0.54,0.33,201.07,0.45,0.31,0.29,0.37
1786894641.324,0.51,0.32,205.51,0.46,0.33,0.27,0.40
1786894641.833,0.59,0.32,192.32,0.52,0.41,0.33,0.35
1786894642.328,0.58,0.37,196.93,0.50,0.35,0.38,0.33
1786894642.827,0.50,0.28,193.38,0.36,0.32,0.27,0.32
1786894643.325,0.57,0.34,195.70,0.48,0.29,0.29,0.28
1786894643.823,0.44,0.35,201.80,0.44,0.30,0.36,0.26
1786894644.328,0.55,0.40,197.50,0.82,0.62,0.43,0.54
1786894644.829,0.46,0.29,209.11,0.43,0.32,0.24,0.24
1786894645.341,0.52,0.38,194.50,0.61,0.37,0.38,0.27
1786894645.838,0.63,0.28,205.48,0.60,0.34,0.36,0.29
1786894646.347,0.56,0.29,194.44,0.46,0.33,0.23,0.33
1786894646.844,0.48,0.38,203.94,0.49,0.31,0.34,0.26
1786894647.351,0.58,0.28,199.46,0.42,0.26,0.28,0.34
1786894647.853,0.48,0.31,203.40,0.53,0.33,0.34,0.40
1786894648.359,0.49,0.27,191.60,0.48,0.35,0.28,0.30
1786894648.854,0.42,0.29,198.98,0.60,0.31,0.30,0.32
1786894649.356,0.50,0.28,202.36,0.46,0.32,0.29,0.27
1786894649.861,0.57,0.35,195.39,0.49,0.57,0.32,0.31
1786894650.360,0.80,0.50,209.84,0.40,0.35,0.31,0.37
1786894650.873,0.53,0.38,198.52,0.45,0.31,0.28,0.25
1786894651.374,0.57,0.30,192.23,0.43,0.31,0.30,0.30
1786894651.869,0.50,0.33,208.57,0.53,0.34,0.27,0.25
1786894652.380,0.52,0.28,198.58,0.63,0.35,0.31,0.36
1786894652.882,0.60,0.37,191.75,0.49,0.29,0.28,0.27
1786894653.377,0.49,0.36,199.29,0.62,0.32,0.40,0.34
1786894653.880,0.48,0.32,206.40,0.53,0.37,0.28,0.35
1786894654.389,0.46,0.34,208.72,0.50,0.33,0.32,0.25
1786894654.901,0.56,0.27,203.39,0.44,0.29,0.29,0.26
1786894655.407,0.47,0.30,196.77,0.50,0.34,0.29,0.28
1786894655.906,0.52,0.29,200.10,0.45,0.36,0.57,0.83
1786894656.411,0.67,0.38,204.72,0.54,0.36,0.38,0.28
1786894656.919,0.49,0.40,195.09,0.41,0.28,0.26,0.21
1786894657.417,0.50,0.29,208.78,0.61,0.35,0.36,0.33
1786894657.929,0.48,0.47,190.44,0.51,0.32,0.32,0.29
1786894658.422,0.42,0.35,194.51,0.60,0.33,0.31,0.27
1786894658.919,0.53,0.35,193.82,0.48,0.30,0.32,0.28
1786894659.425,0.42,0.31,191.37,0.57,0.36,0.37,0.38
1786894659.919,0.45,0.32,199.01,0.45,0.31,0.28,0.34
1786894660.421,0.62,0.36,206.21,0.51,0.39,0.31,0.29
1786894660.931,0.46,0.27,196.14,0.51,0.33,0.27,0.29
1786894661.429,0.45,0.27,190.62,0.56,0.31,0.32,0.36
1786894661.923,0.70,0.37,193.14,0.52,0.29,0.25,0.27
1786894662.420,0.54,0.27,206.05,0.55,0.45,0.34,0.32
1786894662.929,0.53,0.35,200.11,0.40,0.42,0.32,0.29
1786894663.432,0.47,0.35,197.87,0.50,0.31,0.28,0.26
1786894663.933,0.49,0.30,206.89,0.45,0.30,0.25,0.28
1786894664.443,0.51,0.72,197.39,0.41,0.31,0.30,0.30
1786894664.943,0.47,0.32,194.33,0.68,0.46,0.42,0.37
1786894665.441,0.52,0.33,197.96,0.53,0.33,0.40,0.32
1786894665.941,0.75,0.36,205.96,0.43,0.30,0.28,0.29
1786894666.450,0.58,0.39,205.22,0.48,0.27,0.32,0.32
1786894666.958,0.47,0.36,191.81,0.40,0.29,0.31,0.26
1786894667.453,0.42,0.28,200.13,0.46,0.32,0.31,0.32
1786894667.956,0.48,0.30,209.69,0.40,0.25,0.32,0.29
1786894668.469,0.50,0.31,201.94,0.40,0.30,0.25,0.24
1786894668.973,0.56,0.41,205.06,0.40,0.26,0.25,0.30
1786894669.481,0.56,0.40,203.08,0.47,0.26,0.29,0.31
1786894669.987,0.49,0.33,195.14,0.50,0.31,0.36,0.34
1786894670.484,0.49,0.35,208.05,0.50,0.28,0.48,0.36
1786894670.995,0.42,0.33,207.38,0.44,0.31,0.27,0.30
1786894671.505,0.57,0.45,205.52,0.58,0.32,0.35,0.29
1786894672.021,0.46,0.32,198.16,0.53,0.31,0.30,0.31
1786894672.522,0.48,0.34,192.18,0.44,0.33,0.39,0.33
1786894673.016,0.59,0.37,193.70,0.50,0.32,0.30,0.27
1786894673.512,0.53,0.31,195.59,0.43,0.56,0.30,0.29
1786894674.011,0.57,0.36,193.08,0.60,0.38,0.38,0.41
1786894674.507,0.52,0.30,203.32,0.42,0.29,0.28,0.25
1786894675.013,0.62,0.46,192.75,0.57,0.40,0.36,0.49
1786894675.510,0.49,0.30,198.97,0.59,0.33,0.35,0.33
1786894676.012,0.52,0.31,209.25,0.41,0.33,0.29,0.27
1786894676.525,0.62,0.36,203.28,0.49,0.33,0.29,0.28
1786894677.031,0.66,0.51,196.47,0.55,0.35,0.38,0.38
1786894677.532,0.49,0.35,205.99,0.50,0.34,0.29,0.28
1786894678.040,0.51,0.33,195.50,0.54,0.56,0.34,0.32
1786894678.540,0.53,0.32,196.18,0.48,0.42,0.34,0.33
1786894679.040,0.47,0.34,207.50,0.50,0.30,0.34,0.33
1786894679.550,0.47,0.32,206.23,0.56,0.30,0.30,0.29
1786894680.059,0.48,0.37,197.82,0.49,0.33,0.28,0.31
1786894680.560,0.47,0.29,209.04,0.46,0.30,0.29,0.29
1786894681.071,0.53,0.32,210.08,0.47,0.28,0.29,0.26
1786894681.584,0.51,0.30,191.07,0.59,0.30,0.33,0.42
1786894682.078,0.50,0.29,191.53,0.51,0.28,0.28,0.32
1786894682.572,0.46,0.30,204.89,0.41,0.31,0.29,0.28
1786894683.082,0.47,0.35,193.74,0.50,0.34,0.29,0.30
1786894683.579,0.46,0.31,197.96,0.51,0.32,0.27,0.31
1786894684.080,0.48,0.35,202.15,0.49,0.39,0.29,0.27
1786894684.585,0.47,0.36,193.49,0.63,0.52,0.35,0.45
1786894685.082,0.53,0.34,199.14,0.44,0.30,0.29,0.23
1786894685.583,0.47,0.33,209.65,0.48,0.34,0.30,0.29
1786894686.099,0.53,0.29,208.95,0.47,0.32,0.34,0.23
1786894686.611,0.51,0.31,192.56,0.45,0.36,0.41,0.39
1786894687.107,0.53,0.30,196.21,0.47,0.32,0.31,0.31
1786894687.606,0.47,0.30,204.38,0.48,0.34,0.37,0.36
1786894688.113,0.42,0.30,199.92,0.46,0.39,0.27,0.41
1786894688.616,0.57,0.35,191.65,0.44,0.30,0.26,0.27
1786894689.110,0.77,0.51,196.26,0.45,0.41,0.38,0.34
1786894689.610,0.54,0.30,195.14,0.46,0.42,0.30,0.24
1786894690.112,0.50,0.28,196.52,0.48,0.32,0.30,0.25
1786894690.611,0.45,0.31,207.95,0.54,0.42,0.30,0.36
1786894691.122,0.52,0.38,206.87,0.51,0.41,0.27,0.29
1786894691.632,0.48,0.30,207.05,0.47,0.31,0.25,0.28
1786894692.142,0.51,0.54,206.35,0.52,0.29,0.23,0.29
1786894692.651,0.47,0.32,199.84,0.74,0.37,0.43,0.41
1786894693.156,0.46,0.35,204.00,0.37,0.36,0.28,0.25
1786894693.662,0.52,0.33,206.89,0.41,0.32,0.37,0.38
1786894694.174,0.46,0.30,209.29,0.50,0.40,0.32,0.34
1786894694.686,0.44,0.31,202.40,0.43,0.30,0.28,0.28
1786894695.191,0.44,0.32,191.90,0.48,0.32,0.29,0.30
1786894695.686,0.50,0.53,208.22,0.38,0.29,0.27,0.28
1786894696.197,0.40,0.34,206.49,0.42,0.29,0.26,0.27
1786894696.706,0.55,0.43,201.23,0.51,0.36,0.25,0.36
1786894697.210,0.45,0.28,197.48,0.42,0.29,0.28,0.35
1786894697.710,0.45,0.36,194.56,0.41,0.33,0.30,0.29
1786894698.207,0.54,3.22,202.60,0.59,0.38,0.39,0.41
1786894698.717,0.43,0.31,203.54,0.45,0.35,0.34,0.30
1786894699.223,0.53,0.32,196.37,0.53,0.35,0.40,0.36
1786894699.722,0.47,0.29,204.22,0.49,0.34,0.31,0.30
1786894700.230,0.51,0.33,195.07,0.58,0.29,0.28,0.24
1786894700.728,0.47,0.32,209.33,0.44,0.52,0.55,0.63
1786894701.240,0.58,0.34,202.26,0.68,0.43,0.33,0.37
1786894701.746,0.48,0.33,206.79,0.53,0.30,0.27,0.29
1786894702.256,0.54,0.32,196.69,0.53,0.39,0.30,0.38
1786894702.756,0.56,0.36,204.13,0.46,0.34,0.29,0.31
1786894703.267,0.97,0.50,204.78,0.53,0.31,0.28,0.28
1786894703.775,0.61,0.40,201.13,0.47,0.32,0.27,0.27
1786894704.279,0.53,0.38,195.06,0.57,0.58,0.58,0.43
1786894704.778,0.46,0.35,208.22,0.62,0.32,0.30,0.30
1786894705.289,0.55,0.39,201.97,0.46,0.34,0.30,0.27
1786894705.794,0.51,0.33,207.84,0.47,0.31,0.24,0.34
1786894706.305,0.54,0.31,195.87,0.53,0.38,0.35,0.33
1786894706.807,0.57,0.41,197.54,0.45,0.29,0.28,0.24
1786894707.307,0.45,0.28,206.83,0.52,0.32,0.27,0.27
1786894707.831,0.51,0.47,197.78,0.47,0.41,0.34,0.28
1786894708.332,0.60,0.48,193.88,0.48,0.39,0.29,0.36
1786894708.830,0.44,0.29,203.03,0.46,0.39,0.40,0.36
1786894709.336,0.50,0.33,201.56,0.49,0.32,0.29,0.28
1786894709.842,0.54,0.54,196.03,0.51,0.32,0.26,0.41
1786894710.342,0.52,0.34,192.78,0.44,0.29,0.27,0.27
1786894710.837,0.58,0.36,195.28,0.54,0.33,0.31,0.38
1786894711.336,0.54,0.29,196.10,0.53,0.31,0.26,0.31
1786894711.837,0.47,0.34,205.60,0.46,0.35,0.33,0.28
1786894712.345,0.47,0.30,203.56,0.45,0.27,0.31,0.36
1786894712.851,0.43,0.27,199.07,0.49,0.31,0.36,0.41
1786894713.356,0.54,0.31,192.53,0.45,0.28,0.33,0.26
1786894713.851,0.44,0.31,194.45,0.51,0.30,0.36,0.39
1786894714.349,0.47,0.29,202.64,0.60,0.32,0.30,0.32
1786894714.855,0.64,0.48,206.49,0.51,0.34,0.35,0.42
1786894715.365,0.60,0.42,198.69,0.58,0.37,0.38,0.30
1786894715.866,0.54,0.35,201.78,0.52,0.35,0.37,0.32
1786894716.371,0.72,0.45,196.02,0.62,0.30,0.26,0.26
1786894716.870,0.56,0.32,191.49,0.55,0.30,0.33,0.33
1786894717.365,0.56,0.43,200.43,0.45,0.27,0.27,0.24
1786894717.868,0.47,0.37,199.84,0.49,0.29,0.34,0.33
1786894718.371,0.53,0.34,208.74,0.48,0.41,0.30,0.27
1786894718.882,0.52,0.48,201.97,0.52,0.29,0.32,0.35
1786894719.387,0.47,0.31,195.13,0.86,0.52,0.64,0.64
1786894719.887,0.48,0.42,204.17,0.81,0.45,0.63,0.61
1786894720.397,0.51,0.36,194.14,0.89,0.45,0.62,0.59
1786894720.896,0.62,0.37,192.66,0.47,0.26,0.27,0.24
1786894721.391,0.59,0.44,199.03,0.53,0.32,0.31,0.24
1786894721.893,0.53,0.35,195.89,0.50,0.34,0.34,0.25
1786894722.392,0.54,0.37,193.43,0.56,0.35,0.34,0.37
1786894722.889,0.51,0.35,202.05,0.55,0.44,0.38,0.33
1786894723.394,0.62,0.35,193.05,0.88,1.03,0.68,0.99
1786894723.892,0.78,0.39,198.41,0.60,0.33,0.27,0.23
1786894724.394,0.50,0.29,195.53,0.65,0.47,0.28,0.32
1786894724.893,0.50,0.35,202.79,0.54,0.37,0.32,0.37
1786894725.399,0.55,0.40,199.06,0.89,0.94,0.74,0.89
1786894725.904,0.62,0.33,200.94,0.61,0.28,0.34,0.35
1786894726.410,0.50,0.37,201.17,1.04,0.74,0.88,0.64
1786894726.918,0.43,0.32,208.28,0.46,0.31,0.26,0.32
1786894727.428,0.57,0.40,196.97,0.84,0.74,0.76,0.50
1786894727.930,0.66,0.55,210.12,0.75,0.68,0.67,0.58
1786894728.445,0.57,0.31,208.64,0.49,0.29,0.33,0.33
1786894728.957,0.45,0.32,203.77,0.52,0.33,0.35,0.27
1786894729.463,0.98,0.47,190.64,0.48,0.33,0.27,0.27
1786894729.960,0.51,0.41,198.31,0.49,0.35,0.28,0.24
1786894730.461,0.61,0.37,196.17,0.52,0.31,0.27,0.25
1786894730.960,0.57,0.33,190.59,0.47,0.33,0.29,0.27
1786894731.453,0.59,0.36,190.91,0.49,0.36,0.28,0.27
1786894731.947,0.52,0.33,192.08,0.50,0.31,0.26,0.26
1786894732.442,0.61,0.31,207.92,0.53,0.35,0.34,0.24
1786894732.952,0.53,0.36,199.69,0.45,0.30,0.25,0.28
1786894733.461,0.63,0.40,192.08,0.51,0.34,0.25,0.27
1786894733.956,0.54,0.35,200.53,0.54,0.31,0.29,0.29
1786894734.460,0.46,0.27,197.30,0.49,0.32,0.31,0.27
1786894734.960,0.48,0.31,192.01,0.52,0.34,0.63,0.40
1786894735.455,0.49,0.47,200.45,0.76,0.66,0.80,0.38
1786894735.961,0.45,0.31,192.54,0.51,0.36,0.30,0.30
1786894736.456,0.61,0.35,206.50,0.47,0.38,0.28,0.28
1786894736.966,0.44,0.28,203.04,0.45,0.29,0.26,0.34
1786894737.472,0.46,0.33,207.61,0.53,0.35,0.36,0.39
1786894737.982,0.45,0.36,198.60,0.55,0.36,0.41,0.38
1786894738.494,0.50,0.32,194.08,0.40,0.77,0.26,0.29
1786894738.991,0.45,0.31,198.64,0.49,0.31,0.27,0.28
1786894739.493,0.48,0.34,196.70,0.54,0.58,0.38,0.45
1786894739.993,0.46,0.34,201.44,0.57,0.43,0.33,0.36
1786894740.498,0.46,0.31,207.44,0.52,0.39,0.29,0.39
1786894741.008,0.51,0.56,201.35,0.52,0.46,0.45,0.34
1786894741.513,0.47,0.30,196.07,0.46,0.30,0.29,0.24
1786894742.012,0.53,0.39,209.24,0.78,0.31,0.38,0.33
1786894742.524,0.60,0.56,193.72,0.56,0.42,0.27,0.34
1786894743.021,0.51,0.29,194.64,0.52,0.26,0.26,0.26
1786894743.521,0.62,0.30,191.01,0.48,0.31,0.28,0.29
1786894744.015,0.70,0.41,198.79,0.60,0.30,0.27,0.31
1786894744.517,0.49,0.36,204.12,0.49,0.44,0.33,0.44
1786894745.025,0.56,0.31,199.28,0.53,0.28,0.26,0.28
1786894745.527,0.49,0.38,210.47,0.53,0.33,0.29,0.31
1786894746.040,0.51,0.29,198.87,0.42,0.28,0.25,0.30
1786894746.542,0.59,0.43,208.25,0.55,0.38,0.28,0.31
1786894747.055,0.53,0.36,203.95,0.46,0.28,0.22,0.25
1786894747.562,0.51,0.41,200.35,0.54,0.34,0.24,0.32
1786894748.065,0.54,0.58,210.28,0.63,0.59,0.38,0.45
1786894748.579,0.49,0.30,206.04,0.39,0.29,0.28,0.25
1786894749.087,0.51,0.38,196.22,0.43,0.29,0.24,0.32
1786894749.586,0.56,0.42,204.20,0.55,0.34,0.25,0.32
1786894750.094,0.59,0.89,191.99,0.45,0.29,0.26,0.28
1786894750.589,0.50,0.44,196.13,0.48,0.29,0.34,0.28
1786894751.088,0.61,0.37,200.75,0.53,0.35,0.34,0.36
1786894751.592,0.55,0.59,205.69,0.51,0.31,0.27,0.31
1786894752.101,0.60,0.35,201.80,0.56,0.31,0.23,0.23
1786894752.606,0.52,0.28,207.52,0.46,0.34,0.27,0.27
1786894753.116,0.57,0.32,206.77,0.55,0.33,0.27,0.24
1786894753.626,0.61,0.44,209.47,0.61,0.57,0.37,0.33
1786894754.139,0.53,0.37,207.76,0.57,0.32,0.33,0.30
1786894754.652,0.54,0.29,198.35,0.51,0.33,0.26,0.28
1786894755.153,0.60,0.37,195.63,0.45,0.34,0.28,0.30
1786894755.652,0.45,0.34,195.71,0.43,0.37,0.23,0.31
1786894756.150,0.56,0.33,198.70,0.40,0.29,0.27,0.23
1786894756.652,0.56,0.31,195.65,0.60,0.31,0.33,0.26
1786894757.152,0.47,0.35,193.87,0.52,0.30,0.39,0.35
1786894757.649,0.51,0.55,195.34,0.49,0.28,0.35,0.35
1786894758.147,0.68,0.73,205.01,0.47,0.29,0.28,0.27
1786894758.657,0.56,0.30,193.14,0.38,0.31,0.27,0.28
1786894759.153,0.52,0.33,193.18,0.45,0.31,0.27,0.29
1786894759.649,0.62,0.71,191.84,0.52,0.42,0.31,0.27
1786894760.145,0.60,0.31,202.17,0.61,0.34,0.29,0.26
1786894760.653,0.54,0.68,203.02,0.57,0.30,0.30,0.28
1786894761.159,0.48,0.29,196.47,0.51,0.27,0.33,0.37
1786894761.659,0.68,0.36,197.47,0.89,0.29,0.32,0.45
1786894762.160,0.44,0.28,201.28,0.56,0.31,0.31,0.28
1786894762.663,0.59,0.40,198.80,0.73,0.57,0.51,0.47
1786894763.168,0.60,0.42,198.23,0.52,0.28,0.37,0.49
1786894763.670,0.70,0.32,196.40,0.42,0.25,0.29,0.28
1786894764.169,0.44,0.35,208.23,0.54,0.42,0.29,0.29
1786894764.681,0.59,0.40,198.76,0.55,0.28,0.33,0.39
1786894765.183,0.60,0.30,202.54,0.59,0.44,0.38,0.30
1786894765.689,0.54,0.33,204.05,0.79,0.36,0.40,0.36
1786894766.197,0.40,0.31,206.00,0.44,0.28,0.25,0.23
1786894766.705,0.57,0.30,192.40,0.52,0.42,0.38,0.33
1786894767.204,0.44,0.47,199.88,0.51,0.38,0.39,0.37
1786894767.707,0.44,0.43,202.18,0.51,0.35,0.32,0.41
1786894768.213,0.55,0.53,200.88,0.68,0.38,0.32,0.29
1786894768.718,0.45,0.30,206.28,0.47,0.36,0.28,0.34
1786894769.227,0.46,0.30,208.52,0.51,0.38,0.36,0.43
1786894769.741,0.53,0.38,201.46,0.49,0.31,0.25,0.26
1786894770.245,0.50,0.29,205.30,0.53,0.36,0.34,0.33
1786894770.753,0.47,0.42,205.41,0.55,0.36,0.26,0.26
1786894771.264,0.50,0.34,209.74,0.47,0.34,0.29,0.32
1786894771.776,0.52,0.48,201.68,0.84,0.67,0.96,0.43
1786894772.283,0.48,0.36,199.90,0.54,0.31,0.28,0.31
1786894772.824,0.74,0.48,197.63,0.50,0.45,0.36,0.28
1786894773.326,0.61,0.75,208.48,0.72,0.46,0.39,0.37
1786894773.841,0.44,0.30,209.38,0.66,0.48,0.41,0.46
1786894774.354,0.54,0.57,201.43,0.55,0.39,0.37,0.53
1786894774.860,0.55,0.59,210.15,0.46,0.27,0.31,0.29
1786894775.374,0.71,0.34,208.60,0.74,0.45,0.31,0.32
1786894775.886,0.63,0.34,206.62,0.47,0.32,0.28,0.27
1786894776.395,0.60,0.33,194.18,0.48,0.28,0.32,0.27
1786894776.892,0.57,0.32,193.10,0.48,0.29,0.30,0.26
1786894777.388,0.64,0.56,194.91,0.51,0.35,0.36,0.29
1786894777.886,0.63,0.37,203.70,0.56,0.37,0.34,0.23
1786894778.393,0.57,0.67,200.74,0.51,0.50,0.31,0.26
1786894778.900,0.46,0.33,210.03,0.45,0.33,0.33,0.26
1786894779.412,0.60,0.30,204.39,0.55,0.39,0.41,0.41
1786894779.920,0.50,0.34,201.57,0.84,0.74,0.80,0.64
1786894780.426,0.50,0.35,197.23,0.60,0.34,0.33,0.33
1786894780.932,0.59,0.31,195.88,0.48,0.37,0.28,0.28
1786894781.430,0.46,0.35,201.25,0.57,0.35,0.41,0.38
1786894781.935,0.60,0.46,191.69,0.46,0.29,0.26,0.25
1786894782.429,0.47,0.38,201.94,0.56,0.40,0.37,0.28
1786894782.935,0.50,0.31,196.48,0.54,0.35,0.42,0.32
1786894783.434,0.78,0.40,201.45,0.63,0.30,0.25,0.30
1786894783.939,0.56,0.32,194.33,0.55,0.37,0.39,0.45
1786894784.437,0.62,0.31,190.84,0.59,0.34,0.37,0.48
1786894784.931,0.63,0.31,207.67,0.63,0.39,0.30,0.30
1786894785.442,0.65,0.39,198.07,0.48,0.46,0.35,0.34
1786894785.943,0.63,0.33,199.51,0.50,0.43,0.35,0.41
1786894786.446,0.64,0.51,204.25,0.55,0.53,0.34,0.37
1786894786.954,0.51,0.42,201.66,0.55,0.31,0.29,0.25
1786894787.459,0.49,0.27,209.79,0.61,0.45,0.32,0.23
1786894787.972,0.52,0.34,207.77,0.45,0.32,0.26,0.29
1786894788.482,0.49,0.30,205.96,0.51,0.33,0.36,0.36
1786894788.991,0.49,0.34,190.76,0.59,0.35,0.30,0.29
1786894789.485,0.56,0.39,191.38,0.52,0.30,0.32,0.32
1786894789.980,0.64,0.50,195.09,0.50,0.57,0.57,0.44
1786894790.479,0.67,0.45,206.21,0.54,0.35,0.33,0.32
1786894791.020,0.50,0.33,196.62,0.50,0.47,0.34,0.24
1786894791.519,0.50,0.32,203.32,0.52,0.37,0.36,0.72
1786894792.027,0.66,0.30,205.99,1.08,0.58,0.33,0.36
1786894792.537,0.50,1.34,198.63,0.95,0.89,0.90,0.67
1786894793.040,0.64,0.35,195.23,0.54,0.35,0.44,0.32
1786894793.539,0.68,0.50,198.16,0.62,0.51,0.45,0.34
1786894794.041,0.85,0.52,197.98,0.46,0.33,0.29,0.25
1786894794.542,0.50,0.35,199.58,0.55,0.33,0.34,0.29
1786894795.045,0.54,0.57,205.81,0.52,0.36,0.32,0.25
1786894795.553,0.60,0.36,197.15,0.52,0.33,0.49,0.40
1786894796.054,0.70,0.48,194.35,0.45,0.32,0.28,0.42
1786894796.551,0.49,0.38,195.03,0.60,0.44,0.27,0.28
1786894797.053,0.60,0.36,207.94,0.44,0.31,0.29,0.26
1786894797.563,0.49,0.28,192.45,0.64,0.36,0.31,0.29
1786894798.058,0.51,0.30,196.81,0.53,0.37,0.30,0.31
1786894798.558,0.61,0.38,193.35,0.43,0.50,0.28,0.27
1786894799.054,0.57,0.31,191.17,0.49,0.28,0.25,0.27
1786894799.548,0.56,0.29,198.68,0.47,0.38,0.31,0.32
1786894800.050,0.55,0.32,193.03,0.53,0.33,0.25,0.28
1786894800.545,0.49,0.39,205.42,0.50,0.30,0.29,0.26
1786894801.056,0.51,0.41,205.01,0.53,0.36,0.27,0.24
1786894801.565,0.60,0.29,201.63,0.48,0.29,0.30,0.28
1786894802.069,4.82,0.44,202.06,0.55,0.39,0.28,0.47
1786894802.579,0.56,0.34,192.50,0.50,0.64,0.69,0.26
1786894803.075,0.52,0.43,203.71,0.53,0.49,0.37,0.37
1786894803.583,0.54,0.36,200.53,0.52,0.36,0.32,0.22
1786894804.089,0.63,0.37,204.04,0.52,0.35,0.36,0.31
1786894804.596,0.50,0.38,204.74,0.54,0.34,0.36,0.71
1786894805.104,0.55,0.39,201.80,0.56,0.33,0.36,0.32
1786894805.609,0.53,0.28,208.92,0.86,0.64,0.68,0.55
1786894806.152,0.58,0.31,197.09,0.42,0.31,0.28,0.23
1786894806.652,0.44,0.29,193.54,0.51,0.36,0.33,0.33
1786894807.148,0.51,0.40,197.68,0.56,0.28,0.24,0.33
1786894807.649,0.44,0.38,191.98,0.54,0.39,0.33,0.34
1786894808.144,0.58,0.36,194.72,0.50,0.42,0.41,0.39
1786894808.642,0.49,0.29,200.34,0.52,0.35,0.30,0.30
1786894809.145,0.46,0.30,198.29,0.49,0.43,0.34,0.39
1786894809.647,0.54,0.29,210.41,0.53,0.33,0.30,0.25
1786894810.160,0.59,0.33,203.70,0.49,0.33,0.27,0.29
1786894810.666,0.51,0.34,201.39,0.69,0.40,0.28,0.33
1786894811.170,0.49,0.30,199.28,0.50,0.31,0.43,0.40
1786894811.673,0.57,0.28,194.96,0.47,0.45,0.33,0.39
1786894812.171,0.54,0.34,198.26,0.52,0.30,0.25,0.42
1786894812.672,0.47,0.48,198.83,0.53,0.41,0.27,0.37
1786894813.175,0.49,0.34,208.87,0.59,0.38,0.30,0.35
1786894813.687,0.57,0.32,208.33,0.58,0.34,0.29,0.31
1786894814.199,0.63,0.40,204.64,0.78,0.89,0.44,0.61
1786894814.708,0.46,0.41,198.48,0.51,0.38,0.36,0.34
1786894815.211,0.50,0.64,205.43,0.53,0.42,0.31,0.33
1786894815.720,0.59,0.39,207.31,0.88,0.68,0.49,0.71
1786894816.232,0.44,0.32,191.02,0.43,0.28,0.26,0.25
1786894816.725,0.52,0.31,198.28,0.63,0.36,0.34,0.32
1786894817.228,0.46,0.34,196.91,0.90,0.69,0.85,0.56
1786894817.730,0.49,0.54,197.16,0.78,0.62,1.26,0.66
1786894818.232,0.66,0.32,206.23,0.58,0.35,0.53,0.42
1786894818.742,0.43,0.31,200.57,0.53,12.87,0.42,0.45
1786894819.259,0.83,0.40,196.28,0.44,0.28,0.30,0.24
1786894819.758,0.53,0.32,206.62,0.48,0.28,0.26,0.29
1786894820.267,0.59,0.47,204.46,0.55,0.31,0.27,0.32
1786894820.775,0.51,0.44,207.73,0.54,0.33,0.31,0.30
1786894821.286,0.68,0.36,192.65,0.54,0.38,0.31,0.33
1786894821.781,0.53,0.29,207.90,0.54,0.35,0.32,0.34
1786894822.292,0.51,0.40,192.26,0.54,0.35,0.32,0.31
1786894822.788,0.55,0.41,193.03,0.51,0.31,0.26,0.28
1786894823.284,0.59,0.33,206.45,0.43,0.29,0.28,0.25
1786894823.793,0.54,0.26,196.58,0.54,0.54,0.46,0.58
1786894824.293,0.62,0.32,201.12,0.56,0.38,0.40,0.33
1786894824.798,0.76,0.52,199.43,0.52,0.37,0.38,0.35
1786894825.301,0.47,0.28,206.33,0.53,0.32,0.28,0.36
1786894825.811,0.47,0.36,198.12,0.49,0.30,0.41,0.30
1786894826.313,0.51,0.33,205.41,0.42,0.40,0.32,0.32
1786894826.821,0.54,0.77,203.93,0.49,0.29,0.34,0.37
1786894827.328,0.51,0.27,209.50,0.46,0.29,0.33,0.29
1786894827.840,0.46,0.31,194.70,0.51,0.31,0.35,0.33
1786894828.338,0.56,0.33,200.38,0.54,0.32,0.34,0.35
1786894828.842,0.46,0.31,207.03,0.60,0.27,0.32,0.33
1786894829.352,0.47,0.36,207.55,0.62,0.32,0.41,0.39
1786894829.863,0.49,0.81,192.07,0.86,0.50,0.68,0.56
1786894830.360,0.61,0.34,191.07,0.47,0.27,0.28,0.28
1786894830.854,0.61,0.34,204.03,0.49,0.32,0.30,0.28
1786894831.361,0.69,0.38,208.66,0.45,0.32,0.54,0.35
1786894831.873,0.54,0.34,198.83,0.64,0.41,0.49,0.36
1786894832.375,0.46,0.39,197.06,0.50,0.29,0.31,0.26
1786894832.875,0.57,0.30,192.60,0.61,0.41,0.41,0.37
1786894833.371,0.62,0.72,203.40,0.55,0.30,0.38,0.34
1786894833.880,0.66,0.38,192.15,0.52,0.33,0.44,0.29
1786894834.375,0.60,0.34,208.72,0.69,0.63,0.50,0.51
1786894834.888,0.51,0.28,196.41,0.52,0.33,0.32,0.35
1786894835.388,0.86,0.48,202.48,0.48,0.28,0.32,0.29
1786894835.894,0.49,0.36,194.58,0.62,0.35,0.34,0.42
1786894836.396,0.46,0.28,203.45,0.54,0.32,0.26,0.29
1786894836.903,0.54,0.33,200.00,0.46,0.27,0.23,0.25
1786894837.406,0.47,0.34,207.11,0.56,0.41,0.33,0.34
1786894837.916,0.52,0.47,199.87,0.56,0.37,0.57,0.29
1786894838.419,0.48,0.37,201.73,0.51,0.47,0.36,0.28
1786894838.924,0.43,0.26,192.44,0.48,0.33,0.46,0.38
1786894839.419,0.51,0.42,193.54,0.51,0.31,0.33,0.28
1786894839.916,0.61,0.37,198.76,0.51,0.37,0.33,0.34
1786894840.418,0.49,0.34,206.31,0.42,0.32,3.84,0.54
1786894840.930,0.55,0.39,207.22,0.46,0.36,0.36,0.35
1786894841.443,0.51,0.42,195.62,0.77,0.66,0.90,0.68
1786894841.944,0.50,0.37,207.34,0.57,0.37,0.33,0.36
1786894842.454,0.57,0.53,209.09,0.51,0.32,0.32,0.32
1786894842.966,0.54,0.42,194.97,0.52,0.30,0.29,0.26
1786894843.464,0.50,0.54,193.29,0.65,0.44,0.50,0.42
1786894843.961,0.52,0.35,203.70,0.69,0.55,0.48,0.37
1786894844.468,0.61,0.33,194.68,0.53,0.34,0.28,0.24
1786894844.965,0.78,0.63,198.14,0.46,0.30,0.23,0.32
1786894845.466,0.45,0.31,191.69,0.46,0.42,0.26,0.23
1786894845.961,0.48,0.28,199.93,0.52,0.34,0.39,0.39
1786894846.463,0.49,0.29,197.47,0.54,0.33,0.31,0.36
1786894846.964,0.88,0.31,207.23,0.57,0.39,0.33,0.31
1786894847.474,0.50,0.30,205.75,0.81,0.81,0.94,0.78
1786894847.985,0.53,0.33,200.86,0.89,0.72,0.80,0.59
1786894848.491,0.63,0.40,195.84,0.56,0.35,0.39,0.34
1786894848.990,0.56,0.29,196.73,0.51,0.33,0.29,0.25
1786894849.489,0.50,0.39,192.91,0.49,0.29,0.28,0.26
1786894849.985,0.61,0.39,206.96,0.44,0.30,0.32,0.25
1786894850.494,0.52,0.29,194.57,0.55,0.40,0.40,0.33
1786894850.992,0.58,0.33,202.94,0.64,0.40,0.33,0.37
1786894851.498,0.50,0.37,202.05,0.89,0.58,0.57,0.40
1786894852.004,0.64,0.57,204.74,0.56,0.44,0.34,0.48
1786894852.513,0.67,0.44,190.99,0.44,0.52,0.39,0.33
1786894853.006,0.55,0.32,191.36,0.72,0.66,1.05,0.93
1786894853.503,0.61,0.41,193.46,0.46,0.27,0.31,0.27
1786894853.999,0.57,0.32,198.07,0.47,0.29,0.27,0.29
1786894854.500,0.54,0.33,196.78,0.66,0.54,0.52,0.42
1786894855.000,0.45,0.34,192.27,0.89,0.60,0.36,0.31
1786894855.496,0.57,0.32,208.62,0.45,0.34,0.43,0.35
1786894856.008,0.58,0.34,200.80,0.52,0.29,0.28,0.32
1786894856.511,0.56,0.32,199.25,0.67,0.44,0.32,0.23
1786894857.014,0.49,0.39,193.80,0.55,0.36,0.34,0.27
1786894857.511,0.53,0.32,200.73,0.51,0.31,0.39,0.28
1786894858.014,0.52,0.35,198.91,0.62,0.34,0.28,0.24
1786894858.517,0.57,0.41,203.06,0.51,0.35,0.30,0.25
1786894859.024,0.51,0.57,199.58,0.53,0.32,0.29,0.20
1786894859.526,0.50,0.36,204.73,0.50,0.34,0.43,0.26
1786894860.034,0.66,0.32,190.68,0.46,0.31,0.38,0.31
1786894860.531,0.46,0.39,190.94,0.60,0.36,0.37,0.22
1786894861.025,0.59,0.34,207.49,0.49,0.34,0.29,0.31
1786894861.570,0.48,0.30,192.59,0.55,0.36,0.33,0.27
1786894862.066,0.54,0.42,210.06,0.93,0.68,0.93,0.47
1786894862.581,0.52,0.73,208.89,0.49,0.39,0.41,0.32
1786894863.093,0.68,0.49,195.65,0.47,0.41,0.26,0.22
1786894863.594,0.58,0.49,197.91,0.53,0.37,0.32,0.32
1786894864.095,0.55,0.38,195.53,0.57,0.42,0.34,0.34
1786894864.594,0.53,0.61,205.52,0.48,0.28,0.29,0.27
1786894865.102,0.59,0.32,199.38,0.54,0.34,0.37,0.35
1786894865.605,0.56,0.36,210.29,0.57,0.36,0.32,0.33
1786894866.119,0.54,0.30,193.54,0.40,0.29,0.32,0.26
1786894866.615,0.73,0.62,208.59,0.47,0.36,0.26,0.36
1786894867.127,0.64,0.61,203.02,0.57,0.55,0.43,0.48
1786894867.634,0.50,0.29,210.14,0.45,0.32,5.57,0.53
1786894868.153,0.60,0.48,210.40,0.44,0.32,0.24,0.28
1786894868.666,0.56,0.27,205.09,0.43,0.30,0.27,0.31
1786894869.174,0.50,0.29,192.29,0.51,0.34,0.27,0.30
1786894869.669,0.58,0.30,203.02,0.47,0.29,0.25,0.24
1786894870.175,0.69,0.50,192.25,0.43,0.28,0.26,0.26
1786894870.670,0.57,0.57,205.04,0.48,0.30,0.20,0.32
1786894871.178,0.54,0.62,208.49,0.53,0.34,0.31,0.27
1786894871.690,0.49,0.34,204.32,0.59,0.35,0.26,0.34
1786894872.197,0.64,0.51,200.21,0.48,0.25,0.21,0.28
1786894872.701,0.45,0.34,190.46,0.58,0.40,0.28,0.52
1786894873.199,0.53,0.35,202.64,0.64,0.40,0.25,0.31
1786894873.705,0.42,0.38,196.22,0.62,0.55,0.38,0.42
1786894874.204,0.51,0.31,205.25,0.75,0.62,0.82,1.30
1786894874.716,0.48,0.35,196.72,1.01,0.86,0.84,0.81
1786894875.218,0.54,0.34,191.31,0.61,0.47,0.35,0.50
1786894875.713,0.52,0.34,196.07,0.52,0.31,0.27,0.31
1786894876.213,0.56,0.35,210.49,0.40,0.30,0.22,0.25
1786894876.726,0.52,0.41,195.09,0.90,0.81,0.51,0.66
1786894877.226,0.59,0.38,201.86,0.65,0.39,0.29,0.32
1786894877.731,0.58,0.36,209.41,0.50,0.31,0.27,0.35
1786894878.243,0.54,0.49,202.56,0.52,0.40,0.47,0.49
1786894878.749,0.56,0.33,192.05,0.44,0.28,0.33,0.26
1786894879.244,0.54,0.29,200.59,0.67,0.55,0.58,0.35
1786894879.748,0.52,0.41,207.61,0.52,0.34,0.34,0.31
1786894880.259,0.55,0.39,199.30,0.46,0.29,0.28,0.26
1786894880.761,0.66,0.41,203.96,0.60,0.32,0.32,0.27
1786894881.268,0.51,0.46,193.98,0.50,0.35,0.34,0.38
1786894881.765,0.50,0.34,203.63,0.62,0.80,0.62,0.79
1786894882.274,0.47,0.38,209.65,0.47,0.40,0.41,0.31
1786894882.785,0.46,0.43,200.35,0.66,0.40,0.32,0.27
1786894883.289,0.60,0.31,191.52,0.58,0.50,0.30,0.35
1786894883.786,0.60,0.38,209.66,0.52,0.35,0.30,0.31
1786894884.299,0.65,0.33,200.41,0.43,0.33,0.26,0.22
1786894884.802,0.44,0.34,197.97,0.56,0.35,0.34,0.34
1786894885.303,0.50,0.37,202.11,0.53,0.36,0.37,0.38
1786894885.808,0.65,0.35,196.87,0.58,0.36,0.32,0.27
1786894886.308,0.81,0.52,205.02,0.66,0.31,0.29,0.23
1786894886.817,0.56,0.33,209.52,0.53,0.33,0.35,0.35
1786894887.329,0.41,0.29,200.06,0.46,0.28,0.25,0.27
1786894887.832,0.49,0.52,195.01,0.56,0.37,0.30,0.39
1786894888.331,0.44,0.32,192.82,0.70,0.31,0.41,0.43
1786894888.827,0.66,0.37,195.55,0.47,0.31,0.31,0.25
1786894889.326,0.65,0.79,200.05,0.58,0.53,0.49,0.43
1786894889.830,0.41,0.38,199.91,0.64,0.48,0.31,0.29
1786894890.333,0.53,0.37,209.51,0.46,0.30,0.28,0.26
1786894890.845,0.51,0.32,208.93,0.53,0.34,0.35,0.32
1786894891.357,0.57,0.31,201.67,0.50,0.30,0.40,0.29
1786894891.861,0.45,0.28,191.29,0.52,0.31,0.30,0.22
1786894892.365,0.67,0.29,202.56,0.55,0.33,0.34,0.38
1786894892.871,0.51,0.29,202.04,0.38,0.30,0.29,0.28
1786894893.376,0.54,0.55,190.92,0.45,0.30,0.27,0.25
1786894893.870,0.47,0.49,192.15,0.64,0.43,0.28,0.28
1786894894.365,0.42,0.29,197.72,0.49,0.32,0.29,0.31
1786894894.866,0.51,0.29,208.19,0.50,0.39,0.37,0.40
1786894895.377,0.61,0.31,198.75,0.47,0.30,0.28,0.24
1786894895.878,0.42,0.30,193.57,0.48,0.30,0.30,0.25
1786894896.374,0.45,0.31,203.52,0.56,1.30,0.35,0.34
1786894896.882,0.47,0.31,209.05,0.48,0.28,0.26,0.27
1786894897.394,0.51,0.33,197.04,0.43,0.51,0.52,0.65
1786894897.895,0.49,0.34,196.14,0.51,0.30,0.28,0.24
1786894898.394,0.51,0.44,193.64,0.52,0.35,0.42,0.29
1786894898.890,0.47,0.31,207.17,0.45,0.32,0.28,0.26
1786894899.400,0.67,0.41,203.45,0.38,0.31,0.31,0.27
1786894899.906,0.45,0.33,191.92,0.51,0.69,0.46,0.54
1786894900.402,0.47,0.27,208.60,0.46,0.30,0.25,0.26
1786894900.913,0.70,0.45,207.25,0.49,0.27,0.19,0.30
1786894901.423,0.49,0.42,202.53,0.50,0.37,0.31,0.34
1786894901.929,0.47,0.34,191.41,0.50,0.31,0.30,0.24
1786894902.423,0.71,0.40,202.58,0.44,0.39,0.38,0.28
1786894902.929,0.51,0.30,192.08,0.52,0.42,0.38,0.36
1786894903.424,0.45,0.31,202.45,0.39,0.27,0.37,0.28
1786894903.929,0.55,0.73,205.92,0.49,0.30,0.29,0.26
1786894904.438,0.55,0.33,196.04,0.45,0.28,0.26,0.31
1786894904.937,0.52,0.44,199.97,0.43,0.32,0.28,0.25
1786894905.439,0.52,0.34,204.25,0.44,0.35,0.27,0.29
1786894905.947,0.47,0.31,194.12,0.50,0.39,0.43,0.40
1786894906.444,0.48,0.33,202.31,0.37,0.26,0.30,0.30
1786894906.949,0.62,0.31,205.35,0.50,0.32,0.30,0.29
1786894907.458,0.49,0.28,203.77,0.41,0.28,0.27,0.26
1786894907.964,0.47,0.43,200.90,0.47,0.33,0.28,0.28
1786894908.467,0.48,0.39,205.17,0.53,0.32,0.32,0.39
1786894908.976,0.55,0.33,201.49,0.37,0.29,0.27,0.26
1786894909.480,0.54,0.29,204.89,0.51,0.32,0.30,0.24
1786894909.987,0.46,0.28,202.27,0.47,0.27,0.27,0.20
1786894910.492,0.49,0.33,197.10,0.62,0.34,0.52,0.33
1786894910.994,0.69,0.32,199.36,0.52,0.33,0.30,0.24
1786894911.496,0.70,0.35,191.43,0.60,0.33,0.30,0.32
1786894911.991,0.58,0.34,195.73,0.45,0.29,0.22,0.23
1786894912.490,0.47,0.31,192.87,0.45,0.30,0.33,0.29
1786894912.984,0.56,0.35,198.56,0.50,0.35,0.33,0.30
1786894913.486,0.53,0.30,196.44,0.54,0.33,0.30,0.31
1786894913.986,0.65,0.41,196.70,0.58,0.50,0.41,0.47
1786894914.486,0.61,0.35,190.79,0.62,0.34,0.29,0.32
1786894914.982,0.48,0.33,196.21,0.60,0.29,0.24,0.27
1786894915.481,0.53,0.26,198.77,0.47,0.27,0.27,0.29
1786894915.982,0.48,0.33,205.85,0.51,0.32,0.29,0.47
1786894916.492,0.66,0.41,202.44,0.48,0.33,0.32,0.43
1786894916.998,0.46,0.34,193.02,0.44,0.31,0.30,0.30
1786894917.493,0.47,0.34,208.26,0.52,0.30,0.31,0.35
1786894918.004,0.52,0.28,195.47,0.50,0.32,0.24,0.30
1786894918.503,0.51,0.33,199.24,0.41,0.30,0.27,0.27
1786894919.004,0.43,0.30,196.99,0.47,0.27,0.26,0.31
1786894919.504,0.49,0.32,206.41,0.52,0.41,0.29,0.33
1786894920.013,0.87,0.33,192.98,0.40,0.28,0.38,0.23
1786894920.509,0.53,0.36,195.07,0.44,0.27,0.27,0.26
1786894921.007,0.57,0.33,196.53,0.55,0.43,0.27,0.33
1786894921.506,0.48,0.48,195.73,0.46,0.26,0.32,0.29
1786894922.009,0.60,0.44,192.45,0.44,0.34,0.31,0.34
1786894922.504,0.51,0.33,210.18,0.52,0.31,0.35,0.32
1786894923.017,0.51,0.33,196.86,0.60,0.37,0.38,0.32
1786894923.517,2.00,0.76,205.28,0.63,0.28,0.23,0.40
1786894924.028,0.69,0.48,192.52,0.51,0.46,0.43,0.40
1786894924.523,0.49,0.34,199.90,0.53,0.39,0.39,0.35
1786894925.026,0.40,0.35,199.98,0.41,0.28,0.27,0.28
1786894925.529,0.70,0.50,209.63,0.77,0.52,1.45,0.46
1786894926.049,0.59,0.41,194.54,0.59,0.46,0.50,0.41
1786894926.548,0.45,0.36,205.15,0.46,0.30,0.28,0.26
1786894927.056,0.58,0.47,205.99,0.43,0.37,0.30,0.28
1786894927.565,0.52,0.35,204.32,0.43,0.26,0.34,0.27
1786894928.072,0.50,0.38,206.76,0.43,0.48,0.36,0.26
1786894928.583,0.55,0.36,198.71,0.52,0.32,0.27,0.24
1786894929.085,0.51,0.30,208.13,0.45,0.30,0.32,0.26
1786894929.595,0.56,0.53,190.77,0.42,0.32,0.28,0.29
1786894930.089,0.51,0.29,199.71,0.51,0.36,0.37,0.43
1786894930.593,0.53,0.35,200.70,0.45,0.35,0.36,0.40
1786894931.096,0.58,0.53,202.86,0.58,0.32,0.28,0.24
1786894931.602,0.60,0.43,197.55,0.56,0.38,0.35,0.38
1786894932.103,0.49,0.32,194.22,0.45,0.27,0.25,0.25
1786894932.600,0.50,0.35,202.65,0.54,0.62,0.34,0.43
1786894933.106,0.56,0.41,200.44,0.44,0.30,0.28,0.35
1786894933.609,0.40,0.36,209.31,0.51,0.26,0.30,0.43
1786894934.123,0.49,0.51,193.32,0.50,0.33,0.32,0.28
1786894934.620,0.48,0.29,198.82,0.52,0.32,0.31,0.31
1786894935.122,0.61,0.33,197.60,0.47,0.31,0.32,0.33
1786894935.623,0.54,0.37,204.27,0.49,0.34,0.34,0.30
1786894936.130,0.51,0.39,209.53,0.48,0.34,0.35,0.50
1786894936.644,0.54,0.40,209.17,0.40,0.33,0.37,0.32
1786894937.162,0.48,0.36,196.79,0.56,0.32,0.47,0.42
1786894937.663,0.47,0.33,209.09,0.43,0.30,0.25,0.26
1786894938.175,0.57,0.66,192.80,0.41,0.28,0.27,0.33
1786894938.671,0.52,0.33,197.49,0.42,0.27,0.31,0.27
1786894939.171,0.46,0.31,201.99,0.42,0.32,0.28,0.22
1786894939.676,0.53,0.33,208.87,0.49,0.36,0.25,0.24
1786894940.188,0.55,0.32,202.21,0.54,0.49,0.34,0.36
1786894940.693,0.56,0.42,194.54,0.46,0.32,0.28,0.36
1786894941.190,0.55,0.32,203.21,0.38,0.32,0.39,0.29
1786894941.696,0.61,0.31,209.65,0.52,0.34,0.25,0.41
1786894942.209,0.45,0.28,195.26,0.43,0.31,0.34,0.28
1786894942.706,0.65,0.49,201.16,0.51,0.31,0.32,0.29
1786894943.210,0.46,0.55,197.59,0.54,0.33,0.50,0.29
1786894943.733,0.57,0.36,207.38,0.58,0.30,0.30,0.35
1786894944.244,0.61,0.36,206.15,0.53,0.36,0.33,0.53
1786894944.754,0.52,0.36,205.81,0.45,0.30,0.31,0.37
1786894945.263,0.68,0.44,200.56,0.58,0.35,0.37,0.53
1786894945.767,0.60,0.33,191.69,0.50,0.52,0.50,0.57
1786894946.263,0.76,0.47,201.81,0.52,0.32,0.33,0.31
1786894946.768,0.50,0.29,194.22,0.51,0.30,0.27,0.28
1786894947.265,0.46,0.30,197.64,0.47,0.32,0.26,0.29
1786894947.768,0.51,0.46,193.37,0.46,0.32,0.27,0.38
1786894948.266,0.64,0.32,207.03,0.51,0.46,0.47,0.35
1786894948.776,0.55,0.33,196.31,0.47,0.33,0.49,0.34
1786894949.275,0.47,0.28,208.49,0.53,0.32,0.27,0.30
1786894949.787,0.52,0.34,192.81,0.50,0.35,0.40,0.33
1786894950.282,0.79,0.33,196.23,0.58,0.30,0.30,0.30
1786894950.782,0.59,0.34,193.28,0.49,0.40,0.28,0.33
1786894951.278,0.61,0.32,192.26,0.52,0.36,0.38,0.28
1786894951.773,0.43,0.32,202.46,0.42,0.30,0.25,0.28
1786894952.278,0.67,0.33,205.51,0.36,0.32,0.28,0.28
1786894952.786,0.48,0.31,207.77,0.56,0.36,0.28,0.30
1786894953.299,0.58,0.34,193.44,0.45,0.29,0.29,0.29
1786894953.795,0.56,0.31,199.50,0.46,0.33,0.29,0.20
1786894954.298,0.45,0.32,206.07,0.50,0.29,0.30,0.31
1786894954.808,0.44,0.29,195.39,0.39,0.32,0.28,0.27
1786894955.305,0.48,0.29,207.03,0.43,0.33,0.38,0.34
1786894955.815,0.46,0.29,199.77,0.56,0.39,0.35,0.40
1786894956.319,0.46,0.33,206.83,0.43,0.28,0.28,0.28
1786894956.828,0.58,0.30,204.54,0.47,0.40,0.50,0.30
1786894957.336,0.44,0.29,194.20,0.53,0.46,0.29,0.31
1786894957.833,0.52,0.28,201.20,0.32,0.43,1.05,0.30
1786894958.340,0.45,0.30,207.88,0.49,0.35,0.37,0.42
1786894958.851,0.57,0.36,203.32,0.42,0.30,0.25,0.24
1786894959.357,0.52,0.33,199.09,0.44,0.34,0.33,0.35
1786894959.861,0.71,0.37,204.49,0.54,0.40,0.54,0.42
1786894960.369,0.55,0.42,205.25,0.53,0.33,0.31,0.26
1786894960.879,0.67,0.36,199.64,0.50,0.32,0.33,0.31
1786894961.382,0.63,0.31,195.99,0.54,0.45,0.46,0.48
1786894961.882,0.46,0.31,192.37,0.53,0.31,0.33,0.23
1786894962.377,0.51,0.36,200.69,0.46,0.32,0.30,0.25
1786894962.881,0.48,0.30,200.10,0.51,0.39,0.28,0.38
1786894963.384,0.44,0.30,202.00,0.44,0.35,0.35,0.28
1786894963.890,0.48,0.36,202.61,0.77,1.06,0.81,0.92
1786894964.399,0.53,0.32,203.32,0.50,0.32,0.29,0.28
1786894964.905,0.51,0.36,209.05,0.40,0.28,0.29,0.32
1786894965.416,0.48,0.31,204.90,0.89,0.77,0.74,0.82
1786894965.927,0.45,0.38,201.22,0.45,0.29,0.25,0.26
1786894966.430,0.42,0.29,199.55,0.90,0.71,0.43,0.32
1786894966.934,0.55,0.38,192.05,0.54,0.37,0.51,0.40
1786894967.430,0.46,0.31,209.41,0.39,0.28,0.27,0.32
1786894967.942,0.44,0.33,207.18,0.51,0.33,0.31,0.27
1786894968.452,0.51,0.31,191.68,0.53,0.33,0.40,0.34
1786894968.947,0.57,0.36,198.06,0.39,0.28,0.30,0.27
1786894969.450,0.54,0.31,192.73,0.50,0.30,0.27,0.37
1786894969.945,0.44,0.32,196.24,0.86,0.42,0.29,0.23
1786894970.445,0.57,0.34,195.62,0.45,0.30,0.26,0.26
1786894970.943,0.54,0.34,198.70,0.54,0.29,0.31,0.26
1786894971.445,0.57,0.33,192.11,0.45,0.26,0.28,0.27
1786894971.940,0.56,0.32,204.05,0.48,0.31,0.28,0.30
1786894972.447,0.50,0.30,201.98,0.52,0.34,0.24,0.31
1786894972.950,0.52,0.37,200.95,0.42,0.28,0.24,0.30
1786894973.454,0.76,0.49,190.87,0.52,0.30,0.27,0.25
1786894973.948,0.55,0.41,198.22,0.91,0.49,0.45,0.63
1786894974.451,0.56,0.33,209.35,0.59,0.46,0.33,0.29
1786894974.963,0.62,0.52,209.98,0.50,0.33,0.30,0.30
1786894975.477,0.48,0.33,206.99,0.45,0.29,0.25,0.29
1786894975.986,0.44,0.32,192.70,0.44,0.32,0.25,0.24
1786894976.482,0.52,0.38,201.66,0.51,0.32,0.43,0.28
1786894976.987,0.64,0.35,210.07,0.51,0.43,0.46,0.36
1786894977.501,0.53,0.37,197.81,0.60,0.36,0.28,0.31
1786894978.002,0.55,0.28,198.47,0.53,0.38,0.39,0.31
1786894978.503,0.48,0.30,197.28,0.40,0.33,0.28,0.29
1786894979.003,0.46,0.30,191.76,0.46,0.31,0.25,0.28
1786894979.498,0.51,0.31,209.29,0.52,0.30,0.38,0.62
1786894980.010,0.46,0.33,207.16,0.41,0.33,0.33,0.40
1786894980.520,0.50,0.49,209.65,0.47,0.36,0.32,0.31
1786894981.033,0.63,0.36,209.76,0.50,0.30,0.27,0.28
1786894981.546,0.47,0.33,208.20,0.48,0.28,0.25,0.25
1786894982.057,0.46,0.35,204.54,0.40,0.31,0.27,0.26
1786894982.564,0.56,0.45,191.46,0.42,0.28,0.30,0.28
1786894983.058,0.64,0.49,205.40,0.49,0.32,0.34,0.31
1786894983.567,0.52,0.29,205.29,0.54,0.35,0.51,0.34
1786894984.075,0.50,0.32,200.12,0.47,0.33,0.30,0.26
1786894984.578,0.55,0.28,192.72,0.44,0.27,0.28,0.25
1786894985.073,0.46,0.31,193.00,0.64,0.38,0.46,0.40
1786894985.569,0.49,0.29,199.64,0.44,0.29,0.37,0.32
1786894986.072,0.54,0.37,202.87,0.51,0.32,0.30,0.38
1786894986.577,0.58,0.34,210.35,0.41,0.26,0.27,0.27
1786894987.090,0.59,0.37,201.29,0.67,0.45,0.43,0.35
1786894987.595,0.54,0.39,193.57,0.61,0.36,0.34,0.35
1786894988.092,0.50,0.35,193.89,0.56,0.44,0.33,0.39
1786894988.590,0.49,0.32,198.41,0.64,0.42,0.36,0.39
1786894989.092,0.58,0.54,203.79,0.44,0.30,0.28,0.28
1786894989.601,0.50,0.31,211.48,1.70,0.43,0.26,0.27
1786894990.119,0.58,0.40,198.99,0.45,0.28,0.29,0.28
1786894990.620,0.50,0.36,200.45,0.60,0.31,0.33,0.32
1786894991.124,0.60,0.32,208.97,0.43,0.27,0.28,0.29
1786894991.636,0.54,5.13,201.94,0.46,0.27,0.24,0.22
1786894992.145,0.53,0.28,193.89,0.45,0.27,0.27,0.24
1786894992.642,0.50,0.30,191.41,0.49,0.32,0.28,0.28
1786894993.136,0.50,0.36,191.79,0.51,0.28,0.33,0.31
1786894993.631,0.55,0.32,203.13,0.53,0.33,0.32,0.28
1786894994.137,0.60,0.40,208.07,0.50,0.29,0.27,0.42
1786894994.648,0.44,0.29,208.47,0.58,0.37,0.31,0.26
1786894995.160,0.54,0.32,207.66,0.50,0.44,0.33,0.34
1786894995.671,0.44,0.44,196.61,0.68,0.44,0.37,0.30
1786894996.171,0.47,0.25,207.31,0.52,0.35,0.35,0.37
1786894996.681,0.56,0.32,190.80,0.53,0.33,0.27,0.44
1786894997.175,0.60,0.40,197.09,0.48,0.32,0.31,0.27
1786894997.675,0.53,0.37,190.44,0.65,0.44,0.30,0.52
1786894998.169,0.53,0.35,194.64,0.55,0.34,0.33,0.37
1786894998.667,0.53,0.38,209.09,0.47,0.31,0.34,0.29
1786894999.179,0.54,0.65,200.44,0.46,0.39,0.32,0.30
1786894999.682,0.70,0.78,203.85,0.57,0.51,0.47,0.46
1786895000.190,0.49,0.36,205.82,0.58,0.43,0.80,0.33
1786895000.699,0.45,0.27,197.25,0.65,0.31,0.33,0.26
1786895001.200,0.73,0.37,194.71,0.51,0.33,0.40,0.30
1786895001.700,0.51,0.36,194.08,1.02,1.12,1.61,0.81
1786895002.200,0.48,0.33,199.12,0.55,0.78,0.37,0.27
1786895002.702,0.60,0.41,197.97,0.56,0.30,0.40,0.53
1786895003.203,0.52,0.49,192.43,0.50,0.33,0.33,0.41
1786895003.709,0.47,0.47,202.70,0.52,0.38,0.73,0.45
1786895004.216,0.52,0.63,202.86,0.58,0.50,0.56,0.43
1786895004.722,0.67,0.35,195.31,0.55,0.37,0.35,0.29
1786895005.221,0.77,0.55,207.66,0.60,0.28,0.27,0.26
1786895005.732,1.17,0.33,194.94,0.51,0.52,0.44,0.41
1786895006.231,0.60,0.37,210.36,0.42,0.30,0.31,0.38
1786895006.744,0.52,7.17,193.28,0.50,0.29,0.28,0.27
1786895007.247,0.52,0.33,207.03,0.50,0.27,0.25,0.29
1786895007.756,0.53,0.37,191.99,0.58,0.34,0.35,0.35
1786895008.251,0.56,0.35,206.00,0.58,0.51,0.43,0.39
1786895008.761,0.47,0.35,209.15,0.50,0.31,0.31,0.29
1786895009.273,0.56,0.38,195.06,0.48,0.31,0.30,0.27
1786895009.770,0.44,0.35,203.13,0.62,0.35,0.33,0.34
1786895010.277,0.53,0.32,204.52,0.42,0.29,0.33,0.25
1786895010.784,0.47,0.35,193.81,0.55,0.40,0.29,0.30
1786895011.280,0.51,0.36,204.75,0.47,0.32,0.27,0.37
1786895011.788,0.51,0.43,196.40,0.57,0.36,0.29,0.32
1786895012.288,0.57,0.36,200.09,0.51,0.27,0.28,0.32
1786895012.791,0.49,0.40,195.30,0.63,0.40,0.28,0.50
1786895013.289,0.54,0.36,199.80,0.48,0.31,0.26,0.32
1786895013.793,0.48,0.35,193.92,0.50,0.35,0.31,0.31
1786895014.290,0.52,0.29,200.66,0.51,0.33,0.25,0.37
1786895014.794,0.65,0.58,209.04,0.60,0.42,0.28,0.35
1786895015.311,0.55,0.33,207.06,0.80,0.63,0.54,0.32
1786895015.824,0.52,0.36,192.37,0.49,0.33,0.30,0.29
1786895016.319,0.55,0.29,197.82,0.44,0.28,0.28,0.29
1786895016.819,0.75,0.46,192.62,0.56,0.31,0.26,0.27
1786895017.315,0.53,0.34,205.27,0.51,0.31,0.32,0.32
1786895017.823,0.49,0.35,205.75,0.54,0.41,0.26,0.31
1786895018.332,0.52,0.32,204.33,0.76,0.56,0.36,0.31
1786895018.839,0.58,0.31,195.07,0.39,0.28,0.31,0.31
1786895019.337,0.50,0.37,198.03,0.50,0.40,0.26,0.28
1786895019.838,0.48,0.35,197.68,0.58,0.33,0.32,0.38
1786895020.339,0.66,0.39,203.68,0.45,0.31,0.29,0.23
1786895020.846,0.71,0.57,199.58,0.51,0.37,0.34,0.30
1786895021.349,0.53,0.32,201.15,0.57,0.37,0.32,0.41
1786895021.854,0.55,0.40,194.19,0.53,0.37,0.35,0.35
1786895022.352,0.57,0.56,204.59,0.97,0.47,0.40,0.33
1786895022.860,0.81,0.43,209.56,0.55,0.37,0.38,0.29
1786895023.373,0.48,0.36,203.57,0.40,0.30,0.29,0.25
1786895023.880,0.49,0.82,205.51,0.57,0.35,0.30,0.37
1786895024.389,0.57,0.37,200.65,0.78,0.96,0.62,0.34
1786895024.894,0.73,0.42,198.57,0.49,0.34,0.27,0.28
1786895025.396,0.67,0.36,200.68,0.57,0.32,0.38,0.37
1786895025.899,0.61,0.37,194.30,0.57,0.29,0.25,0.62
1786895026.397,0.56,0.36,203.41,0.73,0.34,0.35,0.45
1786895026.904,0.54,0.32,191.44,0.51,0.33,0.37,0.28
1786895027.401,0.47,0.39,204.94,0.54,0.32,0.28,0.22
1786895027.908,0.64,0.48,207.41,0.44,0.27,0.32,0.29
1786895028.418,0.41,0.50,205.08,0.50,0.34,0.32,0.49
1786895028.927,0.49,0.32,198.04,0.56,0.34,0.26,0.24
1786895029.427,0.45,0.36,192.88,0.55,0.31,0.30,0.27
1786895029.929,0.48,0.43,201.94,0.75,0.48,0.70,0.60
1786895030.435,0.57,0.48,193.39,0.55,0.33,0.30,0.38
1786895030.932,0.55,0.44,192.09,0.47,0.29,0.38,0.26
1786895031.427,0.57,0.31,209.98,0.50,0.32,0.27,0.31
1786895031.940,0.61,0.34,201.74,0.50,0.27,0.53,0.30
1786895032.445,0.46,0.27,201.88,0.52,0.41,0.33,0.35
1786895032.949,0.57,0.44,203.96,0.62,0.30,0.37,0.38
1786895033.456,0.60,0.34,193.97,0.51,0.32,0.25,0.31
1786895033.953,0.65,0.30,197.63,0.57,0.38,0.29,0.35
1786895034.454,0.60,0.38,191.31,0.63,0.35,0.23,0.43
1786895034.949,0.85,0.89,196.59,0.63,0.48,0.49,0.42
1786895035.450,0.54,0.35,192.62,0.60,0.44,0.32,0.32
1786895035.946,0.62,0.34,206.82,0.52,0.34,0.61,0.40
1786895036.456,0.62,0.47,202.02,0.54,0.44,0.32,0.36
1786895036.962,0.54,0.36,196.84,1.01,0.39,0.39,0.31
1786895037.462,0.59,0.30,196.38,0.55,0.31,0.25,0.24
1786895037.961,0.47,0.31,195.74,0.46,0.36,0.31,0.29
1786895038.460,0.54,0.31,198.63,0.49,0.29,0.29,0.29
1786895038.961,0.47,0.34,193.69,0.52,0.36,0.32,0.39
1786895039.459,0.55,0.32,206.39,0.55,0.35,0.38,0.42
1786895039.968,0.54,0.30,195.11,0.89,0.76,0.86,0.66
1786895040.468,0.43,0.23,201.28,0.63,0.36,0.36,0.36
1786895040.972,0.49,0.29,204.49,0.61,0.55,0.33,0.49
1786895041.480,0.50,0.33,197.67,0.46,0.40,0.26,0.27
1786895041.981,0.56,0.31,207.15,0.54,0.53,0.35,0.34
1786895042.492,0.47,0.27,196.50,0.54,0.34,0.29,0.53
1786895042.992,0.53,0.32,195.17,0.52,0.35,0.34,0.36
1786895043.490,0.53,0.34,209.79,0.54,0.34,0.33,0.34
1786895044.003,0.48,0.28,206.17,0.67,0.56,0.41,0.45
1786895044.513,0.47,0.29,196.82,0.54,0.35,0.37,0.29
1786895045.013,0.55,0.53,190.48,0.53,0.35,0.31,0.29
1786895045.506,0.52,0.29,199.01,0.59,0.36,0.36,0.34
1786895046.009,0.66,0.55,197.61,0.48,0.29,0.26,0.32
1786895046.509,0.48,0.36,194.64,0.50,0.37,0.30,0.27
1786895047.007,0.51,0.39,203.23,0.57,0.34,0.32,0.34
1786895047.513,0.61,0.38,197.07,0.47,0.31,0.28,0.24
1786895048.013,0.47,0.34,195.29,0.56,0.34,0.35,0.35
1786895048.511,0.59,0.33,190.98,0.50,0.33,0.29,0.28
1786895049.006,0.74,0.34,192.00,0.53,0.34,0.33,0.27
1786895049.501,0.56,0.37,200.99,0.46,0.32,0.29,0.24
1786895050.005,0.44,0.35,200.16,0.47,0.28,0.44,0.28
1786895050.508,0.50,0.28,192.36,0.50,0.30,0.29,0.33
1786895051.003,0.56,0.37,207.58,0.55,0.36,0.31,0.39
1786895051.513,0.54,0.35,208.74,0.52,0.31,0.26,0.23
1786895052.025,0.46,0.32,205.86,0.56,0.37,0.35,0.37
1786895052.534,0.50,0.38,191.18,0.53,0.37,0.28,0.47
1786895053.028,0.52,0.46,205.94,0.58,0.31,0.32,0.28
1786895053.537,0.54,0.37,204.33,0.55,0.34,0.31,0.32
1786895054.045,0.54,0.42,193.70,0.58,0.28,0.24,0.28
1786895054.541,0.53,0.55,210.46,0.53,0.34,0.23,0.32
1786895055.055,0.57,0.57,200.94,0.45,0.36,0.23,0.29
1786895055.559,0.64,0.32,191.41,0.48,0.31,0.30,0.24
1786895056.054,0.51,0.56,193.91,0.53,0.33,0.25,0.31
1786895056.551,0.42,0.33,192.86,0.47,0.41,0.26,0.37
1786895057.046,0.66,0.60,203.91,0.82,0.69,0.49,0.32
1786895057.554,0.49,0.57,199.71,0.75,1.00,0.45,0.59
1786895058.059,0.53,0.39,194.67,0.49,0.32,0.33,0.30
1786895058.556,0.55,0.31,201.22,0.44,0.34,0.28,0.30
1786895059.060,0.42,0.30,206.61,0.47,0.30,0.23,0.30
1786895059.569,0.52,0.30,207.58,0.69,0.60,1.17,1.16
1786895060.083,0.58,0.33,209.35,0.50,0.27,0.30,0.29
1786895060.595,0.49,0.49,199.31,0.49,0.32,0.35,0.27
1786895061.097,0.75,0.48,208.25,0.53,0.30,0.24,0.30
1786895061.610,0.53,0.29,201.49,0.48,0.27,0.29,0.27
1786895062.114,0.48,0.58,208.90,0.50,0.29,0.35,0.27
1786895062.625,0.53,0.34,208.49,0.52,0.32,0.31,0.27
1786895063.136,0.46,0.28,193.12,0.59,0.33,0.30,0.28
1786895063.632,0.73,0.40,200.24,0.62,0.35,0.36,0.36
1786895064.136,0.45,0.32,204.55,0.52,0.44,0.33,0.42
1786895064.643,0.59,0.86,192.39,0.47,0.35,0.27,0.65
1786895065.139,0.49,0.52,196.81,0.57,0.34,0.53,0.42
1786895065.640,0.45,0.48,202.54,0.59,0.37,0.63,0.35
1786895066.146,0.48,0.45,202.91,0.43,0.33,0.32,0.30
1786895066.652,0.46,0.28,205.54,0.61,0.39,0.30,0.31
1786895067.160,0.51,0.29,202.34,0.50,0.31,0.35,0.35
1786895067.666,0.59,0.36,209.17,0.66,0.43,0.33,0.33
1786895068.178,0.53,0.28,194.25,0.57,0.30,0.35,0.28
1786895068.676,0.49,0.33,208.52,0.52,0.30,0.33,0.25
1786895069.187,0.54,0.57,208.84,0.53,0.36,0.37,0.34
1786895069.699,0.47,0.33,195.86,0.57,0.34,0.43,0.32
1786895070.198,0.56,0.37,196.03,0.60,0.39,0.34,0.33
1786895070.697,0.47,0.36,202.81,0.51,0.32,0.32,0.33
1786895071.205,0.48,0.43,190.50,0.63,0.41,0.43,0.30
1786895071.699,0.52,0.32,196.63,0.56,0.36,0.31,0.32
1786895072.198,0.49,0.31,199.52,0.55,0.35,0.34,0.29
1786895072.701,0.53,0.42,190.46,0.51,0.28,0.25,0.27
1786895073.196,0.50,0.32,209.00,0.69,0.47,0.28,0.33
1786895073.708,0.50,0.38,210.01,0.56,0.31,0.26,0.26
1786895074.221,0.57,0.28,191.55,0.48,0.31,0.31,0.30
1786895074.717,0.57,0.28,205.09,0.50,0.28,0.28,0.28
1786895075.225,0.63,0.56,203.73,0.49,0.31,0.27,0.31
1786895075.732,0.50,0.34,190.98,0.59,0.36,0.33,0.30
1786895076.226,0.51,0.41,203.43,0.54,0.40,0.34,0.25
1786895076.732,0.52,0.39,197.07,0.52,0.32,0.33,0.26
1786895077.232,0.51,0.32,193.60,0.56,0.30,0.44,0.29
1786895077.729,0.48,0.38,201.55,0.55,0.28,0.31,0.27
1786895078.234,0.50,0.26,191.96,0.73,0.88,0.62,0.78
1786895078.730,0.59,0.58,200.89,0.42,0.29,0.25,0.27
1786895079.234,0.48,0.44,196.74,0.58,0.34,0.34,0.42
1786895079.734,0.52,0.34,204.28,0.43,0.27,0.24,0.25
1786895080.241,0.52,0.31,196.45,0.52,0.26,0.27,0.24
1786895080.740,0.50,0.29,203.19,0.51,0.31,0.27,0.23
1786895081.246,0.56,0.38,201.83,0.44,0.27,0.27,0.24
1786895081.750,0.57,0.54,196.60,0.81,0.78,0.59,0.93
1786895082.252,0.51,0.33,193.51,0.45,0.38,0.31,0.33
1786895082.748,0.53,0.34,194.86,0.46,0.36,0.30,0.31
1786895083.248,0.51,0.34,198.03,0.50,0.30,0.24,0.23
1786895083.748,0.60,0.34,198.33,0.48,0.29,0.26,0.30
1786895084.250,0.59,0.44,198.77,0.46,0.25,0.29,0.24
1786895084.751,0.49,0.32,209.71,0.50,0.30,0.27,0.25
1786895085.264,0.63,0.35,207.04,0.57,0.34,0.32,0.37
1786895085.775,0.53,0.32,208.22,0.48,0.32,0.27,0.26
1786895086.286,0.56,0.45,194.11,0.55,0.47,0.38,0.37
1786895086.783,0.59,0.54,204.38,0.49,0.28,0.30,0.30
1786895087.291,0.49,0.35,207.05,0.37,0.26,0.25,0.26
1786895087.800,0.48,0.34,199.07,0.52,0.33,0.36,0.36
1786895088.302,0.55,0.32,192.04,0.42,0.38,0.31,0.26
1786895088.799,0.70,0.55,206.34,0.53,0.32,0.28,0.26
1786895089.308,0.59,0.58,204.65,0.44,0.38,0.31,0.26
1786895089.819,0.53,0.36,200.86,0.49,0.38,0.29,0.26
1786895090.323,0.57,0.60,194.32,0.74,0.66,0.32,0.35
1786895090.821,0.51,0.33,196.32,0.69,0.59,0.36,0.31
1786895091.321,0.66,0.38,196.54,0.49,0.34,0.36,0.33
1786895091.821,0.52,0.69,190.58,0.52,0.36,0.35,0.34
1786895092.315,0.70,0.65,209.77,0.60,0.32,0.36,0.27
1786895092.829,0.63,0.39,208.91,0.57,0.42,0.36,0.42
1786895093.341,0.62,0.34,200.09,0.63,0.47,0.48,0.49
1786895093.845,0.57,0.31,191.54,0.53,0.41,0.62,0.39
1786895094.340,0.59,0.39,207.28,0.53,0.35,0.28,0.26
1786895094.850,0.58,0.28,194.12,0.51,0.35,0.35,0.31
1786895095.349,0.65,0.35,195.54,0.47,0.31,0.27,0.29
1786895095.847,0.51,0.58,205.26,0.56,0.35,0.35,0.36
1786895096.356,0.56,0.32,207.64,0.54,0.38,0.31,0.40
1786895096.867,0.58,0.33,203.13,0.52,0.34,0.29,0.31
1786895097.374,0.49,0.33,203.83,0.55,0.45,0.41,0.50
1786895097.881,0.65,0.40,199.64,0.64,0.31,0.30,0.26
1786895098.385,0.56,0.40,201.51,0.47,0.42,0.30,0.35
1786895098.889,0.62,0.34,195.70,0.45,0.36,0.29,0.29
1786895099.388,0.47,0.30,196.64,0.67,0.38,0.38,0.45
1786895099.888,0.48,0.27,207.68,0.47,0.37,0.26,0.26
1786895100.398,0.55,0.39,202.14,0.53,0.36,0.35,0.30
1786895100.903,0.49,0.28,200.37,0.55,0.39,0.32,0.30
1786895101.407,0.63,0.35,202.55,0.53,0.35,0.35,0.32
1786895101.913,0.46,0.35,193.83,0.49,0.34,0.30,0.28
1786895102.410,0.50,0.59,196.17,0.50,0.32,0.25,0.29
1786895102.909,0.54,0.26,199.50,0.50,0.28,0.35,0.31
1786895103.411,0.44,0.27,201.67,0.64,0.39,0.34,0.30
1786895103.916,0.48,0.33,190.63,0.53,0.44,0.42,0.39
1786895104.410,0.53,0.34,199.75,0.57,0.31,0.38,0.38
1786895104.914,0.46,0.36,206.63,0.52,0.36,0.37,0.39
1786895105.424,0.56,0.30,191.98,0.61,0.42,0.35,0.32
1786895105.920,0.55,0.75,198.92,0.86,0.31,0.28,0.23
1786895106.423,0.56,0.32,205.53,0.44,0.28,0.26,0.29
1786895106.931,0.55,0.39,206.22,0.46,0.32,0.26,0.26
1786895107.440,0.64,0.37,190.86,0.51,0.35,0.34,0.23
1786895107.935,0.48,0.58,196.15,0.53,0.29,0.32,0.29
1786895108.434,0.52,0.38,198.71,0.46,0.32,0.30,0.26
1786895108.936,0.45,0.32,209.91,0.61,0.49,0.50,0.43
1786895109.449,0.58,0.38,207.27,0.49,0.31,0.24,0.27
1786895109.959,0.58,0.43,206.10,0.52,0.34,0.30,0.33
1786895110.469,0.54,0.33,195.82,0.51,0.36,0.34,0.35
1786895110.968,0.56,0.36,209.10,0.53,0.34,0.33,0.30
1786895111.480,0.46,0.34,199.97,0.51,0.38,0.28,0.31
1786895111.982,0.46,0.34,203.03,0.50,0.37,0.35,0.35
1786895112.490,0.47,0.37,201.05,0.52,0.34,0.47,0.38
1786895112.994,0.55,0.31,207.13,0.56,0.40,0.45,0.40
1786895113.505,0.62,0.38,197.50,0.49,0.32,0.32,0.32
1786895114.006,0.56,0.33,207.11,0.51,0.31,0.26,0.28
1786895114.516,0.58,0.38,199.36,0.54,0.36,0.36,0.45
1786895115.018,0.59,0.28,201.28,0.57,0.38,0.35,0.34
1786895115.523,0.62,0.30,203.47,0.66,0.40,0.31,0.67
1786895116.031,0.73,0.36,194.53,0.55,0.29,0.29,0.28
1786895116.529,0.43,0.27,209.20,0.76,0.44,0.44,0.38
1786895117.041,0.49,0.32,206.77,0.59,0.32,0.29,0.33
1786895117.553,0.55,0.43,207.69,0.53,0.38,0.31,0.42
1786895118.065,0.48,0.47,196.74,0.57,0.38,0.43,0.45
1786895118.565,0.56,0.37,190.75,0.60,0.38,0.34,0.37
1786895119.060,0.75,0.47,193.22,0.47,0.35,0.31,0.36
1786895119.556,0.46,0.41,194.38,0.54,0.33,0.65,0.43
1786895120.054,0.50,0.28,192.47,0.51,0.33,0.29,0.37
1786895120.551,0.51,0.28,208.85,0.60,0.39,0.31,0.34
1786895121.063,0.58,0.35,201.17,0.55,0.32,0.30,0.32
1786895121.569,0.46,0.36,191.72,0.47,0.29,0.40,0.35
1786895122.076,0.51,0.30,208.82,0.50,0.33,0.36,0.28
1786895122.590,0.58,0.35,192.80,0.55,0.35,0.35,0.31
1786895123.086,0.59,0.75,204.51,0.55,0.35,0.30,0.30
1786895123.594,0.50,0.38,204.40,0.66,0.30,0.31,0.25
1786895124.102,0.59,0.34,195.11,0.50,0.41,0.23,0.24
1786895124.599,0.52,0.35,197.23,0.57,0.51,0.29,0.34
1786895125.101,0.52,0.36,196.78,0.51,0.43,0.36,0.30
1786895125.601,0.64,0.43,192.23,0.70,0.37,0.26,0.47
1786895126.096,0.52,0.31,196.05,0.52,0.36,0.28,0.27
1786895126.595,0.42,0.31,200.43,0.66,0.36,0.31,0.25
1786895127.099,0.49,0.34,192.00,0.61,0.34,0.28,0.25
1786895127.594,0.51,0.35,195.08,0.63,0.43,0.75,0.52
1786895128.093,0.61,0.35,202.47,0.66,0.35,0.27,0.26
1786895128.598,0.56,0.32,203.99,0.58,0.46,0.31,0.49
1786895129.106,0.53,0.39,197.39,0.65,0.32,0.28,0.25
1786895129.606,0.70,0.31,197.92,0.78,0.66,0.98,0.42
1786895130.109,0.50,0.35,209.81,0.46,0.28,0.26,0.27
1786895130.621,0.54,0.81,201.89,0.63,0.37,0.47,0.35
1786895131.128,0.58,0.32,201.74,0.52,0.37,0.31,0.31
1786895131.633,0.61,0.35,191.12,0.50,0.33,0.24,0.25
1786895132.127,0.52,0.38,206.85,0.56,0.37,0.33,0.36
1786895132.636,0.70,0.35,207.39,0.72,0.47,0.39,0.24
1786895133.148,0.49,0.60,197.31,0.51,0.39,0.32,0.35
1786895133.649,0.62,0.67,205.40,0.74,0.55,0.55,0.36
1786895134.159,0.56,0.39,193.17,0.54,0.34,0.32,0.28
1786895134.656,0.65,0.49,207.46,0.52,0.47,0.28,0.29
1786895135.166,0.57,0.38,199.56,0.46,0.42,0.33,0.33
1786895135.669,0.52,0.35,208.93,0.44,0.29,0.31,0.41
1786895136.181,0.62,0.33,203.69,0.52,0.33,0.44,0.31
1786895136.688,0.65,0.46,202.24,0.54,0.34,0.38,0.36
1786895137.193,0.46,0.30,204.23,0.51,0.33,0.35,0.58
1786895137.701,0.53,0.35,207.04,0.55,0.34,0.40,0.48
1786895138.211,0.52,0.41,203.31,0.52,0.36,0.37,0.30
1786895138.717,0.53,0.60,195.60,0.50,0.33,0.31,0.34
1786895139.216,0.67,0.57,209.45,0.46,0.28,0.33,0.23
1786895139.728,0.52,0.39,199.58,0.51,0.35,0.35,0.40
1786895140.232,0.61,0.30,196.78,0.54,0.34,0.34,0.34
1786895140.732,0.49,0.33,203.67,0.58,0.32,0.29,0.50
1786895141.239,0.54,0.35,192.50,0.56,0.35,0.50,0.27
1786895141.735,0.54,0.36,195.50,0.48,0.41,0.42,0.34
1786895142.233,0.56,0.60,203.82,0.56,0.32,0.33,0.31
1786895142.740,0.54,0.31,207.59,0.53,0.35,0.31,0.31
1786895143.251,0.49,0.39,202.51,0.43,0.29,0.24,0.25
1786895143.759,0.54,0.41,193.52,0.50,0.36,0.28,0.41
1786895144.255,0.62,0.39,209.70,0.54,0.35,0.30,0.28
1786895144.768,0.53,0.33,207.00,0.58,0.42,0.38,0.29
1786895145.278,0.66,0.35,202.74,0.49,0.29,0.31,0.32
1786895145.785,0.58,0.38,199.23,0.62,0.39,0.35,0.63
1786895146.288,0.56,0.31,209.37,0.54,0.36,0.32,0.31
1786895146.800,0.54,0.58,206.42,0.56,0.36,0.33,0.41
1786895147.310,0.54,0.30,207.14,0.62,0.29,0.29,0.22
1786895147.820,0.48,0.43,203.59,0.49,0.39,0.32,0.32
1786895148.326,0.46,0.34,203.51,0.43,0.32,0.31,0.30
1786895148.833,0.49,0.30,206.37,0.40,0.28,0.26,0.27
1786895149.341,0.51,0.48,205.20,0.44,0.29,0.28,0.26
1786895149.850,0.57,0.49,206.00,0.52,0.45,0.42,0.49
1786895150.360,0.59,0.38,199.18,0.49,0.33,0.31,0.25
1786895150.862,0.44,0.44,193.71,0.61,0.33,0.32,0.37
1786895151.358,0.59,0.34,192.11,0.68,0.41,0.27,0.48
1786895151.854,0.59,0.42,195.08,0.50,0.28,0.27,0.25
1786895152.352,0.48,0.35,200.93,0.56,0.37,0.28,0.38
1786895152.855,0.59,0.34,205.34,0.52,0.28,0.31,0.37
1786895153.363,0.60,0.37,209.68,0.58,0.36,0.29,0.30
1786895153.876,0.54,0.34,198.59,0.55,0.52,0.35,0.30
1786895154.377,0.54,0.31,209.66,0.56,0.35,0.25,0.30
1786895154.890,0.57,0.60,200.34,0.57,0.29,0.24,0.27
1786895155.393,0.53,0.49,193.59,0.56,0.33,0.24,0.32
1786895155.890,0.62,0.37,193.70,0.50,0.30,0.29,0.35
1786895156.387,0.47,0.36,202.04,0.60,0.46,0.37,0.43
1786895156.892,0.61,0.38,202.67,0.50,0.31,0.30,0.30
1786895157.398,0.67,0.63,210.16,0.57,0.31,0.29,0.32
1786895157.911,0.71,0.33,198.66,0.55,0.45,0.39,0.38
1786895158.423,0.53,0.30,198.16,0.55,0.36,0.29,0.31
1786895158.924,0.50,0.33,195.43,0.47,0.30,0.25,0.29
1786895159.422,0.63,0.31,202.58,0.52,0.34,0.26,0.24
1786895159.927,0.95,0.66,191.28,0.92,0.36,0.30,0.33
1786895160.423,0.45,0.33,196.29,0.45,0.37,0.28,0.26
1786895160.922,0.47,0.41,194.74,0.50,0.33,0.39,0.36
1786895161.420,0.60,0.32,191.40,0.68,0.44,0.43,0.43
1786895161.915,0.51,0.33,199.62,0.52,0.36,0.37,0.61
1786895162.418,0.49,0.40,192.42,0.64,0.36,0.35,0.32
1786895162.913,0.52,0.34,195.72,0.87,0.81,0.90,0.70
1786895163.415,0.56,0.42,198.82,0.56,0.35,0.33,0.35
1786895163.917,0.47,0.49,198.97,0.54,0.36,0.28,0.70
1786895164.419,0.73,0.34,205.67,0.53,0.32,0.29,0.27
1786895164.928,0.60,0.29,204.97,0.82,0.37,0.30,0.36
1786895165.436,0.47,0.28,208.17,0.79,0.79,1.94,0.63
1786895165.951,0.46,0.27,199.30,0.54,0.44,0.31,0.37
1786895166.453,0.51,0.28,207.91,0.79,0.34,0.28,0.35
1786895166.964,0.52,0.26,205.37,0.61,0.49,0.43,0.42
1786895167.474,0.50,0.29,206.69,0.60,0.44,0.42,0.38
1786895167.983,0.53,0.30,209.20,0.56,0.30,0.36,0.27
1786895168.497,0.53,0.30,197.44,0.69,0.53,0.48,0.50
1786895168.998,0.43,0.31,206.14,0.47,0.33,0.30,0.28
1786895169.507,0.53,0.36,207.22,0.56,0.37,0.34,0.58
1786895170.019,0.52,0.30,199.23,0.48,0.32,0.25,0.23
1786895170.521,0.54,0.30,204.57,0.65,0.39,0.46,0.62
1786895171.029,0.58,0.36,193.79,0.50,0.36,0.26,0.29
1786895171.526,0.60,0.29,193.83,0.52,0.33,0.32,0.49
1786895172.022,0.55,0.29,196.46,0.51,0.32,0.32,0.32
1786895172.522,0.47,0.30,197.91,0.55,0.35,0.34,0.32
1786895173.023,0.56,0.30,191.52,0.62,0.49,0.45,0.45
1786895173.518,0.55,0.33,210.13,0.64,0.49,0.42,0.44
1786895174.033,0.50,0.37,199.85,0.54,0.38,0.39,0.65
1786895174.536,0.51,2.08,195.57,0.48,0.35,0.28,0.25
1786895175.037,0.50,0.36,209.50,0.46,0.31,0.29,0.29
1786895175.551,0.49,0.38,210.42,0.55,0.32,0.40,0.27
1786895176.065,0.54,0.60,208.81,0.48,0.35,0.35,0.28
1786895176.577,0.40,0.30,207.14,0.46,0.35,0.38,0.30
1786895177.088,0.61,0.58,203.74,0.53,0.35,0.39,0.34
1786895177.596,0.48,0.35,198.16,0.47,0.32,0.28,0.27
1786895178.097,0.46,0.32,201.27,0.47,0.32,0.35,0.43
1786895178.601,0.60,0.41,202.99,0.76,0.37,0.51,0.43
1786895179.108,0.47,0.28,202.40,0.61,0.38,0.38,0.33
1786895179.613,0.91,0.58,203.53,0.49,0.27,0.33,0.26
1786895180.120,0.55,0.33,192.56,0.46,0.30,0.37,0.25
1786895180.616,0.76,0.42,194.22,0.49,0.36,0.36,0.31
1786895181.113,0.59,0.33,196.56,0.52,0.41,0.36,0.33
1786895181.613,0.61,0.31,204.14,0.62,0.33,0.30,0.25
1786895182.120,1.01,0.41,210.29,0.67,0.34,0.78,0.29
1786895182.634,0.59,0.33,192.95,0.45,0.32,0.31,0.27
1786895183.131,0.51,0.33,200.44,0.52,0.35,0.34,0.31
1786895183.634,0.66,0.35,192.52,1.49,1.11,0.59,0.62
1786895184.132,0.53,0.28,196.18,0.54,0.30,0.24,0.24
1786895184.631,0.56,0.46,208.45,0.49,0.30,0.26,0.34
1786895185.143,0.59,0.34,198.48,0.49,0.29,0.27,0.31
1786895185.644,0.46,0.35,196.07,0.71,1.16,1.01,0.58
1786895186.146,0.54,0.51,197.16,0.44,0.27,0.26,0.21
1786895186.646,0.43,0.29,193.40,0.56,0.48,0.32,0.33
1786895187.142,0.46,0.34,201.95,0.43,0.60,0.32,0.25
1786895187.653,0.46,0.69,204.00,0.62,0.51,0.38,0.41
1786895188.161,0.47,0.41,197.88,0.53,0.31,0.28,0.28
1786895188.662,0.53,0.36,194.72,0.52,0.35,0.33,0.30
1786895189.160,0.42,0.33,193.16,0.69,0.36,0.25,0.43
1786895189.656,0.52,0.32,199.36,0.73,0.70,0.34,0.35
1786895190.159,0.55,0.33,201.51,0.92,0.57,0.29,0.25
1786895190.664,0.53,1.41,208.51,0.51,0.57,0.33,0.33
1786895191.177,0.65,0.41,194.28,0.52,0.37,0.40,0.31
1786895191.676,0.51,0.50,208.85,0.61,0.45,0.41,0.50
1786895192.188,0.47,0.27,206.82,0.41,0.30,0.25,0.26
1786895192.697,0.55,0.48,209.61,0.63,0.56,0.45,0.31
1786895193.211,0.59,0.49,209.06,0.50,0.36,0.38,0.26
1786895193.723,0.63,0.36,210.17,0.45,0.33,0.28,0.42
1786895194.236,0.62,0.36,192.39,0.55,0.39,0.40,0.26
1786895194.732,0.54,0.34,194.08,0.52,0.40,0.41,0.30
1786895195.229,0.64,0.35,209.09,0.47,0.30,0.30,0.24
1786895195.741,0.50,0.36,202.54,0.48,0.33,0.32,0.30
1786895196.246,0.55,0.31,194.61,0.56,0.31,0.23,0.25
1786895196.743,0.49,0.37,194.54,0.51,0.39,0.30,0.26
1786895197.241,0.65,0.61,198.64,0.51,0.31,0.30,0.34
1786895197.743,0.50,0.36,199.82,0.55,0.49,0.31,0.27
1786895198.246,0.48,0.58,192.38,0.72,0.42,0.44,0.51
1786895198.743,0.54,0.41,203.41,0.48,0.29,0.39,0.27
1786895199.249,0.47,0.31,194.71,0.87,2.50,0.63,0.33
1786895199.750,0.56,0.49,207.81,0.55,0.55,0.67,0.55
1786895200.263,0.52,0.42,202.38,0.69,0.36,0.37,0.82
1786895200.769,0.62,0.62,198.98,0.73,0.42,0.32,0.28
1786895201.272,0.61,0.35,198.20,0.51,0.36,0.34,0.24
1786895201.773,0.49,0.39,207.67,0.60,0.31,0.34,0.31
1786895202.284,0.53,0.54,206.30,0.62,0.34,0.35,0.29
1786895202.795,0.48,0.34,193.85,0.63,0.32,0.43,0.28
1786895203.292,0.59,0.33,206.74,0.59,0.34,0.44,0.32
1786895203.802,0.49,0.34,208.60,0.75,0.67,0.68,0.96
1786895204.317,0.45,0.33,198.11,0.84,0.67,0.92,0.74
1786895204.819,0.83,0.41,210.19,0.45,0.33,0.28,0.27
1786895205.333,0.65,0.45,191.79,0.46,0.34,0.32,0.32
1786895205.827,0.55,0.29,204.35,0.43,0.29,0.23,0.32
1786895206.334,0.53,0.36,191.37,0.46,0.29,0.29,0.28
1786895206.828,0.72,0.45,204.77,0.51,0.31,0.27,0.29
1786895207.336,0.67,0.34,192.91,0.49,0.33,0.32,0.31
1786895207.832,0.56,0.30,201.10,0.55,0.34,0.32,0.28
1786895208.335,0.49,0.37,196.34,0.48,0.41,0.37,0.52
1786895208.843,0.45,0.41,203.42,0.39,0.32,0.28,0.27
1786895209.349,0.50,0.37,197.40,0.49,0.34,0.34,0.29
1786895209.849,0.53,0.51,209.14,0.58,0.34,0.32,0.90
1786895210.367,0.55,0.55,205.00,2.37,1.42,1.67,1.01
1786895210.880,0.58,0.36,198.43,0.48,0.31,0.30,0.29
1786895211.381,0.55,0.31,192.93,0.45,0.30,0.26,0.23
1786895211.877,0.65,0.38,209.05,0.51,0.32,0.32,0.26
1786895212.389,0.56,0.43,201.37,0.56,0.34,0.38,0.31
1786895212.893,0.56,0.29,198.12,0.48,0.33,0.30,0.23
1786895213.393,0.65,0.38,203.64,0.52,0.33,0.30,0.27
1786895213.900,0.57,0.39,190.97,0.57,0.40,0.28,0.24
1786895214.394,0.54,0.36,206.85,0.58,0.31,0.28,0.26
1786895214.903,0.59,0.31,206.67,0.55,0.30,0.39,0.26
1786895215.413,0.65,0.37,209.84,0.53,0.33,0.29,0.42
1786895215.926,0.56,0.47,205.99,0.49,0.28,0.48,0.27
1786895216.435,0.56,0.32,191.54,0.48,0.31,0.35,0.40
1786895216.933,0.58,0.41,192.27,0.58,0.35,0.33,0.38
1786895217.431,0.52,0.28,207.00,0.49,0.33,0.30,0.26
1786895217.941,0.51,0.33,198.16,0.47,0.35,0.26,0.21
1786895218.442,0.59,0.33,201.29,0.51,0.28,0.34,0.26
1786895218.946,0.60,0.30,193.35,0.42,0.46,0.30,0.27
1786895219.442,0.50,0.33,206.97,0.57,0.36,0.46,0.30
1786895219.952,0.66,0.36,206.66,0.82,0.71,0.81,0.67
1786895220.464,1.12,1.99,197.53,0.53,0.34,0.36,0.58
1786895220.967,0.44,0.52,208.98,0.42,0.32,0.30,0.43
1786895221.479,0.49,0.31,196.50,0.56,0.39,0.27,0.38
1786895221.978,0.55,0.30,206.57,0.55,0.33,0.31,0.46
1786895222.488,0.56,0.37,192.10,0.57,0.42,0.35,0.34
1786895222.983,0.49,0.49,201.62,0.55,0.57,0.44,0.48
1786895223.489,0.52,0.34,207.24,0.52,0.39,0.45,0.32
1786895223.999,2.00,2.50,198.15,0.57,0.55,0.62,0.41
1786895224.505,0.67,0.68,191.12,0.47,0.34,0.29,0.30
1786895225.000,0.53,0.31,191.26,0.69,0.37,0.44,0.29
1786895225.494,0.50,0.33,198.53,0.52,0.35,0.33,0.33
1786895225.996,0.54,0.71,194.63,0.46,0.28,0.30,0.24
1786895226.493,0.56,0.34,192.68,0.44,0.33,0.26,0.22
1786895226.989,0.51,0.36,195.80,0.46,0.31,0.25,0.28
1786895227.487,0.49,0.35,195.15,0.44,0.33,0.25,0.30
1786895227.985,0.45,0.27,195.36,0.57,0.37,0.36,0.36
1786895228.484,0.62,0.32,194.00,0.44,0.27,0.28,0.47
1786895228.980,0.71,0.29,199.03,0.47,0.28,0.36,0.37
1786895229.483,0.55,0.43,208.98,0.45,0.29,0.29,0.24
1786895229.995,0.47,0.30,202.42,0.64,0.42,0.30,0.34
1786895230.500,0.70,0.37,202.47,0.44,0.32,0.31,0.26
1786895231.005,0.53,0.33,209.25,0.52,0.33,0.32,0.25
1786895231.517,0.46,0.30,199.57,0.44,0.29,0.25,0.23
1786895232.019,0.49,0.34,206.82,0.53,0.34,0.29,0.35
1786895232.529,0.48,0.33,193.48,0.54,0.28,0.25,0.32
1786895233.025,0.70,0.57,196.74,0.44,0.36,0.28,0.35
1786895233.525,0.58,0.33,191.80,0.46,0.32,0.27,0.24
1786895234.020,0.51,0.37,193.68,0.48,0.38,0.39,0.32
1786895234.517,0.46,0.50,195.69,0.52,0.35,0.31,0.26
1786895235.015,0.58,0.35,193.67,0.53,0.29,0.30,0.28
1786895235.512,0.46,0.45,205.11,0.59,0.43,0.48,0.30
1786895236.020,0.58,0.59,203.45,0.48,0.35,0.30,0.43
1786895236.527,0.49,0.46,205.73,0.48,0.30,0.28,0.29
1786895237.036,0.47,0.39,198.55,0.47,0.34,0.38,0.37
1786895237.537,0.49,0.29,205.56,0.45,0.36,0.28,0.27
1786895238.045,0.49,0.35,201.12,0.55,0.34,0.31,0.39
1786895238.552,0.44,0.41,203.20,0.51,0.30,0.23,0.32
1786895239.058,0.42,0.26,190.68,0.51,0.31,0.29,0.38
1786895239.552,0.50,0.34,205.79,0.54,0.35,0.41,0.33
1786895240.061,0.48,0.37,206.82,0.46,0.34,0.28,0.26
1786895240.570,0.44,0.44,205.27,0.52,0.36,0.32,0.34
1786895241.078,0.48,0.40,194.91,0.51,0.35,0.36,0.39
1786895241.577,0.42,0.33,200.92,0.52,0.34,0.35,0.31
1786895242.081,0.53,0.29,199.25,0.46,0.35,0.36,0.31
1786895242.582,0.66,0.60,202.49,0.51,0.26,0.22,0.26
1786895243.087,0.54,0.37,193.23,0.49,0.32,0.30,0.25
1786895243.583,0.52,0.33,201.51,0.56,0.39,0.32,0.28
1786895244.090,0.61,0.40,204.55,0.47,0.31,0.29,0.27
1786895244.597,0.62,0.39,194.98,0.47,0.56,0.29,0.34
1786895245.095,0.56,0.38,208.17,0.43,0.31,0.30,0.32
1786895245.606,0.60,0.36,201.07,0.68,0.33,0.31,0.33
1786895246.110,0.61,0.35,193.25,0.57,0.43,0.41,0.44
1786895246.607,0.61,0.47,209.21,0.54,0.37,0.32,0.32
1786895247.120,0.54,0.34,195.09,0.43,0.33,0.28,0.28
1786895247.617,0.50,0.34,193.08,0.58,0.36,0.53,0.43
1786895248.114,0.55,0.40,200.51,0.50,0.31,0.27,0.37
1786895248.619,0.65,0.37,197.24,0.55,0.35,0.34,0.40
1786895249.120,0.40,0.26,201.65,0.42,0.32,0.29,0.29
1786895249.624,0.54,0.32,208.31,0.44,0.29,0.28,0.24
1786895250.134,0.60,0.52,202.24,0.51,0.31,0.30,0.29
1786895250.640,0.54,0.33,201.53,0.52,0.38,0.33,0.29
1786895251.144,0.51,0.36,198.64,0.49,0.30,0.30,0.28
1786895251.646,0.48,0.28,205.64,0.45,0.34,0.30,0.23
1786895252.154,0.52,0.28,193.66,0.43,0.33,0.27,0.30
1786895252.650,0.50,0.33,192.74,0.44,0.32,0.26,0.31
1786895253.146,0.46,0.30,199.70,0.53,0.35,0.46,0.33
1786895253.648,0.48,0.29,208.34,0.61,0.43,0.36,0.33
1786895254.160,0.45,0.27,194.73,0.47,0.32,0.28,0.24
1786895254.660,0.57,0.31,206.44,0.53,0.32,0.42,0.30
1786895255.169,0.53,0.31,209.75,0.55,0.40,0.36,0.41
1786895255.682,0.49,0.35,198.63,0.54,0.50,0.32,0.38
1786895256.184,0.51,0.30,198.49,0.60,0.34,0.33,0.36
1786895256.685,0.48,0.32,196.48,0.51,0.38,0.30,0.27
1786895257.184,0.46,0.32,203.16,0.51,0.44,0.30,0.28
1786895257.690,0.53,0.36,203.36,0.49,0.39,0.32,0.32
1786895258.198,0.68,0.38,204.72,0.53,0.34,0.30,0.33
1786895258.706,0.47,0.32,195.53,0.44,0.34,0.28,0.32
1786895259.205,0.48,0.38,194.98,0.54,0.30,0.26,0.27
1786895259.703,0.55,0.36,207.63,0.51,0.29,0.26,0.27
1786895260.213,0.47,0.36,209.46,0.52,0.36,0.32,0.33
1786895260.726,0.57,0.32,197.41,0.51,0.37,0.42,0.50
1786895261.227,0.60,0.35,205.50,0.42,0.30,0.27,0.22
1786895261.735,0.62,0.74,197.35,0.45,0.35,0.35,0.33
1786895262.236,0.52,0.32,205.38,0.44,0.29,0.26,0.28
1786895262.744,0.58,0.33,197.17,0.45,0.35,0.37,0.43
1786895263.254,0.51,0.38,201.80,0.51,0.40,0.31,0.28
1786895263.759,0.49,0.33,195.13,0.64,0.35,0.47,0.41
1786895264.258,0.55,0.33,206.87,0.47,0.32,0.28,0.26
1786895264.767,0.59,0.30,199.74,0.39,0.32,0.25,0.27
1786895265.269,0.58,0.35,201.72,0.50,0.31,0.40,0.32
1786895265.774,0.49,0.31,205.76,0.41,0.30,0.27,0.25
1786895266.282,0.57,0.45,196.37,0.71,0.31,0.30,0.33
1786895266.783,0.51,0.30,208.93,0.75,0.53,0.42,0.87
1786895267.297,0.61,0.32,208.41,0.52,0.32,0.33,0.31
1786895267.808,0.51,0.33,205.05,0.64,0.55,0.49,0.60
1786895268.317,0.49,0.39,192.20,0.68,0.47,0.43,0.47
1786895268.813,0.40,0.31,190.65,0.44,0.34,0.32,0.29
1786895269.306,0.50,0.36,190.87,0.49,0.35,0.31,0.32
1786895269.801,0.47,0.32,202.54,0.44,0.31,0.29,0.26
1786895270.306,0.53,0.31,201.90,0.55,0.35,0.30,0.27
1786895270.811,0.45,0.40,208.02,0.51,0.39,0.35,0.31
1786895271.322,0.53,0.32,192.38,0.59,0.38,0.29,0.29
1786895271.818,0.50,0.42,205.69,0.47,0.33,0.34,0.25
1786895272.327,0.68,0.39,193.06,0.82,0.38,0.35,0.39
1786895272.823,0.48,0.33,203.86,0.63,0.46,0.34,0.36
1786895273.330,0.64,0.47,197.99,0.55,0.32,0.32,0.45
1786895273.831,0.57,0.35,198.53,0.49,0.27,0.25,0.23
1786895274.332,0.62,0.46,207.15,0.39,0.31,0.27,0.25
1786895274.842,0.49,0.29,194.54,0.55,0.38,0.35,0.26
1786895275.340,0.50,0.34,205.87,0.45,0.31,0.25,0.26
1786895275.848,0.44,0.30,193.70,0.47,0.34,0.28,0.25
1786895276.344,0.46,0.33,197.99,0.56,0.40,0.31,0.33
1786895276.845,0.57,0.37,201.28,0.49,0.33,0.32,0.27
1786895277.349,0.50,0.41,194.65,0.52,0.36,0.38,0.32
1786895277.847,0.44,0.34,207.48,0.44,0.29,0.31,0.24
1786895278.357,0.43,0.35,201.24,0.48,0.32,0.30,0.40
1786895278.862,0.59,0.37,205.57,0.45,0.31,0.28,0.25
1786895279.370,0.51,0.28,190.90,0.57,0.36,0.37,0.31
1786895279.863,0.68,0.34,198.68,0.47,0.45,0.29,0.28
1786895280.365,0.55,0.41,202.73,0.57,0.35,0.38,0.41
1786895280.871,0.59,0.34,201.25,0.54,0.51,0.33,0.32
1786895281.376,0.53,0.36,205.79,0.51,0.29,0.29,0.29
1786895281.884,0.54,0.34,201.44,0.47,0.44,0.38,0.64
1786895282.391,0.58,0.33,205.60,0.46,0.34,0.32,0.37
1786895282.899,0.50,0.30,206.74,0.69,0.42,0.61,0.33
1786895283.410,0.51,0.38,205.73,0.42,0.31,0.27,0.29
1786895283.918,0.53,0.31,201.27,1.18,0.89,1.05,0.65
1786895284.429,0.50,0.63,206.05,0.53,0.46,0.34,0.30
1786895284.938,0.58,0.33,203.20,0.50,0.34,0.27,0.21
1786895285.444,0.53,0.36,202.28,0.81,0.35,0.28,0.28
1786895285.950,0.46,0.36,193.90,0.49,0.33,0.23,0.22
1786895286.446,0.50,0.39,200.45,0.44,0.31,0.35,0.41
1786895286.949,0.57,0.41,203.00,0.54,0.35,0.31,0.29
1786895287.455,0.54,0.30,199.95,0.45,0.32,0.34,0.31
1786895287.958,0.60,0.35,194.67,0.51,0.30,0.31,0.30
1786895288.456,0.51,0.33,204.74,0.44,0.33,0.35,0.34
1786895288.963,0.51,0.35,206.83,0.37,0.31,0.30,0.29
1786895289.473,0.53,0.34,205.12,0.52,0.33,0.28,0.30
1786895289.981,0.52,0.37,192.36,0.64,0.36,0.36,0.32
1786895290.477,1.00,0.58,191.94,0.45,0.25,0.23,0.29
1786895290.972,0.60,0.35,195.86,0.56,0.34,0.30,0.29
1786895291.471,0.43,0.30,191.16,0.42,0.27,0.26,0.24
1786895291.964,0.55,0.39,201.61,0.46,0.26,0.35,0.25
1786895292.472,0.45,0.32,201.03,0.55,0.35,0.37,0.33
1786895292.977,0.54,0.37,196.34,0.56,0.34,0.30,0.25
1786895293.476,0.52,0.33,200.20,0.49,0.42,0.58,0.34
1786895293.981,0.84,0.53,198.38,0.42,0.33,0.27,0.28
1786895294.483,0.49,0.37,208.86,0.54,0.44,0.42,0.34
1786895294.995,0.42,0.31,205.74,0.65,0.37,0.44,0.39
1786895295.504,0.55,0.36,205.84,0.62,0.31,0.28,0.28
1786895296.013,0.46,0.28,195.87,0.60,0.33,0.29,0.28
1786895296.511,0.75,0.46,209.59,0.48,0.29,0.29,0.34
1786895297.024,0.50,0.44,209.52,0.80,0.61,0.44,0.39
1786895297.537,0.54,0.35,206.98,0.47,0.26,0.26,0.23
1786895298.047,0.48,0.30,208.82,0.45,0.29,0.27,0.26
1786895298.558,0.65,0.32,201.77,0.53,0.31,0.27,0.31
1786895299.063,0.58,0.31,209.68,0.43,0.47,0.37,0.38
1786895299.576,0.60,0.34,200.10,0.49,0.31,0.29,0.26
1786895300.079,0.49,0.34,206.75,0.50,0.33,0.26,0.28
1786895300.588,0.58,0.36,204.18,0.53,0.39,0.32,0.27
1786895301.095,0.46,0.50,193.94,0.58,0.44,0.51,0.45
1786895301.593,0.64,0.41,197.06,0.53,0.39,0.30,0.32
1786895302.093,0.52,0.44,199.58,0.57,0.34,0.32,0.31
1786895302.594,0.54,0.31,195.77,0.45,0.40,0.50,0.31
1786895303.093,0.56,0.33,197.18,0.48,0.48,0.27,0.29
1786895303.597,0.52,0.30,200.58,0.56,0.34,0.32,0.41
1786895304.101,0.44,0.25,209.10,0.45,0.33,0.30,0.26
1786895304.612,0.75,0.57,202.44,0.50,0.31,0.45,0.38
1786895305.118,0.48,0.41,193.65,0.41,0.29,0.27,0.26
1786895305.615,0.44,0.34,199.33,0.59,0.42,0.34,0.34
1786895306.120,0.42,0.31,200.04,0.45,0.32,0.29,0.29
1786895306.622,0.47,0.33,191.80,0.43,0.31,0.28,0.25
1786895307.117,0.57,0.31,199.19,0.49,0.34,0.29,0.24
1786895307.619,0.49,0.36,205.57,0.50,0.31,0.24,0.27
1786895308.127,0.42,0.29,199.57,0.56,0.32,0.29,0.26
1786895308.629,0.59,0.35,192.35,0.48,0.33,0.26,0.25
1786895309.124,0.56,0.32,207.13,0.51,0.34,0.32,0.22
1786895309.634,0.61,0.34,195.63,0.47,0.49,0.56,0.43
1786895310.134,0.50,0.29,201.91,0.77,1.01,0.61,0.78
1786895310.640,0.59,0.33,207.91,0.51,0.37,0.33,0.30
1786895311.152,0.52,0.36,205.79,0.74,0.40,0.28,0.27
1786895311.660,0.48,0.36,197.41,0.55,0.35,0.31,0.37
1786895312.166,0.63,0.35,202.88,0.59,0.41,0.31,0.49
1786895312.672,0.50,0.36,206.74,0.56,0.41,0.55,0.30
1786895313.183,0.49,0.40,200.83,0.53,0.33,0.34,0.30
1786895313.689,0.46,0.31,208.23,0.42,0.30,0.27,0.46
1786895314.200,0.55,0.38,209.29,0.53,0.35,0.37,0.33
1786895314.713,0.45,0.29,205.90,0.53,0.35,0.28,0.27
1786895315.221,0.67,0.51,199.82,0.50,0.35,0.33,0.30
1786895315.724,0.45,0.29,191.08,0.51,0.35,0.55,0.30
1786895316.223,0.47,0.34,206.35,0.44,0.30,0.41,0.28
1786895316.733,0.52,0.32,202.61,0.49,0.39,0.29,0.37
1786895317.238,0.47,0.38,205.69,0.49,0.37,0.34,0.30
1786895317.748,0.44,0.33,190.53,0.37,0.31,0.27,0.35
1786895318.241,0.47,0.40,206.82,0.53,0.37,0.49,0.63
1786895318.752,0.54,0.35,209.40,0.46,0.31,0.31,0.39
1786895319.264,0.47,0.36,206.22,0.76,0.78,0.77,0.87
1786895319.775,0.57,0.36,202.03,0.43,0.32,0.33,0.31
1786895320.280,0.49,0.31,198.09,0.65,0.35,0.35,0.43
1786895320.782,0.43,0.27,198.95,0.46,0.30,0.32,0.31
1786895321.284,0.61,0.46,198.35,0.67,0.42,0.58,0.33
1786895321.795,0.53,0.46,203.50,0.41,0.53,0.28,0.30
1786895322.302,0.58,0.30,204.16,0.46,0.35,0.31,0.32
1786895322.808,0.61,0.30,195.21,0.50,0.32,0.26,0.34
1786895323.306,0.51,0.34,208.88,0.58,0.34,0.30,0.29
1786895323.818,0.50,0.28,193.49,0.42,0.28,0.28,0.26
1786895324.314,0.45,0.45,194.06,0.53,0.38,0.34,0.36
1786895324.812,0.59,0.32,190.43,0.54,0.31,0.34,0.42
1786895325.306,0.57,0.43,192.06,0.54,0.38,0.37,0.36
1786895325.801,0.75,1.23,206.66,0.80,0.65,0.93,0.63
1786895326.315,0.48,0.31,198.92,0.47,0.32,0.31,0.30
1786895326.817,0.47,0.30,207.96,0.67,0.28,0.52,0.39
1786895327.329,0.58,0.62,200.54,0.73,0.32,0.26,0.24
1786895327.832,0.52,0.30,202.81,0.51,0.33,0.50,0.24
1786895328.338,0.52,0.34,198.53,0.54,0.42,0.32,0.26
1786895328.842,0.49,0.35,193.90,0.73,0.27,0.29,0.31
1786895329.339,0.48,0.26,201.02,0.63,0.24,0.52,0.28
1786895329.843,0.54,0.32,206.82,0.42,0.32,0.26,0.25
1786895330.352,0.48,0.31,197.20,0.64,0.42,0.31,0.27
1786895330.852,0.54,0.36,206.32,0.43,0.29,0.22,0.30
1786895331.361,0.46,0.45,209.18,0.50,0.31,0.31,0.30
1786895331.877,0.47,0.39,206.08,0.68,0.28,0.21,0.36
1786895332.386,0.73,0.57,194.11,0.37,0.28,0.28,0.28
1786895332.882,0.53,0.29,202.44,0.45,0.29,0.23,0.23
1786895333.387,0.55,0.33,204.58,0.52,0.33,0.32,0.32
1786895333.896,0.83,0.56,205.02,0.56,0.44,0.36,0.30
1786895334.406,0.51,0.28,197.70,0.72,0.42,0.60,0.47
1786895334.907,0.61,0.33,195.19,0.54,0.35,0.35,0.26
1786895335.405,0.57,0.36,202.63,0.56,0.34,0.35,0.43
1786895335.911,0.50,0.30,203.95,0.64,0.33,0.32,0.27
1786895336.418,0.50,0.27,205.03,0.61,0.33,0.29,0.29
1786895336.926,0.57,0.30,210.14,0.55,0.30,0.29,0.27
1786895337.439,0.59,0.49,190.79,0.59,0.37,0.30,0.27
1786895337.933,0.45,0.35,206.47,0.70,0.37,0.49,0.35
1786895338.443,0.47,0.33,196.49,0.41,0.33,0.29,0.27
1786895338.942,0.44,0.28,194.14,0.49,0.48,0.34,0.30
1786895339.454,0.58,0.34,205.46,0.51,0.35,0.36,0.29
1786895339.962,0.45,0.27,197.42,0.58,0.35,0.51,0.32
1786895340.463,0.55,0.38,204.07,0.70,1.72,0.27,0.28
1786895340.975,0.63,0.31,192.06,0.55,0.37,0.36,0.57
1786895341.471,0.48,0.29,203.80,0.66,0.57,0.45,0.43
1786895341.980,0.46,0.29,191.35,0.46,0.33,0.31,0.38
1786895342.474,0.47,0.51,203.30,0.65,0.35,0.56,0.34
1786895342.981,0.59,0.30,205.04,0.47,0.39,0.35,0.35
1786895343.489,0.47,0.36,199.30,0.47,0.31,0.34,0.29
1786895343.991,0.45,0.35,194.42,0.56,0.43,0.36,0.46
1786895344.489,0.50,0.46,191.55,0.58,0.50,0.40,0.30
1786895344.984,0.51,0.36,207.99,0.77,0.64,0.88,0.75
1786895345.498,0.78,0.70,205.47,0.50,0.49,0.46,0.44
1786895346.007,0.65,0.35,194.48,0.42,0.29,0.32,0.24
1786895346.504,0.52,0.34,204.81,0.43,0.29,0.24,0.67
1786895347.012,0.49,0.34,196.90,0.53,0.33,0.30,0.34
1786895347.512,0.72,0.39,209.16,0.61,0.27,0.27,0.45
1786895348.024,0.53,0.38,193.89,0.47,0.24,0.23,0.27
1786895348.521,0.57,0.39,204.04,0.44,0.29,0.26,0.24
1786895349.028,0.65,0.39,197.33,0.39,0.28,0.25,0.25
1786895349.527,0.69,0.34,208.60,0.49,0.26,0.24,0.33
1786895350.039,0.49,0.37,208.15,0.63,0.35,0.28,0.33
1786895350.551,0.59,0.36,195.66,0.51,0.31,0.25,0.26
1786895351.050,0.47,0.35,207.58,0.52,0.29,0.29,0.27
1786895351.560,0.55,0.35,199.59,0.53,0.32,0.25,0.28
1786895352.062,0.46,0.35,197.91,0.56,0.34,0.24,0.30
1786895352.563,0.53,0.58,192.43,0.91,0.65,0.49,0.60
1786895353.061,0.48,0.29,198.09,0.54,0.28,0.33,0.27
1786895353.563,0.53,0.37,198.95,0.59,0.33,0.26,0.32
1786895354.065,0.47,0.36,201.65,0.88,0.69,0.65,0.69
1786895354.572,0.51,0.35,207.93,0.48,0.31,0.29,0.47
1786895355.084,0.55,0.32,194.81,0.50,0.32,0.28,0.27
1786895355.581,0.46,0.34,205.95,0.55,0.34,0.33,0.33
1786895356.090,0.44,0.38,191.93,0.58,0.39,0.28,0.31
1786895356.585,0.59,0.44,191.87,0.49,0.28,0.22,0.24
1786895357.080,0.53,0.32,204.38,0.51,0.35,0.26,0.26
1786895357.587,0.49,0.34,192.73,0.56,0.34,0.39,0.34
1786895358.083,0.45,0.34,193.56,0.57,0.37,0.39,0.39
1786895358.580,0.58,0.45,192.95,0.48,0.35,0.32,0.32
1786895359.076,0.58,0.33,192.39,0.41,0.32,0.28,0.26
1786895359.571,0.86,0.42,194.33,0.51,0.29,0.27,0.26
1786895360.069,0.63,0.46,206.51,0.49,0.32,0.31,0.26
1786895360.578,0.60,0.29,206.62,0.46,0.31,0.29,0.25
1786895361.088,0.48,0.33,205.26,0.46,0.32,0.33,0.31
1786895361.596,0.78,0.51,192.78,0.55,0.31,0.26,0.29
1786895362.093,0.68,0.33,201.99,0.57,0.36,0.29,0.29
1786895362.597,0.60,0.34,191.28,0.62,0.31,0.30,0.38
1786895363.091,0.56,0.63,206.36,0.52,0.34,0.30,0.30
1786895363.602,0.49,1.20,195.80,0.73,1.07,0.67,0.45
1786895364.104,0.57,0.36,197.57,0.63,0.36,0.72,0.25
1786895364.605,0.56,0.33,202.55,0.47,0.30,0.23,0.25
1786895365.111,0.55,0.38,194.32,0.58,0.35,0.37,0.37
1786895365.609,0.50,0.35,193.43,0.43,0.32,0.46,0.27
1786895366.105,0.52,0.38,204.71,0.49,0.43,0.37,0.28
1786895366.613,0.53,0.30,193.38,0.89,0.39,0.55,0.41
1786895367.110,0.73,0.42,209.81,0.51,0.36,0.29,0.32
1786895367.623,0.57,0.42,205.29,0.50,0.52,0.37,0.34
1786895368.132,0.48,0.38,191.44,0.47,0.30,0.27,0.25
1786895368.627,0.49,0.30,197.92,0.43,0.31,0.26,0.34
1786895369.128,0.41,0.35,209.61,0.48,0.55,0.44,0.36
1786895369.642,0.58,0.37,196.90,0.53,0.28,0.29,0.25
1786895370.142,0.53,0.36,194.19,0.48,0.27,0.24,0.34
1786895370.639,0.44,0.29,191.27,0.47,0.29,0.30,0.29
1786895371.133,0.58,0.44,207.50,0.41,0.33,0.31,0.29
1786895371.644,0.48,0.31,202.91,0.61,0.40,0.41,0.61
1786895372.150,0.49,0.34,206.28,0.54,0.33,0.30,0.27
1786895372.660,0.54,0.32,206.11,0.57,0.37,0.30,0.32
1786895373.169,0.47,0.36,201.89,0.57,0.39,0.32,0.33
1786895373.674,0.48,0.34,204.38,0.49,0.28,0.30,0.29
1786895374.181,0.50,0.40,196.88,0.50,0.32,0.34,0.26
1786895374.680,0.53,0.33,193.61,0.45,0.35,0.30,0.32
1786895375.179,0.63,0.37,193.39,0.48,0.33,0.30,0.34
1786895375.675,0.52,0.36,202.46,0.84,0.73,0.60,0.56
1786895376.183,0.49,0.34,192.41,0.44,0.28,0.32,0.27
1786895376.678,0.51,0.33,204.07,0.53,0.32,0.32,0.26
1786895377.184,0.55,0.35,207.45,0.44,0.31,0.26,0.24
1786895377.694,0.50,0.30,192.86,0.47,0.45,0.28,0.25
1786895378.191,0.49,0.42,191.60,0.40,0.25,0.26,0.24
1786895378.685,0.61,0.28,192.10,0.47,0.40,0.25,0.27
1786895379.180,0.41,0.30,206.85,0.47,0.36,0.36,0.54
1786895379.690,0.43,0.28,197.61,0.41,0.26,0.29,0.22
1786895380.190,0.59,0.43,205.53,0.54,0.40,0.37,0.33
1786895380.699,0.37,0.31,190.72,0.50,0.29,0.24,0.22
1786895381.192,0.46,0.28,191.95,0.49,0.30,0.27,0.26
1786895381.687,0.56,0.37,194.83,0.57,0.37,0.33,0.49
1786895382.185,0.45,0.29,200.32,0.41,0.30,0.31,0.31
1786895382.687,0.48,0.39,193.81,0.47,0.31,0.28,0.26
1786895383.184,0.45,0.30,192.17,0.48,0.32,0.24,0.25
1786895383.679,0.42,0.31,204.91,0.47,0.31,0.29,0.27
1786895384.186,0.47,0.34,199.87,0.54,0.39,0.34,0.35
1786895384.689,0.51,0.34,195.12,0.52,0.30,0.30,0.28
1786895385.187,0.84,0.45,192.82,0.52,0.39,0.30,0.28
1786895385.683,0.53,0.32,192.33,0.50,0.41,0.33,0.28
1786895386.178,0.52,0.38,209.69,0.75,0.65,0.59,0.67
1786895386.692,0.65,0.37,195.37,0.62,0.39,0.38,0.33
1786895387.191,0.50,0.33,206.34,0.52,0.32,0.26,0.29
1786895387.700,0.66,0.37,197.84,0.54,0.30,0.31,0.25
1786895388.200,0.50,0.29,209.16,0.50,0.33,0.35,0.31
1786895388.712,0.47,0.31,207.32,0.40,0.26,0.31,0.25
1786895389.222,0.47,0.28,199.17,0.48,0.63,0.94,0.33
1786895389.725,0.51,0.27,208.06,0.61,0.41,0.45,0.41
1786895390.237,0.55,0.31,209.98,0.49,0.30,0.24,0.29
1786895390.750,0.55,0.33,205.26,0.49,0.29,0.38,0.30
1786895391.258,0.62,0.34,200.37,0.51,0.31,0.30,0.27
1786895391.761,0.56,0.57,207.98,2.70,0.55,1.29,0.54
1786895392.276,0.56,0.32,208.25,0.45,0.30,0.26,0.28
1786895392.786,0.48,0.27,197.14,0.48,0.37,0.30,0.38
1786895393.286,0.81,0.44,200.93,0.65,0.50,0.50,0.40
1786895393.791,0.61,0.34,194.90,0.61,0.30,0.33,0.44
1786895394.289,0.54,0.31,194.43,0.46,0.33,0.36,0.36
1786895394.786,0.58,0.32,203.09,0.42,0.33,0.32,0.27
1786895395.292,0.59,0.37,199.66,0.45,0.31,0.29,0.28
1786895395.796,0.56,0.43,208.75,0.50,0.34,0.29,0.30
1786895396.308,0.55,0.29,199.69,0.47,0.60,0.41,0.30
1786895396.811,0.55,0.35,191.52,0.56,0.35,0.38,0.35
1786895397.305,0.55,0.39,198.92,0.58,0.41,0.39,0.36
1786895397.808,0.44,0.36,207.31,0.49,0.32,0.26,0.27
1786895398.318,0.57,0.33,200.76,0.65,0.44,0.43,0.48
1786895398.823,0.47,0.34,191.44,0.47,0.34,0.28,0.34
1786895399.317,0.49,0.31,207.15,0.54,0.37,0.44,0.35
1786895399.827,0.58,0.29,203.27,0.55,0.39,0.32,0.27
1786895400.334,0.44,0.39,191.69,0.58,0.38,0.36,0.35
1786895400.830,0.46,0.45,201.79,0.44,0.34,0.31,0.30
1786895401.334,0.51,0.41,190.87,0.48,0.36,0.29,0.26
1786895401.831,0.54,0.34,191.67,0.56,0.45,0.35,0.37
1786895402.326,0.50,0.30,194.14,0.48,0.30,0.32,0.29
1786895402.825,0.51,0.33,206.42,0.41,0.38,0.29,0.28
1786895403.334,0.47,0.31,191.47,0.49,0.30,0.34,0.42
1786895403.830,1.07,0.86,191.17,0.52,0.46,0.34,0.29
1786895404.325,0.64,0.40,193.83,0.56,0.33,0.32,0.33
1786895404.822,0.75,0.38,200.76,0.49,0.35,0.30,0.30
1786895405.326,0.49,0.30,203.37,0.42,0.28,0.27,0.26
1786895405.831,0.54,0.30,202.13,0.51,0.29,0.30,0.30
1786895406.336,0.48,0.29,197.09,0.45,0.32,0.28,0.31
1786895406.836,0.54,0.44,198.43,0.39,0.27,0.27,0.25
1786895407.337,0.45,0.35,205.24,0.54,0.46,0.34,0.33
1786895407.845,0.47,0.29,207.50,0.52,0.28,0.26,0.34
1786895408.355,0.53,0.38,201.30,0.43,0.31,0.27,0.27
1786895408.859,0.56,0.40,206.48,0.50,0.31,0.31,0.27
1786895409.369,0.53,0.31,191.08,0.51,0.29,0.32,0.38
1786895409.863,0.57,0.33,207.33,0.46,0.30,0.34,0.30
1786895410.373,0.54,0.32,207.11,0.47,0.37,0.40,0.29
1786895410.883,0.54,0.35,203.21,0.65,0.42,0.42,0.31
1786895411.392,0.69,0.45,202.05,0.45,0.30,0.38,0.32
1786895411.897,0.55,0.32,193.22,0.49,0.36,0.48,0.36
1786895412.393,0.55,0.42,203.82,0.52,0.33,0.29,0.28
1786895412.900,0.64,0.37,210.02,0.49,0.28,0.25,0.35
1786895413.413,0.60,0.39,193.46,0.53,0.27,0.37,0.35
1786895413.910,0.77,0.42,200.96,0.39,0.29,0.28,0.27
1786895414.413,0.53,0.31,202.78,0.42,0.34,0.25,0.28
1786895414.919,0.60,0.34,204.55,1.26,0.41,0.60,0.68
1786895415.428,0.43,0.31,194.14,0.48,0.28,0.29,0.29
1786895415.925,0.49,0.35,200.81,0.55,0.37,0.43,0.29
1786895416.429,0.49,0.34,201.21,0.52,0.36,0.39,0.35
1786895416.940,0.52,0.70,196.35,0.68,0.29,0.38,0.26
1786895417.439,0.42,0.27,203.62,0.46,0.31,0.34,0.28
1786895417.945,0.66,0.27,208.14,0.47,0.37,0.38,0.84
1786895418.457,0.46,0.43,196.12,0.50,0.33,0.29,0.26
1786895418.956,0.46,0.36,192.28,0.43,0.29,0.23,0.39
1786895419.451,0.77,0.41,207.66,0.49,0.31,0.35,0.30
1786895419.962,0.50,0.34,195.85,0.48,0.34,0.25,0.25
1786895420.460,0.68,0.37,209.43,0.52,0.32,0.32,0.37
1786895420.973,0.53,0.28,198.41,0.44,0.30,0.27,0.30
1786895421.478,0.74,0.46,200.94,0.54,0.39,0.31,0.36
1786895421.982,0.56,0.49,206.73,0.50,0.34,0.49,0.38
1786895422.493,0.64,0.34,192.41,0.49,0.30,0.26,0.30
1786895422.987,0.49,0.31,203.94,0.51,0.31,0.28,0.25
1786895423.494,0.55,0.33,201.20,0.50,0.33,0.33,0.29
1786895424.000,0.46,0.33,202.14,0.46,0.27,0.41,0.30
1786895424.505,0.61,0.56,209.33,0.68,0.37,0.32,0.32
1786895425.020,0.60,0.43,197.79,0.44,0.33,0.29,0.27
1786895425.521,0.55,0.40,190.77,0.45,0.38,0.32,0.31
1786895426.014,0.52,0.36,191.05,0.50,0.31,0.24,0.29
1786895426.508,0.60,0.84,208.18,0.42,0.35,0.30,0.34
1786895427.020,0.60,0.36,197.45,0.53,0.30,0.39,0.24
1786895427.523,0.70,0.79,199.69,0.50,0.33,0.35,0.28
1786895428.027,0.52,0.29,195.15,0.44,0.31,0.24,0.26
1786895428.524,0.54,0.27,194.73,0.47,0.29,0.26,0.28
1786895429.022,0.47,0.40,199.82,0.54,0.32,0.30,0.28
1786895429.525,0.55,0.36,191.48,0.43,0.43,0.30,0.27
1786895430.019,0.80,0.36,200.38,0.50,0.32,0.29,0.31
1786895430.522,0.60,0.33,199.36,0.67,0.46,0.37,0.36
1786895431.025,0.49,0.34,197.39,0.50,0.34,0.34,0.32
1786895431.526,0.57,0.59,196.22,0.71,1.04,0.51,0.57
1786895432.027,0.48,0.41,198.85,0.47,0.30,0.24,0.25
1786895432.528,0.46,0.63,209.29,0.46,0.30,0.26,0.26
1786895433.040,0.57,0.39,205.26,0.52,0.35,0.30,0.31
1786895433.548,0.53,0.33,197.06,0.51,0.35,0.30,0.34
1786895434.049,0.61,0.33,208.98,0.55,0.39,0.27,0.25
1786895434.561,0.61,0.46,194.54,0.58,0.36,0.49,0.34
1786895435.059,0.43,0.32,193.44,0.65,0.39,0.33,0.43
1786895435.556,0.51,0.32,201.00,0.49,0.34,0.27,0.27
1786895436.060,0.57,0.38,192.33,0.62,0.54,0.57,0.46
1786895436.556,0.53,0.33,209.34,0.48,0.32,0.44,0.34
1786895437.069,0.52,0.34,205.03,0.48,0.28,0.27,0.31
1786895437.577,0.57,0.35,198.58,0.45,0.30,0.27,0.26
1786895438.078,0.47,0.35,194.24,0.44,0.31,0.27,0.28
1786895438.578,0.59,0.36,194.93,0.60,0.33,0.35,0.31
1786895439.076,0.62,0.31,201.10,0.46,0.34,0.31,0.28
1786895439.580,0.62,0.36,206.81,0.50,0.33,0.32,0.26
1786895440.090,0.48,0.37,196.95,0.46,0.48,0.30,0.30
1786895440.589,0.45,0.28,194.75,0.48,0.49,0.26,0.47
1786895441.087,0.53,0.48,199.79,0.49,0.33,0.31,0.30
1786895441.590,0.50,0.34,195.61,0.43,0.30,0.26,0.23
1786895442.089,0.50,0.32,201.49,0.49,0.33,0.30,0.54
1786895442.593,0.48,0.28,207.70,1.68,0.30,0.30,0.32
1786895443.105,0.50,0.33,200.37,0.42,0.35,0.35,0.44
1786895443.608,1.25,1.18,201.72,0.46,0.34,0.28,0.29
1786895444.114,0.60,0.32,193.48,0.81,0.36,0.33,0.33
1786895444.612,0.38,0.32,206.89,0.78,0.37,0.40,0.28
1786895445.122,0.47,0.25,207.21,0.42,0.33,0.31,0.27
1786895445.632,0.55,0.33,192.19,0.42,0.46,0.27,0.28
1786895446.127,0.44,0.35,201.14,0.57,0.42,0.35,0.32
1786895446.631,0.63,0.30,198.45,0.45,0.39,0.33,0.25
1786895447.132,0.64,0.36,195.78,0.56,0.50,0.32,0.26
1786895447.631,0.43,0.27,194.02,0.72,0.45,0.34,0.34
1786895448.128,0.44,0.29,191.61,0.51,0.35,0.30,0.28
1786895448.623,0.64,0.29,202.49,0.69,0.57,0.48,0.58
1786895449.129,0.70,0.59,192.43,0.48,0.31,0.26,0.29
1786895449.625,0.42,0.36,192.23,0.57,0.35,0.33,0.30
1786895450.120,0.45,0.33,194.63,0.42,0.36,0.30,0.32
1786895450.617,0.43,0.29,206.66,0.49,0.29,0.32,0.28
1786895451.129,0.55,0.30,207.68,0.51,0.32,0.30,0.27
1786895451.639,0.47,0.40,195.75,0.48,0.37,0.29,0.28
1786895452.138,0.45,0.26,205.90,0.47,0.31,0.29,0.28
1786895452.649,0.55,0.32,207.94,0.48,0.31,0.35,0.33
1786895453.161,0.59,0.33,196.27,0.53,0.33,0.31,0.32
1786895453.660,0.52,0.33,197.90,0.51,0.33,0.29,0.30
1786895454.160,0.51,0.39,203.77,0.39,0.33,0.29,0.28
1786895454.667,0.43,0.39,210.06,0.58,0.30,0.30,0.28
1786895455.180,0.45,0.33,200.51,0.51,0.35,0.30,0.32
1786895455.683,0.71,0.41,204.40,0.61,0.78,2.58,0.50
1786895456.193,0.47,0.29,199.87,0.57,0.30,0.50,0.31
1786895456.696,0.60,0.48,206.22,0.44,0.31,0.30,0.30
1786895457.205,0.46,0.33,205.15,0.58,0.31,0.25,0.32
1786895457.713,0.41,0.31,197.67,0.48,0.29,0.27,0.27
1786895458.213,0.47,0.33,192.62,0.64,0.43,0.33,0.28
1786895458.709,0.46,0.42,202.54,0.39,0.37,0.33,0.33
1786895459.214,0.52,0.31,198.59,0.54,0.32,0.30,0.29
1786895459.716,0.71,0.75,207.00,0.64,0.42,0.37,0.36
1786895460.227,0.54,0.42,190.95,0.56,0.33,0.58,0.26
1786895460.721,0.54,0.38,202.70,0.88,0.52,0.72,0.54
1786895461.228,0.55,0.34,191.13,0.55,0.33,0.35,0.41
1786895461.722,0.47,0.47,204.99,0.46,0.37,0.28,0.39
1786895462.231,0.62,0.39,205.03,0.43,0.37,0.27,0.28
1786895462.738,0.47,0.39,195.18,0.56,0.38,0.34,0.35
1786895463.237,0.57,0.35,196.29,0.48,0.29,0.26,0.32
1786895463.739,0.53,0.33,191.94,0.63,0.38,0.54,0.32
1786895464.234,0.64,0.34,191.74,0.44,0.41,0.35,0.29
1786895464.730,0.63,0.47,192.68,0.48,0.37,0.31,0.24
1786895465.225,0.43,0.30,205.06,0.54,0.31,0.42,0.53
1786895465.733,0.50,0.42,191.43,0.39,0.32,0.28,0.32
1786895466.228,0.49,0.32,197.31,0.52,0.32,0.27,0.27
1786895466.728,0.50,0.29,191.65,0.64,0.31,0.29,0.26
1786895467.222,0.49,0.35,209.45,0.51,0.27,0.25,0.25
1786895467.734,0.48,0.30,193.80,0.44,0.27,0.27,0.33
1786895468.231,0.42,0.33,209.73,0.41,0.45,0.32,0.27
1786895468.743,0.48,0.34,208.18,0.46,0.25,0.30,0.25
1786895469.254,0.52,0.37,191.99,0.48,0.43,0.54,0.33
1786895469.750,0.46,0.51,204.18,0.58,0.33,0.33,0.39
1786895470.257,0.49,0.36,198.57,0.51,0.35,0.34,0.31
1786895470.759,0.44,0.46,194.61,0.48,0.36,0.50,0.35
1786895471.257,0.54,0.36,0.30,0.26,0.25,0.42,0.51
