366.556,419.206,767.108,456.982,573.158,352.394,320.894
518.476,754.229,728.206,208.815,268.886,550.865,470.506
249.919,854.739,714.529,411.930,375.196,529.982,508.604
247.028,584.236,721.532,254.322,373.320,482.346,440.456
724.244,243.459,722.485,533.429,333.807,755.737,451.481
522.458,356.087,692.767,530.110,453.250,641.202,563.703
834.323,426.323,688.005,374.238,488.913,531.158,871.850
503.885,692.587,686.126,510.230,496.693,632.626,381.415
576.486,446.285,683.677,237.712,208.321,205.018,601.324
629.974,536.504,679.534,474.006,900.618,602.761,698.849
408.108,587.609,641.642,420.574,258.301,548.592,417.121
617.137,230.419,662.373,509.167,282.318,539.413,290.895
762.577,860.542,652.485,342.477,543.767,232.757,538.015
769.634,321.987,662.710,623.170,923.893,848.462,439.174
441.794,495.631,904.950,538.622,329.700,298.920,762.301
677.791,667.790,705.773,149.633,561.770,325.117,475.718
474.843,324.174,651.266,693.626,368.649,442.772,548.073
251.677,499.897,369.226,353.399,371.466,535.003,682.031
514.251,622.779,638.454,655.207,144.613,126.953,236.853
512.080,767.834,629.582,465.969,536.113,519.539,315.159
441.374,528.900,605.123,371.338,755.025,791.486,335.014
377.413,677.667,622.932,482.226,518.405,629.652,467.804
703.828,649.434,611.862,692.065,410.106,720.107,582.726
329.236,534.408,576.296,502.156,773.686,735.807,620.493
344.522,249.558,565.456,538.944,877.100,601.080,289.224
485.849,543.320,544.547,492.958,821.950,395.565,237.176
734.607,270.976,530.703,527.356,227.215,588.537,695.650
390.288,304.474,516.168,643.187,180.728,881.708,711.465
462.190,642.997,499.669,684.802,581.785,183.548,454.098
1040.258,440.519,487.788,302.487,627.806,593.457,544.698
532.944,162.819,473.033,401.295,252.599,443.307,31.250
471.165,456.928,474.265,721.510,723.102,690.469,562.540
598.749,291.488,471.170,609.516,846.600,492.329,159.595
180.416,518.390,456.514,248.602,768.227,603.848,140.161
245.987,727.120,422.889,420.590,669.142,330.273,541.621
889.520,584.789,417.270,533.987,742.387,432.121,385.131
509.090,855.933,405.695,745.380,417.492,509.013,556.070
387.013,292.775,401.574,380.737,534.374,770.825,347.298
591.445,361.690,389.976,296.325,754.993,689.192,619.758
640.397,507.372,372.727,352.411,494.390,427.812,714.241
371.584,967.883,362.594,738.880,467.296,803.183,556.379
520.434,725.044,359.473,282.646,504.175,412.495,506.972
270.286,797.154,330.595,473.820,694.416,627.975,640.729
488.960,362.716,310.993,633.733,564.663,267.521,440.520
543.325,388.344,310.764,371.440,197.917,690.834,689.196
601.573,690.174,284.429,392.568,467.612,544.396,731.307
77.225,719.965,320.041,512.567,516.255,448.964,586.588
460.725,367.018,365.806,674.965,181.362,670.044,342.251
570.159,212.700,435.459,372.416,493.720,852.591,492.031
577.814,516.446,449.660,412.048,289.466,358.887,707.956
617.285,222.350,31.250,142.087,664.825,799.460,810.080
383.248,300.454,267.309,368.135,717.562,267.573,539.746
437.959,436.431,903.519,553.375,483.051,571.668,507.979
604.019,640.716,248.522,105.276,31.250,531.020,803.932
561.464,572.935,227.476,108.052,792.674,169.561,635.135
342.485,637.422,247.940,462.519,833.051,31.250,466.373
822.095,919.984,459.652,698.645,429.401,492.542,470.653
442.253,456.196,247.204,421.637,486.045,482.223,31.250
535.150,654.151,251.723,685.956,590.830,711.487,611.304
831.868,544.000,137.505,757.595,715.481,528.254,332.722
540.846,626.239,288.248,609.915,439.638,366.556,626.239
537.393,664.976,31.250,273.136,230.082,518.476,664.976
637.899,641.049,390.614,685.026,671.016,249.919,641.049
580.094,631.581,382.140,392.931,600.101,247.028,631.581
815.285,568.292,397.809,539.543,662.099,724.244,568.292
360.530,297.147,395.986,530.394,645.434,522.458,297.147
580.105,357.099,423.179,554.857,620.194,834.323,357.099
577.397,557.783,441.892,534.863,448.919,503.885,557.783
747.018,317.372,461.038,683.715,172.489,576.486,317.372
764.850,378.869,286.043,498.918,407.091,629.974,378.869
242.685,583.135,287.199,597.504,536.628,408.108,583.135
406.633,571.730,286.075,629.804,208.478,617.137,571.730
414.039,607.000,286.040,415.746,538.696,762.577,607.000
513.843,715.611,284.814,458.941,526.272,769.634,715.611
739.258,630.116,308.289,353.094,460.924,441.794,630.116
461.559,1075.972,303.576,637.703,505.255,677.791,1075.972
487.391,511.926,305.339,488.379,541.392,474.843,511.926
196.647,537.504,535.006,327.679,290.186,251.677,537.504
608.398,745.271,314.742,524.310,514.010,514.251,745.271
521.662,451.904,297.407,1053.815,162.626,512.080,451.904
513.817,640.961,277.093,442.613,501.246,441.374,640.961
591.799,176.226,272.308,181.652,411.307,377.413,176.226
681.453,505.869,302.581,500.238,546.376,703.828,505.869
378.366,547.327,1040.658,931.788,596.836,329.236,547.327
748.277,402.048,380.417,552.151,552.244,344.522,402.048
619.577,461.117,381.086,178.886,811.184,485.849,461.117
449.962,852.722,383.313,117.442,149.846,734.607,852.722
441.469,611.023,384.874,689.632,653.755,390.288,611.023
549.064,228.669,402.700,747.047,640.892,462.190,228.669
773.024,382.609,410.365,244.675,562.287,1040.258,382.609
676.654,417.498,416.879,513.946,470.437,532.944,417.498
387.449,731.892,424.858,661.856,424.785,471.165,731.892
790.924,544.901,420.659,415.721,768.121,598.749,544.901
210.424,545.327,577.295,574.046,384.448,180.416,545.327
465.334,568.389,596.024,675.774,566.922,245.987,568.389
634.874,247.018,673.888,312.595,275.607,889.520,247.018
662.324,427.036,653.775,367.034,702.599,509.090,427.036
604.641,730.363,649.643,478.876,604.892,387.013,730.363
563.899,380.530,650.777,527.629,317.403,591.445,380.530
203.451,665.527,656.418,816.214,452.758,640.397,665.527
554.498,445.970,663.777,564.918,312.046,371.584,445.970
611.818,519.456,669.536,159.564,726.912,520.434,519.456
601.801,544.315,677.425,298.555,492.322,270.286,544.315
796.420,665.149,685.506,526.497,368.068,488.960,665.149
464.580,354.006,691.153,579.027,448.039,543.325,354.006
699.560,506.596,661.787,704.375,827.806,601.573,506.596
581.276,537.228,529.418,307.658,546.671,77.225,537.228
466.350,577.785,724.495,669.519,421.732,460.725,577.785
759.665,628.484,721.691,401.581,382.804,570.159,628.484
492.434,431.306,732.440,903.243,258.195,577.814,431.306
787.634,873.915,740.209,375.329,495.257,617.285,873.915
542.504,517.893,725.101,361.175,595.609,383.248,517.893
332.963,437.750,772.807,725.208,507.817,437.959,437.750
729.701,573.795,557.624,319.707,435.879,604.019,573.795
788.763,425.549,585.822,552.267,185.920,561.464,425.549
268.929,781.609,570.731,279.393,822.474,342.485,781.609
193.058,607.388,563.184,329.727,542.133,822.095,607.388
513.838,319.281,748.495,918.387,707.326,442.253,319.281
648.789,561.834,566.224,872.900,379.575,535.150,561.834
562.346,763.874,750.278,306.379,190.408,831.868,763.874
577.801,432.902,570.521,447.487,443.827,419.206,510.385
448.626,445.598,542.701,546.854,844.848,754.229,494.926
601.829,481.320,792.948,531.325,492.851,854.739,372.277
200.204,358.914,434.150,613.525,305.869,584.236,548.782
384.745,494.936,541.401,372.368,474.855,243.459,649.003
503.814,633.370,535.375,153.363,779.020,356.087,902.018
628.117,315.956,596.806,413.596,441.284,426.323,453.170
586.838,748.208,609.886,860.411,387.330,692.587,812.011
546.006,502.895,593.331,207.375,692.676,446.285,503.699
231.624,259.616,840.052,758.840,372.011,536.504,512.881
332.174,439.831,662.973,472.596,603.939,587.609,590.333
311.629,666.141,581.145,588.926,441.992,230.419,51.958
440.422,703.052,655.051,532.174,579.748,860.542,418.411
432.799,346.440,445.046,534.993,534.415,321.987,659.377
440.845,539.186,469.674,443.653,556.702,495.631,154.946
462.422,615.670,491.899,333.880,332.296,667.790,385.884
265.667,511.268,464.769,770.373,386.736,324.174,826.878
726.371,657.665,365.421,148.989,506.426,499.897,564.458
542.195,661.678,646.985,525.689,226.410,622.779,676.545
321.189,203.924,483.350,441.212,574.388,767.834,449.227
472.930,572.112,500.457,561.460,633.727,528.900,616.779
405.451,725.362,537.392,602.723,574.803,677.667,259.199
636.282,440.693,597.527,618.443,470.199,649.434,697.140
210.824,767.265,797.895,685.359,477.155,534.408,526.946
375.656,477.334,866.582,463.110,410.589,249.558,809.419
479.692,454.667,675.096,542.737,224.834,543.320,553.308
368.372,406.481,573.714,413.417,429.469,270.976,501.809
609.973,287.513,722.270,465.100,540.524,304.474,202.309
383.205,384.827,544.005,527.222,563.424,642.997,643.300
739.066,311.305,495.512,594.729,751.557,440.519,225.875
375.895,455.711,403.502,586.466,258.706,162.819,770.359
372.768,419.937,399.831,511.632,268.004,456.928,372.198
620.347,418.935,207.616,412.479,749.617,291.488,546.916
341.756,552.398,204.390,178.858,742.138,518.390,565.180
710.806,194.572,287.913,311.893,547.614,727.120,419.077
649.617,458.691,32.423,555.461,519.418,584.789,556.122
709.138,31.250,192.327,356.815,480.625,855.933,493.291
655.589,478.069,255.519,415.646,463.585,292.775,603.714
129.064,78.664,358.081,384.082,700.135,361.690,554.997
438.838,307.890,518.559,880.129,466.480,507.372,457.796
506.259,157.925,595.000,666.642,608.196,967.883,151.280
475.328,761.152,995.424,549.036,286.483,725.044,545.759
783.484,534.464,724.901,765.855,380.509,797.154,284.553
637.908,616.373,524.209,490.907,141.554,362.716,442.572
799.903,824.596,557.471,734.806,239.235,388.344,863.199
831.221,234.191,489.736,332.900,646.557,690.174,239.980
550.303,687.652,411.193,578.073,587.668,719.965,726.384
783.925,214.559,448.027,566.940,428.285,367.018,624.817
551.790,257.072,432.697,728.059,674.982,212.700,569.436
329.435,606.577,327.568,644.777,441.931,516.446,581.568
135.191,742.562,211.499,750.366,415.980,222.350,438.855
371.386,206.944,173.126,756.324,632.022,300.454,588.440
811.308,285.006,200.465,420.564,228.997,436.431,298.921
475.575,485.960,367.444,441.041,661.980,640.716,514.997
565.181,331.738,526.744,1084.704,770.346,572.935,616.180
349.761,518.394,579.715,380.645,227.954,637.422,396.667
619.389,552.349,401.377,524.259,989.135,919.984,369.154
510.222,597.244,248.320,569.966,544.406,456.196,366.717
535.914,306.084,652.747,488.540,671.196,654.151,430.922
392.853,510.120,638.246,441.047,748.198,544.000,502.164
557.096,629.384,273.110,31.250,413.411,754.127,277.722
395.865,676.688,260.814,487.324,578.856,298.381,808.042
300.182,383.798,283.473,214.227,507.636,518.061,567.200
580.011,336.322,282.214,361.127,272.795,598.136,459.896
257.259,299.906,279.693,328.612,248.692,409.895,31.250
569.548,811.808,296.766,482.356,344.512,506.771,618.014
87.894,636.833,263.495,248.428,518.753,487.984,438.663
376.740,452.519,266.367,696.679,354.801,503.895,472.988
598.901,211.215,503.181,565.430,499.430,580.861,286.370
491.827,423.561,240.660,509.672,814.166,724.282,261.840
571.960,679.152,232.568,662.008,605.213,447.294,420.407
324.824,789.615,653.530,443.301,738.812,31.885,567.273
459.037,501.954,928.771,590.493,818.700,611.904,308.137
821.365,567.126,662.854,851.420,406.191,371.308,876.501
668.885,552.722,275.896,737.869,632.333,436.200,248.432
622.352,568.998,401.904,278.546,38.287,579.093,196.304
385.318,411.071,373.818,607.844,297.055,460.704,275.723
635.275,272.661,391.787,661.487,510.847,360.509,764.856
391.762,421.827,382.964,141.758,336.330,760.649,569.719
90.853,484.017,458.584,465.821,563.034,360.278,247.087
397.885,374.397,384.533,600.387,335.758,574.399,286.136
450.718,701.713,412.716,483.202,672.747,319.318,624.318
415.789,625.360,444.009,522.539,812.265,715.644,640.942
400.393,577.025,436.601,383.480,658.629,550.775,661.462
352.955,594.391,423.404,352.473,417.782,181.649,780.793
512.358,394.182,644.634,250.271,358.326,509.731,498.821
299.192,588.485,716.318,441.111,427.322,239.643,517.341
592.576,553.234,745.804,555.971,582.969,874.156,493.386
432.376,493.975,752.276,533.724,202.984,789.464,373.149
453.280,244.808,338.206,206.128,603.415,142.258,354.402
425.386,687.505,651.468,31.250,453.623,424.400,650.545
145.321,566.150,703.098,592.121,645.501,722.373,606.415
594.536,811.082,691.422,103.824,314.942,605.606,547.164
285.927,645.541,670.540,491.651,438.770,500.687,653.327
538.194,545.690,674.212,435.865,513.371,256.184,518.457
374.219,651.661,680.203,243.491,452.299,789.721,501.606
392.773,332.568,681.177,1085.341,542.097,600.295,216.334
380.210,551.888,703.086,609.295,377.250,666.421,890.260
668.672,601.320,651.871,592.927,355.902,256.481,529.295
843.527,448.351,676.919,449.218,691.658,321.711,596.667
581.571,613.675,662.472,520.734,355.467,718.289,553.597
548.004,362.365,713.154,575.674,378.404,775.192,324.135
429.382,445.556,378.750,528.294,412.544,950.801,329.093
571.162,518.770,363.517,326.334,652.118,485.061,381.920
356.570,385.034,341.026,636.710,294.539,431.655,269.373
687.223,682.245,289.624,483.493,653.115,660.116,423.819
655.229,417.728,728.880,338.033,797.692,394.991,838.776
485.386,366.159,629.954,493.685,794.020,205.126,644.481
626.229,648.270,646.056,308.518,433.864,446.904,568.349
221.773,403.491,641.849,781.904,198.818,458.727,745.892
826.136,622.249,633.203,541.644,430.263,286.686,458.403
379.742,603.405,628.367,474.566,505.178,341.010,428.075
297.324,31.250,515.337,668.385,850.515,477.192,624.230
675.814,720.440,538.830,586.798,749.252,550.477,360.429
485.536,501.693,343.872,798.081,553.317,252.317,831.053
384.270,329.686,269.149,650.636,395.690,392.080,644.775
320.756,326.195,249.393,787.183,206.668,527.241,612.008
749.181,710.464,223.319,180.165,768.825,575.895,168.255
407.324,604.000,690.340,633.757,506.665,225.133,456.308
393.291,522.266,717.958,433.462,272.419,648.015,368.028
506.286,596.057,272.291,509.231,252.644,705.059,591.213
436.776,372.227,254.096,321.605,682.192,454.556,819.541
255.981,534.124,237.670,621.296,31.250,773.765,511.651
214.936,450.469,465.778,188.386,564.802,365.455,341.447
499.837,437.116,602.128,655.576,368.596,732.958,572.859
453.412,412.075,507.743,349.366,531.412,465.327,450.902
448.206,1023.324,374.802,491.418,302.772,263.033,758.721
295.142,727.094,344.142,296.694,717.910,424.163,812.344
447.874,356.437,345.705,178.541,318.637,463.783,644.960
428.432,386.713,283.979,151.735,525.415,411.311,808.386
380.921,262.371,739.282,521.386,421.989,730.565,509.589
482.344,436.912,821.068,367.031,473.564,182.380,615.133
888.795,363.366,405.690,762.636,397.687,856.378,581.873
406.419,606.835,350.691,405.396,809.859,289.297,189.191
878.224,228.143,385.271,194.283,372.233,183.324,215.839
303.327,623.102,361.147,732.179,590.613,409.463,716.114
529.602,216.572,284.138,523.974,931.538,434.046,388.859
430.367,371.100,495.817,291.763,584.694,673.792,352.802
568.493,583.899,470.688,287.191,327.303,467.011,406.613
712.520,709.193,415.952,246.873,644.668,270.254,844.181
536.329,195.061,367.547,899.029,646.036,540.181,687.858
514.278,462.097,319.804,523.307,628.046,720.209,586.611
609.083,111.996,294.576,716.733,698.524,744.933,598.426
580.376,411.584,184.153,396.551,426.318,445.076,426.907
497.094,743.545,163.804,762.801,669.802,638.688,814.310
489.042,752.353,566.837,561.262,468.352,159.143,712.741
558.141,756.040,476.112,297.088,511.080,419.479,507.571
618.166,709.494,151.900,293.438,457.523,31.250,189.572
379.051,522.726,434.291,562.456,655.723,464.335,659.176
739.943,330.036,521.814,855.168,190.754,520.645,606.425
377.666,682.884,585.455,718.163,341.386,255.783,376.780
319.541,480.856,542.939,300.022,394.092,704.276,328.541
540.808,580.128,515.394,708.473,407.011,576.195,322.592
270.677,446.725,546.588,556.316,493.366,512.349,701.749
340.318,180.003,613.432,414.259,167.994,391.318,300.666
336.127,643.776,679.122,214.852,372.089,578.659,278.811
71.583,627.429,715.751,851.895,498.443,202.147,543.452
753.814,422.273,656.648,645.008,455.321,649.130,652.324
301.196,726.151,717.454,562.203,348.102,788.930,472.295
656.112,264.588,726.837,545.619,317.411,490.550,336.553
572.384,346.594,269.176,620.607,645.805,623.669,464.893
545.505,599.974,517.368,198.864,598.375,658.218,484.125
365.784,699.713,509.475,634.278,481.328,455.372,685.939
318.593,370.027,464.894,576.388,426.279,412.639,353.627
444.843,512.210,475.211,505.543,421.693,638.088,677.451
284.510,560.044,451.121,492.897,466.753,168.192,437.286
724.744,630.015,409.697,414.654,657.636,473.197,506.534
153.562,31.250,413.409,397.042,399.467,512.024,769.393
607.578,319.584,400.586,308.905,747.798,335.481,587.171
457.765,718.146,914.395,392.510,420.406,346.727,710.212
201.642,456.437,923.352,559.201,162.307,440.490,761.552
539.654,224.879,999.433,583.061,793.468,466.244,427.020
621.257,529.672,689.318,714.242,221.535,572.763,215.697
538.962,809.782,669.564,72.911,680.321,656.296,448.769
491.800,268.260,638.202,416.704,277.095,562.528,341.225
390.228,588.966,631.272,467.788,279.424,607.832,241.275
31.250,571.837,605.037,190.125,381.069,529.394,394.031
493.364,259.221,611.041,647.328,463.654,602.211,345.109
568.530,500.036,614.372,423.041,294.326,448.063,602.197
523.103,333.993,594.540,199.647,229.605,785.675,308.204
480.127,95.333,123.655,363.996,400.581,540.141,95.333
432.272,230.828,81.006,554.837,400.274,563.593,230.828
488.721,436.085,174.494,584.618,319.609,376.801,436.085
169.225,338.058,158.382,530.027,148.427,672.153,338.058
467.400,277.384,155.286,582.774,458.931,683.348,277.384
559.497,694.903,82.540,345.794,751.043,328.895,694.903
294.588,387.752,910.443,342.206,360.853,519.740,387.752
277.510,197.141,274.242,252.829,448.328,661.911,197.141
462.581,503.451,276.884,640.444,357.836,605.608,503.451
644.110,419.994,284.922,513.962,769.476,440.965,419.994
505.634,365.816,295.344,258.534,1111.057,677.044,365.816
299.502,167.928,538.596,416.516,441.783,532.143,167.928
585.775,803.375,407.597,541.130,768.052,354.310,803.375
762.463,602.442,341.726,133.035,358.622,472.709,602.442
631.337,357.820,340.609,548.444,719.779,500.368,357.820
219.252,727.087,341.889,584.424,612.956,326.475,727.087
766.658,838.060,359.987,418.080,363.720,551.847,838.060
974.871,335.650,344.798,544.631,374.769,463.542,335.650
196.032,625.743,527.933,443.145,469.419,373.602,625.743
227.002,638.150,556.939,648.741,382.166,766.165,638.150
710.113,667.968,368.081,467.056,509.137,527.942,667.968
665.793,302.727,462.832,424.284,618.271,915.861,302.727
281.727,496.471,454.043,607.481,720.417,388.855,496.471
604.161,111.492,455.104,451.141,674.962,480.576,111.492
635.614,202.085,414.289,454.472,426.072,898.187,202.085
650.949,423.535,396.437,366.094,614.163,411.218,423.535
643.760,726.963,396.902,740.225,595.237,150.858,726.963
394.529,205.909,390.125,653.571,334.795,741.818,205.909
534.614,515.310,396.648,411.143,529.192,358.954,515.310
860.829,465.768,633.245,601.513,417.520,661.463,465.768
490.894,527.281,647.682,462.816,631.814,269.058,527.281
439.328,202.752,639.736,163.425,791.373,537.203,202.752
134.398,485.653,630.626,195.151,229.749,106.600,485.653
533.631,324.333,658.939,378.224,504.737,548.809,324.333
726.933,335.942,668.624,472.423,570.229,455.663,335.942
257.832,305.931,697.516,430.224,465.892,405.758,305.931
807.823,727.440,696.308,595.466,551.609,31.250,727.440
791.434,305.404,474.242,767.643,552.494,375.791,305.404
652.517,344.576,695.010,578.541,193.130,182.833,344.576
31.250,744.186,702.412,677.259,633.205,591.984,744.186
996.048,864.774,581.879,658.355,614.739,685.781,864.774
301.156,776.485,574.921,851.533,555.257,345.176,776.485
379.779,629.310,574.458,701.573,484.010,338.338,629.310
316.064,501.938,740.401,583.401,382.673,497.206,501.938
415.506,819.328,644.326,410.397,515.938,242.388,819.328
485.505,349.694,664.330,448.797,246.656,481.823,349.694
563.989,515.035,679.144,423.477,427.154,607.744,515.035
527.081,323.405,685.231,203.293,248.437,206.580,323.405
614.213,603.069,688.801,571.242,751.187,602.823,603.069
313.498,554.872,624.636,598.521,668.153,579.422,554.872
490.592,475.597,582.458,516.636,510.251,620.910,475.597
383.637,401.886,605.604,553.329,310.356,645.499,401.886
533.959,121.324,746.411,542.724,497.119,638.050,121.324
432.669,443.193,666.272,723.246,179.656,537.265,443.193
577.384,463.199,597.813,592.540,563.580,682.514,463.199
453.043,242.095,609.296,404.495,354.013,554.877,242.095
299.028,723.613,587.877,431.383,643.336,390.034,723.613
875.504,467.320,578.349,393.428,97.402,658.869,467.320
498.370,391.864,567.888,676.252,689.362,780.312,391.864
643.479,623.618,543.827,323.691,371.053,562.472,623.618
419.206,509.805,567.584,562.518,95.333,428.792,604.882
754.229,437.677,560.987,355.085,230.828,460.750,185.282
854.739,478.931,952.937,494.027,436.085,564.793,650.137
584.236,31.250,633.258,461.697,338.058,125.253,537.852
243.459,593.229,638.349,379.382,277.384,595.834,801.711
356.087,402.560,640.085,479.232,694.903,726.482,296.745
426.323,507.475,642.470,437.467,387.752,654.821,622.779
692.587,1166.284,704.182,45.402,197.141,568.056,614.483
446.285,601.467,583.613,127.772,503.451,549.668,464.649
536.504,457.405,579.171,484.644,419.994,294.269,587.414
587.609,765.661,571.136,209.529,365.816,512.502,528.472
230.419,249.391,997.427,609.437,167.928,353.555,855.980
860.542,676.587,607.469,422.058,803.375,303.093,863.086
321.987,184.556,601.624,959.959,602.442,395.189,800.380
495.631,386.044,512.804,488.825,357.820,288.439,394.383
667.790,208.894,711.190,791.206,727.087,328.274,763.522
324.174,705.292,726.514,406.323,838.060,808.453,146.737
499.897,872.202,648.481,303.285,335.650,443.290,468.054
622.779,551.338,639.535,168.060,625.743,482.493,480.951
767.834,381.630,626.494,340.135,638.150,643.324,493.607
528.900,685.256,623.603,608.723,667.968,500.793,487.990
677.667,402.582,617.028,409.503,302.727,588.564,548.424
649.434,405.057,613.730,31.250,496.471,451.290,623.132
534.408,369.530,606.771,304.793,111.492,349.640,520.334
249.558,884.355,580.670,440.495,202.085,727.594,458.297
543.320,686.363,569.243,582.845,423.535,249.268,522.329
270.976,610.230,553.024,582.524,726.963,768.320,515.655
304.474,435.175,538.159,559.561,205.909,674.102,388.311
642.997,318.070,530.646,616.555,515.310,742.505,365.601
440.519,415.538,512.905,820.032,465.768,620.105,656.875
162.819,473.769,490.643,401.150,527.281,286.760,391.371
456.928,521.989,470.172,427.362,202.752,314.908,570.008
291.488,180.712,467.268,575.720,485.653,559.687,616.778
518.390,271.385,444.582,609.959,324.333,619.709,609.473
727.120,272.658,414.559,440.073,335.942,660.639,479.350
584.789,388.901,371.538,708.486,305.931,575.411,360.417
855.933,383.662,345.410,620.674,727.440,749.886,600.171
292.775,768.682,319.565,486.070,305.404,416.114,407.827
361.690,535.001,743.219,805.944,344.576,584.279,627.482
507.372,522.792,423.201,385.816,744.186,713.349,291.424
967.883,617.718,380.309,431.008,864.774,367.679,821.926
725.044,484.079,356.325,182.857,776.485,214.061,356.575
797.154,480.976,290.853,438.706,629.310,554.736,832.436
362.716,494.370,748.694,552.597,501.938,634.663,432.557
388.344,641.301,387.564,472.421,819.328,431.118,420.789
690.174,439.515,329.918,533.529,349.694,367.972,743.419
719.965,643.447,368.229,459.673,515.035,291.821,339.041
367.018,361.211,284.918,482.280,323.405,536.250,540.847
212.700,556.000,259.387,404.807,603.069,438.801,542.247
516.446,982.149,314.034,285.163,554.872,549.723,306.344
222.350,659.231,298.667,533.818,475.597,555.141,301.093
300.454,758.638,539.984,443.805,401.886,484.199,800.453
436.431,356.148,410.752,239.252,121.324,690.492,779.869
640.716,924.183,461.648,180.506,443.193,433.512,989.483
572.935,770.061,442.380,597.316,463.199,546.034,589.936
637.422,345.691,348.399,484.120,242.095,254.046,533.692
919.984,368.867,209.038,362.787,723.613,281.754,182.085
456.196,410.492,124.659,716.271,467.320,458.453,477.362
654.151,288.382,31.250,731.566,391.864,578.015,506.651
544.000,692.723,31.745,589.912,623.618,456.915,166.807
597.799,601.710,338.884,686.096,537.532,557.357,615.715
544.855,478.990,264.191,387.894,649.324,850.495,434.955
487.824,315.442,323.768,568.644,775.762,683.680,193.110
547.234,386.084,329.131,181.918,576.501,776.665,441.799
456.370,574.878,310.910,507.410,469.751,675.671,313.857
342.780,577.785,323.263,540.688,921.745,555.896,125.982
603.645,644.794,319.770,485.596,788.451,459.662,381.670
627.203,526.321,302.404,883.798,921.337,557.303,558.507
491.465,393.315,302.333,752.983,651.331,573.439,436.708
406.534,437.852,266.027,604.673,129.286,295.645,548.426
451.630,273.259,323.294,627.135,585.730,196.746,423.701
415.179,272.003,244.595,492.132,545.836,472.997,137.605
736.407,531.358,221.930,304.671,433.052,391.445,670.709
591.913,265.911,681.067,737.811,548.477,508.779,928.107
267.161,429.388,261.452,722.523,476.452,311.024,502.466
431.389,561.190,255.744,76.941,540.459,347.105,429.215
721.328,385.544,241.834,367.588,319.530,791.390,642.059
153.674,549.402,255.619,662.147,178.364,166.397,877.432
516.559,210.893,225.503,626.291,491.284,710.857,533.072
134.540,31.250,527.420,415.824,167.030,603.148,609.199
317.502,278.794,614.344,443.271,753.485,495.595,692.372
163.132,468.004,576.859,484.629,316.760,640.406,491.930
79.299,212.902,244.754,658.434,518.361,141.941,272.191
616.863,660.901,568.408,780.426,396.131,587.051,762.230
202.752,803.184,572.257,403.512,812.688,340.114,595.147
541.488,651.924,592.558,376.630,427.703,447.608,150.186
512.655,888.897,602.779,560.149,39.175,275.376,796.810
487.466,675.415,632.125,444.416,641.461,423.464,710.387
520.189,371.871,738.066,633.886,728.498,580.304,528.181
598.843,376.023,743.548,217.081,651.800,521.947,360.687
668.194,573.285,784.256,302.603,612.632,540.957,432.745
636.643,487.879,814.127,438.834,474.240,282.190,534.287
275.523,485.827,466.380,246.561,769.228,88.818,464.357
698.068,761.509,476.033,713.242,662.869,292.927,396.711
169.217,672.134,485.863,597.318,474.162,317.848,998.432
290.648,539.002,475.557,685.214,743.355,401.835,255.530
743.291,575.475,463.793,444.768,362.723,832.957,560.835
692.721,515.089,476.649,493.741,341.026,316.333,312.482
697.677,361.362,477.253,565.182,307.306,313.973,401.565
623.005,392.517,483.942,450.509,818.066,428.859,208.731
301.206,731.309,472.970,633.399,687.709,536.137,422.387
573.643,560.330,468.072,524.589,795.716,424.867,391.357
618.398,414.752,469.162,531.379,422.311,724.496,104.545
552.247,656.420,471.007,487.986,331.262,798.106,460.901
748.901,329.693,472.623,465.129,511.943,701.127,757.288
507.320,572.102,880.156,611.234,434.446,535.221,466.551
555.223,562.471,557.959,387.232,600.883,316.193,587.554
49.335,642.359,539.660,737.612,475.458,682.374,503.708
433.276,427.993,550.748,476.918,353.849,252.783,815.589
535.728,835.412,551.683,298.218,604.360,285.974,516.224
189.253,574.955,577.541,508.876,353.846,597.524,361.447
590.651,538.757,610.628,736.507,426.297,408.054,505.750
637.970,565.956,609.729,533.003,723.545,348.714,316.136
463.287,174.459,642.394,378.977,579.899,596.035,657.893
393.841,377.361,665.634,473.708,540.385,343.690,375.709
443.042,537.064,651.140,337.231,275.618,380.959,309.339
1051.902,919.034,665.905,964.814,490.710,316.465,339.637
683.080,355.804,697.930,484.953,647.192,220.576,557.326
474.520,414.450,735.214,529.345,302.696,446.261,566.109
527.416,765.565,1101.150,434.436,513.579,490.870,554.394
413.344,320.894,945.479,374.926,476.638,353.962,513.994
386.256,470.506,951.093,408.608,420.567,738.353,604.039
679.823,508.604,954.977,796.288,260.782,293.671,311.839
247.773,440.456,648.121,606.150,405.133,416.479,675.457
355.682,451.481,969.811,277.520,438.268,360.921,586.701
496.371,563.703,735.765,415.994,988.354,62.943,445.738
259.515,871.850,626.560,386.968,362.759,526.549,809.319
535.232,381.415,642.764,364.083,434.769,790.954,450.407
340.052,601.324,628.693,669.014,254.717,516.496,608.464
579.059,698.849,610.371,503.075,791.883,172.600,501.896
803.176,417.121,592.955,455.789,445.885,755.878,357.424
245.269,290.895,577.173,510.991,601.921,442.687,325.810
593.188,538.015,563.929,594.569,437.311,403.594,449.797
518.424,439.174,551.458,136.666,102.403,441.176,142.552
647.768,762.301,535.184,477.806,536.892,571.787,233.773
762.060,475.718,527.373,521.556,119.464,384.387,559.589
507.545,548.073,509.513,645.768,248.272,405.117,610.787
313.079,682.031,496.631,665.145,378.696,433.440,642.725
697.998,236.853,483.195,584.823,529.279,905.711,346.546
388.176,315.159,784.220,566.539,436.192,451.939,807.794
426.008,335.014,463.245,196.519,501.356,243.490,371.738
311.948,467.804,449.893,503.304,759.014,337.586,559.306
608.953,582.726,436.520,526.103,762.695,551.569,836.191
327.917,620.493,762.300,267.521,782.391,619.542,124.236
498.445,289.224,764.449,386.590,639.690,372.353,360.650
729.040,237.176,433.067,342.112,361.392,333.970,550.793
292.603,695.650,420.923,523.808,543.674,537.026,731.969
225.746,711.465,410.175,701.946,704.740,382.843,350.441
415.205,454.098,400.180,396.072,661.287,114.990,516.460
457.019,544.698,389.747,596.767,527.234,356.603,592.255
724.509,31.250,378.353,353.284,388.343,921.921,745.283
447.987,562.540,366.006,479.505,223.857,727.424,505.767
217.144,159.595,353.451,353.361,196.714,686.875,412.198
361.685,140.161,341.332,197.470,589.223,551.009,456.521
479.485,541.621,343.305,533.363,625.230,363.478,466.813
349.814,385.131,325.308,472.072,328.017,214.167,472.822
467.563,556.070,669.365,346.351,1095.112,377.551,271.808
545.037,347.298,645.945,217.807,636.742,516.896,291.514
507.452,619.758,332.165,510.597,663.297,547.856,635.755
145.378,714.241,315.067,418.777,373.618,360.889,542.508
542.725,556.379,633.338,648.695,495.285,752.196,290.200
870.285,506.972,318.305,366.364,550.068,557.391,757.412
457.524,640.729,631.746,634.598,500.242,483.103,322.611
255.214,440.520,386.492,473.511,135.225,310.191,337.481
530.232,689.196,304.461,335.005,458.645,698.568,475.206
782.147,731.307,296.364,329.543,256.626,477.516,768.104
795.118,586.588,288.208,709.875,642.118,259.295,545.701
550.375,342.251,283.164,581.804,136.233,526.742,721.499
558.750,492.031,284.788,461.254,918.124,309.929,710.311
489.099,707.956,307.828,322.515,805.889,548.696,607.706
241.344,810.080,324.008,460.961,500.869,562.275,430.059
206.247,539.746,348.081,519.029,334.816,388.095,542.186
807.701,507.979,271.586,192.880,661.093,723.666,201.975
590.917,803.932,532.061,383.087,330.920,282.780,483.551
709.812,635.135,254.829,449.293,417.805,721.010,891.787
566.986,466.373,371.540,557.763,806.442,500.629,775.731
460.747,470.653,365.151,348.986,632.700,507.257,853.226
444.004,31.250,368.712,357.782,373.989,600.115,462.591
719.294,611.304,504.582,200.545,320.797,265.154,519.009
428.856,332.722,588.696,684.652,611.680,641.096,76.034
443.131,435.723,585.714,362.559,615.715,515.202,580.575
606.038,451.114,705.664,457.027,434.955,623.292,672.700
547.790,226.261,750.875,326.097,193.110,571.545,346.989
176.892,499.282,726.792,461.260,441.799,537.442,203.617
421.796,446.128,663.820,572.802,313.857,434.943,493.665
802.766,181.247,689.805,403.310,125.982,95.109,640.946
341.317,453.923,615.431,355.993,381.670,510.305,564.566
284.425,553.622,605.730,602.206,558.507,790.144,631.629
648.496,542.325,730.847,303.690,436.708,448.086,733.074
157.847,433.206,744.419,605.862,548.426,453.233,304.340
502.965,430.349,873.868,1001.215,423.701,557.935,674.440
522.610,493.658,722.967,301.912,137.605,315.054,227.639
510.264,754.265,784.084,532.906,670.709,263.298,509.091
719.350,652.752,424.410,606.257,928.107,499.801,601.269
492.738,432.223,519.064,147.197,502.466,586.616,47.532
838.553,202.766,484.271,453.122,429.215,557.020,331.492
664.861,614.310,453.943,818.707,642.059,301.243,571.918
777.751,833.456,400.205,337.271,877.432,404.370,574.593
258.922,314.422,551.682,289.265,533.072,705.455,532.058
755.725,286.005,895.333,693.347,609.199,423.497,491.527
605.075,371.433,489.545,656.112,692.372,562.634,377.258
713.615,490.011,304.226,531.749,491.930,521.803,199.522
341.929,361.313,346.070,344.460,272.191,553.533,507.209
363.828,461.491,31.486,308.553,762.230,637.248,511.895
371.854,407.225,441.505,588.642,595.147,585.948,512.636
651.414,471.672,945.696,506.559,150.186,452.949,485.184
395.554,886.606,697.560,284.316,796.810,928.126,487.677
467.581,841.465,497.075,251.694,710.387,615.431,223.854
206.031,258.585,453.509,638.277,528.181,311.342,828.221
369.386,631.409,530.668,748.864,360.687,453.772,573.907
526.809,673.365,452.178,640.784,432.745,515.950,475.267
429.617,461.504,501.398,138.127,534.287,758.325,297.469
594.512,237.081,485.713,427.914,464.357,268.486,587.069
503.486,316.063,545.089,510.562,396.711,272.577,685.518
816.073,422.071,499.116,834.635,998.432,394.747,540.061
382.886,360.594,468.515,406.675,255.530,559.023,368.537
224.322,554.626,358.793,644.946,560.835,583.507,762.480
561.006,613.809,348.651,399.861,312.482,674.750,218.778
541.232,471.536,270.200,457.218,401.565,773.282,828.621
387.101,484.817,329.669,355.529,208.731,673.105,240.603
607.897,350.033,142.266,298.836,422.387,395.755,729.343
763.314,610.368,263.761,424.857,391.357,683.565,253.994
330.658,700.801,503.080,478.368,104.545,434.925,503.932
588.542,485.744,751.513,329.927,460.901,587.798,510.101
566.171,388.158,466.522,507.962,757.288,459.571,536.762
607.816,308.888,406.341,542.901,466.551,660.111,456.073
708.500,600.668,464.447,610.727,587.554,378.396,338.519
796.571,222.188,500.457,491.686,503.708,557.362,393.644
909.316,559.932,497.641,698.516,815.589,627.622,837.486
556.106,523.559,508.738,404.501,516.224,178.688,504.216
133.848,341.680,463.862,327.745,361.447,438.206,300.662
549.411,447.183,433.390,514.499,505.750,741.377,594.521
396.368,623.499,401.056,536.299,316.136,337.428,422.929
342.948,261.103,415.481,773.947,657.893,472.204,783.784
624.962,536.991,434.402,315.791,375.709,635.314,564.314
1061.685,877.519,450.082,572.463,309.339,379.708,643.450
848.889,430.718,419.806,369.601,339.637,203.165,864.647
368.349,384.855,238.018,338.122,557.326,604.198,407.898
916.973,297.538,94.395,843.165,566.109,279.692,676.860
674.697,872.612,219.153,741.949,554.394,840.537,417.390
580.575,566.598,878.236,701.573,887.394,466.386,667.110
672.700,667.552,844.097,629.204,516.109,500.665,589.547
346.989,527.202,877.651,356.732,635.791,703.276,279.004
203.617,148.456,618.213,251.180,579.600,486.560,538.518
493.665,609.096,622.252,592.037,610.645,243.085,353.416
640.946,359.482,736.591,443.612,701.002,584.370,214.271
564.566,690.238,810.765,699.170,277.177,684.915,248.249
631.629,449.102,786.357,823.778,706.047,678.866,31.250
733.074,189.440,884.964,121.016,439.560,301.996,691.245
304.340,295.989,528.717,607.747,685.998,553.753,616.785
674.440,497.375,646.244,394.364,540.134,466.202,509.174
227.639,432.290,551.523,742.333,489.521,561.525,320.199
509.091,540.538,516.598,31.250,382.253,895.094,627.472
601.269,457.280,501.515,137.649,428.621,515.209,522.498
47.532,582.181,483.482,454.694,345.427,666.695,666.315
331.492,497.815,477.380,565.983,359.204,497.069,553.494
571.918,561.952,531.070,585.681,601.742,436.569,736.156
574.593,428.012,851.494,316.833,518.275,599.858,395.402
532.058,488.595,846.819,773.569,618.166,524.020,583.192
491.527,232.478,451.792,81.406,319.713,615.649,584.024
377.258,458.005,393.914,622.548,896.809,307.263,1043.247
199.522,554.796,847.135,400.083,370.630,567.712,428.981
507.209,309.403,507.762,445.994,600.774,585.366,887.870
511.895,771.379,494.038,823.878,477.686,164.171,542.326
512.636,501.864,466.034,332.380,593.995,315.617,318.723
485.184,225.685,479.013,504.090,184.334,699.577,368.278
487.677,251.514,438.832,349.828,547.077,618.763,381.894
223.854,444.813,503.973,525.470,469.900,615.870,527.339
828.221,649.686,622.137,168.749,303.517,927.628,358.654
573.907,301.703,507.657,731.141,357.750,256.318,395.756
475.267,512.253,428.855,579.036,422.252,375.178,672.724
297.469,232.334,424.444,713.908,596.116,481.768,505.102
587.069,654.697,424.697,567.182,485.235,552.142,558.571
685.518,418.219,422.444,491.913,826.069,514.791,740.110
540.061,535.727,414.447,543.548,535.412,661.295,725.722
368.537,661.120,405.026,356.463,259.252,621.067,175.901
762.480,286.641,477.615,366.026,512.776,312.126,569.315
218.778,213.097,430.397,281.987,343.510,151.926,518.601
828.621,91.857,422.804,549.574,962.853,576.730,637.491
240.603,116.751,414.327,316.225,650.409,467.686,558.592
729.343,1049.880,404.756,310.648,272.681,395.688,276.799
253.994,566.795,441.720,671.301,801.056,737.835,174.911
503.932,696.320,191.683,612.943,504.645,730.024,434.259
510.101,396.267,671.755,715.182,495.329,493.779,415.712
536.762,417.517,641.814,522.162,591.581,359.872,462.834
456.073,390.127,290.284,512.576,669.211,480.566,400.550
338.519,607.491,281.001,496.895,410.671,473.516,116.563
393.644,278.822,271.600,352.625,704.772,614.131,527.180
837.486,477.963,264.111,645.871,623.286,419.284,498.002
504.216,563.472,256.886,790.690,543.149,380.601,497.714
300.662,520.160,249.584,389.980,384.734,692.695,629.643
594.521,367.507,241.973,252.024,540.547,383.235,582.169
422.929,270.436,318.965,958.878,297.574,273.658,521.202
783.784,171.974,481.682,307.151,448.874,463.180,448.510
564.314,367.427,335.717,567.037,451.233,104.038,809.508
643.450,601.230,315.061,531.529,770.924,545.050,524.451
864.647,431.642,287.603,518.188,343.025,373.261,813.037
407.898,427.013,396.438,568.615,682.307,399.016,405.781
676.860,429.090,467.721,293.312,560.351,326.252,591.805
417.390,508.937,218.334,505.771,514.911,189.958,486.046
537.532,701.573,326.408,325.671,40.844,647.825,597.799
649.324,629.204,292.451,660.147,237.742,672.559,544.855
775.762,356.732,258.994,250.936,650.318,148.178,487.824
576.501,251.180,250.065,510.162,474.237,716.518,547.234
469.751,592.037,155.178,416.093,618.894,551.095,456.370
921.745,443.612,211.941,516.787,560.414,387.491,342.780
788.451,699.170,118.032,468.484,341.254,708.057,603.645
921.337,823.778,562.878,344.603,341.756,715.720,627.203
651.331,121.016,288.408,547.407,317.157,524.920,491.465
129.286,607.747,605.309,215.761,608.332,819.232,406.534
585.730,394.364,413.193,165.324,550.402,487.432,451.630
545.836,742.333,416.627,342.778,508.886,411.034,415.179
433.052,31.250,392.898,403.326,687.840,535.997,736.407
548.477,137.649,395.463,578.482,278.874,223.348,591.913
476.452,454.694,328.556,570.344,565.655,749.551,267.161
540.459,565.983,297.264,463.314,777.003,249.642,431.389
319.530,585.681,272.646,743.154,925.017,689.786,721.328
178.364,316.833,303.170,650.110,719.374,589.331,153.674
491.284,773.569,446.610,488.225,335.374,529.106,516.559
167.030,81.406,494.096,852.406,192.025,583.409,134.540
753.485,622.548,555.044,649.359,510.301,439.558,317.502
316.760,400.083,551.931,345.739,646.373,373.833,163.132
518.361,445.994,565.042,528.085,665.232,389.312,79.299
396.131,823.878,587.136,753.919,231.716,506.989,616.863
812.688,332.380,302.334,322.904,791.876,379.676,202.752
427.703,504.090,459.480,452.286,331.250,543.638,541.488
39.175,349.828,392.357,561.492,397.826,331.356,512.655
641.461,525.470,544.848,529.101,535.146,694.986,487.466
728.498,168.749,622.917,800.121,666.957,634.392,520.189
651.800,731.141,461.792,812.357,715.661,316.704,598.843
612.632,579.036,487.137,604.968,482.349,626.188,668.194
474.240,713.908,511.018,686.695,476.259,353.124,636.643
769.228,567.182,543.967,584.879,698.179,810.383,275.523
662.869,491.913,509.036,527.057,693.025,402.372,698.068
474.162,543.548,565.229,597.626,339.030,305.814,169.217
743.355,356.463,566.073,437.379,940.110,306.662,290.648
362.723,366.026,665.530,595.426,311.884,299.912,743.291
341.026,281.987,550.418,577.074,197.395,502.711,692.721
307.306,549.574,274.671,509.956,187.127,424.634,697.677
818.066,316.225,625.230,83.468,158.803,858.483,623.005
687.709,310.648,479.760,359.894,250.809,681.765,301.206
795.716,671.301,680.510,508.180,655.605,311.846,573.643
422.311,612.943,732.244,435.076,622.457,356.544,618.398
331.262,715.182,627.616,523.728,540.097,651.504,552.247
511.943,522.162,678.167,438.621,551.487,435.401,748.901
434.446,512.576,662.986,276.595,490.212,371.907,507.320
600.883,496.895,650.657,717.002,377.170,340.303,555.223
475.458,352.625,587.664,267.664,521.054,129.093,49.335
353.849,645.871,592.520,543.213,699.275,887.790,433.276
604.360,790.690,658.110,508.975,376.444,164.141,535.728
353.846,389.980,626.244,548.890,393.734,115.399,189.253
426.297,252.024,666.750,907.146,591.067,552.588,590.651
723.545,958.878,419.740,532.660,581.406,446.998,637.970
579.899,307.151,387.654,698.828,1119.032,504.697,463.287
540.385,567.037,352.782,409.494,349.701,353.131,393.841
275.618,531.529,325.087,245.127,291.773,917.292,443.042
490.710,518.188,992.854,555.578,340.904,168.583,1051.902
647.192,568.615,967.674,653.000,474.913,408.507,683.080
302.696,293.312,850.536,270.915,72.164,796.751,474.520
513.579,505.771,889.067,386.475,543.793,680.234,527.416
395.220,784.196,430.211,687.511,757.163,775.066,390.952
507.546,824.029,194.446,576.784,458.783,383.293,665.616
31.250,610.334,194.964,480.041,456.122,601.799,697.870
640.090,539.468,324.677,452.778,473.845,649.485,555.704
655.412,679.015,373.550,784.928,518.374,377.654,492.159
555.959,522.019,408.326,899.186,383.604,427.745,269.370
231.990,570.271,353.826,464.485,589.405,723.042,508.020
448.700,299.613,436.205,302.212,885.596,723.342,210.209
353.981,442.981,31.250,513.881,284.961,358.146,433.136
577.751,111.085,298.559,977.945,449.644,429.560,286.967
382.949,351.693,245.782,208.850,663.503,794.976,711.173
665.278,435.926,139.921,426.778,439.722,410.770,385.771
529.326,410.752,467.703,397.835,247.324,638.179,437.468
336.907,829.504,414.630,152.752,314.708,620.258,378.537
499.436,496.613,361.832,444.135,455.799,380.269,640.753
350.278,763.220,306.099,708.176,616.726,84.168,293.951
343.712,413.071,318.143,532.774,493.817,612.380,735.052
338.810,555.414,358.992,528.715,627.659,396.093,211.385
659.574,413.874,532.250,340.942,711.594,446.156,299.279
500.885,380.869,507.711,627.966,552.257,745.203,417.427
281.607,380.175,415.480,290.428,444.640,661.356,356.921
530.827,554.858,279.584,334.683,314.756,351.289,498.418
563.015,866.156,485.420,670.242,835.977,280.824,326.383
757.260,555.070,433.043,303.307,451.647,599.645,231.021
605.440,480.904,416.781,389.789,797.199,581.865,359.186
622.788,623.712,414.771,479.568,457.185,425.300,632.275
668.321,767.651,395.117,622.243,438.733,660.129,448.663
293.611,410.581,544.964,285.122,583.231,601.377,969.242
243.713,538.341,671.157,467.274,389.410,377.155,383.497
461.454,540.173,399.763,549.773,739.686,183.730,345.126
863.928,220.480,589.932,470.670,416.400,551.502,138.078
334.509,625.756,670.446,856.232,275.095,512.983,267.600
655.588,499.126,631.856,624.359,417.367,604.452,277.066
460.851,459.796,567.338,419.819,539.346,376.930,464.926
435.089,621.644,573.093,303.245,407.566,358.414,755.364
314.656,463.354,669.772,506.641,539.263,219.074,458.007
707.725,393.915,700.072,379.060,241.072,290.975,147.897
406.233,549.898,737.708,233.489,332.165,340.678,557.259
806.472,322.178,740.104,641.548,695.448,287.111,622.175
509.031,728.282,801.374,255.654,225.115,590.889,355.953
233.901,739.044,815.872,805.496,510.804,524.499,523.380
499.142,686.970,471.959,642.447,489.450,511.916,799.483
836.090,438.201,603.345,518.928,303.039,606.480,704.169
489.745,589.742,684.614,551.775,431.148,534.141,410.178
528.706,714.717,678.666,443.246,577.014,110.195,314.506
433.224,450.689,575.296,205.718,706.114,372.115,706.200
436.076,643.205,546.088,636.583,841.644,558.906,415.229
751.240,705.078,480.683,182.083,478.049,541.100,978.089
718.742,725.897,528.718,322.183,163.755,434.759,407.361
589.250,736.633,464.342,370.644,382.644,304.068,533.358
999.400,479.080,517.544,594.324,497.922,52.540,318.775
522.606,387.623,453.850,560.389,539.509,920.966,180.498
805.841,873.185,499.976,555.351,292.163,711.973,450.502
590.872,694.207,511.237,718.776,240.197,431.094,444.535
339.757,548.787,424.641,426.674,355.125,598.706,1034.369
517.597,511.960,1145.452,587.211,607.556,467.834,435.445
878.833,345.428,742.204,296.682,745.156,557.925,726.353
309.260,618.219,636.854,493.530,651.192,501.820,731.305
293.544,575.960,670.218,538.004,298.312,378.467,558.339
501.405,478.718,711.587,470.125,644.519,459.522,244.940
366.070,618.231,691.354,395.220,611.599,835.419,675.892
499.562,686.973,726.822,507.546,500.354,683.432,444.563
750.039,623.760,695.995,31.250,314.559,171.460,395.843
407.876,462.679,716.101,640.090,708.292,528.038,370.609
384.809,294.645,730.689,655.412,388.083,216.830,855.992
618.935,593.752,706.187,555.959,433.638,362.810,473.302
604.534,235.275,714.297,231.990,426.119,417.867,270.217
346.668,121.034,672.767,448.700,539.509,463.921,665.629
490.112,572.593,620.324,353.981,720.397,618.352,54.773
352.668,31.250,676.497,577.751,325.259,584.795,198.045
578.361,580.763,484.812,382.949,263.878,421.590,349.122
386.158,618.857,486.165,665.278,808.631,403.210,70.063
927.688,644.300,731.710,529.326,605.896,515.778,604.512
670.881,519.211,675.827,336.907,490.023,510.669,494.467
440.308,492.492,595.447,499.436,459.914,377.072,438.327
465.854,322.086,671.819,350.278,752.778,621.983,637.193
730.186,508.996,477.487,343.712,262.067,407.195,607.096
332.922,579.774,624.747,338.810,269.319,511.630,511.218
574.465,405.032,631.790,659.574,362.311,537.624,732.900
330.109,291.936,616.240,500.885,381.596,445.354,660.781
744.562,739.444,494.248,281.607,505.700,546.767,466.031
463.652,650.914,420.993,530.827,474.082,684.242,761.944
649.867,644.096,406.905,563.015,519.028,728.857,782.946
426.174,270.008,390.498,757.260,271.424,31.250,583.143
719.930,34.626,666.451,605.440,339.512,425.235,233.721
702.283,509.803,617.301,622.788,724.451,272.679,577.633
463.062,393.836,622.712,668.321,646.720,666.541,595.679
588.836,503.479,330.905,293.611,523.885,418.020,337.668
721.705,567.117,410.904,243.713,291.961,745.740,565.704
497.724,651.534,360.997,461.454,380.791,362.541,279.411
318.676,495.154,407.421,863.928,749.494,239.217,394.714
470.843,578.386,804.243,334.509,619.461,383.292,500.792
404.082,257.862,527.280,655.588,295.575,561.508,721.802
285.232,661.879,491.035,460.851,381.496,427.425,631.495
557.248,202.892,491.166,435.089,435.489,605.528,588.353
494.036,496.696,506.604,314.656,643.624,447.513,725.683
378.488,455.668,476.049,707.725,620.471,827.637,191.804
674.453,332.916,557.681,406.233,682.034,513.863,475.871
713.969,595.512,551.836,806.472,819.539,707.749,527.529
673.894,413.749,547.863,509.031,585.008,641.029,515.399
475.064,626.369,144.409,233.901,434.237,31.250,390.654
759.465,537.543,139.419,499.142,208.973,412.881,418.497
759.011,350.163,249.134,836.090,618.195,312.498,217.358
635.543,440.642,423.298,489.745,271.207,697.234,31.250
599.143,204.894,338.766,528.706,485.781,637.618,202.599
641.022,351.262,442.849,433.224,540.254,541.354,620.643
564.525,273.522,438.256,436.076,123.357,670.684,143.493
582.710,666.256,135.491,751.240,739.197,271.714,407.797
687.720,411.103,231.080,718.742,441.546,715.974,682.707
455.627,402.151,259.112,589.250,736.270,312.058,683.089
704.789,220.183,273.677,999.400,732.283,226.136,122.166
809.719,513.438,204.732,522.606,672.925,717.707,482.814
405.646,325.572,126.398,805.841,551.071,378.313,585.833
371.875,340.243,119.365,590.872,370.453,299.456,104.132
490.145,483.265,788.009,339.757,607.419,471.525,278.270
328.811,987.830,813.962,517.597,457.138,853.637,370.551
723.082,415.887,405.418,878.833,471.476,732.814,399.868
701.454,337.495,404.861,309.260,462.266,622.044,654.003
292.490,373.911,419.410,293.544,308.622,251.645,726.288
585.182,557.492,612.188,501.405,457.190,518.653,785.698
532.609,562.518,454.356,258.605,356.932,664.722,611.971
611.202,355.085,274.609,541.819,213.039,650.747,70.326
237.390,494.027,291.595,715.410,561.600,486.898,529.009
253.361,461.697,476.462,311.525,711.575,571.749,692.458
653.820,379.382,475.761,484.668,624.831,519.347,490.841
294.030,479.232,466.440,696.736,191.419,221.060,429.945
658.491,437.467,316.818,647.261,279.455,227.714,650.155
454.823,45.402,359.922,200.976,363.554,108.265,452.796
543.244,127.772,382.581,741.689,374.693,405.046,78.599
597.184,484.644,386.296,674.450,603.512,681.256,334.112
255.906,209.529,360.403,316.007,506.452,544.218,299.077
346.689,609.437,287.303,459.603,825.506,441.456,395.579
600.999,422.058,295.322,538.924,715.860,151.727,858.552
643.121,959.959,384.676,507.125,237.108,622.895,453.972
174.352,488.825,640.237,484.186,413.890,890.058,170.635
773.106,791.206,524.993,334.734,572.962,435.146,512.039
597.756,406.323,381.641,536.669,566.656,264.700,609.020
474.387,303.285,535.810,729.319,259.834,303.438,125.911
378.893,168.060,560.760,432.596,340.398,232.915,551.906
387.163,340.135,417.814,189.607,310.061,226.998,400.089
290.601,608.723,404.960,576.371,387.646,441.384,630.140
691.278,409.503,423.656,244.158,460.492,610.196,544.303
572.390,31.250,215.688,571.714,573.831,261.923,249.355
412.445,304.793,330.501,77.688,1003.283,668.862,223.217
621.254,440.495,575.928,378.881,109.449,475.093,424.128
682.472,582.845,310.700,520.059,424.974,649.331,387.909
773.829,582.524,81.558,453.610,762.704,133.653,179.187
365.461,559.561,31.250,31.250,473.593,647.271,44.264
588.487,616.555,114.465,454.104,661.783,517.022,261.113
486.850,820.032,204.571,590.614,460.177,558.475,359.500
220.190,401.150,918.809,637.627,506.358,282.759,607.892
658.550,427.362,452.021,433.471,907.826,449.186,484.072
244.854,575.720,378.193,424.695,424.374,435.968,576.983
508.190,609.959,512.829,318.129,562.780,505.644,355.053
607.367,440.073,722.368,463.067,203.362,675.198,455.893
364.454,708.486,436.974,451.639,731.777,746.926,615.330
699.505,620.674,551.337,471.692,431.479,468.300,778.078
699.835,486.070,657.541,510.182,414.690,773.030,562.570
593.268,805.944,687.030,688.782,452.350,388.907,330.363
326.996,385.816,494.137,643.728,223.805,191.828,633.851
247.984,431.008,633.541,415.328,571.991,942.441,326.899
783.059,182.857,654.492,189.380,350.452,257.690,302.943
671.375,438.706,641.635,596.472,594.338,527.264,517.695
805.091,552.597,613.908,512.999,200.170,173.649,348.149
541.839,472.421,638.500,778.720,693.363,618.210,358.699
138.799,533.529,588.823,571.942,481.205,465.531,232.532
596.650,459.673,658.803,837.524,583.321,162.074,633.135
332.265,482.280,681.583,505.441,987.956,301.924,523.499
466.627,404.807,821.104,806.852,545.204,418.726,625.954
225.322,285.163,742.106,648.448,250.628,795.403,317.737
525.442,533.818,748.758,502.775,377.015,401.675,371.861
762.237,443.805,723.631,903.061,237.234,420.235,154.775
533.809,239.252,463.043,831.068,256.681,398.374,592.585
216.687,180.506,705.845,406.612,456.135,708.192,298.633
621.523,597.316,731.050,584.252,418.955,507.021,810.268
528.640,484.120,676.411,379.265,519.621,721.580,370.089
586.561,362.787,611.883,348.167,505.765,350.089,602.127
513.413,716.271,631.435,170.813,512.756,445.856,422.984
589.375,731.566,616.575,201.114,381.597,321.624,601.455
317.466,589.912,638.561,704.745,320.123,216.004,863.699
353.826,686.096,737.648,552.282,678.330,675.892,589.540
602.536,387.894,755.405,476.184,238.393,444.563,340.479
293.847,568.644,746.492,296.424,735.415,395.843,460.588
413.208,181.918,746.149,149.119,257.693,370.609,300.738
630.888,507.410,756.338,722.270,67.302,855.992,292.555
639.721,540.688,754.410,314.987,589.045,473.302,708.879
643.768,485.596,752.435,941.031,697.897,270.217,777.815
267.375,883.798,725.258,325.761,279.180,665.629,283.065
671.650,752.983,715.737,595.767,808.222,54.773,351.613
162.586,604.673,687.859,643.548,416.270,198.045,623.664
254.625,627.135,664.859,611.201,409.689,349.122,357.048
446.325,492.132,634.769,865.380,392.517,70.063,453.410
651.059,304.671,603.273,467.441,386.167,604.512,612.303
386.620,737.811,630.030,456.558,523.971,494.467,634.993
530.511,722.523,540.105,491.741,667.830,438.327,576.131
373.607,76.941,501.711,618.796,499.945,637.193,540.200
581.631,367.588,538.141,713.273,484.812,607.096,240.650
221.440,662.147,506.669,676.250,462.060,511.218,502.327
494.731,626.291,506.821,349.278,425.751,732.900,408.331
298.679,415.824,523.099,288.149,523.963,660.781,365.660
786.503,443.271,508.509,667.301,329.803,466.031,554.309
612.275,484.629,507.874,330.534,692.418,761.944,64.529
322.377,658.434,516.534,219.955,162.078,782.946,726.759
258.287,780.426,531.260,752.536,339.637,583.143,359.870
363.305,403.512,545.427,441.133,545.067,233.721,732.231
797.805,376.630,449.995,643.014,557.035,577.633,595.202
428.115,560.149,415.859,425.715,368.546,595.679,610.007
784.979,444.416,506.152,813.888,731.990,337.668,86.224
226.591,633.886,503.065,449.033,373.839,565.704,285.447
144.517,217.081,437.899,250.204,581.782,279.411,542.224
250.051,302.603,540.873,456.700,657.100,394.714,682.468
445.426,438.834,478.627,557.438,453.992,500.792,463.476
616.191,246.561,505.173,613.998,521.749,721.802,510.269
269.246,713.242,553.240,655.782,205.234,631.495,478.162
560.472,597.318,546.108,325.903,666.863,588.353,672.030
438.210,685.214,675.471,415.527,512.828,725.683,450.279
479.661,444.768,208.651,611.787,659.853,191.804,811.239
745.709,493.741,233.333,471.158,316.565,475.871,170.224
196.642,565.182,203.971,711.380,751.835,527.529,246.830
590.898,450.509,185.106,558.661,472.282,515.399,469.226
433.317,633.399,100.845,527.788,612.264,390.654,595.692
426.753,524.589,52.477,779.810,824.656,418.497,749.529
601.925,531.379,884.074,587.462,622.510,217.358,480.779
684.487,487.986,399.373,587.413,538.842,31.250,354.710
131.664,465.129,395.478,381.195,603.703,202.599,508.095
604.123,611.234,563.085,521.671,63.860,620.643,435.272
416.352,387.232,466.664,31.250,370.333,143.493,397.847
571.347,737.612,475.938,830.074,718.871,407.797,303.028
753.331,476.918,472.834,718.460,635.256,682.707,272.297
525.136,298.218,459.951,536.222,779.736,683.089,417.921
739.831,508.876,469.375,587.291,429.932,122.166,797.345
105.140,736.507,516.699,663.608,284.969,482.814,578.111
98.503,533.003,479.822,611.917,449.341,585.833,170.428
751.802,378.977,504.055,812.332,489.752,104.132,763.583
874.515,473.708,473.444,439.579,606.649,278.270,454.905
858.975,337.231,450.349,463.760,254.217,370.551,781.909
344.611,964.814,382.225,415.441,817.907,399.868,512.903
772.159,484.953,310.424,684.085,893.031,654.003,821.278
396.538,529.345,31.250,586.178,550.931,726.288,608.169
481.641,434.436,31.303,589.072,31.250,785.698,473.779
356.932,389.180,576.831,433.950,513.994,686.096,575.475
213.039,210.749,670.222,560.114,604.039,387.894,485.266
561.600,881.249,774.981,302.354,311.839,568.644,541.645
711.575,504.269,734.396,876.014,675.457,181.918,546.421
624.831,169.615,696.591,395.831,586.701,507.410,276.101
191.419,461.286,711.816,576.588,445.738,540.688,448.718
279.455,577.147,721.338,1154.576,809.319,485.596,393.516
363.554,644.075,698.584,631.830,450.407,883.798,353.589
374.693,574.895,675.538,610.392,608.464,752.983,390.936
603.512,899.632,654.623,508.644,501.896,604.673,679.310
506.452,379.941,653.300,543.008,357.424,627.135,483.223
825.506,257.736,665.036,490.577,325.810,492.132,649.908
715.860,423.927,632.727,456.849,449.797,304.671,709.389
237.108,194.476,611.127,384.100,142.552,737.811,285.064
413.890,347.681,629.796,269.435,233.773,722.523,612.120
572.962,903.539,701.314,595.232,559.589,76.941,568.623
566.656,221.261,658.128,316.410,610.787,367.588,856.356
259.834,620.650,617.254,621.650,642.725,662.147,725.942
340.398,260.338,634.007,589.885,346.546,626.291,616.820
310.061,471.009,648.979,678.001,807.794,415.824,458.986
387.646,386.711,615.244,303.223,371.738,443.271,425.679
460.492,31.250,583.905,586.241,559.306,484.629,393.582
573.831,377.706,563.042,516.057,836.191,658.434,231.784
1003.283,625.144,537.130,332.130,124.236,780.426,180.950
109.449,369.914,682.160,326.811,360.650,403.512,796.794
424.974,769.679,479.783,557.965,550.793,376.630,446.158
762.704,418.089,560.546,584.833,731.969,560.149,532.439
473.593,526.371,407.145,460.058,350.441,444.416,397.466
661.783,516.764,444.631,427.064,516.460,633.886,541.534
460.177,193.550,380.230,173.945,592.255,217.081,623.582
506.358,370.515,366.692,710.016,745.283,302.603,437.176
907.826,281.045,678.720,463.087,505.767,438.834,672.476
424.374,493.969,388.292,355.356,412.198,246.561,220.164
562.780,937.082,439.647,365.727,456.521,713.242,567.745
203.362,566.086,446.424,408.751,466.813,597.318,592.974
731.777,518.359,420.942,283.380,472.822,685.214,360.035
431.479,525.764,437.646,525.914,271.808,444.768,591.312
414.690,687.191,415.570,503.196,291.514,493.741,405.686
452.350,317.422,422.732,480.862,635.755,565.182,405.579
223.805,574.308,357.622,1051.492,542.508,450.509,562.876
571.991,734.724,323.240,578.823,290.200,633.399,502.889
350.452,256.912,711.403,738.299,757.412,524.589,547.469
594.338,814.579,347.644,654.715,322.611,531.379,377.566
200.170,445.571,164.758,558.755,337.481,487.986,441.215
693.363,504.305,304.442,531.646,475.206,465.129,540.834
481.205,339.104,916.655,488.952,768.104,611.234,788.733
583.321,544.997,475.283,526.816,545.701,387.232,543.548
987.956,256.033,429.568,367.735,721.499,737.612,449.109
545.204,506.944,406.741,328.825,710.311,476.918,446.735
250.628,422.977,439.570,431.214,607.706,298.218,312.126
377.015,705.998,487.722,383.433,430.059,508.876,73.090
237.234,31.250,446.808,208.018,542.186,736.507,640.727
256.681,693.298,31.250,344.682,201.975,533.003,438.834
456.135,431.392,245.587,493.574,483.551,378.977,463.783
418.955,31.250,297.470,345.803,891.787,473.708,500.653
519.621,342.983,294.098,553.662,775.731,337.231,166.217
505.765,216.359,271.986,605.353,853.226,964.814,544.407
512.756,197.836,171.346,256.992,462.591,484.953,273.915
381.597,643.994,157.367,632.150,519.009,529.345,399.396
320.123,475.397,82.369,640.170,76.034,434.436,428.969
571.912,506.148,655.053,318.282,576.492,40.844,31.250
335.520,534.725,653.593,562.746,397.601,237.742,431.723
644.432,174.418,647.394,495.940,255.496,650.318,359.926
794.616,460.190,637.618,317.024,563.741,474.237,349.790
357.244,389.068,690.147,314.745,535.039,618.894,425.072
432.868,768.874,699.672,193.816,525.446,560.414,514.491
758.687,519.950,703.203,487.581,336.193,341.254,177.477
608.513,548.575,725.122,272.425,555.488,341.756,716.032
708.673,549.467,744.230,295.988,602.972,317.157,629.148
639.250,308.460,582.378,352.633,656.008,608.332,590.999
1097.012,284.382,703.976,580.119,410.056,550.402,37.718
334.261,897.212,652.434,301.273,373.831,508.886,547.002
347.340,429.811,663.987,473.290,683.399,687.840,328.590
266.549,805.485,644.163,448.640,148.311,278.874,386.335
434.528,331.190,635.944,428.088,551.630,565.655,263.835
839.446,502.340,820.068,528.372,443.082,777.003,647.624
513.364,630.367,611.458,31.250,694.323,925.017,527.328
255.815,621.562,1015.684,585.855,494.111,719.374,310.884
433.836,570.552,903.822,250.191,405.158,335.374,266.828
208.995,535.346,376.915,571.514,300.913,192.025,449.339
463.421,444.891,561.784,488.672,289.655,510.301,786.782
743.041,433.640,564.486,523.010,357.641,646.373,444.360
647.283,203.197,522.466,470.684,699.035,665.232,584.320
473.418,517.653,539.195,545.254,705.803,231.716,641.377
438.296,703.444,465.839,692.803,425.179,791.876,566.417
455.627,419.520,426.454,340.252,417.100,331.250,421.120
127.181,539.864,390.272,720.682,504.682,397.826,505.796
659.124,678.158,401.711,419.715,516.813,535.146,504.955
453.875,658.301,326.031,547.135,411.376,666.957,631.522
662.148,745.458,1004.176,795.856,496.486,715.661,745.741
172.521,550.567,504.782,700.326,286.422,482.349,207.173
552.631,364.815,499.347,650.529,224.227,476.259,705.015
525.270,447.740,393.357,387.812,670.841,698.179,329.290
553.116,726.859,429.662,572.161,674.312,693.025,420.508
666.411,674.967,453.317,416.010,197.806,339.030,476.649
471.519,766.363,345.543,254.007,537.551,940.110,493.725
241.858,458.880,427.204,605.132,454.686,311.884,725.027
274.423,107.137,366.102,345.677,716.835,197.395,451.951
395.414,745.574,396.054,491.774,796.274,187.127,118.252
630.974,435.418,341.403,412.032,729.373,158.803,719.779
456.372,722.610,291.174,38.449,462.918,250.809,90.561
227.189,394.334,324.661,497.261,165.218,655.605,419.681
629.784,329.506,341.827,396.932,739.525,622.457,560.675
453.927,174.168,222.918,766.147,451.458,540.097,344.127
183.738,848.802,359.459,551.980,666.388,551.487,519.444
553.918,857.403,360.020,509.500,486.172,490.212,635.807
670.268,313.792,364.662,714.520,132.538,377.170,635.325
585.457,513.723,504.557,477.310,309.172,521.054,406.298
481.820,629.836,343.114,701.263,637.348,699.275,503.825
662.177,828.702,342.410,410.793,783.327,376.444,744.153
746.914,279.760,342.432,557.802,436.683,393.734,602.044
468.713,557.497,340.164,457.534,76.975,591.067,639.648
528.790,413.524,335.274,571.366,773.495,581.406,616.121
395.615,636.424,354.630,425.348,463.290,1119.032,503.218
589.283,778.630,447.798,743.882,580.352,349.701,316.617
430.845,393.235,443.806,230.909,362.313,291.773,507.934
286.835,750.766,447.826,545.947,680.954,340.904,736.378
376.730,444.224,341.483,411.699,781.107,474.913,299.198
690.063,472.732,81.965,416.205,503.235,72.164,306.263
543.885,635.405,283.773,537.368,437.768,543.793,544.020
390.952,383.919,335.996,589.857,656.473,656.473,601.710
665.616,870.115,258.742,476.158,447.160,447.160,478.990
697.870,291.406,31.250,353.064,512.781,512.781,315.442
555.704,429.560,166.439,287.884,365.933,365.933,386.084
492.159,445.126,245.452,719.883,647.856,647.856,574.878
269.370,962.665,281.834,447.334,659.744,659.744,577.785
508.020,711.025,313.171,463.747,555.233,555.233,644.794
210.209,266.491,281.218,468.616,153.966,153.966,526.321
433.136,415.607,772.515,300.778,419.784,419.784,393.315
286.967,819.919,379.673,826.459,300.902,300.902,437.852
711.173,575.096,374.565,564.941,571.187,571.187,273.259
385.771,718.028,327.606,516.458,539.312,539.312,272.003
437.468,366.979,337.900,386.805,263.890,263.890,531.358
378.537,646.261,311.923,31.250,751.523,751.523,265.911
640.753,492.675,273.520,459.470,376.791,376.791,429.388
293.951,388.414,282.932,634.597,346.160,346.160,561.190
735.052,640.144,282.123,485.879,1031.837,1031.837,385.544
211.385,433.334,295.445,646.157,617.029,617.029,549.402
299.279,657.125,254.133,756.299,663.442,663.442,210.893
417.427,455.140,262.031,837.395,614.827,614.827,31.250
356.921,654.014,244.373,620.347,502.373,502.373,278.794
498.418,627.160,917.877,338.822,484.833,484.833,468.004
326.383,387.472,542.028,949.932,735.615,735.615,212.902
231.021,357.064,489.552,561.974,494.329,494.329,660.901
359.186,488.113,484.537,530.503,416.444,416.444,803.184
632.275,335.565,628.470,226.586,908.955,908.955,651.924
448.663,564.434,515.929,346.387,641.037,641.037,888.897
969.242,625.856,514.400,266.362,566.622,566.622,675.415
383.497,513.262,517.485,166.160,455.918,455.918,371.871
345.126,609.772,506.366,448.306,251.607,251.607,376.023
138.078,529.011,414.467,334.884,403.819,403.819,573.285
267.600,268.632,495.799,532.949,600.363,600.363,487.879
277.066,570.267,577.244,466.111,468.905,468.905,485.827
464.926,707.695,542.500,618.566,750.505,750.505,761.509
755.364,574.738,561.100,597.400,680.161,680.161,672.134
458.007,431.101,577.263,211.613,216.582,216.582,539.002
147.897,486.078,589.491,136.809,485.712,485.712,575.475
557.259,930.435,599.235,477.573,484.589,484.589,515.089
622.175,642.607,614.601,592.441,509.353,509.353,361.362
355.953,216.905,625.484,790.123,404.369,404.369,392.517
523.380,518.467,482.314,526.737,52.800,52.800,731.309
799.483,669.287,640.561,374.271,525.537,525.537,560.330
704.169,601.791,662.076,487.251,383.589,383.589,414.752
410.178,389.079,672.076,450.914,263.893,263.893,656.420
314.506,536.335,693.310,696.968,485.481,485.481,329.693
706.200,501.308,653.180,534.073,277.238,277.238,572.102
415.229,241.773,697.520,540.439,456.900,456.900,562.471
978.089,663.763,721.289,555.517,382.734,382.734,642.359
407.361,290.467,732.640,522.252,394.321,394.321,427.993
533.358,630.546,404.715,433.239,600.852,600.852,835.412
318.775,424.383,725.353,842.735,523.225,523.225,574.955
180.498,512.630,738.342,366.964,769.681,769.681,538.757
450.502,692.463,536.102,609.743,303.111,303.111,565.956
444.535,708.474,776.549,163.330,683.903,683.903,174.459
1034.369,266.689,694.455,404.421,340.228,340.228,377.361
435.445,808.599,669.101,784.406,668.141,668.141,537.064
726.353,804.777,541.029,181.063,627.737,627.737,919.034
731.305,395.481,779.696,270.534,602.935,602.935,355.804
558.339,545.420,574.491,450.036,351.995,351.995,414.450
244.940,662.061,578.527,553.021,423.929,423.929,765.565
505.768,615.715,784.481,512.022,515.202,377.103,606.757
604.604,434.955,777.519,491.936,623.292,544.587,451.540
411.694,193.110,759.624,750.100,571.545,617.695,609.474
257.169,441.799,570.857,736.163,537.442,332.994,507.656
358.135,313.857,556.730,513.530,434.943,441.771,326.400
596.203,125.982,767.854,357.755,95.109,493.840,206.052
251.916,381.670,677.091,693.034,510.305,258.854,562.456
602.440,558.507,731.327,756.956,790.144,31.250,296.517
767.866,436.708,502.341,136.448,448.086,258.894,710.942
572.837,548.426,484.382,440.195,453.233,571.943,295.681
592.917,423.701,456.595,500.054,557.935,534.756,540.750
418.007,137.605,668.936,448.905,315.054,527.332,682.524
536.289,670.709,453.157,586.940,263.298,437.523,611.368
122.998,928.107,427.953,268.828,499.801,448.856,142.046
192.059,502.466,439.734,226.742,586.616,808.916,477.750
561.223,429.215,708.975,382.623,557.020,166.701,850.999
803.353,642.059,699.122,489.299,301.243,234.297,494.358
432.367,877.432,675.517,210.810,404.370,559.562,382.902
340.848,533.072,667.673,560.059,705.455,403.974,582.077
582.924,609.199,676.452,413.792,423.497,462.789,487.865
294.139,692.372,675.719,302.506,562.634,240.888,738.393
492.926,491.930,670.771,415.092,521.803,445.293,401.042
119.343,272.191,653.292,612.627,553.533,547.570,653.769
886.866,762.230,605.623,644.599,637.248,468.321,505.527
31.250,595.147,486.273,454.642,585.948,572.470,518.666
222.604,150.186,559.449,599.606,452.949,299.513,550.353
338.454,796.810,638.051,699.711,928.126,829.997,389.604
771.139,710.387,644.980,644.992,615.431,693.999,361.449
780.648,528.181,45.640,178.231,311.342,726.572,205.691
705.629,360.687,290.520,349.124,453.772,582.245,670.442
311.066,432.745,500.889,797.295,515.950,736.090,332.699
759.986,534.287,503.594,206.338,758.325,400.497,209.096
315.339,464.357,531.090,382.057,268.486,510.168,540.413
651.604,396.711,630.714,585.288,272.577,632.977,508.912
508.620,998.432,557.777,285.924,394.747,886.155,555.984
276.023,255.530,363.406,584.729,559.023,535.618,452.799
675.493,560.835,631.818,453.324,583.507,492.717,815.068
617.754,312.482,607.067,665.792,674.750,606.503,450.680
240.220,401.565,295.294,522.972,773.282,877.383,125.450
712.183,208.731,270.704,234.130,673.105,535.654,628.716
591.021,422.387,254.562,263.424,395.755,257.332,690.515
670.385,391.357,256.470,271.354,683.565,31.250,379.201
560.539,104.545,222.676,399.736,434.925,653.513,575.581
493.397,460.901,194.283,717.965,587.798,550.259,540.267
592.932,757.288,191.484,643.580,459.571,313.894,566.616
710.513,466.551,181.727,350.920,660.111,485.847,422.621
485.248,587.554,189.605,257.059,378.396,530.776,591.718
387.730,503.708,536.580,515.211,557.362,307.386,693.054
502.775,815.589,257.582,204.353,627.622,351.314,483.848
413.288,516.224,216.448,443.646,178.688,790.416,481.378
301.804,361.447,260.256,358.680,438.206,303.306,172.806
464.708,505.750,716.527,566.896,741.377,558.876,646.921
592.216,316.136,541.776,423.328,337.428,650.178,339.718
796.067,657.893,545.701,411.823,472.204,252.635,349.688
476.789,375.709,549.206,337.627,635.314,604.504,666.475
437.742,309.339,566.730,293.795,379.708,279.502,727.707
429.759,339.637,490.526,498.697,203.165,601.093,600.071
402.089,557.326,260.129,520.549,604.198,677.607,629.853
573.999,566.109,365.848,765.490,279.692,584.103,659.430
441.527,554.394,552.892,539.438,840.537,631.493,416.313
615.715,552.282,567.094,575.475,593.486,395.220,325.671
434.955,476.184,597.109,485.266,491.984,507.546,660.147
193.110,296.424,608.252,541.645,404.967,31.250,250.936
441.799,149.119,573.414,546.421,655.925,640.090,510.162
313.857,722.270,624.648,276.101,397.341,655.412,416.093
125.982,314.987,637.477,448.718,254.808,555.959,516.787
381.670,941.031,648.345,393.516,469.403,231.990,468.484
558.507,325.761,662.856,353.589,597.119,448.700,344.603
436.708,595.767,672.581,390.936,287.529,353.981,547.407
548.426,643.548,691.023,679.310,307.289,577.751,215.761
423.701,611.201,708.319,483.223,753.751,382.949,165.324
137.605,865.380,718.758,649.908,589.804,665.278,342.778
670.709,467.441,676.255,709.389,389.332,529.326,403.326
928.107,456.558,455.201,285.064,780.837,336.907,578.482
502.466,491.741,669.685,612.120,695.234,499.436,570.344
429.215,618.796,701.325,568.623,482.782,350.278,463.314
642.059,713.273,666.094,856.356,468.703,343.712,743.154
877.432,676.250,734.581,725.942,412.013,338.810,650.110
533.072,349.278,626.933,616.820,796.805,659.574,488.225
609.199,288.149,621.931,458.986,470.856,500.885,852.406
692.372,667.301,629.332,425.679,701.884,281.607,649.359
491.930,330.534,640.527,393.582,510.936,530.827,345.739
272.191,219.955,639.977,231.784,615.556,563.015,528.085
762.230,752.536,624.299,180.950,545.436,757.260,753.919
595.147,441.133,610.898,796.794,216.561,605.440,322.904
150.186,643.014,603.397,446.158,72.735,622.788,452.286
796.810,425.715,594.912,532.439,701.060,668.321,561.492
710.387,813.888,584.276,397.466,641.637,293.611,529.101
528.181,449.033,572.445,541.534,595.499,243.713,800.121
360.687,250.204,569.800,623.582,590.426,461.454,812.357
432.745,456.700,561.449,437.176,707.971,863.928,604.968
534.287,557.438,569.316,672.476,686.504,334.509,686.695
464.357,613.998,541.001,220.164,787.230,655.588,584.879
396.711,655.782,528.139,567.745,356.988,460.851,527.057
998.432,325.903,515.226,592.974,829.184,435.089,597.626
255.530,415.527,501.720,360.035,350.983,314.656,437.379
560.835,611.787,485.742,591.312,540.990,707.725,595.426
312.482,471.158,456.311,405.686,783.549,406.233,577.074
401.565,711.380,441.912,405.579,593.693,806.472,509.956
208.731,558.661,421.748,562.876,647.908,509.031,83.468
422.387,527.788,387.154,502.889,454.990,233.901,359.894
391.357,779.810,376.206,547.469,489.884,499.142,508.180
104.545,587.462,491.397,377.566,713.665,836.090,435.076
460.901,587.413,322.932,441.215,538.672,489.745,523.728
757.288,381.195,214.126,540.834,536.355,528.706,438.621
466.551,521.671,31.728,788.733,666.838,433.224,276.595
587.554,31.250,592.975,543.548,243.700,436.076,717.002
503.708,830.074,348.983,449.109,521.057,751.240,267.664
815.589,718.460,326.322,446.735,231.900,718.742,543.213
516.224,536.222,273.785,312.126,940.154,589.250,508.975
361.447,587.291,279.447,73.090,250.312,999.400,548.890
505.750,663.608,254.103,640.727,389.589,522.606,907.146
316.136,611.917,222.886,438.834,307.203,805.841,532.660
657.893,812.332,223.249,463.783,619.363,590.872,698.828
375.709,439.579,155.748,500.653,473.712,339.757,409.494
309.339,463.760,104.901,166.217,737.925,517.597,245.127
339.637,415.441,73.471,544.407,497.790,878.833,555.578
557.326,684.085,859.197,273.915,620.264,309.260,653.000
566.109,586.178,242.499,399.396,841.577,293.544,270.915
554.394,589.072,264.584,428.969,492.584,501.405,386.475
526.309,280.013,648.959,428.792,540.846,587.444,413.411
519.813,398.433,626.571,460.750,537.393,634.488,578.856
625.974,514.755,640.605,564.793,637.899,440.523,507.636
473.103,358.329,622.343,125.253,580.094,668.306,272.795
31.250,484.648,617.852,595.834,815.285,402.740,248.692
616.878,1000.656,894.447,726.482,360.530,750.443,344.512
455.908,342.586,642.315,654.821,580.105,772.979,518.753
703.574,766.801,914.700,568.056,577.397,541.704,354.801
615.834,393.989,652.820,549.668,747.018,348.975,499.430
536.172,505.658,659.618,294.269,764.850,705.857,814.166
527.632,753.620,675.201,512.502,242.685,553.414,605.213
621.138,283.132,659.530,353.555,406.633,311.455,738.812
474.860,816.250,653.214,303.093,414.039,610.397,818.700
324.650,273.799,633.454,395.189,513.843,690.173,406.191
540.253,442.001,624.370,288.439,739.258,370.122,632.333
824.427,367.719,619.851,328.274,461.559,593.654,38.287
418.495,152.369,609.729,808.453,487.391,295.786,297.055
604.047,463.476,603.870,443.290,196.647,461.984,510.847
522.346,449.368,581.621,482.493,608.398,443.181,336.330
654.341,644.863,569.185,643.324,521.662,674.358,563.034
234.745,113.395,568.645,500.793,513.817,462.070,335.758
421.480,468.225,544.973,588.564,591.799,488.016,672.747
589.305,394.537,806.897,451.290,681.453,794.407,812.265
299.994,407.723,545.128,349.640,378.366,441.347,658.629
473.112,431.351,508.405,727.594,748.277,454.138,417.782
599.146,629.648,503.655,249.268,619.577,594.493,358.326
533.052,380.936,479.138,768.320,449.962,557.803,427.322
693.340,513.641,450.989,674.102,441.469,201.338,582.969
544.611,440.324,421.512,742.505,549.064,246.437,202.984
403.136,572.401,421.551,620.105,773.024,409.937,603.415
640.549,380.926,674.429,286.760,676.654,206.614,453.623
671.408,432.514,434.564,314.908,387.449,635.276,645.501
50.293,433.949,360.385,559.687,790.924,719.582,314.942
245.795,377.483,416.927,619.709,210.424,496.116,438.770
471.848,470.153,657.828,660.639,465.334,408.979,513.371
349.115,371.979,402.496,575.411,634.874,732.522,452.299
551.719,494.202,387.238,749.886,662.324,638.034,542.097
346.992,361.599,385.370,416.114,604.641,840.494,377.250
477.362,526.257,361.011,584.279,563.899,305.024,355.902
677.865,247.442,579.767,713.349,203.451,430.931,691.658
477.144,64.229,590.821,367.679,554.498,291.598,355.467
697.616,507.032,605.989,214.061,611.818,234.380,378.404
623.404,341.450,328.575,554.736,601.801,853.578,412.544
193.268,355.659,568.409,634.663,796.420,732.437,652.118
711.941,475.802,295.145,431.118,464.580,335.835,294.539
459.779,667.568,528.332,367.972,699.560,793.045,653.115
507.335,905.086,526.322,291.821,581.276,408.819,797.692
519.986,210.558,530.389,536.250,466.350,546.856,794.020
346.018,164.603,255.347,438.801,759.665,447.426,433.864
443.579,677.448,481.266,549.723,492.434,164.446,198.818
43.403,475.323,483.623,555.141,787.634,235.901,430.263
457.410,392.073,207.275,484.199,542.504,625.063,505.178
273.947,504.626,423.001,690.492,332.963,344.018,850.515
493.512,468.717,193.335,433.512,729.701,465.691,749.252
300.392,639.522,423.416,546.034,788.763,341.647,553.317
500.191,448.076,169.944,254.046,268.929,690.969,395.690
259.504,291.392,132.663,281.754,193.058,516.378,206.668
346.113,470.320,101.204,458.453,513.838,408.123,768.825
402.215,383.356,62.534,578.015,648.789,653.269,506.665
557.159,580.822,31.250,456.915,562.346,537.716,272.419
552.996,571.912,558.416,309.125,575.475,375.060,557.868
384.999,335.520,481.759,651.618,485.266,472.535,107.812
681.835,644.432,595.400,547.117,541.645,419.712,842.927
351.174,794.616,428.358,388.479,546.421,711.605,632.195
487.841,357.244,195.023,586.910,276.101,181.049,216.028
819.022,432.868,31.250,533.993,448.718,531.148,396.414
542.150,758.687,284.224,321.525,393.516,738.627,575.024
383.782,608.513,300.351,471.362,353.589,265.010,353.941
372.844,708.673,734.474,529.606,390.936,519.474,604.470
391.646,639.250,563.643,381.078,679.310,704.136,660.542
421.254,1097.012,421.241,252.924,483.223,637.995,283.684
262.683,334.261,511.383,688.996,649.908,592.003,417.571
520.413,347.340,491.453,647.142,709.389,112.508,481.920
618.687,266.549,293.616,428.830,285.064,280.402,649.478
302.285,434.528,189.472,888.022,612.120,700.483,239.941
1044.815,839.446,562.544,584.340,568.623,505.525,647.889
526.779,513.364,585.512,103.264,856.356,740.735,299.466
608.276,255.815,617.589,387.108,725.942,679.642,691.129
232.350,433.836,541.681,382.656,616.820,484.139,547.158
597.867,208.995,431.188,354.767,458.986,383.179,734.375
831.932,463.421,595.346,292.125,425.679,281.107,91.906
970.000,743.041,563.531,766.714,393.582,132.247,336.958
953.651,647.283,443.088,544.485,231.784,459.374,721.967
807.501,473.418,452.699,631.420,180.950,644.764,773.730
107.501,438.296,325.233,232.173,796.794,670.917,709.122
591.427,455.627,419.628,585.030,446.158,691.695,385.370
536.814,127.181,617.738,796.508,532.439,596.310,597.874
275.813,659.124,463.787,814.941,397.466,442.242,454.169
836.894,453.875,698.043,380.412,541.534,495.779,480.832
525.260,662.148,555.238,538.243,623.582,867.609,588.731
347.191,172.521,580.810,439.814,437.176,468.362,626.652
308.579,552.631,454.779,354.268,672.476,582.627,212.393
797.419,525.270,456.612,487.761,220.164,836.340,341.216
501.094,553.116,495.412,520.551,567.745,620.719,391.054
355.016,666.411,452.882,301.205,592.974,372.098,787.398
341.862,471.519,381.458,352.162,360.035,834.953,450.871
629.998,241.858,330.659,592.507,591.312,244.610,613.666
311.108,274.423,264.570,593.695,405.686,476.419,448.997
402.210,395.414,31.250,747.578,405.579,593.283,518.401
663.651,630.974,143.266,443.883,562.876,572.066,601.805
622.228,456.372,243.431,494.852,502.889,700.738,248.091
485.877,227.189,412.433,489.304,547.469,580.382,728.075
631.531,629.784,448.091,305.841,377.566,394.285,643.254
696.338,453.927,955.631,401.352,441.215,422.222,425.196
917.505,183.738,789.492,597.298,540.834,403.009,269.261
700.795,553.918,624.796,551.307,788.733,197.697,393.428
430.799,670.268,884.040,934.358,543.548,497.230,484.265
591.742,585.457,636.338,445.192,449.109,738.377,356.413
406.538,481.820,767.910,723.334,446.735,500.310,438.583
322.666,662.177,592.389,756.351,312.126,488.045,863.290
470.566,746.914,657.751,777.385,73.090,604.914,458.313
448.991,468.713,556.548,779.909,640.727,826.724,581.455
597.432,528.790,543.970,600.255,438.834,281.585,324.903
505.836,395.615,530.438,791.400,463.783,464.227,779.263
696.306,589.283,424.174,477.465,500.653,1044.958,662.946
254.724,430.845,702.575,199.844,166.217,705.832,336.464
926.647,286.835,774.811,921.601,544.407,367.826,520.965
277.276,376.730,723.121,693.914,273.915,607.998,461.344
110.625,690.063,589.675,300.461,399.396,480.922,695.903
435.153,543.885,597.796,424.099,428.969,444.005,327.621
363.996,645.384,542.283,618.555,557.868,571.912,627.901
554.837,309.200,626.659,305.416,107.812,335.520,681.993
584.618,93.879,641.347,362.850,842.927,644.432,396.937
530.027,302.671,650.006,559.270,632.195,794.616,399.090
582.774,589.483,643.207,558.897,216.028,357.244,954.768
345.794,789.596,652.660,542.557,396.414,432.868,573.378
342.206,322.076,638.410,425.721,575.024,758.687,496.773
252.829,449.939,675.406,564.003,353.941,608.513,458.322
640.444,770.249,656.162,301.489,604.470,708.673,630.659
513.962,704.526,676.885,283.235,660.542,639.250,578.323
258.534,450.559,669.674,284.574,283.684,1097.012,485.795
416.516,478.274,674.032,407.736,417.571,334.261,391.428
541.130,445.858,682.394,523.368,481.920,347.340,672.057
133.035,601.126,663.862,606.089,649.478,266.549,651.814
548.444,267.493,662.933,564.570,239.941,434.528,529.680
584.424,542.615,453.704,525.292,647.889,839.446,552.565
418.080,492.492,626.103,759.344,299.466,513.364,561.979
544.631,892.813,643.289,429.108,691.129,255.815,591.874
443.145,307.729,630.633,229.036,547.158,433.836,556.150
648.741,503.367,609.424,764.663,734.375,208.995,277.357
467.056,389.278,587.485,371.762,91.906,463.421,337.912
424.284,470.751,536.706,344.193,336.958,743.041,690.746
607.481,544.551,490.407,552.020,721.967,647.283,717.150
451.141,648.576,156.219,443.914,773.730,473.418,360.136
454.472,657.724,1035.703,425.127,709.122,438.296,578.017
366.094,203.279,611.157,464.788,385.370,455.627,291.431
740.225,381.221,594.227,184.704,597.874,127.181,351.088
653.571,326.024,583.534,594.901,454.169,659.124,384.892
411.143,334.824,581.116,394.740,480.832,453.875,653.944
601.513,650.244,604.249,420.626,588.731,662.148,933.484
462.816,841.417,582.610,31.250,626.652,172.521,561.657
163.425,146.573,569.871,590.396,212.393,552.631,460.031
195.151,543.582,562.677,469.327,341.216,525.270,109.953
378.224,496.823,558.360,153.388,391.054,553.116,295.545
472.423,441.566,549.966,492.925,787.398,666.411,579.283
430.224,669.236,518.416,364.503,450.871,471.519,409.804
595.466,569.497,466.595,570.152,613.666,241.858,534.323
767.643,376.323,466.130,195.072,448.997,274.423,714.254
578.541,811.355,472.389,450.594,518.401,395.414,329.161
677.259,817.518,497.104,1036.653,601.805,630.974,568.742
658.355,508.154,483.597,790.602,248.091,456.372,601.822
851.533,736.690,447.519,632.074,728.075,227.189,352.810
701.573,545.967,424.737,514.848,643.254,629.784,398.715
583.401,516.073,336.670,587.617,425.196,453.927,699.508
410.397,515.549,340.397,576.802,269.261,183.738,952.565
448.797,310.130,358.868,461.136,393.428,553.918,680.230
423.477,378.081,344.694,573.511,484.265,670.268,498.642
203.293,473.990,719.470,424.643,356.413,585.457,398.412
571.242,87.099,383.965,326.809,438.583,481.820,369.612
598.521,478.585,369.873,809.719,863.290,662.177,731.877
516.636,406.745,358.103,576.333,458.313,746.914,565.093
553.329,234.690,338.020,352.345,581.455,468.713,595.687
542.724,312.364,298.085,672.403,324.903,528.790,554.169
723.246,360.096,252.640,265.964,779.263,395.615,660.120
592.540,456.233,225.854,503.454,662.946,589.283,768.955
404.495,545.424,192.723,391.542,336.464,430.845,889.195
431.383,573.625,157.618,324.287,520.965,286.835,214.425
393.428,590.390,123.493,704.778,461.344,376.730,376.625
676.252,413.118,68.427,475.195,695.903,690.063,673.344
323.691,222.917,31.250,836.469,327.621,543.885,678.108
368.824,497.227,422.517,645.445,243.314,768.253,795.165
394.099,521.343,248.032,164.583,586.218,226.099,602.550
727.040,251.160,303.445,484.736,429.701,232.471,693.516
480.000,552.401,271.436,349.146,905.084,542.005,495.256
841.430,415.016,374.157,82.302,641.250,601.455,235.846
334.936,526.794,302.500,851.496,492.641,478.001,446.055
389.501,389.146,195.182,284.848,812.516,769.289,294.586
803.534,607.298,249.138,453.967,791.440,691.159,605.938
448.278,493.947,154.735,424.350,347.401,407.318,1123.961
535.927,466.470,167.218,741.850,941.950,244.344,274.163
719.231,218.706,480.710,389.380,532.708,250.579,538.182
673.485,523.304,276.243,382.350,313.470,589.251,718.574
187.503,653.327,340.865,754.103,233.233,607.055,551.807
440.476,710.200,295.454,470.573,416.164,592.185,272.843
572.982,243.051,298.636,475.218,597.163,406.557,611.801
179.148,762.020,303.494,738.782,703.885,502.939,884.670
456.022,188.604,931.208,847.657,31.250,901.307,119.214
540.899,760.789,469.654,509.020,494.957,583.340,564.382
666.166,296.130,429.808,514.110,621.374,640.356,751.763
704.938,480.511,402.743,322.085,447.884,527.434,773.711
1071.910,377.401,492.609,423.874,637.951,547.734,536.375
471.800,382.204,423.959,423.053,669.242,377.992,590.824
393.622,219.936,432.175,767.942,236.815,709.958,595.360
535.003,211.328,445.071,106.839,459.674,355.569,434.798
676.480,570.954,316.184,767.855,451.090,505.653,405.386
728.367,69.518,357.387,352.857,539.745,617.292,385.542
451.471,371.618,378.945,900.913,614.961,693.986,48.849
765.094,557.878,414.160,607.779,544.088,402.747,659.554
875.617,317.667,336.327,913.059,213.398,578.132,561.147
402.873,334.872,378.800,784.722,563.859,584.295,570.085
361.959,619.024,389.922,217.400,1100.753,493.657,432.069
89.853,393.127,1030.050,699.736,482.105,360.884,314.234
434.997,241.308,570.228,761.728,541.301,496.375,416.218
585.712,31.250,560.637,309.357,677.766,671.241,550.554
616.354,687.719,579.186,646.402,450.703,453.426,311.411
795.850,446.723,591.490,431.983,644.307,590.439,268.136
621.437,291.937,617.410,618.155,452.749,496.186,795.131
411.611,581.213,634.144,736.727,257.244,179.416,441.980
525.438,346.995,626.212,525.937,719.520,435.875,317.510
650.846,428.760,575.704,669.834,776.298,768.644,866.424
810.262,190.323,592.185,113.100,287.470,275.902,525.670
266.256,459.296,563.747,574.393,383.462,464.450,429.448
403.607,322.123,551.408,222.101,475.884,399.135,268.625
253.202,676.766,560.993,705.077,49.375,284.762,541.880
536.767,572.213,615.883,526.420,363.837,284.978,619.583
357.945,491.145,610.341,570.935,337.393,593.930,445.034
778.934,314.816,605.603,228.836,314.966,448.644,445.202
417.066,468.211,636.047,720.684,667.673,657.959,406.263
241.248,704.807,686.785,479.296,138.110,568.568,329.411
672.348,320.599,684.696,796.981,365.612,772.615,682.879
640.391,645.799,619.734,707.406,413.469,406.298,536.499
337.485,628.572,508.572,441.315,253.288,553.946,311.313
404.586,384.041,596.825,425.875,668.652,634.918,496.525
573.871,848.600,651.038,680.020,382.172,435.831,637.618
750.592,758.840,667.669,491.577,476.621,250.032,475.698
547.956,442.213,614.547,445.701,658.437,464.878,656.905
333.439,650.657,747.084,265.172,564.834,757.539,228.123
575.685,589.309,825.476,537.753,571.143,276.202,295.615
556.624,328.246,787.454,409.107,750.006,584.115,598.185
548.372,598.623,806.139,573.489,692.107,484.385,673.136
518.050,803.012,492.000,540.141,318.282,374.926,512.022
773.535,304.442,490.860,563.593,562.746,408.608,491.936
508.596,597.154,772.488,376.801,495.940,796.288,750.100
528.687,730.839,738.423,672.153,317.024,606.150,736.163
534.213,603.981,807.384,683.348,314.745,277.520,513.530
688.374,520.510,810.252,328.895,193.816,415.994,357.755
317.061,154.984,804.554,519.740,487.581,386.968,693.034
463.023,194.178,794.263,661.911,272.425,364.083,756.956
397.603,465.332,789.258,605.608,295.988,669.014,136.448
625.090,688.202,782.041,440.965,352.633,503.075,440.195
633.225,688.811,776.200,677.044,580.119,455.789,500.054
642.328,644.185,792.945,532.143,301.273,510.991,448.905
626.983,819.471,374.932,354.310,473.290,594.569,586.940
376.593,619.273,411.011,472.709,448.640,136.666,268.828
721.019,618.931,405.089,500.368,428.088,477.806,226.742
324.405,584.804,660.966,326.475,528.372,521.556,382.623
372.086,204.512,645.087,551.847,31.250,645.768,489.299
431.820,629.984,733.999,463.542,585.855,665.145,210.810
425.169,646.393,731.685,373.602,250.191,584.823,560.059
760.292,442.421,375.630,766.165,571.514,566.539,413.792
730.132,824.155,347.656,527.942,488.672,196.519,302.506
689.936,280.434,349.081,915.861,523.010,503.304,415.092
531.773,488.203,351.373,388.855,470.684,526.103,612.627
656.067,456.150,351.695,480.576,545.254,267.521,644.599
583.341,588.399,351.251,898.187,692.803,386.590,454.642
584.580,401.163,349.308,411.218,340.252,342.112,599.606
692.424,703.422,802.978,150.858,720.682,523.808,699.711
288.905,719.845,350.315,741.818,419.715,701.946,644.992
421.161,336.063,349.537,358.954,547.135,396.072,178.231
292.385,599.215,348.708,661.463,795.856,596.767,349.124
393.223,578.942,346.900,269.058,700.326,353.284,797.295
368.933,280.641,812.312,537.203,650.529,479.505,206.338
288.013,701.876,613.527,106.600,387.812,353.361,382.057
414.382,277.060,395.564,548.809,572.161,197.470,585.288
501.673,559.140,412.381,455.663,416.010,533.363,285.924
419.103,392.251,429.136,405.758,254.007,472.072,584.729
378.853,236.141,467.348,31.250,605.132,346.351,453.324
498.126,499.690,404.743,375.791,345.677,217.807,665.792
520.002,633.328,478.793,182.833,491.774,510.597,522.972
821.653,602.794,487.328,591.984,412.032,418.777,234.130
483.167,620.615,503.614,685.781,38.449,648.695,263.424
381.076,540.490,283.556,345.176,497.261,366.364,271.354
207.280,327.464,352.573,338.338,396.932,634.598,399.736
604.236,711.007,352.605,497.206,766.147,473.511,717.965
613.546,443.824,351.059,242.388,551.980,335.005,643.580
403.200,396.408,351.015,481.823,509.500,329.543,350.920
353.676,147.332,352.759,607.744,714.520,709.875,257.059
479.823,299.733,350.519,206.580,477.310,581.804,515.211
602.949,627.913,350.682,602.823,701.263,461.254,204.353
524.400,401.422,349.841,579.422,410.793,322.515,443.646
556.952,332.482,801.356,620.910,557.802,460.961,358.680
132.592,508.431,800.101,645.499,457.534,519.029,566.896
520.370,613.243,364.798,638.050,571.366,192.880,423.328
408.793,215.198,346.222,537.265,425.348,383.087,411.823
165.262,361.175,349.113,682.514,743.882,449.293,337.627
493.010,537.652,349.910,554.877,230.909,557.763,293.795
31.250,274.452,350.480,390.034,545.947,348.986,498.697
418.675,183.801,349.952,658.869,411.699,357.782,520.549
701.092,641.647,350.165,780.312,416.205,200.545,765.490
337.701,463.953,350.682,562.472,537.368,684.652,539.438
353.962,608.953,531.274,409.960,378.655,424.093,245.759
738.353,785.902,783.817,485.061,520.439,420.534,453.358
293.671,495.267,689.545,831.935,799.808,605.381,584.856
416.479,395.394,792.238,572.070,528.449,469.034,328.307
360.921,72.742,709.114,31.250,568.439,434.134,261.198
62.943,571.759,666.819,699.263,801.886,501.826,321.148
526.549,796.358,575.602,408.229,389.274,753.717,562.679
790.954,325.083,472.488,625.792,312.885,434.416,689.062
516.496,525.329,594.815,632.729,606.599,911.764,559.539
172.600,931.924,909.923,443.110,618.345,966.436,575.057
755.878,299.509,709.204,867.019,447.170,415.991,493.343
442.687,447.876,562.032,425.513,31.250,692.246,489.728
403.594,537.351,578.544,319.856,471.078,159.151,769.085
441.176,356.696,748.435,402.915,534.982,436.539,430.087
571.787,600.517,752.967,602.289,544.592,651.159,329.005
384.387,657.384,534.336,709.906,433.422,489.275,476.971
405.117,136.757,499.444,338.814,626.266,424.036,824.995
433.440,378.531,381.940,388.331,478.103,490.048,809.324
905.711,261.536,427.158,772.478,233.621,707.518,228.370
451.939,704.681,475.117,616.421,567.571,858.769,559.211
243.490,401.579,395.512,333.255,556.676,1165.432,642.921
337.586,352.129,480.200,524.691,601.850,548.522,303.190
551.569,689.890,544.070,554.023,704.627,479.377,695.595
619.542,510.517,607.891,675.785,550.844,869.778,55.161
372.353,750.968,426.972,575.728,348.289,558.124,306.180
333.970,885.931,459.816,360.970,510.994,562.208,745.523
537.026,679.900,475.625,440.530,460.544,134.734,254.221
382.843,708.941,537.695,364.306,330.917,417.310,512.434
114.990,680.922,409.080,654.784,252.654,116.014,264.426
356.603,596.633,576.876,665.794,311.485,605.542,823.800
921.921,224.396,433.986,291.637,172.784,594.083,247.637
727.424,222.595,547.137,700.497,536.989,586.872,634.052
686.875,761.143,617.453,438.015,664.272,347.143,441.516
551.009,342.543,765.451,430.491,430.623,533.906,372.162
363.478,317.919,498.989,632.871,272.261,463.527,735.718
214.167,873.561,366.303,515.490,789.610,532.075,621.499
377.551,498.399,278.878,256.355,613.286,601.878,814.630
516.896,409.393,441.540,722.339,321.220,268.157,528.773
547.856,448.897,591.943,430.200,679.273,503.869,616.893
360.889,187.417,526.709,503.674,429.606,693.997,459.119
752.196,479.443,605.596,826.301,365.488,915.024,219.294
557.391,601.926,561.824,545.611,627.090,767.734,368.281
483.103,290.070,474.473,471.519,666.350,627.775,915.132
310.191,316.149,407.840,562.384,612.447,493.743,642.236
698.568,220.833,336.313,510.990,260.397,569.032,585.648
477.516,571.415,244.552,692.645,667.044,291.458,486.279
259.295,494.136,349.814,574.581,706.653,497.939,420.383
526.742,864.026,373.563,710.563,720.887,358.544,361.889
309.929,440.230,399.671,712.432,708.099,475.994,277.899
548.696,971.207,318.717,532.541,663.747,675.914,372.881
562.275,429.231,31.250,901.392,540.729,490.865,352.480
388.095,699.064,81.052,317.765,401.018,304.937,594.701
723.666,406.620,31.250,606.744,502.041,604.944,638.918
282.780,333.563,189.206,741.484,456.502,644.086,474.750
721.010,507.831,193.725,361.834,164.585,385.840,683.888
500.629,608.244,875.315,303.326,315.773,564.826,796.558
507.257,607.017,420.839,722.621,921.030,157.812,346.882
600.115,562.903,715.745,401.331,268.641,365.719,340.546
265.154,405.975,525.915,741.838,261.190,282.715,394.554
641.096,502.773,486.402,676.512,353.317,405.657,664.388
757.163,532.609,592.542,573.158,770.845,615.715,443.827
458.783,611.202,705.880,268.886,543.249,434.955,844.848
456.122,237.390,724.205,375.196,413.345,193.110,492.851
473.845,253.361,722.222,373.320,698.610,441.799,305.869
518.374,653.820,729.267,333.807,770.313,313.857,474.855
383.604,294.030,728.219,453.250,275.926,125.982,779.020
589.405,658.491,722.590,488.913,492.792,381.670,441.284
885.596,454.823,711.776,496.693,665.122,558.507,387.330
284.961,543.244,738.013,208.321,353.421,436.708,692.676
449.644,597.184,732.269,900.618,204.804,548.426,372.011
663.503,255.906,726.234,258.301,467.136,423.701,603.939
439.722,346.689,702.393,282.318,573.472,137.605,441.992
247.324,600.999,688.951,543.767,504.166,670.709,579.748
314.708,643.121,670.692,923.893,495.362,928.107,534.415
455.799,174.352,649.166,329.700,432.189,502.466,556.702
616.726,773.106,548.541,561.770,348.598,429.215,332.296
493.817,597.756,600.528,368.649,386.000,642.059,386.736
627.659,474.387,585.286,371.466,588.796,877.432,506.426
711.594,378.893,564.805,144.613,608.122,533.072,226.410
552.257,387.163,514.957,536.113,473.288,609.199,574.388
444.640,290.601,491.195,755.025,691.814,692.372,633.727
314.756,691.278,463.096,518.405,420.769,491.930,574.803
835.977,572.390,520.247,410.106,587.962,272.191,470.199
451.647,412.445,31.250,773.686,630.922,762.230,477.155
797.199,621.254,1006.184,877.100,376.807,595.147,410.589
457.185,682.472,569.189,821.950,397.858,150.186,224.834
438.733,773.829,568.122,227.215,354.679,796.810,429.469
583.231,365.461,563.656,180.728,526.348,710.387,540.524
389.410,588.487,560.581,581.785,531.175,528.181,563.424
739.686,486.850,560.704,627.806,427.632,360.687,751.557
416.400,220.190,558.031,252.599,302.066,432.745,258.706
275.095,658.550,557.455,723.102,295.169,534.287,268.004
417.367,244.854,559.728,846.600,339.241,464.357,749.617
539.346,508.190,426.095,768.227,708.339,396.711,742.138
407.566,607.367,499.328,669.142,384.229,998.432,547.614
539.263,364.454,485.632,742.387,400.022,255.530,519.418
241.072,699.505,480.731,417.492,408.733,560.835,480.625
332.165,699.835,479.354,534.374,587.903,312.482,463.585
695.448,593.268,474.299,754.993,383.020,401.565,700.135
225.115,326.996,468.999,494.390,695.036,208.731,466.480
510.804,247.984,455.233,467.296,740.631,422.387,608.196
489.450,783.059,444.560,504.175,529.626,391.357,286.483
303.039,671.375,436.582,694.416,548.890,104.545,380.509
431.148,805.091,430.177,564.663,230.169,460.901,141.554
577.014,541.839,425.206,197.917,398.269,757.288,239.235
706.114,138.799,421.966,467.612,602.181,466.551,646.557
841.644,596.650,309.975,516.255,652.036,587.554,587.668
478.049,332.265,340.964,181.362,123.850,503.708,428.285
163.755,466.627,373.650,493.720,688.198,815.589,674.982
382.644,225.322,230.103,289.466,130.348,516.224,441.931
497.922,525.442,277.419,664.825,482.212,361.447,415.980
539.509,762.237,449.366,717.562,587.534,505.750,632.022
292.163,533.809,270.561,483.051,497.699,316.136,228.997
240.197,216.687,262.943,31.250,577.804,657.893,661.980
355.125,621.523,243.362,792.674,785.426,375.709,770.346
607.556,528.640,205.372,833.051,731.347,309.339,227.954
745.156,586.561,158.920,429.401,244.928,339.637,989.135
651.192,513.413,142.683,486.045,278.064,557.326,544.406
298.312,589.375,183.783,590.830,186.483,566.109,671.196
644.519,317.466,254.765,715.481,355.560,554.394,748.198
512.022,533.487,421.681,501.341,734.088,343.895,734.088
491.936,553.444,378.788,408.148,529.139,646.019,529.139
750.100,342.380,614.795,358.020,254.030,73.744,254.030
736.163,704.956,651.622,500.798,274.590,305.191,274.590
513.530,494.285,663.457,609.380,461.132,31.250,461.132
357.755,613.587,661.527,537.309,772.356,261.433,772.356
693.034,619.511,684.330,457.854,234.936,765.327,234.936
756.956,471.276,663.378,824.808,626.603,620.122,626.603
136.448,435.993,683.424,641.762,803.812,177.660,803.812
440.195,618.546,679.811,441.765,351.024,883.628,351.024
500.054,418.906,688.908,344.031,589.723,483.329,589.723
448.905,700.983,723.156,265.049,626.681,673.902,626.681
586.940,551.583,714.889,628.282,705.687,453.567,705.687
268.828,103.632,750.549,465.696,480.968,605.006,480.968
226.742,413.687,777.501,365.681,180.420,412.719,180.420
382.623,380.852,419.848,397.899,414.957,466.738,414.957
489.299,838.946,786.406,410.712,645.432,502.180,645.432
210.810,72.927,458.104,529.776,669.618,628.709,669.618
560.059,389.760,720.435,613.852,437.396,405.284,437.396
413.792,577.862,740.849,434.123,607.824,590.287,607.824
302.506,544.241,404.787,348.620,640.218,442.590,640.218
415.092,641.104,426.666,588.223,736.988,626.440,736.988
612.627,894.884,444.275,366.293,510.720,609.074,510.720
644.599,485.072,418.957,763.211,248.861,237.465,248.861
454.642,614.675,408.476,504.162,359.032,494.524,359.032
599.606,684.330,395.921,646.977,143.917,368.289,143.917
699.711,659.819,370.898,412.746,354.384,413.492,354.384
644.992,335.206,380.380,455.217,448.084,746.044,448.084
178.231,398.018,340.879,443.495,195.339,261.126,195.339
349.124,637.658,309.351,363.827,534.984,467.048,534.984
797.295,562.801,300.868,540.174,585.040,275.996,585.040
206.338,333.749,663.491,657.686,478.126,407.208,478.126
382.057,723.830,652.510,115.645,347.579,601.511,347.579
585.288,414.469,607.491,69.819,681.349,771.844,681.349
285.924,474.453,282.703,462.063,1050.706,418.693,1050.706
584.729,509.042,566.265,861.703,463.248,657.730,463.248
453.324,471.288,581.850,749.044,738.882,863.697,738.882
665.792,205.896,563.067,826.525,416.363,745.769,416.363
522.972,486.249,588.027,415.939,472.954,229.598,472.954
234.130,308.678,591.892,531.201,645.823,448.244,645.823
263.424,339.770,590.592,612.863,341.821,439.561,341.821
271.354,400.870,671.812,603.577,471.626,793.698,471.626
399.736,433.923,331.715,505.883,340.024,432.137,340.024
717.965,326.832,316.898,444.799,386.677,618.753,386.677
643.580,536.009,342.225,747.623,676.413,430.454,676.413
350.920,224.899,333.628,578.493,151.326,273.551,151.326
257.059,438.422,279.118,590.694,460.661,64.240,460.661
515.211,353.451,268.383,535.793,229.860,94.480,229.860
204.353,531.490,279.850,399.399,183.858,498.372,183.858
443.646,454.260,632.208,499.733,681.632,409.711,681.632
358.680,193.548,1003.860,567.254,446.565,710.521,446.565
566.896,399.405,646.996,566.223,825.613,815.192,825.613
423.328,705.185,323.858,208.246,625.998,590.908,625.998
411.823,343.813,301.089,387.880,470.664,747.445,470.664
337.627,793.598,319.790,476.289,407.243,581.298,407.243
293.795,496.008,274.644,895.610,447.636,579.677,447.636
498.697,340.268,260.913,560.083,549.690,527.116,549.690
520.549,468.641,199.387,103.427,452.628,570.195,452.628
765.490,31.250,228.843,217.821,628.196,697.269,628.196
539.438,276.119,211.976,257.285,757.090,579.218,757.090
245.759,472.471,1097.354,415.105,309.125,375.182,374.926
453.358,409.408,787.894,414.045,651.618,754.508,408.608
584.856,372.384,749.874,301.733,547.117,692.536,796.288
328.307,371.555,924.534,258.348,388.479,814.632,606.150
261.198,550.309,677.991,769.607,586.910,780.942,277.520
321.148,547.215,653.015,746.664,533.993,399.467,415.994
562.679,840.266,613.842,559.385,321.525,392.655,386.968
689.062,426.273,947.147,702.617,471.362,773.402,364.083
559.539,684.222,594.266,467.588,529.606,680.656,669.014
575.057,546.079,564.450,429.163,381.078,275.505,503.075
493.343,683.301,558.637,578.828,252.924,840.817,455.789
489.728,535.079,500.476,686.902,688.996,604.890,510.991
769.085,406.709,467.322,471.415,647.142,567.560,594.569
430.087,649.879,422.271,286.278,428.830,500.233,136.666
329.005,567.828,389.164,597.568,888.022,271.544,477.806
476.971,160.554,714.084,943.583,584.340,482.592,521.556
824.995,611.514,359.854,309.489,103.264,361.954,645.768
809.324,270.560,322.159,293.269,387.108,351.327,665.145
228.370,478.860,271.688,292.450,382.656,736.421,584.823
559.211,713.308,254.478,420.933,354.767,547.510,566.539
642.921,353.196,620.822,786.285,292.125,654.772,196.519
303.190,534.999,486.681,457.932,766.714,443.853,503.304
695.595,707.179,573.260,916.056,544.485,416.040,526.103
55.161,714.896,486.872,1090.079,631.420,655.048,267.521
306.180,576.590,476.776,896.676,232.173,744.407,386.590
745.523,541.586,554.430,219.682,585.030,348.185,342.112
254.221,734.303,496.055,540.561,796.508,557.564,523.808
512.434,620.586,495.484,817.665,814.941,715.424,701.946
264.426,436.488,537.335,199.114,380.412,442.453,396.072
823.800,813.481,506.245,95.610,538.243,281.552,596.767
247.637,674.736,533.183,452.750,439.814,888.457,353.284
634.052,122.716,544.249,400.088,354.268,332.446,479.505
441.516,360.193,542.058,550.554,487.761,649.780,353.361
372.162,635.681,279.928,493.862,520.551,487.307,197.470
735.718,569.829,332.876,636.014,301.205,512.694,533.363
621.499,444.692,331.690,423.445,352.162,485.858,472.072
814.630,849.097,343.215,389.876,592.507,365.357,346.351
528.773,568.657,299.846,726.565,593.695,382.549,217.807
616.893,231.781,301.855,648.308,747.578,326.872,510.597
459.119,310.232,511.322,761.558,443.883,285.971,418.777
219.294,221.130,580.770,500.827,494.852,679.116,648.695
368.281,673.433,593.269,421.077,489.304,517.668,366.364
915.132,368.464,308.892,280.818,305.841,556.399,634.598
642.236,358.928,297.405,493.758,401.352,574.406,473.511
585.648,384.635,279.507,566.603,597.298,522.794,335.005
486.279,261.515,268.627,483.646,551.307,747.106,329.543
420.383,365.486,314.139,470.767,934.358,548.347,709.875
361.889,206.540,259.702,822.778,445.192,618.208,581.804
277.899,585.990,272.077,742.847,723.334,432.567,461.254
372.881,504.588,445.164,539.143,756.351,649.140,322.515
352.480,638.982,244.002,667.300,777.385,567.885,460.961
594.701,124.390,221.568,305.575,779.909,457.606,519.029
638.918,238.055,430.730,456.170,600.255,695.506,192.880
474.750,624.411,535.633,442.505,791.400,333.612,383.087
683.888,347.677,637.167,1034.716,477.465,814.780,449.293
796.558,277.403,650.303,758.781,199.844,255.299,557.763
346.882,556.051,476.164,820.863,921.601,657.350,348.986
340.546,523.921,652.788,97.437,693.914,393.059,357.782
394.554,587.429,702.186,721.933,300.461,598.885,200.545
664.388,780.119,705.226,473.055,424.099,581.536,684.652
667.110,265.310,447.241,660.999,365.821,532.609,472.471
589.547,854.134,357.661,860.920,278.527,611.202,409.408
279.004,662.616,356.453,227.228,42.619,237.390,372.384
538.518,1219.393,474.522,543.703,623.740,253.361,371.555
353.416,557.683,616.628,421.558,413.708,653.820,550.309
214.271,588.986,458.600,516.186,248.056,294.030,547.215
248.249,608.636,396.079,435.531,391.324,658.491,840.266
31.250,364.212,445.101,463.494,720.579,454.823,426.273
691.245,617.241,427.521,485.020,505.403,543.244,684.222
616.785,562.651,365.539,359.973,411.598,597.184,546.079
509.174,465.350,335.297,303.548,436.331,255.906,683.301
320.199,569.401,268.316,545.554,121.634,346.689,535.079
627.472,688.011,270.353,315.172,530.912,600.999,406.709
522.498,609.934,307.638,745.418,1121.203,643.121,649.879
666.315,645.895,355.676,368.866,757.290,174.352,567.828
553.494,403.769,473.435,259.433,164.667,773.106,160.554
736.156,670.062,449.763,336.214,377.622,597.756,611.514
395.402,382.290,489.978,381.687,94.739,474.387,270.560
583.192,377.587,514.024,151.700,476.696,378.893,478.860
584.024,103.793,488.998,402.123,384.783,387.163,713.308
1043.247,694.813,607.602,345.601,548.462,290.601,353.196
428.981,666.378,358.654,344.359,641.902,691.278,534.999
887.870,321.235,294.884,577.130,427.070,572.390,707.179
542.326,768.994,228.040,433.043,269.085,412.445,714.896
318.723,422.306,204.409,344.138,249.053,621.254,576.590
368.278,613.708,78.660,570.268,602.699,682.472,541.586
381.894,313.519,67.299,202.285,338.226,773.829,734.303
527.339,637.369,901.532,736.025,798.829,365.461,620.586
358.654,322.383,337.471,578.690,441.897,588.487,436.488
395.756,560.532,293.289,1085.677,494.323,486.850,813.481
672.724,576.501,365.373,682.417,376.774,220.190,674.736
505.102,418.208,334.283,927.646,778.518,658.550,122.716
558.571,128.383,381.476,660.062,512.998,244.854,360.193
740.110,943.545,331.964,591.328,286.726,508.190,635.681
725.722,645.906,571.007,31.250,478.481,607.367,569.829
175.901,416.068,558.130,551.753,286.586,364.454,444.692
569.315,727.385,645.047,163.780,207.878,699.505,849.097
518.601,510.830,589.950,272.283,321.957,699.835,568.657
637.491,672.231,529.981,542.514,484.159,593.268,231.781
558.592,336.444,558.792,278.293,421.142,326.996,310.232
276.799,372.144,707.938,233.238,385.222,247.984,221.130
174.911,385.236,763.955,511.577,546.677,783.059,673.433
434.259,639.763,749.094,46.313,692.727,671.375,368.464
415.712,713.389,737.358,383.982,598.280,805.091,358.928
462.834,572.532,802.148,692.829,511.090,541.839,384.635
400.550,493.984,743.579,741.760,561.390,138.799,261.515
116.563,185.031,724.501,634.221,565.434,596.650,365.486
527.180,489.792,785.308,527.136,582.743,332.265,206.540
498.002,346.435,400.639,191.639,608.628,466.627,585.990
497.714,326.047,538.755,529.444,500.794,225.322,504.588
629.643,559.477,514.679,632.673,539.957,525.442,638.982
582.169,335.179,769.090,574.435,454.295,762.237,124.390
521.202,581.705,693.713,182.934,280.191,533.809,238.055
448.510,327.329,608.714,543.075,229.802,216.687,624.411
809.508,758.300,584.159,74.901,520.655,621.523,347.677
524.451,295.714,631.444,718.822,285.997,528.640,277.403
813.037,727.350,805.379,496.218,49.576,586.561,556.051
405.781,375.615,683.161,486.010,582.795,513.413,523.921
591.805,541.671,600.039,339.214,681.039,589.375,587.429
486.046,500.449,619.680,582.339,585.646,317.466,780.119
660.999,456.982,536.988,377.103,467.978,660.977,858.112
860.920,208.815,396.412,544.587,696.424,366.431,596.604
227.228,411.930,335.872,617.695,593.992,754.951,500.876
543.703,254.322,294.655,332.994,212.317,475.595,538.336
421.558,533.429,520.983,441.771,403.329,327.139,461.847
516.186,530.110,382.758,493.840,582.618,618.077,502.244
435.531,374.238,283.895,258.854,521.653,243.644,474.049
463.494,510.230,165.806,31.250,370.615,422.302,540.265
485.020,237.712,75.008,258.894,232.771,546.658,535.743
359.973,474.006,234.727,571.943,492.988,421.047,836.152
303.548,420.574,278.280,534.756,181.764,215.501,690.719
545.554,509.167,341.874,527.332,648.188,586.536,430.198
315.172,342.477,314.981,437.523,651.677,587.601,268.783
745.418,623.170,378.077,448.856,376.568,511.240,750.878
368.866,538.622,361.035,808.916,489.096,333.416,602.473
259.433,149.633,238.086,166.701,453.253,630.676,536.554
336.214,693.626,350.166,234.297,276.547,282.785,420.014
381.687,353.399,263.990,559.562,686.082,275.379,565.578
151.700,655.207,301.994,403.974,554.093,651.874,441.158
402.123,465.969,401.246,462.789,436.060,342.356,713.007
345.601,371.338,428.069,240.888,595.013,569.886,468.484
344.359,482.226,439.799,445.293,700.469,636.961,600.022
577.130,692.065,452.229,547.570,752.364,291.669,764.950
433.043,502.156,418.000,468.321,529.756,720.177,778.936
344.138,538.944,401.768,572.470,284.627,430.847,516.556
570.268,492.958,448.085,299.513,763.125,489.418,483.334
202.285,527.356,418.188,829.997,520.781,603.681,565.610
736.025,643.187,461.860,693.999,610.022,500.602,497.851
578.690,684.802,512.639,726.572,543.158,227.279,507.818
1085.677,302.487,514.008,582.245,700.270,582.733,320.341
682.417,401.295,526.988,736.090,510.212,411.579,494.911
927.646,721.510,539.425,400.497,494.698,610.239,549.404
660.062,609.516,588.523,510.168,460.756,897.736,533.464
591.328,248.602,610.279,632.977,696.045,529.657,430.692
31.250,420.590,605.117,886.155,415.082,524.855,578.948
551.753,533.987,609.100,535.618,556.181,689.878,669.908
163.780,745.380,671.033,492.717,607.376,543.950,423.209
272.283,380.737,666.482,606.503,685.804,31.250,312.576
542.514,296.325,698.266,877.383,725.529,660.402,487.814
278.293,352.411,257.703,535.654,318.258,317.618,345.222
233.238,738.880,707.520,257.332,350.917,574.553,724.079
511.577,282.646,732.872,31.250,366.704,470.535,349.065
46.313,473.820,753.611,653.513,656.060,548.978,831.258
383.982,633.733,712.295,550.259,333.240,473.468,547.451
692.829,371.440,711.355,313.894,395.106,818.378,595.849
741.760,392.568,712.568,485.847,676.386,737.266,518.063
634.221,512.567,694.856,530.776,420.987,799.917,365.787
527.136,674.965,710.916,307.386,980.545,537.319,654.715
191.639,372.416,710.847,351.314,729.705,524.673,484.769
529.444,412.048,714.344,790.416,571.959,712.795,638.624
632.673,142.087,691.230,303.306,647.059,158.998,198.517
574.435,368.135,604.069,558.876,600.867,626.568,464.901
182.934,553.375,495.510,650.178,622.866,563.009,499.874
543.075,105.276,472.258,252.635,417.287,467.539,698.032
74.901,108.052,584.465,604.504,663.128,712.313,665.253
718.822,462.519,338.256,279.502,547.742,766.494,274.605
496.218,698.645,1143.173,601.093,295.407,160.889,293.479
486.010,421.637,614.653,677.607,261.749,720.083,222.309
339.214,685.956,582.200,584.103,402.267,711.565,710.048
582.339,757.595,588.613,631.493,325.522,414.986,442.246
607.168,591.213,682.717,643.746,419.206,448.330,803.012
713.979,819.541,643.931,530.473,754.229,483.115,304.442
286.445,511.651,514.300,358.777,854.739,370.115,597.154
757.632,341.447,547.028,479.121,584.236,520.471,730.839
629.986,572.859,662.886,402.983,243.459,352.506,603.981
505.108,450.902,653.076,309.870,356.087,521.430,520.510
184.968,758.721,716.276,378.096,426.323,403.601,154.984
413.928,812.344,591.984,693.019,692.587,360.153,194.178
431.816,644.960,573.803,518.822,446.285,533.946,465.332
374.385,808.386,531.870,787.322,536.504,768.720,688.202
905.543,509.589,453.741,396.651,587.609,493.659,688.811
560.672,615.133,721.445,638.761,230.419,611.909,644.185
461.728,581.873,785.521,521.766,860.542,779.348,819.471
441.619,189.191,659.549,531.715,321.987,668.958,619.273
506.048,215.839,597.629,516.125,495.631,512.452,618.931
436.091,716.114,625.500,549.356,667.790,676.068,584.804
305.981,388.859,532.373,464.187,324.174,220.001,204.512
547.385,352.802,586.366,628.626,499.897,602.574,629.984
430.453,406.613,491.566,447.864,622.779,669.032,646.393
405.405,844.181,508.993,493.759,767.834,336.694,442.421
627.217,687.858,453.428,453.987,528.900,592.331,824.155
685.816,586.611,453.548,516.654,677.667,746.374,280.434
381.361,598.426,372.013,505.550,649.434,415.186,488.203
391.308,426.907,234.971,468.776,534.408,725.797,456.150
840.217,814.310,218.108,386.973,249.558,558.720,588.399
420.249,712.741,212.784,280.913,543.320,525.901,401.163
565.979,507.571,244.551,272.877,270.976,406.587,703.422
607.746,189.572,297.852,340.635,304.474,623.943,719.845
568.245,659.176,882.396,700.077,642.997,348.973,336.063
800.276,606.425,644.202,269.810,440.519,447.735,599.215
294.857,376.780,554.256,130.244,162.819,645.182,578.942
426.431,328.541,600.321,627.088,456.928,743.567,280.641
306.416,322.592,495.776,512.564,291.488,700.393,701.876
279.652,701.749,629.963,503.047,518.390,288.710,277.060
556.509,300.666,636.297,430.580,727.120,498.815,559.140
789.351,278.811,467.569,601.730,584.789,326.446,392.251
497.352,543.452,554.564,666.742,855.933,504.956,236.141
646.248,652.324,620.795,833.092,292.775,458.443,499.690
335.863,472.295,347.461,246.026,361.690,743.472,633.328
400.220,336.553,331.086,361.968,507.372,463.114,602.794
146.313,464.893,350.230,534.392,967.883,633.906,620.615
804.582,484.125,31.250,778.444,725.044,658.623,540.490
453.912,685.939,31.250,377.385,797.154,484.584,327.464
857.817,353.627,31.250,689.054,362.716,413.416,711.007
918.327,677.451,312.664,497.448,388.344,114.039,443.824
421.626,437.286,376.243,659.786,690.174,341.288,396.408
486.801,506.534,888.549,494.655,719.965,520.821,147.332
626.262,769.393,562.765,647.485,367.018,516.296,299.733
599.420,587.171,642.047,936.097,212.700,651.583,627.913
536.293,710.212,586.325,459.031,516.446,543.678,401.422
376.197,761.552,572.603,536.931,222.350,563.578,332.482
440.264,427.020,438.345,648.043,300.454,727.283,508.431
354.557,215.697,303.142,490.743,436.431,789.973,613.243
463.191,448.769,258.481,771.597,640.716,489.421,215.198
177.953,341.225,413.165,479.245,572.935,278.411,361.175
344.775,241.275,584.523,328.160,637.422,458.127,537.652
722.214,394.031,597.287,463.475,919.984,647.605,274.452
477.994,345.109,595.439,490.485,456.196,443.294,183.801
553.417,602.197,472.907,500.269,654.151,333.079,641.647
457.614,308.204,619.134,257.387,544.000,515.669,463.953
234.320,517.544,308.745,552.996,383.919,643.746,40.844
403.135,362.598,176.204,384.999,870.115,530.473,237.742
387.686,69.318,198.509,681.835,291.406,358.777,650.318
520.273,296.514,196.093,351.174,429.560,479.121,474.237
391.662,506.505,241.738,487.841,445.126,402.983,618.894
674.510,294.950,313.533,819.022,962.665,309.870,560.414
608.866,385.098,308.296,542.150,711.025,378.096,341.254
762.293,556.664,424.108,383.782,266.491,693.019,341.756
454.691,520.326,532.442,372.844,415.607,518.822,317.157
736.833,634.102,541.973,391.646,819.919,787.322,608.332
236.011,638.620,300.024,421.254,575.096,396.651,550.402
529.706,101.083,267.098,262.683,718.028,638.761,508.886
76.431,639.917,246.075,520.413,366.979,521.766,687.840
522.352,794.931,501.503,618.687,646.261,531.715,278.874
529.948,252.553,313.825,302.285,492.675,516.125,565.655
591.945,645.387,302.323,1044.815,388.414,549.356,777.003
301.459,210.504,361.942,526.779,640.144,464.187,925.017
427.788,404.591,483.150,608.276,433.334,628.626,719.374
118.761,706.129,642.036,232.350,657.125,447.864,335.374
486.510,34.457,650.299,597.867,455.140,493.759,192.025
652.847,261.642,370.175,831.932,654.014,453.987,510.301
448.686,31.250,698.088,970.000,627.160,516.654,646.373
262.110,914.010,661.736,953.651,387.472,505.550,665.232
580.097,394.674,681.739,807.501,357.064,468.776,231.716
805.960,350.912,739.126,107.501,488.113,386.973,791.876
502.468,672.328,765.873,591.427,335.565,280.913,331.250
31.250,977.906,438.953,536.814,564.434,272.877,397.826
244.263,497.148,431.807,275.813,625.856,340.635,535.146
219.162,669.968,443.824,836.894,513.262,700.077,666.957
482.272,594.229,455.234,525.260,609.772,269.810,715.661
647.654,533.344,455.137,347.191,529.011,130.244,482.349
525.821,397.656,452.152,308.579,268.632,627.088,476.259
575.833,271.422,448.925,797.419,570.267,512.564,698.179
324.666,922.577,447.400,501.094,707.695,503.047,693.025
712.931,227.895,443.550,355.016,574.738,430.580,339.030
403.129,339.845,443.285,341.862,431.101,601.730,940.110
316.464,634.779,440.170,629.998,486.078,666.742,311.884
363.125,573.037,436.485,311.108,930.435,833.092,197.395
546.811,834.742,434.997,402.210,642.607,246.026,187.127
589.488,446.446,434.425,663.651,216.905,361.968,158.803
503.458,440.296,435.444,622.228,518.467,534.392,250.809
737.559,453.188,838.961,485.877,669.287,778.444,655.605
467.834,533.968,485.023,631.531,601.791,377.385,622.457
459.010,540.602,484.215,696.338,389.079,689.054,540.097
314.205,446.537,482.722,917.505,536.335,497.448,551.487
320.377,407.113,484.283,700.795,501.308,659.786,490.212
598.993,576.555,484.755,430.799,241.773,494.655,377.170
620.470,632.979,487.415,591.742,663.763,647.485,521.054
560.567,406.681,492.079,406.538,290.467,936.097,699.275
587.077,458.042,526.467,322.666,630.546,459.031,376.444
500.395,278.580,507.166,470.566,424.383,536.931,393.734
439.361,145.466,850.498,448.991,512.630,648.043,591.067
619.644,595.257,575.816,597.432,692.463,490.743,581.406
457.956,262.486,594.750,505.836,708.474,771.597,1119.032
1015.381,413.257,593.372,696.306,266.689,479.245,349.701
918.115,467.621,601.594,254.724,808.599,328.160,291.773
382.656,604.870,968.968,926.647,804.777,463.475,340.904
352.140,453.525,716.002,277.276,395.481,490.485,474.913
756.226,297.370,888.136,110.625,545.420,500.269,72.164
412.051,317.423,1069.334,435.153,662.061,257.387,543.793
552.282,345.250,339.181,887.394,626.239,734.088,353.962
476.184,562.846,289.420,516.109,664.976,529.139,738.353
296.424,933.204,341.574,635.791,641.049,254.030,293.671
149.119,726.009,741.635,579.600,631.581,274.590,416.479
722.270,401.850,361.636,610.645,568.292,461.132,360.921
314.987,509.923,406.222,701.002,297.147,772.356,62.943
941.031,800.991,424.014,277.177,357.099,234.936,526.549
325.761,532.546,388.941,706.047,557.783,626.603,790.954
595.767,602.087,376.126,439.560,317.372,803.812,516.496
643.548,435.084,429.591,685.998,378.869,351.024,172.600
611.201,575.860,698.793,540.134,583.135,589.723,755.878
865.380,315.228,688.256,489.521,571.730,626.681,442.687
467.441,805.215,696.112,382.253,607.000,705.687,403.594
456.558,890.692,704.549,428.621,715.611,480.968,441.176
491.741,563.194,375.418,345.427,630.116,180.420,571.787
618.796,386.779,378.121,359.204,1075.972,414.957,384.387
713.273,370.790,719.933,601.742,511.926,645.432,405.117
676.250,1090.736,364.746,518.275,537.504,669.618,433.440
349.278,490.122,362.932,618.166,745.271,437.396,905.711
288.149,505.264,338.616,319.713,451.904,607.824,451.939
667.301,296.169,758.470,896.809,640.961,640.218,243.490
330.534,472.243,687.019,370.630,176.226,736.988,337.586
219.955,468.638,685.323,600.774,505.869,510.720,551.569
752.536,162.863,719.989,477.686,547.327,248.861,619.542
441.133,468.447,715.545,593.995,402.048,359.032,372.353
643.014,407.051,716.184,184.334,461.117,143.917,333.970
425.715,362.714,711.200,547.077,852.722,354.384,537.026
813.888,724.791,733.073,469.900,611.023,448.084,382.843
449.033,615.203,678.302,303.517,228.669,195.339,114.990
250.204,598.256,701.769,357.750,382.609,534.984,356.603
456.700,529.065,708.735,422.252,417.498,585.040,921.921
557.438,471.996,296.124,596.116,731.892,478.126,727.424
613.998,548.272,663.189,485.235,544.901,347.579,686.875
655.782,301.819,650.823,826.069,545.327,681.349,551.009
325.903,868.595,667.901,535.412,568.389,1050.706,363.478
415.527,391.414,700.610,259.252,247.018,463.248,214.167
611.787,407.814,714.451,512.776,427.036,738.882,377.551
471.158,523.485,675.897,343.510,730.363,416.363,516.896
711.380,379.723,692.056,962.853,380.530,472.954,547.856
558.661,179.095,639.642,650.409,665.527,645.823,360.889
527.788,277.601,614.239,272.681,445.970,341.821,752.196
779.810,413.491,352.390,801.056,519.456,471.626,557.391
587.462,487.259,623.016,504.645,544.315,340.024,483.103
587.413,284.306,390.983,495.329,665.149,386.677,310.191
381.195,565.504,359.916,591.581,354.006,676.413,698.568
521.671,661.940,326.915,669.211,506.596,151.326,477.516
31.250,505.761,274.622,410.671,537.228,460.661,259.295
830.074,417.016,298.290,704.772,577.785,229.860,526.742
718.460,751.452,279.833,623.286,628.484,183.858,309.929
536.222,421.610,292.582,543.149,431.306,681.632,548.696
587.291,345.468,298.835,384.734,873.915,446.565,562.275
663.608,632.542,312.131,540.547,517.893,825.613,388.095
611.917,793.156,316.011,297.574,437.750,625.998,723.666
812.332,538.160,306.182,448.874,573.795,470.664,282.780
439.579,617.920,301.611,451.233,425.549,407.243,721.010
463.760,202.405,274.010,770.924,781.609,447.636,500.629
415.441,491.616,197.411,343.025,607.388,549.690,507.257
684.085,386.601,216.685,682.307,319.281,452.628,600.115
586.178,660.461,327.353,560.351,561.834,628.196,265.154
589.072,462.632,694.868,514.911,763.874,757.090,641.096
587.444,378.655,161.014,622.299,512.022,497.227,400.581
634.488,520.439,161.939,154.679,491.936,521.343,400.274
440.523,799.808,145.902,325.815,750.100,251.160,319.609
668.306,528.449,141.965,602.562,736.163,552.401,148.427
402.740,568.439,142.690,31.250,513.530,415.016,458.931
750.443,801.886,133.086,522.111,357.755,526.794,751.043
772.979,389.274,787.164,715.858,693.034,389.146,360.853
541.704,312.885,375.049,404.339,756.956,607.298,448.328
348.975,606.599,348.327,511.251,136.448,493.947,357.836
705.857,618.345,386.806,516.616,440.195,466.470,769.476
553.414,447.170,332.940,390.994,500.054,218.706,1111.057
311.455,31.250,341.975,810.871,448.905,523.304,441.783
610.397,471.078,388.736,445.790,586.940,653.327,768.052
690.173,534.982,377.710,700.390,268.828,710.200,358.622
370.122,544.592,353.977,560.147,226.742,243.051,719.779
593.654,433.422,388.784,760.928,382.623,762.020,612.956
295.786,626.266,402.049,739.286,489.299,188.604,363.720
461.984,478.103,445.760,428.329,210.810,760.789,374.769
443.181,233.621,472.621,658.220,560.059,296.130,469.419
674.358,567.571,398.556,436.590,413.792,480.511,382.166
462.070,556.676,566.967,571.329,302.506,377.401,509.137
488.016,601.850,518.013,604.441,415.092,382.204,618.271
794.407,704.627,503.716,419.742,612.627,219.936,720.417
441.347,550.844,501.924,614.092,644.599,211.328,674.962
454.138,348.289,550.749,366.644,454.642,570.954,426.072
594.493,510.994,564.893,107.721,599.606,69.518,614.163
557.803,460.544,619.541,567.787,699.711,371.618,595.237
201.338,330.917,633.017,666.714,644.992,557.878,334.795
246.437,252.654,620.485,613.781,178.231,317.667,529.192
409.937,311.485,673.167,463.577,349.124,334.872,417.520
206.614,172.784,713.346,463.013,797.295,619.024,631.814
635.276,536.989,693.772,682.585,206.338,393.127,791.373
719.582,664.272,693.841,515.794,382.057,241.308,229.749
496.116,430.623,655.952,178.241,585.288,31.250,504.737
408.979,272.261,455.650,475.302,285.924,687.719,570.229
732.522,789.610,413.437,484.307,584.729,446.723,465.892
638.034,613.286,385.899,207.077,453.324,291.937,551.609
840.494,321.220,352.717,345.947,665.792,581.213,552.494
305.024,679.273,306.382,399.522,522.972,346.995,193.130
430.931,429.606,250.570,669.644,234.130,428.760,633.205
291.598,365.488,999.624,544.335,263.424,190.323,614.739
234.380,627.090,615.705,470.505,271.354,459.296,555.257
853.578,666.350,610.318,447.272,399.736,322.123,484.010
732.437,612.447,652.638,418.649,717.965,676.766,382.673
335.835,260.397,681.280,670.832,643.580,572.213,515.938
793.045,667.044,688.316,420.038,350.920,491.145,246.656
408.819,706.653,695.789,526.816,257.059,314.816,427.154
546.856,720.887,655.181,363.746,515.211,468.211,248.437
447.426,708.099,717.524,592.733,204.353,704.807,751.187
164.446,663.747,681.488,462.763,443.646,320.599,668.153
235.901,540.729,567.031,208.849,358.680,645.799,510.251
625.063,401.018,623.866,532.845,566.896,628.572,310.356
344.018,502.041,660.770,278.014,423.328,384.041,497.119
465.691,456.502,661.716,658.665,411.823,848.600,179.656
341.647,164.585,617.720,750.242,337.627,758.840,563.580
690.969,315.773,662.729,656.160,293.795,442.213,354.013
516.378,921.030,600.060,559.635,498.697,650.657,643.336
408.123,268.641,500.792,298.418,520.549,589.309,97.402
653.269,261.190,465.414,430.271,765.490,328.246,689.362
537.716,353.317,280.952,447.670,539.438,598.623,371.053
31.250,365.821,336.875,388.016,518.050,803.012,678.330
642.575,278.527,31.250,645.961,773.535,304.442,238.393
432.663,42.619,86.486,445.219,508.596,597.154,735.415
619.653,623.740,552.378,711.428,528.687,730.839,257.693
448.490,413.708,384.347,494.276,534.213,603.981,67.302
350.402,248.056,468.371,510.787,688.374,520.510,589.045
493.015,391.324,345.396,704.118,317.061,154.984,697.897
684.354,720.579,240.060,578.667,463.023,194.178,279.180
819.500,505.403,260.916,405.020,397.603,465.332,808.222
594.622,411.598,261.210,424.425,625.090,688.202,416.270
791.407,436.331,343.947,743.100,633.225,688.811,409.689
737.770,121.634,372.491,588.800,642.328,644.185,392.517
257.773,530.912,577.542,774.298,626.983,819.471,386.167
463.705,1121.203,492.221,632.686,376.593,619.273,523.971
457.125,757.290,287.620,435.285,721.019,618.931,667.830
421.973,164.667,358.531,453.796,324.405,584.804,499.945
224.148,377.622,316.507,797.867,372.086,204.512,484.812
405.589,94.739,390.599,588.447,431.820,629.984,462.060
359.815,476.696,570.332,846.450,425.169,646.393,425.751
754.459,384.783,466.748,524.922,760.292,442.421,523.963
363.521,548.462,478.281,284.324,730.132,824.155,329.803
166.439,641.902,559.814,318.038,689.936,280.434,692.418
759.832,427.070,449.570,691.836,531.773,488.203,162.078
529.630,269.085,501.528,454.474,656.067,456.150,339.637
693.362,249.053,521.027,386.365,583.341,588.399,545.067
171.507,602.699,606.889,497.307,584.580,401.163,557.035
568.751,338.226,703.270,96.736,692.424,703.422,368.546
695.131,798.829,704.358,516.576,288.905,719.845,731.990
579.443,441.897,694.078,483.329,421.161,336.063,373.839
320.253,494.323,498.252,277.399,292.385,599.215,581.782
577.048,376.774,343.663,616.443,393.223,578.942,657.100
188.454,778.518,283.962,591.265,368.933,280.641,453.992
504.244,512.998,554.079,516.960,288.013,701.876,521.749
690.642,286.726,580.486,553.605,414.382,277.060,205.234
489.369,478.481,339.577,676.884,501.673,559.140,666.863
546.068,286.586,380.929,678.183,419.103,392.251,512.828
581.211,207.878,491.821,434.842,378.853,236.141,659.853
535.593,321.957,313.565,335.028,498.126,499.690,316.565
576.869,484.159,464.210,482.788,520.002,633.328,751.835
564.955,421.142,367.128,611.254,821.653,602.794,472.282
520.379,385.222,315.713,774.018,483.167,620.615,612.264
183.930,546.677,343.397,543.580,381.076,540.490,824.656
234.890,692.727,1026.115,721.762,207.280,327.464,622.510
296.318,598.280,675.023,726.914,604.236,711.007,538.842
623.427,511.090,694.992,347.302,613.546,443.824,603.703
630.632,561.390,526.190,450.911,403.200,396.408,63.860
748.161,565.434,699.236,526.729,353.676,147.332,370.333
279.415,582.743,710.520,720.210,479.823,299.733,718.871
782.106,608.628,812.423,378.868,602.949,627.913,635.256
443.194,500.794,798.495,744.802,524.400,401.422,779.736
407.427,539.957,658.282,751.797,556.952,332.482,429.932
538.967,454.295,575.612,246.386,132.592,508.431,284.969
815.158,280.191,559.929,873.674,520.370,613.243,449.341
440.569,229.802,522.072,423.735,408.793,215.198,489.752
380.285,520.655,510.057,531.766,165.262,361.175,606.649
161.034,285.997,666.218,331.363,493.010,537.652,254.217
186.753,49.576,751.716,406.586,31.250,274.452,817.907
696.676,582.795,768.756,771.859,418.675,183.801,893.031
272.413,681.039,673.153,368.869,701.092,641.647,550.931
934.493,585.646,731.783,605.258,337.701,463.953,31.250
557.868,509.231,448.235,660.977,540.141,654.608,379.756
107.812,321.605,47.338,366.431,563.593,505.572,863.243
842.927,621.296,102.515,754.951,376.801,308.940,562.994
632.195,188.386,243.271,475.595,672.153,462.079,354.198
216.028,655.576,200.156,327.139,683.348,339.906,479.146
396.414,349.366,680.560,618.077,328.895,712.985,431.486
575.024,491.418,312.128,243.644,519.740,404.369,541.489
353.941,296.694,322.871,422.302,661.911,551.174,331.832
604.470,178.541,324.368,546.658,605.608,780.059,262.452
660.542,151.735,328.544,421.047,440.965,395.582,800.482
283.684,521.386,331.555,215.501,677.044,737.393,566.060
417.571,367.031,341.217,586.536,532.143,446.299,619.194
481.920,762.636,363.028,587.601,354.310,707.138,448.959
649.478,405.396,367.257,511.240,472.709,566.664,694.511
239.941,194.283,363.832,333.416,500.368,619.578,685.242
647.889,732.179,361.120,630.676,326.475,666.478,392.662
299.466,523.974,394.586,282.785,551.847,259.418,471.422
691.129,291.763,425.641,275.379,463.542,651.128,352.468
547.158,287.191,292.969,651.874,373.602,408.318,623.900
734.375,246.873,406.993,342.356,766.165,633.137,495.505
91.906,899.029,446.120,569.886,527.942,414.438,510.067
336.958,523.307,510.368,636.961,915.861,632.071,670.784
721.967,716.733,509.542,291.669,388.855,437.271,59.430
773.730,396.551,527.865,720.177,480.576,460.167,690.796
709.122,762.801,544.381,430.847,898.187,289.594,209.725
385.370,561.262,590.626,489.418,411.218,548.994,297.043
597.874,297.088,627.575,603.681,150.858,427.656,726.019
454.169,293.438,290.578,500.602,741.818,424.043,482.226
480.832,562.456,459.405,227.279,358.954,509.952,457.563
588.731,855.168,483.731,582.733,661.463,635.542,467.360
626.652,718.163,472.918,411.579,269.058,591.274,701.810
212.393,300.022,456.734,610.239,537.203,679.977,322.151
341.216,708.473,450.275,897.736,106.600,519.151,169.924
391.054,556.316,428.963,529.657,548.809,480.242,592.698
787.398,414.259,404.739,524.855,455.663,518.792,511.544
450.871,214.852,389.775,689.878,405.758,625.653,476.517
613.666,851.895,522.173,543.950,31.250,321.748,545.048
448.997,645.008,370.466,31.250,375.791,696.457,587.932
518.401,562.203,340.462,660.402,182.833,184.459,516.122
601.805,545.619,988.152,317.618,591.984,425.999,693.929
248.091,620.607,561.766,574.553,685.781,360.967,580.502
728.075,198.864,565.880,470.535,345.176,480.550,475.897
643.254,634.278,574.438,548.978,338.338,646.384,431.206
425.196,576.388,579.402,473.468,497.206,412.809,919.953
269.261,505.543,641.267,818.378,242.388,627.268,399.316
393.428,492.897,613.644,737.266,481.823,174.884,749.230
484.265,414.654,628.185,799.917,607.744,477.147,365.169
356.413,397.042,634.323,537.319,206.580,128.634,734.423
438.583,308.905,638.696,524.673,602.823,321.856,187.420
863.290,392.510,623.807,712.795,579.422,357.303,586.915
458.313,559.201,627.089,158.998,620.910,616.713,479.707
581.455,583.061,659.770,626.568,645.499,151.586,465.249
324.903,714.242,722.228,563.009,638.050,353.316,855.472
779.263,72.911,753.589,467.539,537.265,560.368,534.953
662.946,416.704,758.875,712.313,682.514,535.844,507.646
336.464,467.788,758.871,766.494,554.877,285.058,423.624
520.965,190.125,758.340,160.889,390.034,636.013,390.562
461.344,647.328,658.502,720.083,658.869,328.292,626.058
695.903,423.041,811.436,711.565,780.312,600.288,538.726
327.621,199.647,956.859,414.986,562.472,398.915,478.131
472.471,447.487,543.839,593.486,645.445,472.471,439.638
409.408,546.854,582.509,491.984,164.583,409.408,230.082
372.384,531.325,715.732,404.967,484.736,372.384,671.016
371.555,613.525,541.420,655.925,349.146,371.555,600.101
550.309,372.368,663.201,397.341,82.302,550.309,662.099
547.215,153.363,531.304,254.808,851.496,547.215,645.434
840.266,413.596,777.584,469.403,284.848,840.266,620.194
426.273,860.411,480.573,597.119,453.967,426.273,448.919
684.222,207.375,486.765,287.529,424.350,684.222,172.489
546.079,758.840,654.866,307.289,741.850,546.079,407.091
683.301,472.596,504.013,753.751,389.380,683.301,536.628
535.079,588.926,440.735,589.804,382.350,535.079,208.478
406.709,532.174,487.727,389.332,754.103,406.709,538.696
649.879,534.993,501.985,780.837,470.573,649.879,526.272
567.828,443.653,428.098,695.234,475.218,567.828,460.924
160.554,333.880,362.388,482.782,738.782,160.554,505.255
611.514,770.373,347.241,468.703,847.657,611.514,541.392
270.560,148.989,341.484,412.013,509.020,270.560,290.186
478.860,525.689,295.783,796.805,514.110,478.860,514.010
713.308,441.212,427.482,470.856,322.085,713.308,162.626
353.196,561.460,591.081,701.884,423.874,353.196,501.246
534.999,602.723,598.799,510.936,423.053,534.999,411.307
707.179,618.443,642.506,615.556,767.942,707.179,546.376
714.896,685.359,459.301,545.436,106.839,714.896,596.836
576.590,463.110,307.698,216.561,767.855,576.590,552.244
541.586,542.737,597.303,72.735,352.857,541.586,811.184
734.303,413.417,289.458,701.060,900.913,734.303,149.846
620.586,465.100,167.589,641.637,607.779,620.586,653.755
436.488,527.222,369.219,595.499,913.059,436.488,640.892
813.481,594.729,356.818,590.426,784.722,813.481,562.287
674.736,586.466,325.726,707.971,217.400,674.736,470.437
122.716,511.632,588.583,686.504,699.736,122.716,424.785
360.193,412.479,426.239,787.230,761.728,360.193,768.121
635.681,178.858,603.380,356.988,309.357,635.681,384.448
569.829,311.893,394.965,829.184,646.402,569.829,566.922
444.692,555.461,90.513,350.983,431.983,444.692,275.607
849.097,356.815,127.049,540.990,618.155,849.097,702.599
568.657,415.646,265.830,783.549,736.727,568.657,604.892
231.781,384.082,544.560,593.693,525.937,231.781,317.403
310.232,880.129,648.174,647.908,669.834,310.232,452.758
221.130,666.642,663.232,454.990,113.100,221.130,312.046
673.433,549.036,781.836,489.884,574.393,673.433,726.912
368.464,765.855,777.020,713.665,222.101,368.464,492.322
358.928,490.907,684.214,538.672,705.077,358.928,368.068
384.635,734.806,643.249,536.355,526.420,384.635,448.039
261.515,332.900,774.120,666.838,570.935,261.515,827.806
365.486,578.073,751.690,243.700,228.836,365.486,546.671
206.540,566.940,447.647,521.057,720.684,206.540,421.732
585.990,728.059,427.815,231.900,479.296,585.990,382.804
504.588,644.777,358.856,940.154,796.981,504.588,258.195
638.982,750.366,368.635,250.312,707.406,638.982,495.257
124.390,756.324,192.367,389.589,441.315,124.390,595.609
238.055,420.564,274.523,307.203,425.875,238.055,507.817
624.411,441.041,220.112,619.363,680.020,624.411,435.879
347.677,1084.704,422.771,473.712,491.577,347.677,185.920
277.403,380.645,945.098,737.925,445.701,277.403,822.474
556.051,524.259,673.724,497.790,265.172,556.051,542.133
523.921,569.966,767.537,620.264,537.753,523.921,707.326
587.429,488.540,789.375,841.577,409.107,587.429,379.575
780.119,441.047,526.651,492.584,573.489,780.119,190.408
31.250,362.559,795.976,343.895,353.962,168.951,128.253
431.723,457.027,770.842,646.019,738.353,458.381,987.950
359.926,326.097,787.710,73.744,293.671,356.383,596.726
349.790,461.260,750.343,305.191,416.479,409.800,748.920
425.072,572.802,740.723,31.250,360.921,417.819,380.181
514.491,403.310,711.096,261.433,62.943,664.191,475.110
177.477,355.993,866.669,765.327,526.549,302.368,438.764
716.032,602.206,728.469,620.122,790.954,413.331,482.946
629.148,303.690,739.370,177.660,516.496,562.209,673.597
590.999,605.862,722.404,883.628,172.600,277.684,292.460
37.718,1001.215,705.293,483.329,755.878,614.196,439.576
547.002,301.912,683.551,673.902,442.687,691.750,370.786
328.590,532.906,670.907,453.567,403.594,562.735,672.709
386.335,606.257,652.875,605.006,441.176,186.673,529.465
263.835,147.197,636.930,412.719,571.787,477.929,478.038
647.624,453.122,428.986,466.738,384.387,326.941,547.262
527.328,818.707,561.909,502.180,405.117,385.717,619.268
310.884,337.271,549.937,628.709,433.440,407.509,375.047
266.828,289.265,522.940,405.284,905.711,536.550,31.250
449.339,693.347,482.820,590.287,451.939,444.543,250.637
786.782,656.112,448.747,442.590,243.490,519.939,856.851
444.360,531.749,421.398,626.440,337.586,503.718,605.995
584.320,344.460,349.529,609.074,551.569,515.196,564.691
641.377,308.553,209.708,237.465,619.542,619.592,673.401
566.417,588.642,938.185,494.524,372.353,696.695,486.195
421.120,506.559,450.659,368.289,333.970,405.080,585.842
505.796,284.316,452.053,413.492,537.026,711.080,542.489
504.955,251.694,474.566,746.044,382.843,652.878,407.165
631.522,638.277,498.638,261.126,114.990,744.118,468.267
745.741,748.864,527.542,467.048,356.603,586.264,468.617
207.173,640.784,564.752,275.996,921.921,473.296,375.242
705.015,138.127,76.159,407.208,727.424,749.088,475.950
329.290,427.914,377.306,601.511,686.875,315.817,547.727
420.508,510.562,359.736,771.844,551.009,534.787,423.923
476.649,834.635,341.119,418.693,363.478,150.941,422.920
493.725,406.675,338.875,657.730,214.167,378.918,665.414
725.027,644.946,337.076,863.697,377.551,520.480,471.294
451.951,399.861,333.840,745.769,516.896,282.458,614.051
118.252,457.218,334.492,229.598,547.856,550.319,312.284
719.779,355.529,333.890,448.244,360.889,803.323,419.950
90.561,298.836,336.406,439.561,752.196,76.028,525.090
419.681,424.857,330.480,793.698,557.391,393.727,651.340
560.675,478.368,346.028,432.137,483.103,378.562,235.793
344.127,329.927,340.308,618.753,310.191,385.340,469.763
519.444,507.962,344.639,430.454,698.568,423.703,538.621
635.807,542.901,337.126,273.551,477.516,210.340,371.636
635.325,610.727,345.042,64.240,259.295,716.537,630.015
406.298,491.686,345.757,94.480,526.742,533.469,149.129
503.825,698.516,385.587,498.372,309.929,451.931,650.566
744.153,404.501,351.118,409.711,548.696,841.402,815.060
602.044,327.745,345.788,710.521,562.275,661.721,695.024
639.648,514.499,360.576,815.192,388.095,351.620,392.495
616.121,536.299,388.335,590.908,723.666,709.385,430.686
503.218,773.947,417.683,747.445,282.780,249.677,346.996
316.617,315.791,430.737,581.298,721.010,519.655,573.905
507.934,572.463,435.376,579.677,500.629,559.268,764.577
736.378,369.601,451.618,527.116,507.257,591.453,400.632
299.198,338.122,480.815,570.195,600.115,664.040,583.605
306.263,843.165,605.858,697.269,265.154,646.208,585.486
544.020,741.949,942.704,579.218,641.096,668.216,334.161
