229.805,532.609,355.249,795.165,509.805,499.076,441.395
361.544,611.202,267.499,602.550,437.677,454.590,616.320
367.891,237.390,468.261,693.516,478.931,699.689,845.419
390.468,253.361,251.789,495.256,31.250,348.951,174.092
382.559,653.820,506.720,235.846,593.229,390.151,642.208
587.306,294.030,685.500,446.055,402.560,471.340,463.285
472.615,658.491,821.856,294.586,507.475,498.340,673.839
306.857,454.823,402.886,605.938,1166.284,668.643,432.320
181.295,543.244,586.526,1123.961,601.467,306.800,749.770
582.245,597.184,544.315,274.163,457.405,906.988,616.827
543.175,255.906,172.992,538.182,765.661,937.921,466.576
666.081,346.689,601.001,718.574,249.391,681.281,614.914
728.303,600.999,288.689,551.807,676.587,625.214,552.563
407.117,643.121,826.594,272.843,184.556,338.724,688.946
234.134,174.352,458.209,611.801,386.044,786.217,227.579
407.433,773.106,360.834,884.670,208.894,439.419,298.984
764.603,597.756,543.461,119.214,705.292,566.889,470.854
199.593,474.387,655.614,564.382,872.202,315.417,686.174
530.314,378.893,420.123,751.763,551.338,31.250,512.483
654.066,387.163,487.875,773.711,381.630,369.583,622.669
503.874,290.601,548.720,536.375,685.256,499.136,657.951
442.884,691.278,313.479,590.824,402.582,727.499,334.158
387.563,572.390,590.611,595.360,405.057,540.313,533.957
625.284,412.445,571.219,434.798,369.530,553.502,334.349
400.059,621.254,779.476,405.386,884.355,533.847,388.775
388.706,682.472,585.083,385.542,686.363,584.122,730.257
479.183,773.829,643.407,48.849,610.230,769.807,490.075
507.367,365.461,52.032,659.554,435.175,539.113,668.436
234.847,588.487,588.548,561.147,318.070,583.816,509.730
534.455,486.850,796.062,570.085,415.538,296.252,587.756
264.218,220.190,705.613,432.069,473.769,687.363,669.933
283.386,658.550,231.549,314.234,521.989,519.522,370.453
298.089,244.854,586.529,416.218,180.712,210.402,277.420
549.587,508.190,643.416,550.554,271.385,516.838,412.242
347.189,607.367,456.327,311.411,272.658,815.089,477.479
183.307,364.454,642.263,268.136,388.901,921.235,610.770
546.871,699.505,530.728,795.131,383.662,472.251,617.397
343.072,699.835,597.734,441.980,768.682,633.724,480.169
518.134,593.268,409.667,317.510,535.001,857.972,681.177
605.426,326.996,528.012,866.424,522.792,664.549,340.459
354.499,247.984,525.006,525.670,617.718,484.455,479.480
679.515,783.059,222.873,429.448,484.079,500.135,641.628
257.459,671.375,481.967,268.625,480.976,749.481,556.272
443.208,805.091,226.344,541.880,494.370,411.975,668.361
689.150,541.839,498.542,619.583,641.301,618.564,591.565
737.736,138.799,642.914,445.034,439.515,31.250,584.108
509.914,596.650,280.877,445.202,643.447,674.850,469.002
344.757,332.265,836.627,406.263,361.211,629.605,426.599
464.819,466.627,576.628,329.411,556.000,359.581,915.629
678.904,225.322,214.534,682.879,982.149,650.779,394.255
389.931,525.442,682.811,536.499,659.231,454.552,88.387
499.608,762.237,185.505,311.313,758.638,537.054,164.644
438.876,533.809,528.534,496.525,356.148,342.694,152.525
355.962,216.687,446.867,637.618,924.183,260.042,607.074
561.031,621.523,933.464,475.698,770.061,406.751,309.641
680.274,528.640,105.063,656.905,345.691,666.682,387.454
799.795,586.561,607.800,228.123,368.867,103.252,306.744
513.589,513.413,740.460,295.615,410.492,650.862,152.469
412.033,589.375,491.164,598.185,288.382,875.940,361.193
382.229,317.466,418.844,673.136,692.723,737.303,840.514
836.057,656.473,329.814,606.757,428.208,325.671,675.892
280.641,447.160,581.057,451.540,245.564,660.147,444.563
289.729,512.781,636.463,609.474,686.899,250.936,395.843
317.138,365.933,946.804,507.656,456.084,510.162,370.609
396.401,647.856,546.314,326.400,542.720,416.093,855.992
233.873,659.744,632.208,206.052,429.859,516.787,473.302
618.117,555.233,672.764,562.456,312.130,468.484,270.217
625.390,153.966,329.584,296.517,447.438,344.603,665.629
237.423,419.784,383.037,710.942,626.240,547.407,54.773
542.891,300.902,323.496,295.681,281.930,215.761,198.045
233.610,571.187,313.172,540.750,489.201,165.324,349.122
367.088,539.312,537.464,682.524,557.298,342.778,70.063
404.278,263.890,504.742,611.368,214.078,403.326,604.512
489.216,751.523,646.558,142.046,598.181,578.482,494.467
944.820,376.791,560.215,477.750,160.575,570.344,438.327
587.683,346.160,672.200,850.999,700.951,463.314,637.193
832.240,1031.837,674.772,494.358,488.269,743.154,607.096
338.336,617.029,674.482,382.902,662.953,650.110,511.218
482.089,663.442,612.529,582.077,433.662,488.225,732.900
317.873,614.827,498.002,487.865,251.095,852.406,660.781
636.572,502.373,680.279,738.393,559.479,649.359,466.031
496.824,484.833,467.141,401.042,375.508,345.739,761.944
738.523,735.615,820.216,653.769,626.935,528.085,782.946
357.396,494.329,693.913,505.527,387.472,753.919,583.143
614.720,416.444,772.103,518.666,635.944,322.904,233.721
519.017,908.955,592.066,550.353,264.394,452.286,577.633
607.299,641.037,427.943,389.604,647.133,561.492,595.679
368.680,566.622,440.350,361.449,670.616,529.101,337.668
539.254,455.918,376.621,205.691,357.688,800.121,565.704
696.355,251.607,687.484,670.442,550.571,812.357,279.411
470.805,403.819,697.330,332.699,562.737,604.968,394.714
827.250,600.363,739.612,209.096,691.822,686.695,500.792
366.513,468.905,487.007,540.413,515.869,584.879,721.802
603.357,750.505,259.480,508.912,679.483,527.057,631.495
664.288,680.161,556.449,555.984,166.023,597.626,588.353
519.499,216.582,350.442,452.799,791.023,437.379,725.683
544.735,485.712,559.327,815.068,859.344,595.426,191.804
550.199,484.589,312.144,450.680,641.346,577.074,475.871
655.447,509.353,409.471,125.450,682.488,509.956,527.529
660.912,404.369,720.573,628.716,675.926,83.468,515.399
665.378,52.800,658.608,690.515,558.964,359.894,390.654
538.991,525.537,352.286,379.201,436.264,508.180,418.497
416.967,383.589,523.240,575.581,219.452,435.076,217.358
478.223,263.893,486.891,540.267,227.276,523.728,31.250
623.087,485.481,736.100,566.616,624.254,438.621,202.599
499.759,277.238,720.767,422.621,730.345,276.595,620.643
40.616,456.900,459.837,591.718,576.690,717.002,143.493
529.650,382.734,490.857,693.054,352.875,267.664,407.797
684.231,394.321,452.692,483.848,662.495,543.213,682.707
314.467,600.852,301.964,481.378,562.576,508.975,683.089
499.744,523.225,511.489,172.806,757.664,548.890,122.166
488.053,769.681,248.447,646.921,445.396,907.146,482.814
192.527,303.111,634.360,339.718,296.400,532.660,585.833
218.196,683.903,384.971,349.688,595.205,698.828,104.132
427.383,340.228,433.170,666.475,361.933,409.494,278.270
379.012,668.141,509.355,727.707,171.885,245.127,370.551
453.611,627.737,497.200,600.071,637.400,555.578,399.868
815.882,602.935,418.844,629.853,389.269,653.000,654.003
724.196,351.995,434.503,659.430,559.143,270.915,726.288
426.862,423.929,718.412,416.313,468.635,386.475,785.698
654.608,568.457,352.394,379.756,575.475,675.892,320.894
505.572,442.199,550.865,863.243,485.266,444.563,470.506
308.940,475.974,529.982,562.994,541.645,395.843,508.604
462.079,574.625,482.346,354.198,546.421,370.609,440.456
339.906,667.866,755.737,479.146,276.101,855.992,451.481
712.985,496.656,641.202,431.486,448.718,473.302,563.703
404.369,482.623,531.158,541.489,393.516,270.217,871.850
551.174,715.141,632.626,331.832,353.589,665.629,381.415
780.059,459.931,205.018,262.452,390.936,54.773,601.324
395.582,487.284,602.761,800.482,679.310,198.045,698.849
737.393,618.413,548.592,566.060,483.223,349.122,417.121
446.299,548.264,539.413,619.194,649.908,70.063,290.895
707.138,254.771,232.757,448.959,709.389,604.512,538.015
566.664,618.289,848.462,694.511,285.064,494.467,439.174
619.578,212.531,298.920,685.242,612.120,438.327,762.301
666.478,558.790,325.117,392.662,568.623,637.193,475.718
259.418,702.277,442.772,471.422,856.356,607.096,548.073
651.128,815.449,535.003,352.468,725.942,511.218,682.031
408.318,720.107,126.953,623.900,616.820,732.900,236.853
633.137,902.683,519.539,495.505,458.986,660.781,315.159
414.438,598.372,791.486,510.067,425.679,466.031,335.014
632.071,283.965,629.652,670.784,393.582,761.944,467.804
437.271,337.336,720.107,59.430,231.784,782.946,582.726
460.167,683.099,735.807,690.796,180.950,583.143,620.493
289.594,778.835,601.080,209.725,796.794,233.721,289.224
548.994,527.705,395.565,297.043,446.158,577.633,237.176
427.656,352.545,588.537,726.019,532.439,595.679,695.650
424.043,214.565,881.708,482.226,397.466,337.668,711.465
509.952,884.605,183.548,457.563,541.534,565.704,454.098
635.542,719.287,593.457,467.360,623.582,279.411,544.698
591.274,525.076,443.307,701.810,437.176,394.714,31.250
679.977,370.610,690.469,322.151,672.476,500.792,562.540
519.151,665.230,492.329,169.924,220.164,721.802,159.595
480.242,836.029,603.848,592.698,567.745,631.495,140.161
518.792,676.262,330.273,511.544,592.974,588.353,541.621
625.653,346.769,432.121,476.517,360.035,725.683,385.131
321.748,345.363,509.013,545.048,591.312,191.804,556.070
696.457,612.350,770.825,587.932,405.686,475.871,347.298
184.459,624.160,689.192,516.122,405.579,527.529,619.758
425.999,468.302,427.812,693.929,562.876,515.399,714.241
360.967,807.744,803.183,580.502,502.889,390.654,556.379
480.550,269.533,412.495,475.897,547.469,418.497,506.972
646.384,456.978,627.975,431.206,377.566,217.358,640.729
412.809,805.998,267.521,919.953,441.215,31.250,440.520
627.268,467.354,690.834,399.316,540.834,202.599,689.196
174.884,390.025,544.396,749.230,788.733,620.643,731.307
477.147,220.248,448.964,365.169,543.548,143.493,586.588
128.634,513.126,670.044,734.423,449.109,407.797,342.251
321.856,319.178,852.591,187.420,446.735,682.707,492.031
357.303,675.098,358.887,586.915,312.126,683.089,707.956
616.713,585.425,799.460,479.707,73.090,122.166,810.080
151.586,434.376,267.573,465.249,640.727,482.814,539.746
353.316,393.404,571.668,855.472,438.834,585.833,507.979
560.368,346.539,531.020,534.953,463.783,104.132,803.932
535.844,815.384,169.561,507.646,500.653,278.270,635.135
285.058,426.867,31.250,423.624,166.217,370.551,466.373
636.013,398.074,492.542,390.562,544.407,399.868,470.653
328.292,537.500,482.223,626.058,273.915,654.003,31.250
600.288,568.800,711.487,538.726,399.396,726.288,611.304
398.915,515.098,528.254,478.131,428.969,785.698,332.722
588.154,727.324,627.268,532.609,95.333,627.901,628.143
533.712,674.219,419.451,611.202,230.828,681.993,459.750
375.897,793.421,366.536,237.390,436.085,396.937,681.581
668.384,402.404,317.493,253.361,338.058,399.090,723.825
423.174,375.895,701.716,653.820,277.384,954.768,31.250
246.733,467.991,372.454,294.030,694.903,573.378,656.491
266.248,556.729,316.873,658.491,387.752,496.773,251.228
626.474,430.095,251.696,454.823,197.141,458.322,675.114
833.870,508.099,434.947,543.244,503.451,630.659,578.865
324.889,471.003,376.216,597.184,419.994,578.323,390.098
353.001,486.408,518.397,255.906,365.816,485.795,398.007
292.676,383.064,762.444,346.689,167.928,391.428,100.227
181.657,257.651,596.922,600.999,803.375,672.057,332.825
459.200,587.623,325.861,643.121,602.442,651.814,135.322
650.273,477.134,511.962,174.352,357.820,529.680,333.943
506.216,402.568,540.506,773.106,727.087,552.565,758.772
567.946,375.520,625.931,597.756,838.060,561.979,380.965
482.163,391.120,325.092,474.387,335.650,591.874,233.832
560.564,202.607,447.826,378.893,625.743,556.150,361.660
689.174,650.394,449.352,387.163,638.150,277.357,575.997
554.821,1001.513,490.587,290.601,667.968,337.912,509.569
906.986,245.712,619.774,691.278,302.727,690.746,214.584
297.396,264.378,120.210,572.390,496.471,717.150,350.620
542.740,405.982,495.081,412.445,111.492,360.136,321.615
506.035,460.301,642.629,621.254,202.085,578.017,350.583
440.536,770.456,448.498,682.472,423.535,291.431,457.046
646.370,444.650,229.579,773.829,726.963,351.088,243.073
499.130,378.617,531.614,365.461,205.909,384.892,299.883
660.389,169.575,935.011,588.487,515.310,653.944,371.704
557.172,721.707,301.100,486.850,465.768,933.484,256.608
537.236,430.362,299.893,220.190,527.281,561.657,701.066
685.875,824.627,72.110,658.550,202.752,460.031,123.139
733.697,598.603,436.280,244.854,485.653,109.953,439.585
345.169,345.705,626.946,508.190,324.333,295.545,730.284
465.829,710.586,349.263,607.367,335.942,579.283,143.776
293.103,162.829,611.285,364.454,305.931,409.804,313.705
503.470,668.227,520.550,699.505,727.440,534.323,456.152
407.458,366.498,736.327,699.835,305.404,714.254,653.690
741.335,82.713,558.473,593.268,344.576,329.161,855.618
526.330,362.282,944.001,326.996,744.186,568.742,629.188
510.447,744.602,289.010,247.984,864.774,601.822,808.189
620.576,857.986,468.623,783.059,776.485,352.810,740.952
744.542,597.892,556.895,671.375,629.310,398.715,761.853
440.880,279.971,574.747,805.091,501.938,699.508,706.003
375.399,538.349,688.658,541.839,819.328,952.565,831.058
342.945,390.052,301.264,138.799,349.694,680.230,655.151
517.847,599.358,224.218,596.650,515.035,498.642,495.751
880.348,704.945,357.766,332.265,323.405,398.412,538.833
527.125,564.810,672.252,466.627,603.069,369.612,312.435
548.153,402.486,525.168,225.322,554.872,731.877,406.829
782.231,479.306,419.343,525.442,475.597,565.093,466.578
545.875,558.373,437.091,762.237,401.886,595.687,488.928
338.068,474.670,699.927,533.809,121.324,554.169,464.019
336.546,221.144,771.777,216.687,443.193,660.120,361.490
275.495,448.978,775.567,621.523,463.199,768.955,823.366
267.568,530.666,620.786,528.640,242.095,889.195,403.270
547.224,482.481,731.428,586.561,723.613,214.425,328.587
357.716,395.509,401.754,513.413,467.320,376.625,257.567
510.889,579.441,214.020,589.375,391.864,673.344,330.256
487.516,634.994,227.795,317.466,623.618,678.108,707.356
366.556,686.096,615.715,355.249,795.165,160.076,734.088
518.476,387.894,434.955,267.499,602.550,287.014,529.139
249.919,568.644,193.110,468.261,693.516,148.556,254.030
247.028,181.918,441.799,251.789,495.256,382.943,274.590
724.244,507.410,313.857,506.720,235.846,330.675,461.132
522.458,540.688,125.982,685.500,446.055,565.715,772.356
834.323,485.596,381.670,821.856,294.586,104.537,234.936
503.885,883.798,558.507,402.886,605.938,715.582,626.603
576.486,752.983,436.708,586.526,1123.961,618.587,803.812
629.974,604.673,548.426,544.315,274.163,717.228,351.024
408.108,627.135,423.701,172.992,538.182,458.779,589.723
617.137,492.132,137.605,601.001,718.574,342.083,626.681
762.577,304.671,670.709,288.689,551.807,607.582,705.687
769.634,737.811,928.107,826.594,272.843,459.372,480.968
441.794,722.523,502.466,458.209,611.801,1081.339,180.420
677.791,76.941,429.215,360.834,884.670,624.574,414.957
474.843,367.588,642.059,543.461,119.214,270.556,645.432
251.677,662.147,877.432,655.614,564.382,760.357,669.618
514.251,626.291,533.072,420.123,751.763,378.149,437.396
512.080,415.824,609.199,487.875,773.711,208.057,607.824
441.374,443.271,692.372,548.720,536.375,507.354,640.218
377.413,484.629,491.930,313.479,590.824,407.214,736.988
703.828,658.434,272.191,590.611,595.360,718.296,510.720
329.236,780.426,762.230,571.219,434.798,671.231,248.861
344.522,403.512,595.147,779.476,405.386,574.135,359.032
485.849,376.630,150.186,585.083,385.542,832.891,143.917
734.607,560.149,796.810,643.407,48.849,410.529,354.384
390.288,444.416,710.387,52.032,659.554,954.665,448.084
462.190,633.886,528.181,588.548,561.147,365.271,195.339
1040.258,217.081,360.687,796.062,570.085,397.462,534.984
532.944,302.603,432.745,705.613,432.069,921.562,585.040
471.165,438.834,534.287,231.549,314.234,532.335,478.126
598.749,246.561,464.357,586.529,416.218,690.367,347.579
180.416,713.242,396.711,643.416,550.554,541.900,681.349
245.987,597.318,998.432,456.327,311.411,348.421,1050.706
889.520,685.214,255.530,642.263,268.136,536.741,463.248
509.090,444.768,560.835,530.728,795.131,568.998,738.882
387.013,493.741,312.482,597.734,441.980,444.609,416.363
591.445,565.182,401.565,409.667,317.510,796.673,472.954
640.397,450.509,208.731,528.012,866.424,428.689,645.823
371.584,633.399,422.387,525.006,525.670,418.747,341.821
520.434,524.589,391.357,222.873,429.448,618.255,471.626
270.286,531.379,104.545,481.967,268.625,347.559,340.024
488.960,487.986,460.901,226.344,541.880,269.245,386.677
543.325,465.129,757.288,498.542,619.583,797.056,676.413
601.573,611.234,466.551,642.914,445.034,166.580,151.326
77.225,387.232,587.554,280.877,445.202,567.616,460.661
460.725,737.612,503.708,836.627,406.263,449.043,229.860
570.159,476.918,815.589,576.628,329.411,853.512,183.858
577.814,298.218,516.224,214.534,682.879,579.864,681.632
617.285,508.876,361.447,682.811,536.499,1056.940,446.565
383.248,736.507,505.750,185.505,311.313,437.514,825.613
437.959,533.003,316.136,528.534,496.525,272.365,625.998
604.019,378.977,657.893,446.867,637.618,689.622,470.664
561.464,473.708,375.709,933.464,475.698,610.545,407.243
342.485,337.231,309.339,105.063,656.905,537.027,447.636
822.095,964.814,339.637,607.800,228.123,624.985,549.690
442.253,484.953,557.326,740.460,295.615,590.693,452.628
535.150,529.345,566.109,491.164,598.185,126.748,628.196
831.868,434.436,554.394,418.844,673.136,839.359,757.090
622.299,362.559,618.231,552.996,858.112,730.163,379.756
154.679,457.027,686.973,384.999,596.604,307.022,863.243
325.815,326.097,623.760,681.835,500.876,480.399,562.994
602.562,461.260,462.679,351.174,538.336,584.901,354.198
31.250,572.802,294.645,487.841,461.847,482.655,479.146
522.111,403.310,593.752,819.022,502.244,873.045,431.486
715.858,355.993,235.275,542.150,474.049,599.041,541.489
404.339,602.206,121.034,383.782,540.265,206.656,331.832
511.251,303.690,572.593,372.844,535.743,391.451,262.452
516.616,605.862,31.250,391.646,836.152,592.583,800.482
390.994,1001.215,580.763,421.254,690.719,449.214,566.060
810.871,301.912,618.857,262.683,430.198,725.989,619.194
445.790,532.906,644.300,520.413,268.783,355.595,448.959
700.390,606.257,519.211,618.687,750.878,506.431,694.511
560.147,147.197,492.492,302.285,602.473,130.739,685.242
760.928,453.122,322.086,1044.815,536.554,689.197,392.662
739.286,818.707,508.996,526.779,420.014,591.878,471.422
428.329,337.271,579.774,608.276,565.578,404.002,352.468
658.220,289.265,405.032,232.350,441.158,578.473,623.900
436.590,693.347,291.936,597.867,713.007,171.402,495.505
571.329,656.112,739.444,831.932,468.484,477.091,510.067
604.441,531.749,650.914,970.000,600.022,582.053,670.784
419.742,344.460,644.096,953.651,764.950,635.239,59.430
614.092,308.553,270.008,807.501,778.936,672.493,690.796
366.644,588.642,34.626,107.501,516.556,141.621,209.725
107.721,506.559,509.803,591.427,483.334,376.410,297.043
567.787,284.316,393.836,536.814,565.610,548.409,726.019
666.714,251.694,503.479,275.813,497.851,431.941,482.226
613.781,638.277,567.117,836.894,507.818,263.536,457.563
463.577,748.864,651.534,525.260,320.341,810.309,467.360
463.013,640.784,495.154,347.191,494.911,245.200,701.810
682.585,138.127,578.386,308.579,549.404,607.254,322.151
515.794,427.914,257.862,797.419,533.464,224.251,169.924
178.241,510.562,661.879,501.094,430.692,551.036,592.698
475.302,834.635,202.892,355.016,578.948,450.935,511.544
484.307,406.675,496.696,341.862,669.908,310.274,476.517
207.077,644.946,455.668,629.998,423.209,766.477,545.048
345.947,399.861,332.916,311.108,312.576,555.595,587.932
399.522,457.218,595.512,402.210,487.814,509.312,516.122
669.644,355.529,413.749,663.651,345.222,689.236,693.929
544.335,298.836,626.369,622.228,724.079,422.165,580.502
470.505,424.857,537.543,485.877,349.065,237.516,475.897
447.272,478.368,350.163,631.531,831.258,286.615,431.206
418.649,329.927,440.642,696.338,547.451,813.406,919.953
670.832,507.962,204.894,917.505,595.849,742.555,399.316
420.038,542.901,351.262,700.795,518.063,165.094,749.230
526.816,610.727,273.522,430.799,365.787,427.488,365.169
363.746,491.686,666.256,591.742,654.715,459.583,734.423
592.733,698.516,411.103,406.538,484.769,615.440,187.420
462.763,404.501,402.151,322.666,638.624,451.136,586.915
208.849,327.745,220.183,470.566,198.517,181.635,479.707
532.845,514.499,513.438,448.991,464.901,617.713,465.249
278.014,536.299,325.572,597.432,499.874,437.645,855.472
658.665,773.947,340.243,505.836,698.032,425.615,534.953
750.242,315.791,483.265,696.306,665.253,729.861,507.646
656.160,572.463,987.830,254.724,274.605,635.444,423.624
559.635,369.601,415.887,926.647,293.479,690.935,390.562
298.418,338.122,337.495,277.276,222.309,363.209,626.058
430.271,843.165,373.911,110.625,710.048,795.335,538.726
447.670,741.949,557.492,435.153,442.246,406.790,478.131
660.977,588.154,538.379,513.994,478.365,480.127,601.710
366.431,533.712,234.936,604.039,624.339,432.272,478.990
754.951,375.897,505.423,311.839,596.742,488.721,315.442
475.595,668.384,742.530,675.457,230.248,169.225,386.084
327.139,423.174,518.725,586.701,420.248,467.400,574.878
618.077,246.733,487.130,445.738,308.862,559.497,577.785
243.644,266.248,697.234,809.319,549.326,294.588,644.794
422.302,626.474,493.161,450.407,391.148,277.510,526.321
546.658,833.870,527.824,608.464,488.368,462.581,393.315
421.047,324.889,429.814,501.896,662.431,644.110,437.852
215.501,353.001,180.549,357.424,625.430,505.634,273.259
586.536,292.676,521.960,325.810,672.036,299.502,272.003
587.601,181.657,481.030,449.797,608.041,585.775,531.358
511.240,459.200,171.401,142.552,560.066,762.463,265.911
333.416,650.273,494.366,233.773,335.167,631.337,429.388
630.676,506.216,642.365,559.589,271.749,219.252,561.190
282.785,567.946,818.942,610.787,440.562,766.658,385.544
275.379,482.163,255.077,642.725,564.574,974.871,549.402
651.874,560.564,555.088,346.546,526.633,196.032,210.893
342.356,689.174,618.560,807.794,546.998,227.002,31.250
569.886,554.821,549.801,371.738,361.560,710.113,278.794
636.961,906.986,767.656,559.306,560.223,665.793,468.004
291.669,297.396,99.810,836.191,245.744,281.727,212.902
720.177,542.740,503.034,124.236,745.220,604.161,660.901
430.847,506.035,356.129,360.650,232.749,635.614,803.184
489.418,440.536,748.334,550.793,491.377,650.949,651.924
603.681,646.370,504.017,731.969,379.536,643.760,888.897
500.602,499.130,556.009,350.441,493.492,394.529,675.415
227.279,660.389,378.488,516.460,613.062,534.614,371.871
582.733,557.172,690.390,592.255,149.013,860.829,376.023
411.579,537.236,405.094,745.283,518.144,490.894,573.285
610.239,685.875,319.757,505.767,373.030,439.328,487.879
897.736,733.697,441.382,412.198,466.619,134.398,485.827
529.657,345.169,660.076,456.521,663.267,533.631,761.509
524.855,465.829,422.593,466.813,382.850,726.933,672.134
689.878,293.103,189.838,472.822,420.717,257.832,539.002
543.950,503.470,417.779,271.808,398.613,807.823,575.475
31.250,407.458,139.119,291.514,698.602,791.434,515.089
660.402,741.335,676.199,635.755,474.311,652.517,361.362
317.618,526.330,308.451,542.508,804.002,31.250,392.517
574.553,510.447,627.952,290.200,762.069,996.048,731.309
470.535,620.576,519.573,757.412,514.640,301.156,560.330
548.978,744.542,433.497,322.611,856.436,379.779,414.752
473.468,440.880,583.284,337.481,353.073,316.064,656.420
818.378,375.399,313.326,475.206,317.565,415.506,329.693
737.266,342.945,435.249,768.104,580.500,485.505,572.102
799.917,517.847,522.637,545.701,313.971,563.989,562.471
537.319,880.348,465.628,721.499,527.315,527.081,642.359
524.673,527.125,663.491,710.311,404.569,614.213,427.993
712.795,548.153,389.805,607.706,383.779,313.498,835.412
158.998,782.231,117.356,430.059,591.418,490.592,574.955
626.568,545.875,468.568,542.186,336.533,383.637,538.757
563.009,338.068,373.116,201.975,669.183,533.959,565.956
467.539,336.546,63.748,483.551,654.307,432.669,174.459
712.313,275.495,617.251,891.787,883.067,577.384,377.361
766.494,267.568,323.303,775.731,176.250,453.043,537.064
160.889,547.224,681.691,853.226,411.848,299.028,919.034
720.083,357.716,539.595,462.591,408.654,875.504,355.804
711.565,510.889,516.256,519.009,532.228,498.370,414.450
414.986,487.516,740.547,76.034,369.164,643.479,765.565
368.824,900.338,153.684,526.309,584.075,456.982,234.320
394.099,688.432,340.471,519.813,513.161,208.815,403.135
727.040,629.657,518.025,625.974,495.104,411.930,387.686
480.000,469.057,544.418,473.103,341.900,254.322,520.273
841.430,504.437,682.482,31.250,692.553,533.429,391.662
334.936,165.165,413.613,616.878,483.645,530.110,674.510
389.501,652.511,663.028,455.908,278.361,374.238,608.866
803.534,528.520,578.185,703.574,481.791,510.230,762.293
448.278,565.405,348.770,615.834,629.328,237.712,454.691
535.927,35.801,400.581,536.172,534.549,474.006,736.833
719.231,922.801,369.588,527.632,508.740,420.574,236.011
673.485,627.522,198.094,621.138,293.004,509.167,529.706
187.503,456.432,652.764,474.860,539.743,342.477,76.431
440.476,566.101,220.078,324.650,640.971,623.170,522.352
572.982,346.720,242.954,540.253,919.328,538.622,529.948
179.148,746.407,413.388,824.427,666.443,149.633,591.945
456.022,327.526,281.262,418.495,446.293,693.626,301.459
540.899,437.160,641.134,604.047,428.158,353.399,427.788
666.166,571.209,456.937,522.346,31.250,655.207,118.761
704.938,282.279,292.751,654.341,538.006,465.969,486.510
1071.910,695.803,520.098,234.745,724.917,371.338,652.847
471.800,279.731,668.081,421.480,368.457,482.226,448.686
393.622,461.388,563.583,589.305,365.980,692.065,262.110
535.003,217.014,284.078,299.994,203.188,502.156,580.097
676.480,669.008,474.355,473.112,437.107,538.944,805.960
728.367,400.454,48.643,599.146,723.838,492.958,502.468
451.471,718.668,604.128,533.052,396.474,527.356,31.250
765.094,362.675,369.884,693.340,238.288,643.187,244.263
875.617,457.740,731.433,544.611,240.996,684.802,219.162
402.873,476.019,333.494,403.136,368.404,302.487,482.272
361.959,551.059,376.842,640.549,703.858,401.295,647.654
89.853,540.022,217.386,671.408,696.342,721.510,525.821
434.997,745.039,557.138,50.293,469.133,609.516,575.833
585.712,462.736,879.570,245.795,759.033,248.602,324.666
616.354,503.986,569.025,471.848,208.217,420.590,712.931
795.850,840.714,741.437,349.115,604.552,533.987,403.129
621.437,379.302,437.751,551.719,238.732,745.380,316.464
411.611,338.411,570.732,346.992,857.004,380.737,363.125
525.438,453.062,631.031,477.362,445.049,296.325,546.811
650.846,789.538,486.314,677.865,31.250,352.411,589.488
810.262,499.446,720.832,477.144,648.811,738.880,503.458
266.256,362.089,697.866,697.616,565.951,282.646,737.559
403.607,728.174,421.495,623.404,666.792,473.820,467.834
253.202,275.310,123.719,193.268,632.693,633.733,459.010
536.767,436.386,255.012,711.941,419.801,371.440,314.205
357.945,831.936,464.782,459.779,182.276,392.568,320.377
778.934,600.744,1068.595,507.335,238.110,512.567,598.993
417.066,528.321,389.420,519.986,625.482,674.965,620.470
241.248,525.827,601.437,346.018,446.154,372.416,560.567
672.348,535.685,711.435,443.579,420.556,412.048,587.077
640.391,374.907,403.287,43.403,412.302,142.087,500.395
337.485,428.825,856.728,457.410,410.344,368.135,439.361
404.586,857.910,757.166,273.947,537.194,553.375,619.644
573.871,511.771,309.683,493.512,434.051,105.276,457.956
750.592,469.488,900.959,300.392,387.343,108.052,1015.381
547.956,733.702,780.959,500.191,669.658,462.519,918.115
333.439,445.123,574.909,259.504,225.757,698.645,382.656
575.685,435.225,173.012,346.113,558.894,421.637,352.140
556.624,521.339,627.398,402.215,323.187,685.956,756.226
548.372,776.060,461.288,557.159,350.592,757.595,412.051
664.722,400.581,375.182,607.168,252.644,573.054,645.445
650.747,400.274,754.508,713.979,682.192,472.645,164.583
486.898,319.609,692.536,286.445,31.250,290.415,484.736
571.749,148.427,814.632,757.632,564.802,502.385,349.146
519.347,458.931,780.942,629.986,368.596,558.487,82.302
221.060,751.043,399.467,505.108,531.412,329.973,851.496
227.714,360.853,392.655,184.968,302.772,524.982,284.848
108.265,448.328,773.402,413.928,717.910,624.040,453.967
405.046,357.836,680.656,431.816,318.637,494.567,424.350
681.256,769.476,275.505,374.385,525.415,579.531,741.850
544.218,1111.057,840.817,905.543,421.989,487.036,389.380
441.456,441.783,604.890,560.672,473.564,416.619,382.350
151.727,768.052,567.560,461.728,397.687,461.689,754.103
622.895,358.622,500.233,441.619,809.859,716.896,470.573
890.058,719.779,271.544,506.048,372.233,463.732,475.218
435.146,612.956,482.592,436.091,590.613,938.156,738.782
264.700,363.720,361.954,305.981,931.538,440.680,847.657
303.438,374.769,351.327,547.385,584.694,338.017,509.020
232.915,469.419,736.421,430.453,327.303,797.359,514.110
226.998,382.166,547.510,405.405,644.668,849.202,322.085
441.384,509.137,654.772,627.217,646.036,593.337,423.874
610.196,618.271,443.853,685.816,628.046,337.611,423.053
261.923,720.417,416.040,381.361,698.524,463.918,767.942
668.862,674.962,655.048,391.308,426.318,480.664,106.839
475.093,426.072,744.407,840.217,669.802,245.247,767.855
649.331,614.163,348.185,420.249,468.352,496.860,352.857
133.653,595.237,557.564,565.979,511.080,400.500,900.913
647.271,334.795,715.424,607.746,457.523,363.633,607.779
517.022,529.192,442.453,568.245,655.723,508.485,913.059
558.475,417.520,281.552,800.276,190.754,246.880,784.722
282.759,631.814,888.457,294.857,341.386,725.529,217.400
449.186,791.373,332.446,426.431,394.092,563.235,699.736
435.968,229.749,649.780,306.416,407.011,603.435,761.728
505.644,504.737,487.307,279.652,493.366,263.601,309.357
675.198,570.229,512.694,556.509,167.994,622.415,646.402
746.926,465.892,485.858,789.351,372.089,326.861,431.983
468.300,551.609,365.357,497.352,498.443,639.228,618.155
773.030,552.494,382.549,646.248,455.321,495.057,736.727
388.907,193.130,326.872,335.863,348.102,650.730,525.937
191.828,633.205,285.971,400.220,317.411,729.404,669.834
942.441,614.739,679.116,146.313,645.805,695.477,113.100
257.690,555.257,517.668,804.582,598.375,362.415,574.393
527.264,484.010,556.399,453.912,481.328,514.913,222.101
173.649,382.673,574.406,857.817,426.279,528.900,705.077
618.210,515.938,522.794,918.327,421.693,375.239,526.420
465.531,246.656,747.106,421.626,466.753,154.373,570.935
162.074,427.154,548.347,486.801,657.636,612.920,228.836
301.924,248.437,618.208,626.262,399.467,322.766,720.684
418.726,751.187,432.567,599.420,747.798,379.613,479.296
795.403,668.153,649.140,536.293,420.406,966.729,796.981
401.675,510.251,567.885,376.197,162.307,462.660,707.406
420.235,310.356,457.606,440.264,793.468,177.544,441.315
398.374,497.119,695.506,354.557,221.535,407.363,425.875
708.192,179.656,333.612,463.191,680.321,302.762,680.020
507.021,563.580,814.780,177.953,277.095,524.146,491.577
721.580,354.013,255.299,344.775,279.424,181.294,445.701
350.089,643.336,657.350,722.214,381.069,395.947,265.172
445.856,97.402,393.059,477.994,463.654,252.898,537.753
321.624,689.362,598.885,553.417,294.326,603.808,409.107
216.004,371.053,581.536,457.614,229.605,754.167,573.489
509.805,675.892,388.016,341.723,277.722,345.250,687.511
437.677,444.563,645.961,445.258,808.042,562.846,576.784
478.931,395.843,445.219,756.525,567.200,933.204,480.041
31.250,370.609,711.428,120.636,459.896,726.009,452.778
593.229,855.992,494.276,762.745,31.250,401.850,784.928
402.560,473.302,510.787,693.910,618.014,509.923,899.186
507.475,270.217,704.118,810.943,438.663,800.991,464.485
1166.284,665.629,578.667,586.788,472.988,532.546,302.212
601.467,54.773,405.020,427.043,286.370,602.087,513.881
457.405,198.045,424.425,510.184,261.840,435.084,977.945
765.661,349.122,743.100,415.476,420.407,575.860,208.850
249.391,70.063,588.800,565.669,567.273,315.228,426.778
676.587,604.512,774.298,548.030,308.137,805.215,397.835
184.556,494.467,632.686,457.330,876.501,890.692,152.752
386.044,438.327,435.285,340.003,248.432,563.194,444.135
208.894,637.193,453.796,514.029,196.304,386.779,708.176
705.292,607.096,797.867,774.946,275.723,370.790,532.774
872.202,511.218,588.447,31.250,764.856,1090.736,528.715
551.338,732.900,846.450,625.793,569.719,490.122,340.942
381.630,660.781,524.922,646.738,247.087,505.264,627.966
685.256,466.031,284.324,614.372,286.136,296.169,290.428
402.582,761.944,318.038,550.674,624.318,472.243,334.683
405.057,782.946,691.836,672.006,640.942,468.638,670.242
369.530,583.143,454.474,511.304,661.462,162.863,303.307
884.355,233.721,386.365,735.688,780.793,468.447,389.789
686.363,577.633,497.307,518.685,498.821,407.051,479.568
610.230,595.679,96.736,443.686,517.341,362.714,622.243
435.175,337.668,516.576,558.522,493.386,724.791,285.122
318.070,565.704,483.329,596.113,373.149,615.203,467.274
415.538,279.411,277.399,487.380,354.402,598.256,549.773
473.769,394.714,616.443,359.744,650.545,529.065,470.670
521.989,500.792,591.265,290.356,606.415,471.996,856.232
180.712,721.802,516.960,541.867,547.164,548.272,624.359
271.385,631.495,553.605,448.018,653.327,301.819,419.819
272.658,588.353,676.884,773.660,518.457,868.595,303.245
388.901,725.683,678.183,491.776,501.606,391.414,506.641
383.662,191.804,434.842,529.817,216.334,407.814,379.060
768.682,475.871,335.028,521.979,890.260,523.485,233.489
535.001,527.529,482.788,267.996,529.295,379.723,641.548
522.792,515.399,611.254,475.709,596.667,179.095,255.654
617.718,390.654,774.018,721.883,553.597,277.601,805.496
484.079,418.497,543.580,575.188,324.135,413.491,642.447
480.976,217.358,721.762,634.164,329.093,487.259,518.928
494.370,31.250,726.914,1056.063,381.920,284.306,551.775
641.301,202.599,347.302,210.522,269.373,565.504,443.246
439.515,620.643,450.911,495.105,423.819,661.940,205.718
643.447,143.493,526.729,345.104,838.776,505.761,636.583
361.211,407.797,720.210,739.043,644.481,417.016,182.083
556.000,682.707,378.868,896.409,568.349,751.452,322.183
982.149,683.089,744.802,468.065,745.892,421.610,370.644
659.231,122.166,751.797,444.358,458.403,345.468,594.324
758.638,482.814,246.386,428.521,428.075,632.542,560.389
356.148,585.833,873.674,450.134,624.230,793.156,555.351
924.183,104.132,423.735,994.007,360.429,538.160,718.776
770.061,278.270,531.766,326.175,831.053,617.920,426.674
345.691,370.551,331.363,435.357,644.775,202.405,587.211
368.867,399.868,406.586,211.520,612.008,491.616,296.682
410.492,654.003,771.859,680.468,168.255,386.601,493.530
288.382,726.288,368.869,306.287,456.308,660.461,538.004
692.723,785.698,605.258,498.351,368.028,462.632,470.125
643.559,645.445,277.722,375.060,433.950,506.286,509.805
406.881,164.583,808.042,472.535,560.114,436.776,437.677
115.489,484.736,567.200,419.712,302.354,255.981,478.931
498.832,349.146,459.896,711.605,876.014,214.936,31.250
598.754,82.302,31.250,181.049,395.831,499.837,593.229
403.846,851.496,618.014,531.148,576.588,453.412,402.560
444.900,284.848,438.663,738.627,1154.576,448.206,507.475
369.426,453.967,472.988,265.010,631.830,295.142,1166.284
587.591,424.350,286.370,519.474,610.392,447.874,601.467
285.146,741.850,261.840,704.136,508.644,428.432,457.405
771.033,389.380,420.407,637.995,543.008,380.921,765.661
606.248,382.350,567.273,592.003,490.577,482.344,249.391
524.161,754.103,308.137,112.508,456.849,888.795,676.587
477.710,470.573,876.501,280.402,384.100,406.419,184.556
814.954,475.218,248.432,700.483,269.435,878.224,386.044
587.404,738.782,196.304,505.525,595.232,303.327,208.894
384.675,847.657,275.723,740.735,316.410,529.602,705.292
526.622,509.020,764.856,679.642,621.650,430.367,872.202
626.956,514.110,569.719,484.139,589.885,568.493,551.338
331.899,322.085,247.087,383.179,678.001,712.520,381.630
661.653,423.874,286.136,281.107,303.223,536.329,685.256
459.389,423.053,624.318,132.247,586.241,514.278,402.582
563.939,767.942,640.942,459.374,516.057,609.083,405.057
528.202,106.839,661.462,644.764,332.130,580.376,369.530
167.128,767.855,780.793,670.917,326.811,497.094,884.355
401.742,352.857,498.821,691.695,557.965,489.042,686.363
622.193,900.913,517.341,596.310,584.833,558.141,610.230
126.695,607.779,493.386,442.242,460.058,618.166,435.175
249.542,913.059,373.149,495.779,427.064,379.051,318.070
596.555,784.722,354.402,867.609,173.945,739.943,415.538
424.168,217.400,650.545,468.362,710.016,377.666,473.769
505.753,699.736,606.415,582.627,463.087,319.541,521.989
227.467,761.728,547.164,836.340,355.356,540.808,180.712
455.529,309.357,653.327,620.719,365.727,270.677,271.385
541.146,646.402,518.457,372.098,408.751,340.318,272.658
506.495,431.983,501.606,834.953,283.380,336.127,388.901
315.319,618.155,216.334,244.610,525.914,71.583,383.662
743.471,736.727,890.260,476.419,503.196,753.814,768.682
310.026,525.937,529.295,593.283,480.862,301.196,535.001
355.588,669.834,596.667,572.066,1051.492,656.112,522.792
810.290,113.100,553.597,700.738,578.823,572.384,617.718
242.477,574.393,324.135,580.382,738.299,545.505,484.079
595.275,222.101,329.093,394.285,654.715,365.784,480.976
472.623,705.077,381.920,422.222,558.755,318.593,494.370
286.578,526.420,269.373,403.009,531.646,444.843,641.301
620.265,570.935,423.819,197.697,488.952,284.510,439.515
734.303,228.836,838.776,497.230,526.816,724.744,643.447
664.903,720.684,644.481,738.377,367.735,153.562,361.211
592.321,479.296,568.349,500.310,328.825,607.578,556.000
469.047,796.981,745.892,488.045,431.214,457.765,982.149
591.760,707.406,458.403,604.914,383.433,201.642,659.231
141.676,441.315,428.075,826.724,208.018,539.654,758.638
523.364,425.875,624.230,281.585,344.682,621.257,356.148
142.231,680.020,360.429,464.227,493.574,538.962,924.183
406.612,491.577,831.053,1044.958,345.803,491.800,770.061
703.627,445.701,644.775,705.832,553.662,390.228,345.691
697.901,265.172,612.008,367.826,605.353,31.250,368.867
542.553,537.753,168.255,607.998,256.992,493.364,410.492
678.138,409.107,456.308,480.922,632.150,568.530,288.382
423.643,573.489,368.028,444.005,640.170,523.103,692.723
472.471,734.088,213.180,258.605,300.939,588.154,532.609
409.408,529.139,473.209,541.819,752.566,533.712,611.202
372.384,254.030,689.386,715.410,509.255,375.897,237.390
371.555,274.590,709.120,311.525,692.214,668.384,253.361
550.309,461.132,298.040,484.668,523.446,423.174,653.820
547.215,772.356,444.150,696.736,726.487,246.733,294.030
840.266,234.936,618.338,647.261,234.678,266.248,658.491
426.273,626.603,414.701,200.976,783.920,626.474,454.823
684.222,803.812,282.892,741.689,673.015,833.870,543.244
546.079,351.024,522.415,674.450,358.002,324.889,597.184
683.301,589.723,473.037,316.007,340.209,353.001,255.906
535.079,626.681,478.930,459.603,653.052,292.676,346.689
406.709,705.687,437.790,538.924,479.037,181.657,600.999
649.879,480.968,733.271,507.125,412.258,459.200,643.121
567.828,180.420,373.585,484.186,307.821,650.273,174.352
160.554,414.957,612.514,334.734,241.610,506.216,773.106
611.514,645.432,633.149,536.669,619.371,567.946,597.756
270.560,669.618,368.805,729.319,765.886,482.163,474.387
478.860,437.396,555.485,432.596,392.280,560.564,378.893
713.308,607.824,357.423,189.607,474.318,689.174,387.163
353.196,640.218,446.516,576.371,736.256,554.821,290.601
534.999,736.988,265.481,244.158,635.122,906.986,691.278
707.179,510.720,455.552,571.714,481.184,297.396,572.390
714.896,248.861,625.114,77.688,854.065,542.740,412.445
576.590,359.032,354.976,378.881,324.209,506.035,621.254
541.586,143.917,561.760,520.059,395.761,440.536,682.472
734.303,354.384,599.214,453.610,422.551,646.370,773.829
620.586,448.084,601.655,31.250,767.613,499.130,365.461
436.488,195.339,393.283,454.104,228.447,660.389,588.487
813.481,534.984,429.788,590.614,387.837,557.172,486.850
674.736,585.040,519.759,637.627,622.628,537.236,220.190
122.716,478.126,479.610,433.471,300.685,685.875,658.550
360.193,347.579,565.938,424.695,302.516,733.697,244.854
635.681,681.349,671.323,318.129,371.534,345.169,508.190
569.829,1050.706,676.712,463.067,603.077,465.829,607.367
444.692,463.248,725.115,451.639,452.329,293.103,364.454
849.097,738.882,487.147,471.692,164.509,503.470,699.505
568.657,416.363,557.819,510.182,658.935,407.458,699.835
231.781,472.954,597.581,688.782,845.894,741.335,593.268
310.232,645.823,564.026,643.728,378.650,526.330,326.996
221.130,341.821,309.701,415.328,723.167,510.447,247.984
673.433,471.626,495.398,189.380,696.767,620.576,783.059
368.464,340.024,659.002,596.472,693.134,744.542,671.375
358.928,386.677,621.658,512.999,274.028,440.880,805.091
384.635,676.413,235.253,778.720,208.811,375.399,541.839
261.515,151.326,834.946,571.942,744.957,342.945,138.799
365.486,460.661,565.283,837.524,771.114,517.847,596.650
206.540,229.860,571.975,505.441,200.500,880.348,332.265
585.990,183.858,427.007,806.852,241.654,527.125,466.627
504.588,681.632,672.430,648.448,398.168,548.153,225.322
638.982,446.565,262.402,502.775,635.885,782.231,525.442
124.390,825.613,209.184,903.061,520.544,545.875,762.237
238.055,625.998,629.304,831.068,812.667,338.068,533.809
624.411,470.664,441.872,406.612,930.040,336.546,216.687
347.677,407.243,75.104,584.252,631.535,275.495,621.523
277.403,447.636,605.790,379.265,658.117,267.568,528.640
556.051,549.690,633.026,348.167,344.998,547.224,586.561
523.921,452.628,400.999,170.813,565.130,357.716,513.413
587.429,628.196,472.315,201.114,714.356,510.889,589.375
780.119,757.090,481.501,704.745,789.442,487.516,317.466
533.487,571.548,596.057,580.575,1036.837,424.093,506.148
553.444,605.779,372.227,672.700,597.152,420.534,534.725
342.380,502.122,534.124,346.989,443.614,605.381,174.418
704.956,345.198,450.469,203.617,322.108,469.034,460.190
494.285,361.670,437.116,493.665,167.922,434.134,389.068
613.587,300.839,412.075,640.946,634.870,501.826,768.874
619.511,536.975,1023.324,564.566,521.987,753.717,519.950
471.276,472.308,727.094,631.629,357.870,434.416,548.575
435.993,412.409,356.437,733.074,288.459,911.764,549.467
618.546,526.074,386.713,304.340,260.633,966.436,308.460
418.906,199.574,262.371,674.440,605.438,415.991,284.382
700.983,400.409,436.912,227.639,442.875,692.246,897.212
551.583,587.756,363.366,509.091,579.253,159.151,429.811
103.632,299.383,606.835,601.269,539.690,436.539,805.485
413.687,420.528,228.143,47.532,218.971,651.159,331.190
380.852,537.138,623.102,331.492,731.546,489.275,502.340
838.946,474.437,216.572,571.918,616.991,424.036,630.367
72.927,673.434,371.100,574.593,672.834,490.048,621.562
389.760,383.308,583.899,532.058,719.767,707.518,570.552
577.862,483.124,709.193,491.527,715.516,858.769,535.346
544.241,239.711,195.061,377.258,711.149,1165.432,444.891
641.104,549.777,462.097,199.522,624.029,548.522,433.640
894.884,297.874,111.996,507.209,598.888,479.377,203.197
485.072,575.738,411.584,511.895,264.234,869.778,517.653
614.675,506.714,743.545,512.636,593.445,558.124,703.444
684.330,348.434,752.353,485.184,92.946,562.208,419.520
659.819,712.741,756.040,487.677,37.430,134.734,539.864
335.206,499.988,709.494,223.854,368.966,417.310,678.158
398.018,592.526,522.726,828.221,617.064,116.014,658.301
637.658,388.868,330.036,573.907,356.165,605.542,745.458
562.801,442.136,682.884,475.267,373.673,594.083,550.567
333.749,645.107,480.856,297.469,616.248,586.872,364.815
723.830,585.136,580.128,587.069,143.966,347.143,447.740
414.469,410.195,446.725,685.518,31.250,533.906,726.859
474.453,636.347,180.003,540.061,746.764,463.527,674.967
509.042,432.248,643.776,368.537,722.565,532.075,766.363
471.288,735.223,627.429,762.480,120.301,601.878,458.880
205.896,457.055,422.273,218.778,864.342,268.157,107.137
486.249,466.392,726.151,828.621,744.017,503.869,745.574
308.678,151.310,264.588,240.603,428.934,693.997,435.418
339.770,595.549,346.594,729.343,630.362,915.024,722.610
400.870,628.327,599.974,253.994,629.895,767.734,394.334
433.923,515.569,699.713,503.932,447.912,627.775,329.506
326.832,379.219,370.027,510.101,281.706,493.743,174.168
536.009,814.729,512.210,536.762,422.818,569.032,848.802
224.899,518.083,560.044,456.073,510.218,291.458,857.403
438.422,394.536,630.015,338.519,263.841,497.939,313.792
353.451,255.266,31.250,393.644,568.989,358.544,513.723
531.490,627.300,319.584,837.486,345.225,475.994,629.836
454.260,398.780,718.146,504.216,703.802,675.914,828.702
193.548,535.463,456.437,300.662,404.259,490.865,279.760
399.405,878.434,224.879,594.521,588.798,304.937,557.497
705.185,330.741,529.672,422.929,430.497,604.944,413.524
343.813,274.790,809.782,783.784,734.212,644.086,636.424
793.598,397.199,268.260,564.314,352.559,385.840,778.630
496.008,411.919,588.966,643.450,91.297,564.826,393.235
340.268,735.800,571.837,864.647,556.366,157.812,750.766
468.641,516.926,259.221,407.898,327.616,365.719,444.224
31.250,565.210,500.036,676.860,375.439,282.715,472.732
276.119,477.685,333.993,417.390,125.679,405.657,635.405
377.103,160.076,584.075,241.495,128.253,232.757,575.475
544.587,287.014,513.161,791.275,987.950,925.433,485.266
617.695,148.556,495.104,377.841,596.726,488.663,541.645
332.994,382.943,341.900,490.992,748.920,631.510,546.421
441.771,330.675,692.553,401.538,380.181,502.728,276.101
493.840,565.715,483.645,367.565,475.110,416.670,448.718
258.854,104.537,278.361,442.659,438.764,681.704,393.516
31.250,715.582,481.791,846.731,482.946,699.294,353.589
258.894,618.587,629.328,607.601,673.597,226.721,390.936
571.943,717.228,534.549,631.153,292.460,787.261,679.310
534.756,458.779,508.740,713.769,439.576,830.096,483.223
527.332,342.083,293.004,445.286,370.786,479.931,649.908
437.523,607.582,539.743,453.199,672.709,452.907,709.389
448.856,459.372,640.971,342.892,529.465,148.813,285.064
808.916,1081.339,919.328,381.672,478.038,288.641,612.120
166.701,624.574,666.443,385.246,547.262,611.521,568.623
234.297,270.556,446.293,801.994,619.268,687.308,856.356
559.562,760.357,428.158,817.680,375.047,504.401,725.942
403.974,378.149,31.250,468.780,31.250,373.577,616.820
462.789,208.057,538.006,382.171,250.637,642.436,458.986
240.888,507.354,724.917,385.776,856.851,436.585,425.679
445.293,407.214,368.457,607.323,605.995,581.081,393.582
547.570,718.296,365.980,172.010,564.691,537.517,231.784
468.321,671.231,203.188,588.602,673.401,455.398,180.950
572.470,574.135,437.107,519.685,486.195,331.896,796.794
299.513,832.891,723.838,430.227,585.842,345.541,446.158
829.997,410.529,396.474,632.888,542.489,878.966,532.439
693.999,954.665,238.288,503.402,407.165,706.103,397.466
726.572,365.271,240.996,514.387,468.267,473.937,541.534
582.245,397.462,368.404,533.174,468.617,345.037,623.582
736.090,921.562,703.858,496.888,375.242,405.222,437.176
400.497,532.335,696.342,353.088,475.950,715.290,672.476
510.168,690.367,469.133,467.406,547.727,383.911,220.164
632.977,541.900,759.033,1066.724,423.923,570.497,567.745
886.155,348.421,208.217,274.924,422.920,639.035,592.974
535.618,536.741,604.552,531.649,665.414,440.639,360.035
492.717,568.998,238.732,683.577,471.294,456.415,591.312
606.503,444.609,857.004,245.867,614.051,393.184,405.686
877.383,796.673,445.049,373.550,312.284,462.230,405.579
535.654,428.689,31.250,369.727,419.950,466.832,562.876
257.332,418.747,648.811,525.686,525.090,163.760,502.889
31.250,618.255,565.951,369.008,651.340,479.059,547.469
653.513,347.559,666.792,215.659,235.793,418.301,377.566
550.259,269.245,632.693,560.543,469.763,537.667,441.215
313.894,797.056,419.801,597.175,538.621,759.389,540.834
485.847,166.580,182.276,330.383,371.636,442.434,788.733
530.776,567.616,238.110,332.307,630.015,620.905,543.548
307.386,449.043,625.482,279.798,149.129,801.227,449.109
351.314,853.512,446.154,337.734,650.566,592.439,446.735
790.416,579.864,420.556,310.292,815.060,175.047,312.126
303.306,1056.940,412.302,421.496,695.024,516.678,73.090
558.876,437.514,410.344,399.380,392.495,712.954,640.727
650.178,272.365,537.194,719.645,430.686,541.730,438.834
252.635,689.622,434.051,451.599,346.996,544.289,463.783
604.504,610.545,387.343,811.502,573.905,652.308,500.653
279.502,537.027,669.658,605.919,764.577,683.530,166.217
601.093,624.985,225.757,594.549,400.632,175.436,544.407
677.607,590.693,558.894,688.683,583.605,624.093,273.915
584.103,126.748,323.187,356.681,585.486,360.732,399.396
631.493,839.359,350.592,649.011,334.161,619.421,428.969
305.398,412.456,283.833,757.163,363.996,409.960,309.125
496.664,464.706,536.003,458.783,554.837,485.061,651.618
484.727,313.634,798.096,456.122,584.618,831.935,547.117
547.656,246.007,547.700,473.845,530.027,572.070,388.479
454.296,322.722,97.792,518.374,582.774,31.250,586.910
318.750,427.090,570.277,383.604,345.794,699.263,533.993
570.584,333.655,528.593,589.405,342.206,408.229,321.525
497.339,157.337,367.293,885.596,252.829,625.792,471.362
240.384,431.501,289.667,284.961,640.444,632.729,529.606
398.452,716.069,278.471,449.644,513.962,443.110,381.078
309.970,724.624,129.617,663.503,258.534,867.019,252.924
471.622,520.783,433.960,439.722,416.516,425.513,688.996
425.892,216.886,711.867,247.324,541.130,319.856,647.142
718.372,562.540,601.908,314.708,133.035,402.915,428.830
269.101,362.765,522.896,455.799,548.444,602.289,888.022
662.337,100.128,542.200,616.726,584.424,709.906,584.340
648.110,748.719,221.865,493.817,418.080,338.814,103.264
646.552,292.624,163.247,627.659,544.631,388.331,387.108
494.778,442.272,605.166,711.594,443.145,772.478,382.656
301.169,693.410,411.116,552.257,648.741,616.421,354.767
413.835,366.407,655.449,444.640,467.056,333.255,292.125
386.997,691.737,334.000,314.756,424.284,524.691,766.714
478.975,580.775,503.882,835.977,607.481,554.023,544.485
331.836,356.381,626.661,451.647,451.141,675.785,631.420
543.765,287.034,553.095,797.199,454.472,575.728,232.173
758.171,571.746,223.045,457.185,366.094,360.970,585.030
640.075,848.338,105.553,438.733,740.225,440.530,796.508
577.927,618.964,330.963,583.231,653.571,364.306,814.941
393.251,291.848,728.550,389.410,411.143,654.784,380.412
689.043,618.123,230.417,739.686,601.513,665.794,538.243
427.206,645.398,702.582,416.400,462.816,291.637,439.814
762.024,339.959,500.973,275.095,163.425,700.497,354.268
374.210,462.367,659.376,417.367,195.151,438.015,487.761
586.123,292.747,400.140,539.346,378.224,430.491,520.551
715.257,378.143,673.246,407.566,472.423,632.871,301.205
160.515,585.161,376.985,539.263,430.224,515.490,352.162
272.356,748.656,664.082,241.072,595.466,256.355,592.507
724.485,691.302,285.384,332.165,767.643,722.339,593.695
153.375,729.020,269.110,695.448,578.541,430.200,747.578
539.808,565.940,612.082,225.115,677.259,503.674,443.883
435.681,745.988,256.483,510.804,658.355,826.301,494.852
572.680,483.166,638.155,489.450,851.533,545.611,489.304
518.639,504.035,482.037,303.039,701.573,471.519,305.841
562.464,548.941,587.015,431.148,583.401,562.384,401.352
222.606,219.941,299.069,577.014,410.397,510.990,597.298
850.216,437.708,477.261,706.114,448.797,692.645,551.307
538.660,288.486,517.571,841.644,423.477,574.581,934.358
387.403,499.922,835.942,478.049,203.293,710.563,445.192
222.659,559.335,401.615,163.755,571.242,712.432,723.334
460.201,369.894,703.923,382.644,598.521,532.541,756.351
816.087,756.898,462.344,497.922,516.636,901.392,777.385
69.307,391.395,612.161,539.509,553.329,317.765,779.909
522.269,889.668,916.172,292.163,542.724,606.744,600.255
905.931,278.556,527.746,240.197,723.246,741.484,791.400
122.377,633.273,570.715,355.125,592.540,361.834,477.465
512.710,559.058,519.432,607.556,404.495,303.326,199.844
320.789,863.879,417.891,745.156,431.383,722.621,921.601
589.711,544.772,430.632,651.192,393.428,401.331,693.914
368.047,312.992,427.955,298.312,676.252,741.838,300.461
587.736,740.731,79.846,644.519,323.691,676.512,424.099
259.880,389.180,567.845,325.671,566.598,628.143,213.180
505.984,210.749,402.001,660.147,667.552,459.750,473.209
563.477,881.249,579.749,250.936,527.202,681.581,689.386
257.405,504.269,424.400,510.162,148.456,723.825,709.120
498.983,169.615,521.734,416.093,609.096,31.250,298.040
202.635,461.286,563.246,516.787,359.482,656.491,444.150
534.445,577.147,294.495,468.484,690.238,251.228,618.338
499.814,644.075,486.396,344.603,449.102,675.114,414.701
1055.219,574.895,150.837,547.407,189.440,578.865,282.892
154.465,899.632,769.415,215.761,295.989,390.098,522.415
872.732,379.941,276.239,165.324,497.375,398.007,473.037
586.919,257.736,130.009,342.778,432.290,100.227,478.930
677.059,423.927,466.837,403.326,540.538,332.825,437.790
369.104,194.476,441.509,578.482,457.280,135.322,733.271
221.171,347.681,338.079,570.344,582.181,333.943,373.585
772.257,903.539,501.378,463.314,497.815,758.772,612.514
478.745,221.261,719.958,743.154,561.952,380.965,633.149
768.076,620.650,469.012,650.110,428.012,233.832,368.805
646.816,260.338,642.511,488.225,488.595,361.660,555.485
178.058,471.009,588.267,852.406,232.478,575.997,357.423
392.987,386.711,422.729,649.359,458.005,509.569,446.516
532.103,31.250,386.862,345.739,554.796,214.584,265.481
696.767,377.706,211.740,528.085,309.403,350.620,455.552
31.250,625.144,377.399,753.919,771.379,321.615,625.114
183.312,369.914,363.008,322.904,501.864,350.583,354.976
599.886,769.679,497.791,452.286,225.685,457.046,561.760
605.582,418.089,549.340,561.492,251.514,243.073,599.214
884.728,526.371,304.742,529.101,444.813,299.883,601.655
493.242,516.764,340.815,800.121,649.686,371.704,393.283
482.438,193.550,148.682,812.357,301.703,256.608,429.788
383.099,370.515,331.301,604.968,512.253,701.066,519.759
413.744,281.045,308.625,686.695,232.334,123.139,479.610
585.025,493.969,781.698,584.879,654.697,439.585,565.938
626.807,937.082,280.540,527.057,418.219,730.284,671.323
642.983,566.086,52.653,597.626,535.727,143.776,676.712
346.567,518.359,830.296,437.379,661.120,313.705,725.115
557.489,525.764,761.071,595.426,286.641,456.152,487.147
640.300,687.191,676.169,577.074,213.097,653.690,557.819
492.829,317.422,630.893,509.956,91.857,855.618,597.581
627.118,574.308,390.195,83.468,116.751,629.188,564.026
709.589,734.724,532.958,359.894,1049.880,808.189,309.701
734.143,256.912,589.689,508.180,566.795,740.952,495.398
282.696,814.579,166.574,435.076,696.320,761.853,659.002
522.729,445.571,901.301,523.728,396.267,706.003,621.658
329.030,504.305,728.119,438.621,417.517,831.058,235.253
368.062,339.104,313.619,276.595,390.127,655.151,834.946
478.756,544.997,657.054,717.002,607.491,495.751,565.283
551.439,256.033,294.686,267.664,278.822,538.833,571.975
681.560,506.944,167.224,543.213,477.963,312.435,427.007
370.989,422.977,916.194,508.975,563.472,406.829,672.430
802.223,705.998,778.460,548.890,520.160,466.578,262.402
279.522,31.250,732.728,907.146,367.507,488.928,209.184
706.714,693.298,673.624,532.660,270.436,464.019,629.304
468.362,431.392,623.767,698.828,171.974,361.490,441.872
574.424,31.250,278.680,409.494,367.427,823.366,75.104
434.216,342.983,322.378,245.127,601.230,403.270,605.790
676.800,216.359,178.160,555.578,431.642,328.587,633.026
581.254,197.836,570.921,653.000,427.013,257.567,400.999
536.933,643.994,457.655,270.915,429.090,330.256,472.315
333.880,475.397,622.994,386.475,508.937,707.356,481.501
577.801,396.984,573.158,433.950,654.608,396.935,343.895
448.626,558.320,268.886,560.114,505.572,729.442,646.019
601.829,401.740,375.196,302.354,308.940,390.738,73.744
200.204,503.580,373.320,876.014,462.079,833.603,305.191
384.745,396.641,333.807,395.831,339.906,876.231,31.250
503.814,844.229,453.250,576.588,712.985,688.846,261.433
628.117,648.674,488.913,1154.576,404.369,684.196,765.327
586.838,385.070,496.693,631.830,551.174,736.833,620.122
546.006,767.951,208.321,610.392,780.059,345.555,177.660
231.624,487.641,900.618,508.644,395.582,434.852,883.628
332.174,474.031,258.301,543.008,737.393,440.622,483.329
311.629,672.050,282.318,490.577,446.299,974.429,673.902
440.422,768.995,543.767,456.849,707.138,575.725,453.567
432.799,440.950,923.893,384.100,566.664,362.621,605.006
440.845,332.921,329.700,269.435,619.578,806.718,412.719
462.422,751.487,561.770,595.232,666.478,330.681,466.738
265.667,635.590,368.649,316.410,259.418,501.021,502.180
726.371,264.549,371.466,621.650,651.128,637.992,628.709
542.195,237.450,144.613,589.885,408.318,323.618,405.284
321.189,665.192,536.113,678.001,633.137,540.484,590.287
472.930,335.488,755.025,303.223,414.438,402.515,442.590
405.451,305.797,518.405,586.241,632.071,561.097,626.440
636.282,257.614,410.106,516.057,437.271,903.422,609.074
210.824,391.542,773.686,332.130,460.167,352.369,237.465
375.656,699.447,877.100,326.811,289.594,497.011,494.524
479.692,686.603,821.950,557.965,548.994,98.038,368.289
368.372,557.482,227.215,584.833,427.656,516.319,413.492
609.973,626.575,180.728,460.058,424.043,208.140,746.044
383.205,532.541,581.785,427.064,509.952,467.050,261.126
739.066,819.426,627.806,173.945,635.542,384.824,467.048
375.895,942.940,252.599,710.016,591.274,458.775,275.996
372.768,623.447,723.102,463.087,679.977,557.930,407.208
620.347,590.309,846.600,355.356,519.151,649.031,601.511
341.756,301.969,768.227,365.727,480.242,273.498,771.844
710.806,527.157,669.142,408.751,518.792,550.535,418.693
649.617,634.206,742.387,283.380,625.653,656.947,657.730
709.138,227.716,417.492,525.914,321.748,450.407,863.697
655.589,801.571,534.374,503.196,696.457,629.867,745.769
129.064,225.808,754.993,480.862,184.459,651.707,229.598
438.838,865.141,494.390,1051.492,425.999,776.103,448.244
506.259,565.845,467.296,578.823,360.967,732.451,439.561
475.328,271.458,504.175,738.299,480.550,684.036,793.698
783.484,473.536,694.416,654.715,646.384,714.885,432.137
637.908,414.335,564.663,558.755,412.809,495.334,618.753
799.903,268.870,197.917,531.646,627.268,448.952,430.454
831.221,715.616,467.612,488.952,174.884,529.517,273.551
550.303,592.184,516.255,526.816,477.147,542.102,64.240
783.925,540.213,181.362,367.735,128.634,268.852,94.480
551.790,418.750,493.720,328.825,321.856,509.984,498.372
329.435,299.281,289.466,431.214,357.303,518.617,409.711
135.191,585.987,664.825,383.433,616.713,530.503,710.521
371.386,425.436,717.562,208.018,151.586,433.211,815.192
811.308,612.110,483.051,344.682,353.316,469.808,590.908
475.575,251.366,31.250,493.574,560.368,474.848,747.445
565.181,682.607,792.674,345.803,535.844,574.309,581.298
349.761,587.779,833.051,553.662,285.058,361.814,579.677
619.389,752.811,429.401,605.353,636.013,327.219,527.116
510.222,616.099,486.045,256.992,328.292,734.085,570.195
535.914,265.083,590.830,632.150,600.288,761.838,697.269
392.853,926.172,715.481,640.170,398.915,437.558,579.218
280.013,95.333,537.532,589.540,629.384,552.996,265.310
398.433,230.828,649.324,340.479,676.688,384.999,854.134
514.755,436.085,775.762,460.588,383.798,681.835,662.616
358.329,338.058,576.501,300.738,336.322,351.174,1219.393
484.648,277.384,469.751,292.555,299.906,487.841,557.683
1000.656,694.903,921.745,708.879,811.808,819.022,588.986
342.586,387.752,788.451,777.815,636.833,542.150,608.636
766.801,197.141,921.337,283.065,452.519,383.782,364.212
393.989,503.451,651.331,351.613,211.215,372.844,617.241
505.658,419.994,129.286,623.664,423.561,391.646,562.651
753.620,365.816,585.730,357.048,679.152,421.254,465.350
283.132,167.928,545.836,453.410,789.615,262.683,569.401
816.250,803.375,433.052,612.303,501.954,520.413,688.011
273.799,602.442,548.477,634.993,567.126,618.687,609.934
442.001,357.820,476.452,576.131,552.722,302.285,645.895
367.719,727.087,540.459,540.200,568.998,1044.815,403.769
152.369,838.060,319.530,240.650,411.071,526.779,670.062
463.476,335.650,178.364,502.327,272.661,608.276,382.290
449.368,625.743,491.284,408.331,421.827,232.350,377.587
644.863,638.150,167.030,365.660,484.017,597.867,103.793
113.395,667.968,753.485,554.309,374.397,831.932,694.813
468.225,302.727,316.760,64.529,701.713,970.000,666.378
394.537,496.471,518.361,726.759,625.360,953.651,321.235
407.723,111.492,396.131,359.870,577.025,807.501,768.994
431.351,202.085,812.688,732.231,594.391,107.501,422.306
629.648,423.535,427.703,595.202,394.182,591.427,613.708
380.936,726.963,39.175,610.007,588.485,536.814,313.519
513.641,205.909,641.461,86.224,553.234,275.813,637.369
440.324,515.310,728.498,285.447,493.975,836.894,322.383
572.401,465.768,651.800,542.224,244.808,525.260,560.532
380.926,527.281,612.632,682.468,687.505,347.191,576.501
432.514,202.752,474.240,463.476,566.150,308.579,418.208
433.949,485.653,769.228,510.269,811.082,797.419,128.383
377.483,324.333,662.869,478.162,645.541,501.094,943.545
470.153,335.942,474.162,672.030,545.690,355.016,645.906
371.979,305.931,743.355,450.279,651.661,341.862,416.068
494.202,727.440,362.723,811.239,332.568,629.998,727.385
361.599,305.404,341.026,170.224,551.888,311.108,510.830
526.257,344.576,307.306,246.830,601.320,402.210,672.231
247.442,744.186,818.066,469.226,448.351,663.651,336.444
64.229,864.774,687.709,595.692,613.675,622.228,372.144
507.032,776.485,795.716,749.529,362.365,485.877,385.236
341.450,629.310,422.311,480.779,445.556,631.531,639.763
355.659,501.938,331.262,354.710,518.770,696.338,713.389
475.802,819.328,511.943,508.095,385.034,917.505,572.532
667.568,349.694,434.446,435.272,682.245,700.795,493.984
905.086,515.035,600.883,397.847,417.728,430.799,185.031
210.558,323.405,475.458,303.028,366.159,591.742,489.792
164.603,603.069,353.849,272.297,648.270,406.538,346.435
677.448,554.872,604.360,417.921,403.491,322.666,326.047
475.323,475.597,353.846,797.345,622.249,470.566,559.477
392.073,401.886,426.297,578.111,603.405,448.991,335.179
504.626,121.324,723.545,170.428,31.250,597.432,581.705
468.717,443.193,579.899,763.583,720.440,505.836,327.329
639.522,463.199,540.385,454.905,501.693,696.306,758.300
448.076,242.095,275.618,781.909,329.686,254.724,295.714
291.392,723.613,490.710,512.903,326.195,926.647,727.350
470.320,467.320,647.192,821.278,710.464,277.276,375.615
383.356,391.864,302.696,608.169,604.000,110.625,541.671
580.822,623.618,513.579,473.779,522.266,435.153,500.449
705.059,356.932,575.475,647.825,571.548,128.253,363.996
454.556,213.039,485.266,672.559,605.779,987.950,554.837
773.765,561.600,541.645,148.178,502.122,596.726,584.618
365.455,711.575,546.421,716.518,345.198,748.920,530.027
732.958,624.831,276.101,551.095,361.670,380.181,582.774
465.327,191.419,448.718,387.491,300.839,475.110,345.794
263.033,279.455,393.516,708.057,536.975,438.764,342.206
424.163,363.554,353.589,715.720,472.308,482.946,252.829
463.783,374.693,390.936,524.920,412.409,673.597,640.444
411.311,603.512,679.310,819.232,526.074,292.460,513.962
730.565,506.452,483.223,487.432,199.574,439.576,258.534
182.380,825.506,649.908,411.034,400.409,370.786,416.516
856.378,715.860,709.389,535.997,587.756,672.709,541.130
289.297,237.108,285.064,223.348,299.383,529.465,133.035
183.324,413.890,612.120,749.551,420.528,478.038,548.444
409.463,572.962,568.623,249.642,537.138,547.262,584.424
434.046,566.656,856.356,689.786,474.437,619.268,418.080
673.792,259.834,725.942,589.331,673.434,375.047,544.631
467.011,340.398,616.820,529.106,383.308,31.250,443.145
270.254,310.061,458.986,583.409,483.124,250.637,648.741
540.181,387.646,425.679,439.558,239.711,856.851,467.056
720.209,460.492,393.582,373.833,549.777,605.995,424.284
744.933,573.831,231.784,389.312,297.874,564.691,607.481
445.076,1003.283,180.950,506.989,575.738,673.401,451.141
638.688,109.449,796.794,379.676,506.714,486.195,454.472
159.143,424.974,446.158,543.638,348.434,585.842,366.094
419.479,762.704,532.439,331.356,712.741,542.489,740.225
31.250,473.593,397.466,694.986,499.988,407.165,653.571
464.335,661.783,541.534,634.392,592.526,468.267,411.143
520.645,460.177,623.582,316.704,388.868,468.617,601.513
255.783,506.358,437.176,626.188,442.136,375.242,462.816
704.276,907.826,672.476,353.124,645.107,475.950,163.425
576.195,424.374,220.164,810.383,585.136,547.727,195.151
512.349,562.780,567.745,402.372,410.195,423.923,378.224
391.318,203.362,592.974,305.814,636.347,422.920,472.423
578.659,731.777,360.035,306.662,432.248,665.414,430.224
202.147,431.479,591.312,299.912,735.223,471.294,595.466
649.130,414.690,405.686,502.711,457.055,614.051,767.643
788.930,452.350,405.579,424.634,466.392,312.284,578.541
490.550,223.805,562.876,858.483,151.310,419.950,677.259
623.669,571.991,502.889,681.765,595.549,525.090,658.355
658.218,350.452,547.469,311.846,628.327,651.340,851.533
455.372,594.338,377.566,356.544,515.569,235.793,701.573
412.639,200.170,441.215,651.504,379.219,469.763,583.401
638.088,693.363,540.834,435.401,814.729,538.621,410.397
168.192,481.205,788.733,371.907,518.083,371.636,448.797
473.197,583.321,543.548,340.303,394.536,630.015,423.477
512.024,987.956,449.109,129.093,255.266,149.129,203.293
335.481,545.204,446.735,887.790,627.300,650.566,571.242
346.727,250.628,312.126,164.141,398.780,815.060,598.521
440.490,377.015,73.090,115.399,535.463,695.024,516.636
466.244,237.234,640.727,552.588,878.434,392.495,553.329
572.763,256.681,438.834,446.998,330.741,430.686,542.724
656.296,456.135,463.783,504.697,274.790,346.996,723.246
562.528,418.955,500.653,353.131,397.199,573.905,592.540
607.832,519.621,166.217,917.292,411.919,764.577,404.495
529.394,505.765,544.407,168.583,735.800,400.632,431.383
602.211,512.756,273.915,408.507,516.926,583.605,393.428
448.063,381.597,399.396,796.751,565.210,585.486,676.252
785.675,320.123,428.969,680.234,477.685,334.161,323.691
433.875,775.066,494.764,400.581,168.951,389.003,413.344
339.119,383.293,393.169,400.274,458.381,396.952,386.256
214.817,601.799,561.445,319.609,356.383,781.078,679.823
558.932,649.485,378.859,148.427,409.800,509.456,247.773
210.758,377.654,453.994,458.931,417.819,639.837,355.682
452.009,427.745,419.092,751.043,664.191,319.826,496.371
498.645,723.042,588.135,360.853,302.368,474.573,259.515
733.240,723.342,424.870,448.328,413.331,740.798,535.232
446.976,358.146,380.981,357.836,562.209,626.147,340.052
576.065,429.560,634.012,769.476,277.684,531.926,579.059
212.820,794.976,607.763,1111.057,614.196,429.276,803.176
99.541,410.770,539.099,441.783,691.750,646.536,245.269
91.853,638.179,473.195,768.052,562.735,512.504,593.188
366.405,620.258,722.094,358.622,186.673,357.485,518.424
362.721,380.269,594.643,719.779,477.929,290.572,647.768
502.563,84.168,357.933,612.956,326.941,543.077,762.060
714.260,612.380,398.819,363.720,385.717,99.987,507.545
356.068,396.093,598.036,374.769,407.509,376.042,313.079
652.760,446.156,539.186,469.419,536.550,550.573,697.998
415.447,745.203,546.328,382.166,444.543,652.852,388.176
533.840,661.356,334.773,509.137,519.939,383.107,426.008
646.923,351.289,546.469,618.271,503.718,441.287,311.948
551.598,280.824,603.268,720.417,515.196,408.546,608.953
329.019,599.645,637.051,674.962,619.592,575.113,327.917
474.186,581.865,214.178,426.072,696.695,569.927,498.445
449.633,425.300,418.835,614.163,405.080,473.847,729.040
640.129,660.129,556.452,595.237,711.080,356.594,292.603
293.824,601.377,392.665,334.795,652.878,831.334,225.746
213.595,377.155,347.979,529.192,744.118,200.403,415.205
459.097,183.730,359.769,417.520,586.264,510.193,457.019
629.857,551.502,563.846,631.814,473.296,437.200,724.509
494.022,512.983,545.062,791.373,749.088,617.076,447.987
467.730,604.452,394.981,229.749,315.817,544.900,217.144
508.517,376.930,729.534,504.737,534.787,668.790,361.685
588.975,358.414,407.914,570.229,150.941,340.681,479.485
443.871,219.074,679.011,465.892,378.918,394.328,349.814
412.905,290.975,571.989,551.609,520.480,31.250,467.563
596.790,340.678,639.171,552.494,282.458,201.827,545.037
636.755,287.111,595.449,193.130,550.319,597.022,507.452
459.564,590.889,148.142,633.205,803.323,518.782,145.378
31.250,524.499,578.086,614.739,76.028,647.510,542.725
394.868,511.916,564.221,555.257,393.727,195.945,870.285
433.620,606.480,425.149,484.010,378.562,467.300,457.524
326.210,534.141,550.737,382.673,385.340,535.905,255.214
743.203,110.195,499.404,515.938,423.703,887.602,530.232
487.082,372.115,156.182,246.656,210.340,494.147,782.147
387.611,558.906,568.198,427.154,716.537,625.853,795.118
290.677,541.100,522.181,248.437,533.469,474.719,550.375
627.299,434.759,746.066,751.187,451.931,874.852,558.750
692.848,304.068,440.298,668.153,841.402,585.702,489.099
463.591,52.540,510.884,510.251,661.721,505.850,241.344
197.343,920.966,157.593,310.356,351.620,695.904,206.247
807.908,711.973,792.182,497.119,709.385,734.434,807.701
914.456,431.094,812.916,179.656,249.677,660.460,590.917
447.252,598.706,392.699,563.580,519.655,503.194,709.812
877.822,467.834,600.282,354.013,559.268,448.141,566.986
355.227,557.925,472.422,643.336,591.453,527.188,460.747
563.242,501.820,283.450,97.402,664.040,270.933,444.004
703.992,378.467,783.778,689.362,646.208,819.981,719.294
185.221,459.522,543.250,371.053,668.216,597.648,428.856
589.857,329.814,532.609,494.764,803.012,580.575,258.605
476.158,581.057,611.202,393.169,304.442,672.700,541.819
353.064,636.463,237.390,561.445,597.154,346.989,715.410
287.884,946.804,253.361,378.859,730.839,203.617,311.525
719.883,546.314,653.820,453.994,603.981,493.665,484.668
447.334,632.208,294.030,419.092,520.510,640.946,696.736
463.747,672.764,658.491,588.135,154.984,564.566,647.261
468.616,329.584,454.823,424.870,194.178,631.629,200.976
300.778,383.037,543.244,380.981,465.332,733.074,741.689
826.459,323.496,597.184,634.012,688.202,304.340,674.450
564.941,313.172,255.906,607.763,688.811,674.440,316.007
516.458,537.464,346.689,539.099,644.185,227.639,459.603
386.805,504.742,600.999,473.195,819.471,509.091,538.924
31.250,646.558,643.121,722.094,619.273,601.269,507.125
459.470,560.215,174.352,594.643,618.931,47.532,484.186
634.597,672.200,773.106,357.933,584.804,331.492,334.734
485.879,674.772,597.756,398.819,204.512,571.918,536.669
646.157,674.482,474.387,598.036,629.984,574.593,729.319
756.299,612.529,378.893,539.186,646.393,532.058,432.596
837.395,498.002,387.163,546.328,442.421,491.527,189.607
620.347,680.279,290.601,334.773,824.155,377.258,576.371
338.822,467.141,691.278,546.469,280.434,199.522,244.158
949.932,820.216,572.390,603.268,488.203,507.209,571.714
561.974,693.913,412.445,637.051,456.150,511.895,77.688
530.503,772.103,621.254,214.178,588.399,512.636,378.881
226.586,592.066,682.472,418.835,401.163,485.184,520.059
346.387,427.943,773.829,556.452,703.422,487.677,453.610
266.362,440.350,365.461,392.665,719.845,223.854,31.250
166.160,376.621,588.487,347.979,336.063,828.221,454.104
448.306,687.484,486.850,359.769,599.215,573.907,590.614
334.884,697.330,220.190,563.846,578.942,475.267,637.627
532.949,739.612,658.550,545.062,280.641,297.469,433.471
466.111,487.007,244.854,394.981,701.876,587.069,424.695
618.566,259.480,508.190,729.534,277.060,685.518,318.129
597.400,556.449,607.367,407.914,559.140,540.061,463.067
211.613,350.442,364.454,679.011,392.251,368.537,451.639
136.809,559.327,699.505,571.989,236.141,762.480,471.692
477.573,312.144,699.835,639.171,499.690,218.778,510.182
592.441,409.471,593.268,595.449,633.328,828.621,688.782
790.123,720.573,326.996,148.142,602.794,240.603,643.728
526.737,658.608,247.984,578.086,620.615,729.343,415.328
374.271,352.286,783.059,564.221,540.490,253.994,189.380
487.251,523.240,671.375,425.149,327.464,503.932,596.472
450.914,486.891,805.091,550.737,711.007,510.101,512.999
696.968,736.100,541.839,499.404,443.824,536.762,778.720
534.073,720.767,138.799,156.182,396.408,456.073,571.942
540.439,459.837,596.650,568.198,147.332,338.519,837.524
555.517,490.857,332.265,522.181,299.733,393.644,505.441
522.252,452.692,466.627,746.066,627.913,837.486,806.852
433.239,301.964,225.322,440.298,401.422,504.216,648.448
842.735,511.489,525.442,510.884,332.482,300.662,502.775
366.964,248.447,762.237,157.593,508.431,594.521,903.061
609.743,634.360,533.809,792.182,613.243,422.929,831.068
163.330,384.971,216.687,812.916,215.198,783.784,406.612
404.421,433.170,621.523,392.699,361.175,564.314,584.252
784.406,509.355,528.640,600.282,537.652,643.450,379.265
181.063,497.200,586.561,472.422,274.452,864.647,348.167
270.534,418.844,513.413,283.450,183.801,407.898,170.813
450.036,434.503,589.375,783.778,641.647,676.860,201.114
553.021,718.412,317.466,543.250,463.953,417.390,704.745
490.558,730.163,378.655,31.250,343.895,375.182,510.385
754.461,307.022,520.439,431.723,646.019,754.508,494.926
495.289,480.399,799.808,359.926,73.744,692.536,372.277
808.445,584.901,528.449,349.790,305.191,814.632,548.782
498.411,482.655,568.439,425.072,31.250,780.942,649.003
543.456,873.045,801.886,514.491,261.433,399.467,902.018
417.107,599.041,389.274,177.477,765.327,392.655,453.170
522.210,206.656,312.885,716.032,620.122,773.402,812.011
484.974,391.451,606.599,629.148,177.660,680.656,503.699
588.905,592.583,618.345,590.999,883.628,275.505,512.881
428.576,449.214,447.170,37.718,483.329,840.817,590.333
331.448,725.989,31.250,547.002,673.902,604.890,51.958
508.943,355.595,471.078,328.590,453.567,567.560,418.411
549.936,506.431,534.982,386.335,605.006,500.233,659.377
31.250,130.739,544.592,263.835,412.719,271.544,154.946
389.246,689.197,433.422,647.624,466.738,482.592,385.884
506.565,591.878,626.266,527.328,502.180,361.954,826.878
475.912,404.002,478.103,310.884,628.709,351.327,564.458
637.195,578.473,233.621,266.828,405.284,736.421,676.545
535.449,171.402,567.571,449.339,590.287,547.510,449.227
731.461,477.091,556.676,786.782,442.590,654.772,616.779
567.074,582.053,601.850,444.360,626.440,443.853,259.199
382.717,635.239,704.627,584.320,609.074,416.040,697.140
458.812,672.493,550.844,641.377,237.465,655.048,526.946
820.224,141.621,348.289,566.417,494.524,744.407,809.419
459.514,376.410,510.994,421.120,368.289,348.185,553.308
552.126,548.409,460.544,505.796,413.492,557.564,501.809
494.061,431.941,330.917,504.955,746.044,715.424,202.309
737.973,263.536,252.654,631.522,261.126,442.453,643.300
523.965,810.309,311.485,745.741,467.048,281.552,225.875
303.867,245.200,172.784,207.173,275.996,888.457,770.359
728.679,607.254,536.989,705.015,407.208,332.446,372.198
762.723,224.251,664.272,329.290,601.511,649.780,546.916
576.863,551.036,430.623,420.508,771.844,487.307,565.180
680.693,450.935,272.261,476.649,418.693,512.694,419.077
900.635,310.274,789.610,493.725,657.730,485.858,556.122
581.183,766.477,613.286,725.027,863.697,365.357,493.291
340.432,555.595,321.220,451.951,745.769,382.549,603.714
307.093,509.312,679.273,118.252,229.598,326.872,554.997
576.501,689.236,429.606,719.779,448.244,285.971,457.796
398.528,422.165,365.488,90.561,439.561,679.116,151.280
684.854,237.516,627.090,419.681,793.698,517.668,545.759
630.920,286.615,666.350,560.675,432.137,556.399,284.553
436.847,813.406,612.447,344.127,618.753,574.406,442.572
301.321,742.555,260.397,519.444,430.454,522.794,863.199
796.346,165.094,667.044,635.807,273.551,747.106,239.980
1036.102,427.488,706.653,635.325,64.240,548.347,726.384
612.791,459.583,720.887,406.298,94.480,618.208,624.817
421.194,615.440,708.099,503.825,498.372,432.567,569.436
381.855,451.136,663.747,744.153,409.711,649.140,581.568
399.808,181.635,540.729,602.044,710.521,567.885,438.855
299.861,617.713,401.018,639.648,815.192,457.606,588.440
648.036,437.645,502.041,616.121,590.908,695.506,298.921
333.896,425.615,456.502,503.218,747.445,333.612,514.997
395.146,729.861,164.585,316.617,581.298,814.780,616.180
371.228,635.444,315.773,507.934,579.677,255.299,396.667
574.880,690.935,921.030,736.378,527.116,657.350,369.154
402.527,363.209,268.641,299.198,570.195,393.059,366.717
464.382,795.335,261.190,306.263,697.269,598.885,430.922
242.784,406.790,353.317,544.020,579.218,581.536,502.164
686.096,490.558,276.615,395.220,375.060,562.518,389.180
387.894,754.461,240.405,507.546,472.535,355.085,210.749
568.644,495.289,690.785,31.250,419.712,494.027,881.249
181.918,808.445,595.100,640.090,711.605,461.697,504.269
507.410,498.411,156.490,655.412,181.049,379.382,169.615
540.688,543.456,644.380,555.959,531.148,479.232,461.286
485.596,417.107,625.005,231.990,738.627,437.467,577.147
883.798,522.210,395.746,448.700,265.010,45.402,644.075
752.983,484.974,558.367,353.981,519.474,127.772,574.895
604.673,588.905,228.140,577.751,704.136,484.644,899.632
627.135,428.576,476.257,382.949,637.995,209.529,379.941
492.132,331.448,440.747,665.278,592.003,609.437,257.736
304.671,508.943,700.815,529.326,112.508,422.058,423.927
737.811,549.936,285.820,336.907,280.402,959.959,194.476
722.523,31.250,325.361,499.436,700.483,488.825,347.681
76.941,389.246,435.621,350.278,505.525,791.206,903.539
367.588,506.565,829.655,343.712,740.735,406.323,221.261
662.147,475.912,365.012,338.810,679.642,303.285,620.650
626.291,637.195,406.071,659.574,484.139,168.060,260.338
415.824,535.449,448.264,500.885,383.179,340.135,471.009
443.271,731.461,455.375,281.607,281.107,608.723,386.711
484.629,567.074,380.470,530.827,132.247,409.503,31.250
658.434,382.717,672.821,563.015,459.374,31.250,377.706
780.426,458.812,248.752,757.260,644.764,304.793,625.144
403.512,820.224,564.322,605.440,670.917,440.495,369.914
376.630,459.514,231.487,622.788,691.695,582.845,769.679
560.149,552.126,447.595,668.321,596.310,582.524,418.089
444.416,494.061,460.183,293.611,442.242,559.561,526.371
633.886,737.973,570.191,243.713,495.779,616.555,516.764
217.081,523.965,647.496,461.454,867.609,820.032,193.550
302.603,303.867,184.408,863.928,468.362,401.150,370.515
438.834,728.679,444.105,334.509,582.627,427.362,281.045
246.561,762.723,258.676,655.588,836.340,575.720,493.969
713.242,576.863,715.280,460.851,620.719,609.959,937.082
597.318,680.693,727.583,435.089,372.098,440.073,566.086
685.214,900.635,469.263,314.656,834.953,708.486,518.359
444.768,581.183,604.362,707.725,244.610,620.674,525.764
493.741,340.432,336.002,406.233,476.419,486.070,687.191
565.182,307.093,1062.808,806.472,593.283,805.944,317.422
450.509,576.501,473.454,509.031,572.066,385.816,574.308
633.399,398.528,399.937,233.901,700.738,431.008,734.724
524.589,684.854,270.739,499.142,580.382,182.857,256.912
531.379,630.920,533.270,836.090,394.285,438.706,814.579
487.986,436.847,373.215,489.745,422.222,552.597,445.571
465.129,301.321,235.383,528.706,403.009,472.421,504.305
611.234,796.346,181.329,433.224,197.697,533.529,339.104
387.232,1036.102,488.046,436.076,497.230,459.673,544.997
737.612,612.791,607.869,751.240,738.377,482.280,256.033
476.918,421.194,649.753,718.742,500.310,404.807,506.944
298.218,381.855,808.055,589.250,488.045,285.163,422.977
508.876,399.808,696.701,999.400,604.914,533.818,705.998
736.507,299.861,654.180,522.606,826.724,443.805,31.250
533.003,648.036,529.380,805.841,281.585,239.252,693.298
378.977,333.896,653.461,590.872,464.227,180.506,431.392
473.708,395.146,941.829,339.757,1044.958,597.316,31.250
337.231,371.228,167.422,517.597,705.832,484.120,342.983
964.814,574.880,415.357,878.833,367.826,362.787,216.359
484.953,402.527,286.189,309.260,607.998,716.271,197.836
529.345,464.382,489.357,293.544,480.922,731.566,643.994
434.436,242.784,668.747,501.405,444.005,589.912,475.397
604.882,552.996,544.764,160.076,447.487,377.103,593.486
185.282,384.999,324.876,287.014,546.854,544.587,491.984
650.137,681.835,428.045,148.556,531.325,617.695,404.967
537.852,351.174,671.462,382.943,613.525,332.994,655.925
801.711,487.841,558.424,330.675,372.368,441.771,397.341
296.745,819.022,118.881,565.715,153.363,493.840,254.808
622.779,542.150,469.578,104.537,413.596,258.854,469.403
614.483,383.782,426.313,715.582,860.411,31.250,597.119
464.649,372.844,408.064,618.587,207.375,258.894,287.529
587.414,391.646,573.596,717.228,758.840,571.943,307.289
528.472,421.254,437.211,458.779,472.596,534.756,753.751
855.980,262.683,452.311,342.083,588.926,527.332,589.804
863.086,520.413,574.968,607.582,532.174,437.523,389.332
800.380,618.687,486.521,459.372,534.993,448.856,780.837
394.383,302.285,769.930,1081.339,443.653,808.916,695.234
763.522,1044.815,531.570,624.574,333.880,166.701,482.782
146.737,526.779,353.076,270.556,770.373,234.297,468.703
468.054,608.276,697.138,760.357,148.989,559.562,412.013
480.951,232.350,590.069,378.149,525.689,403.974,796.805
493.607,597.867,414.867,208.057,441.212,462.789,470.856
487.990,831.932,802.055,507.354,561.460,240.888,701.884
548.424,970.000,187.472,407.214,602.723,445.293,510.936
623.132,953.651,617.455,718.296,618.443,547.570,615.556
520.334,807.501,670.459,671.231,685.359,468.321,545.436
458.297,107.501,440.089,574.135,463.110,572.470,216.561
522.329,591.427,786.676,832.891,542.737,299.513,72.735
515.655,536.814,424.717,410.529,413.417,829.997,701.060
388.311,275.813,461.214,954.665,465.100,693.999,641.637
365.601,836.894,674.713,365.271,527.222,726.572,595.499
656.875,525.260,592.700,397.462,594.729,582.245,590.426
391.371,347.191,466.837,921.562,586.466,736.090,707.971
570.008,308.579,605.984,532.335,511.632,400.497,686.504
616.778,797.419,31.250,690.367,412.479,510.168,787.230
609.473,501.094,508.254,541.900,178.858,632.977,356.988
479.350,355.016,503.381,348.421,311.893,886.155,829.184
360.417,341.862,427.058,536.741,555.461,535.618,350.983
600.171,629.998,676.678,568.998,356.815,492.717,540.990
407.827,311.108,600.852,444.609,415.646,606.503,783.549
627.482,402.210,555.330,796.673,384.082,877.383,593.693
291.424,663.651,769.439,428.689,880.129,535.654,647.908
821.926,622.228,292.959,418.747,666.642,257.332,454.990
356.575,485.877,199.704,618.255,549.036,31.250,489.884
832.436,631.531,303.837,347.559,765.855,653.513,713.665
432.557,696.338,951.444,269.245,490.907,550.259,538.672
420.789,917.505,605.370,797.056,734.806,313.894,536.355
743.419,700.795,512.715,166.580,332.900,485.847,666.838
339.041,430.799,747.937,567.616,578.073,530.776,243.700
540.847,591.742,637.794,449.043,566.940,307.386,521.057
542.247,406.538,694.816,853.512,728.059,351.314,231.900
306.344,322.666,298.160,579.864,644.777,790.416,940.154
301.093,470.566,540.385,1056.940,750.366,303.306,250.312
800.453,448.991,622.279,437.514,756.324,558.876,389.589
779.869,597.432,498.183,272.365,420.564,650.178,307.203
989.483,505.836,357.988,689.622,441.041,252.635,619.363
589.936,696.306,619.673,610.545,1084.704,604.504,473.712
533.692,254.724,537.445,537.027,380.645,279.502,737.925
182.085,926.647,625.220,624.985,524.259,601.093,497.790
477.362,277.276,146.162,590.693,569.966,677.607,620.264
506.651,110.625,788.485,126.748,488.540,584.103,841.577
166.807,435.153,509.386,839.359,441.047,631.493,492.584
329.814,589.540,441.395,625.819,365.821,489.749,518.050
581.057,340.479,616.320,499.261,278.527,527.012,773.535
636.463,460.588,845.419,531.798,42.619,344.038,508.596
946.804,300.738,174.092,462.235,623.740,850.999,528.687
546.314,292.555,642.208,394.557,413.708,734.230,534.213
632.208,708.879,463.285,885.097,248.056,499.825,688.374
672.764,777.815,673.839,728.975,391.324,531.530,317.061
329.584,283.065,432.320,591.491,720.579,453.048,463.023
383.037,351.613,749.770,639.635,505.403,710.021,397.603
323.496,623.664,616.827,584.572,411.598,733.499,625.090
313.172,357.048,466.576,445.269,436.331,693.311,633.225
537.464,453.410,614.914,399.876,121.634,480.385,642.328
504.742,612.303,552.563,656.103,530.912,565.339,626.983
646.558,634.993,688.946,298.500,1121.203,532.146,376.593
560.215,576.131,227.579,743.411,757.290,600.196,721.019
672.200,540.200,298.984,369.047,164.667,706.923,324.405
674.772,240.650,470.854,583.095,377.622,676.771,372.086
674.482,502.327,686.174,246.154,94.739,466.016,431.820
612.529,408.331,512.483,535.762,476.696,424.615,425.169
498.002,365.660,622.669,468.017,384.783,711.329,760.292
680.279,554.309,657.951,736.500,548.462,408.226,730.132
467.141,64.529,334.158,370.142,641.902,409.052,689.936
820.216,726.759,533.957,426.425,427.070,644.326,531.773
693.913,359.870,334.349,575.236,269.085,659.814,656.067
772.103,732.231,388.775,289.077,249.053,91.230,583.341
592.066,595.202,730.257,365.345,602.699,299.307,584.580
427.943,610.007,490.075,671.357,338.226,608.271,692.424
440.350,86.224,668.436,392.302,798.829,840.200,288.905
376.621,285.447,509.730,422.459,441.897,706.534,421.161
687.484,542.224,587.756,549.153,494.323,538.844,292.385
697.330,682.468,669.933,889.633,376.774,649.447,393.223
739.612,463.476,370.453,789.166,778.518,322.552,368.933
487.007,510.269,277.420,484.992,512.998,657.905,288.013
259.480,478.162,412.242,647.144,286.726,597.616,414.382
556.449,672.030,477.479,778.594,478.481,272.330,501.673
350.442,450.279,610.770,640.602,286.586,284.255,419.103
559.327,811.239,617.397,616.786,207.878,523.137,378.853
312.144,170.224,480.169,287.854,321.957,309.937,498.126
409.471,246.830,681.177,817.153,484.159,501.443,520.002
720.573,469.226,340.459,742.773,421.142,351.413,821.653
658.608,595.692,479.480,512.420,385.222,532.782,483.167
352.286,749.529,641.628,560.544,546.677,702.745,381.076
523.240,480.779,556.272,218.200,692.727,55.888,207.280
486.891,354.710,668.361,137.823,598.280,551.146,604.236
736.100,508.095,591.565,795.341,511.090,752.964,613.546
720.767,435.272,584.108,610.974,561.390,977.500,403.200
459.837,397.847,469.002,1109.928,565.434,906.515,353.676
490.857,303.028,426.599,797.211,582.743,500.701,479.823
452.692,272.297,915.629,531.910,608.628,516.106,602.949
301.964,417.921,394.255,437.098,500.794,434.277,524.400
511.489,797.345,88.387,493.998,539.957,637.457,556.952
248.447,578.111,164.644,424.488,454.295,487.964,132.592
634.360,170.428,152.525,777.670,280.191,531.008,520.370
384.971,763.583,607.074,930.541,229.802,602.107,408.793
433.170,454.905,309.641,553.580,520.655,547.628,165.262
509.355,781.909,387.454,286.388,285.997,532.633,493.010
497.200,512.903,306.744,403.238,49.576,833.675,31.250
418.844,821.278,152.469,373.989,582.795,387.558,418.675
434.503,608.169,361.193,568.474,681.039,861.896,701.092
718.412,473.779,840.514,766.674,585.646,737.273,337.701
734.088,575.475,589.857,68.859,643.559,378.655,480.127
529.139,485.266,476.158,633.796,406.881,520.439,432.272
254.030,541.645,353.064,373.133,115.489,799.808,488.721
274.590,546.421,287.884,711.444,498.832,528.449,169.225
461.132,276.101,719.883,144.553,598.754,568.439,467.400
772.356,448.718,447.334,670.180,403.846,801.886,559.497
234.936,393.516,463.747,96.055,444.900,389.274,294.588
626.603,353.589,468.616,618.100,369.426,312.885,277.510
803.812,390.936,300.778,502.553,587.591,606.599,462.581
351.024,679.310,826.459,468.534,285.146,618.345,644.110
589.723,483.223,564.941,484.730,771.033,447.170,505.634
626.681,649.908,516.458,379.734,606.248,31.250,299.502
705.687,709.389,386.805,671.040,524.161,471.078,585.775
480.968,285.064,31.250,344.829,477.710,534.982,762.463
180.420,612.120,459.470,520.071,814.954,544.592,631.337
414.957,568.623,634.597,404.574,587.404,433.422,219.252
645.432,856.356,485.879,532.946,384.675,626.266,766.658
669.618,725.942,646.157,412.105,526.622,478.103,974.871
437.396,616.820,756.299,316.043,626.956,233.621,196.032
607.824,458.986,837.395,744.145,331.899,567.571,227.002
640.218,425.679,620.347,317.286,661.653,556.676,710.113
736.988,393.582,338.822,540.062,459.389,601.850,665.793
510.720,231.784,949.932,703.000,563.939,704.627,281.727
248.861,180.950,561.974,429.565,528.202,550.844,604.161
359.032,796.794,530.503,453.168,167.128,348.289,635.614
143.917,446.158,226.586,425.319,401.742,510.994,650.949
354.384,532.439,346.387,402.244,622.193,460.544,643.760
448.084,397.466,266.362,786.484,126.695,330.917,394.529
195.339,541.534,166.160,139.924,249.542,252.654,534.614
534.984,623.582,448.306,625.232,596.555,311.485,860.829
585.040,437.176,334.884,864.857,424.168,172.784,490.894
478.126,672.476,532.949,281.135,505.753,536.989,439.328
347.579,220.164,466.111,662.192,227.467,664.272,134.398
681.349,567.745,618.566,562.777,455.529,430.623,533.631
1050.706,592.974,597.400,685.653,541.146,272.261,726.933
463.248,360.035,211.613,384.850,506.495,789.610,257.832
738.882,591.312,136.809,792.336,315.319,613.286,807.823
416.363,405.686,477.573,543.234,743.471,321.220,791.434
472.954,405.579,592.441,471.881,310.026,679.273,652.517
645.823,562.876,790.123,762.830,355.588,429.606,31.250
341.821,502.889,526.737,755.952,810.290,365.488,996.048
471.626,547.469,374.271,322.826,242.477,627.090,301.156
340.024,377.566,487.251,569.305,595.275,666.350,379.779
386.677,441.215,450.914,633.623,472.623,612.447,316.064
676.413,540.834,696.968,689.152,286.578,260.397,415.506
151.326,788.733,534.073,341.906,620.265,667.044,485.505
460.661,543.548,540.439,786.961,734.303,706.653,563.989
229.860,449.109,555.517,782.331,664.903,720.887,527.081
183.858,446.735,522.252,693.995,592.321,708.099,614.213
681.632,312.126,433.239,489.464,469.047,663.747,313.498
446.565,73.090,842.735,435.588,591.760,540.729,490.592
825.613,640.727,366.964,575.468,141.676,401.018,383.637
625.998,438.834,609.743,240.294,523.364,502.041,533.959
470.664,463.783,163.330,132.401,142.231,456.502,432.669
407.243,500.653,404.421,535.739,406.612,164.585,577.384
447.636,166.217,784.406,763.333,703.627,315.773,453.043
549.690,544.407,181.063,276.007,697.901,921.030,299.028
452.628,273.915,270.534,325.486,542.553,268.641,875.504
628.196,399.396,450.036,303.683,678.138,261.190,498.370
757.090,428.969,553.021,594.381,423.643,353.317,643.479
627.268,439.638,685.850,754.127,259.880,40.844,352.394
419.451,230.082,125.681,298.381,505.984,237.742,550.865
366.536,671.016,761.488,518.061,563.477,650.318,529.982
317.493,600.101,279.136,598.136,257.405,474.237,482.346
701.716,662.099,641.705,409.895,498.983,618.894,755.737
372.454,645.434,347.418,506.771,202.635,560.414,641.202
316.873,620.194,574.404,487.984,534.445,341.254,531.158
251.696,448.919,250.588,503.895,499.814,341.756,632.626
434.947,172.489,670.481,580.861,1055.219,317.157,205.018
376.216,407.091,685.530,724.282,154.465,608.332,602.761
518.397,536.628,594.387,447.294,872.732,550.402,548.592
762.444,208.478,614.991,31.885,586.919,508.886,539.413
596.922,538.696,310.809,611.904,677.059,687.840,232.757
325.861,526.272,464.510,371.308,369.104,278.874,848.462
511.962,460.924,437.697,436.200,221.171,565.655,298.920
540.506,505.255,644.564,579.093,772.257,777.003,325.117
625.931,541.392,130.456,460.704,478.745,925.017,442.772
325.092,290.186,228.304,360.509,768.076,719.374,535.003
447.826,514.010,473.986,760.649,646.816,335.374,126.953
449.352,162.626,561.159,360.278,178.058,192.025,519.539
490.587,501.246,375.938,574.399,392.987,510.301,791.486
619.774,411.307,312.467,319.318,532.103,646.373,629.652
120.210,546.376,767.877,715.644,696.767,665.232,720.107
495.081,596.836,443.650,550.775,31.250,231.716,735.807
642.629,552.244,614.728,181.649,183.312,791.876,601.080
448.498,811.184,371.328,509.731,599.886,331.250,395.565
229.579,149.846,268.498,239.643,605.582,397.826,588.537
531.614,653.755,296.587,874.156,884.728,535.146,881.708
935.011,640.892,426.054,789.464,493.242,666.957,183.548
301.100,562.287,380.213,142.258,482.438,715.661,593.457
299.893,470.437,276.124,424.400,383.099,482.349,443.307
72.110,424.785,653.831,722.373,413.744,476.259,690.469
436.280,768.121,581.189,605.606,585.025,698.179,492.329
626.946,384.448,245.423,500.687,626.807,693.025,603.848
349.263,566.922,363.971,256.184,642.983,339.030,330.273
611.285,275.607,472.552,789.721,346.567,940.110,432.121
520.550,702.599,145.681,600.295,557.489,311.884,509.013
736.327,604.892,456.479,666.421,640.300,197.395,770.825
558.473,317.403,466.787,256.481,492.829,187.127,689.192
944.001,452.758,399.732,321.711,627.118,158.803,427.812
289.010,312.046,766.872,718.289,709.589,250.809,803.183
468.623,726.912,604.951,775.192,734.143,655.605,412.495
556.895,492.322,408.092,950.801,282.696,622.457,627.975
574.747,368.068,602.940,485.061,522.729,540.097,267.521
688.658,448.039,349.744,431.655,329.030,551.487,690.834
301.264,827.806,548.767,660.116,368.062,490.212,544.396
224.218,546.671,650.847,394.991,478.756,377.170,448.964
357.766,421.732,280.333,205.126,551.439,521.054,670.044
672.252,382.804,474.309,446.904,681.560,699.275,852.591
525.168,258.195,753.131,458.727,370.989,376.444,358.887
419.343,495.257,491.920,286.686,802.223,393.734,799.460
437.091,595.609,430.902,341.010,279.522,591.067,267.573
699.927,507.817,508.099,477.192,706.714,581.406,571.668
771.777,435.879,427.962,550.477,468.362,1119.032,531.020
775.567,185.920,240.383,252.317,574.424,349.701,169.561
620.786,822.474,273.869,392.080,434.216,291.773,31.250
731.428,542.133,295.850,527.241,676.800,340.904,492.542
401.754,707.326,543.344,575.895,581.254,474.913,482.223
214.020,379.575,532.626,225.133,536.933,72.164,711.487
227.795,190.408,428.741,648.015,333.880,543.793,528.254
596.057,540.141,353.826,383.919,234.320,490.558,396.984
372.227,563.593,602.536,870.115,403.135,754.461,558.320
534.124,376.801,293.847,291.406,387.686,495.289,401.740
450.469,672.153,413.208,429.560,520.273,808.445,503.580
437.116,683.348,630.888,445.126,391.662,498.411,396.641
412.075,328.895,639.721,962.665,674.510,543.456,844.229
1023.324,519.740,643.768,711.025,608.866,417.107,648.674
727.094,661.911,267.375,266.491,762.293,522.210,385.070
356.437,605.608,671.650,415.607,454.691,484.974,767.951
386.713,440.965,162.586,819.919,736.833,588.905,487.641
262.371,677.044,254.625,575.096,236.011,428.576,474.031
436.912,532.143,446.325,718.028,529.706,331.448,672.050
363.366,354.310,651.059,366.979,76.431,508.943,768.995
606.835,472.709,386.620,646.261,522.352,549.936,440.950
228.143,500.368,530.511,492.675,529.948,31.250,332.921
623.102,326.475,373.607,388.414,591.945,389.246,751.487
216.572,551.847,581.631,640.144,301.459,506.565,635.590
371.100,463.542,221.440,433.334,427.788,475.912,264.549
583.899,373.602,494.731,657.125,118.761,637.195,237.450
709.193,766.165,298.679,455.140,486.510,535.449,665.192
195.061,527.942,786.503,654.014,652.847,731.461,335.488
462.097,915.861,612.275,627.160,448.686,567.074,305.797
111.996,388.855,322.377,387.472,262.110,382.717,257.614
411.584,480.576,258.287,357.064,580.097,458.812,391.542
743.545,898.187,363.305,488.113,805.960,820.224,699.447
752.353,411.218,797.805,335.565,502.468,459.514,686.603
756.040,150.858,428.115,564.434,31.250,552.126,557.482
709.494,741.818,784.979,625.856,244.263,494.061,626.575
522.726,358.954,226.591,513.262,219.162,737.973,532.541
330.036,661.463,144.517,609.772,482.272,523.965,819.426
682.884,269.058,250.051,529.011,647.654,303.867,942.940
480.856,537.203,445.426,268.632,525.821,728.679,623.447
580.128,106.600,616.191,570.267,575.833,762.723,590.309
446.725,548.809,269.246,707.695,324.666,576.863,301.969
180.003,455.663,560.472,574.738,712.931,680.693,527.157
643.776,405.758,438.210,431.101,403.129,900.635,634.206
627.429,31.250,479.661,486.078,316.464,581.183,227.716
422.273,375.791,745.709,930.435,363.125,340.432,801.571
726.151,182.833,196.642,642.607,546.811,307.093,225.808
264.588,591.984,590.898,216.905,589.488,576.501,865.141
346.594,685.781,433.317,518.467,503.458,398.528,565.845
599.974,345.176,426.753,669.287,737.559,684.854,271.458
699.713,338.338,601.925,601.791,467.834,630.920,473.536
370.027,497.206,684.487,389.079,459.010,436.847,414.335
512.210,242.388,131.664,536.335,314.205,301.321,268.870
560.044,481.823,604.123,501.308,320.377,796.346,715.616
630.015,607.744,416.352,241.773,598.993,1036.102,592.184
31.250,206.580,571.347,663.763,620.470,612.791,540.213
319.584,602.823,753.331,290.467,560.567,421.194,418.750
718.146,579.422,525.136,630.546,587.077,381.855,299.281
456.437,620.910,739.831,424.383,500.395,399.808,585.987
224.879,645.499,105.140,512.630,439.361,299.861,425.436
529.672,638.050,98.503,692.463,619.644,648.036,612.110
809.782,537.265,751.802,708.474,457.956,333.896,251.366
268.260,682.514,874.515,266.689,1015.381,395.146,682.607
588.966,554.877,858.975,808.599,918.115,371.228,587.779
571.837,390.034,344.611,804.777,382.656,574.880,752.811
259.221,658.869,772.159,395.481,352.140,402.527,616.099
500.036,780.312,396.538,545.420,756.226,464.382,265.083
333.993,562.472,481.641,662.061,412.051,242.784,926.172
352.394,506.286,675.892,31.250,596.057,597.799,443.827
550.865,436.776,444.563,487.324,372.227,544.855,844.848
529.982,255.981,395.843,214.227,534.124,487.824,492.851
482.346,214.936,370.609,361.127,450.469,547.234,305.869
755.737,499.837,855.992,328.612,437.116,456.370,474.855
641.202,453.412,473.302,482.356,412.075,342.780,779.020
531.158,448.206,270.217,248.428,1023.324,603.645,441.284
632.626,295.142,665.629,696.679,727.094,627.203,387.330
205.018,447.874,54.773,565.430,356.437,491.465,692.676
602.761,428.432,198.045,509.672,386.713,406.534,372.011
548.592,380.921,349.122,662.008,262.371,451.630,603.939
539.413,482.344,70.063,443.301,436.912,415.179,441.992
232.757,888.795,604.512,590.493,363.366,736.407,579.748
848.462,406.419,494.467,851.420,606.835,591.913,534.415
298.920,878.224,438.327,737.869,228.143,267.161,556.702
325.117,303.327,637.193,278.546,623.102,431.389,332.296
442.772,529.602,607.096,607.844,216.572,721.328,386.736
535.003,430.367,511.218,661.487,371.100,153.674,506.426
126.953,568.493,732.900,141.758,583.899,516.559,226.410
519.539,712.520,660.781,465.821,709.193,134.540,574.388
791.486,536.329,466.031,600.387,195.061,317.502,633.727
629.652,514.278,761.944,483.202,462.097,163.132,574.803
720.107,609.083,782.946,522.539,111.996,79.299,470.199
735.807,580.376,583.143,383.480,411.584,616.863,477.155
601.080,497.094,233.721,352.473,743.545,202.752,410.589
395.565,489.042,577.633,250.271,752.353,541.488,224.834
588.537,558.141,595.679,441.111,756.040,512.655,429.469
881.708,618.166,337.668,555.971,709.494,487.466,540.524
183.548,379.051,565.704,533.724,522.726,520.189,563.424
593.457,739.943,279.411,206.128,330.036,598.843,751.557
443.307,377.666,394.714,31.250,682.884,668.194,258.706
690.469,319.541,500.792,592.121,480.856,636.643,268.004
492.329,540.808,721.802,103.824,580.128,275.523,749.617
603.848,270.677,631.495,491.651,446.725,698.068,742.138
330.273,340.318,588.353,435.865,180.003,169.217,547.614
432.121,336.127,725.683,243.491,643.776,290.648,519.418
509.013,71.583,191.804,1085.341,627.429,743.291,480.625
770.825,753.814,475.871,609.295,422.273,692.721,463.585
689.192,301.196,527.529,592.927,726.151,697.677,700.135
427.812,656.112,515.399,449.218,264.588,623.005,466.480
803.183,572.384,390.654,520.734,346.594,301.206,608.196
412.495,545.505,418.497,575.674,599.974,573.643,286.483
627.975,365.784,217.358,528.294,699.713,618.398,380.509
267.521,318.593,31.250,326.334,370.027,552.247,141.554
690.834,444.843,202.599,636.710,512.210,748.901,239.235
544.396,284.510,620.643,483.493,560.044,507.320,646.557
448.964,724.744,143.493,338.033,630.015,555.223,587.668
670.044,153.562,407.797,493.685,31.250,49.335,428.285
852.591,607.578,682.707,308.518,319.584,433.276,674.982
358.887,457.765,683.089,781.904,718.146,535.728,441.931
799.460,201.642,122.166,541.644,456.437,189.253,415.980
267.573,539.654,482.814,474.566,224.879,590.651,632.022
571.668,621.257,585.833,668.385,529.672,637.970,228.997
531.020,538.962,104.132,586.798,809.782,463.287,661.980
169.561,491.800,278.270,798.081,268.260,393.841,770.346
31.250,390.228,370.551,650.636,588.966,443.042,227.954
492.542,31.250,399.868,787.183,571.837,1051.902,989.135
482.223,493.364,654.003,180.165,259.221,683.080,544.406
711.487,568.530,726.288,633.757,500.036,474.520,671.196
528.254,523.103,785.698,433.462,333.993,527.416,748.198
258.605,615.715,395.220,538.379,378.655,803.012,515.202
541.819,434.955,507.546,234.936,520.439,304.442,623.292
715.410,193.110,31.250,505.423,799.808,597.154,571.545
311.525,441.799,640.090,742.530,528.449,730.839,537.442
484.668,313.857,655.412,518.725,568.439,603.981,434.943
696.736,125.982,555.959,487.130,801.886,520.510,95.109
647.261,381.670,231.990,697.234,389.274,154.984,510.305
200.976,558.507,448.700,493.161,312.885,194.178,790.144
741.689,436.708,353.981,527.824,606.599,465.332,448.086
674.450,548.426,577.751,429.814,618.345,688.202,453.233
316.007,423.701,382.949,180.549,447.170,688.811,557.935
459.603,137.605,665.278,521.960,31.250,644.185,315.054
538.924,670.709,529.326,481.030,471.078,819.471,263.298
507.125,928.107,336.907,171.401,534.982,619.273,499.801
484.186,502.466,499.436,494.366,544.592,618.931,586.616
334.734,429.215,350.278,642.365,433.422,584.804,557.020
536.669,642.059,343.712,818.942,626.266,204.512,301.243
729.319,877.432,338.810,255.077,478.103,629.984,404.370
432.596,533.072,659.574,555.088,233.621,646.393,705.455
189.607,609.199,500.885,618.560,567.571,442.421,423.497
576.371,692.372,281.607,549.801,556.676,824.155,562.634
244.158,491.930,530.827,767.656,601.850,280.434,521.803
571.714,272.191,563.015,99.810,704.627,488.203,553.533
77.688,762.230,757.260,503.034,550.844,456.150,637.248
378.881,595.147,605.440,356.129,348.289,588.399,585.948
520.059,150.186,622.788,748.334,510.994,401.163,452.949
453.610,796.810,668.321,504.017,460.544,703.422,928.126
31.250,710.387,293.611,556.009,330.917,719.845,615.431
454.104,528.181,243.713,378.488,252.654,336.063,311.342
590.614,360.687,461.454,690.390,311.485,599.215,453.772
637.627,432.745,863.928,405.094,172.784,578.942,515.950
433.471,534.287,334.509,319.757,536.989,280.641,758.325
424.695,464.357,655.588,441.382,664.272,701.876,268.486
318.129,396.711,460.851,660.076,430.623,277.060,272.577
463.067,998.432,435.089,422.593,272.261,559.140,394.747
451.639,255.530,314.656,189.838,789.610,392.251,559.023
471.692,560.835,707.725,417.779,613.286,236.141,583.507
510.182,312.482,406.233,139.119,321.220,499.690,674.750
688.782,401.565,806.472,676.199,679.273,633.328,773.282
643.728,208.731,509.031,308.451,429.606,602.794,673.105
415.328,422.387,233.901,627.952,365.488,620.615,395.755
189.380,391.357,499.142,519.573,627.090,540.490,683.565
596.472,104.545,836.090,433.497,666.350,327.464,434.925
512.999,460.901,489.745,583.284,612.447,711.007,587.798
778.720,757.288,528.706,313.326,260.397,443.824,459.571
571.942,466.551,433.224,435.249,667.044,396.408,660.111
837.524,587.554,436.076,522.637,706.653,147.332,378.396
505.441,503.708,751.240,465.628,720.887,299.733,557.362
806.852,815.589,718.742,663.491,708.099,627.913,627.622
648.448,516.224,589.250,389.805,663.747,401.422,178.688
502.775,361.447,999.400,117.356,540.729,332.482,438.206
903.061,505.750,522.606,468.568,401.018,508.431,741.377
831.068,316.136,805.841,373.116,502.041,613.243,337.428
406.612,657.893,590.872,63.748,456.502,215.198,472.204
584.252,375.709,339.757,617.251,164.585,361.175,635.314
379.265,309.339,517.597,323.303,315.773,537.652,379.708
348.167,339.637,878.833,681.691,921.030,274.452,203.165
170.813,557.326,309.260,539.595,268.641,183.801,604.198
201.114,566.109,293.544,516.256,261.190,641.647,279.692
704.745,554.394,501.405,740.547,353.317,463.953,840.537
597.799,443.131,309.125,232.757,506.148,601.710,365.821
544.855,606.038,651.618,925.433,534.725,478.990,278.527
487.824,547.790,547.117,488.663,174.418,315.442,42.619
547.234,176.892,388.479,631.510,460.190,386.084,623.740
456.370,421.796,586.910,502.728,389.068,574.878,413.708
342.780,802.766,533.993,416.670,768.874,577.785,248.056
603.645,341.317,321.525,681.704,519.950,644.794,391.324
627.203,284.425,471.362,699.294,548.575,526.321,720.579
491.465,648.496,529.606,226.721,549.467,393.315,505.403
406.534,157.847,381.078,787.261,308.460,437.852,411.598
451.630,502.965,252.924,830.096,284.382,273.259,436.331
415.179,522.610,688.996,479.931,897.212,272.003,121.634
736.407,510.264,647.142,452.907,429.811,531.358,530.912
591.913,719.350,428.830,148.813,805.485,265.911,1121.203
267.161,492.738,888.022,288.641,331.190,429.388,757.290
431.389,838.553,584.340,611.521,502.340,561.190,164.667
721.328,664.861,103.264,687.308,630.367,385.544,377.622
153.674,777.751,387.108,504.401,621.562,549.402,94.739
516.559,258.922,382.656,373.577,570.552,210.893,476.696
134.540,755.725,354.767,642.436,535.346,31.250,384.783
317.502,605.075,292.125,436.585,444.891,278.794,548.462
163.132,713.615,766.714,581.081,433.640,468.004,641.902
79.299,341.929,544.485,537.517,203.197,212.902,427.070
616.863,363.828,631.420,455.398,517.653,660.901,269.085
202.752,371.854,232.173,331.896,703.444,803.184,249.053
541.488,651.414,585.030,345.541,419.520,651.924,602.699
512.655,395.554,796.508,878.966,539.864,888.897,338.226
487.466,467.581,814.941,706.103,678.158,675.415,798.829
520.189,206.031,380.412,473.937,658.301,371.871,441.897
598.843,369.386,538.243,345.037,745.458,376.023,494.323
668.194,526.809,439.814,405.222,550.567,573.285,376.774
636.643,429.617,354.268,715.290,364.815,487.879,778.518
275.523,594.512,487.761,383.911,447.740,485.827,512.998
698.068,503.486,520.551,570.497,726.859,761.509,286.726
169.217,816.073,301.205,639.035,674.967,672.134,478.481
290.648,382.886,352.162,440.639,766.363,539.002,286.586
743.291,224.322,592.507,456.415,458.880,575.475,207.878
692.721,561.006,593.695,393.184,107.137,515.089,321.957
697.677,541.232,747.578,462.230,745.574,361.362,484.159
623.005,387.101,443.883,466.832,435.418,392.517,421.142
301.206,607.897,494.852,163.760,722.610,731.309,385.222
573.643,763.314,489.304,479.059,394.334,560.330,546.677
618.398,330.658,305.841,418.301,329.506,414.752,692.727
552.247,588.542,401.352,537.667,174.168,656.420,598.280
748.901,566.171,597.298,759.389,848.802,329.693,511.090
507.320,607.816,551.307,442.434,857.403,572.102,561.390
555.223,708.500,934.358,620.905,313.792,562.471,565.434
49.335,796.571,445.192,801.227,513.723,642.359,582.743
433.276,909.316,723.334,592.439,629.836,427.993,608.628
535.728,556.106,756.351,175.047,828.702,835.412,500.794
189.253,133.848,777.385,516.678,279.760,574.955,539.957
590.651,549.411,779.909,712.954,557.497,538.757,454.295
637.970,396.368,600.255,541.730,413.524,565.956,280.191
463.287,342.948,791.400,544.289,636.424,174.459,229.802
393.841,624.962,477.465,652.308,778.630,377.361,520.655
443.042,1061.685,199.844,683.530,393.235,537.064,285.997
1051.902,848.889,921.601,175.436,750.766,919.034,49.576
683.080,368.349,693.914,624.093,444.224,355.804,582.795
474.520,916.973,300.461,360.732,472.732,414.450,681.039
527.416,674.697,424.099,619.421,635.405,765.565,585.646
234.320,557.096,433.875,365.821,439.638,589.540,775.066
403.135,395.865,339.119,278.527,230.082,340.479,383.293
387.686,300.182,214.817,42.619,671.016,460.588,601.799
520.273,580.011,558.932,623.740,600.101,300.738,649.485
391.662,257.259,210.758,413.708,662.099,292.555,377.654
674.510,569.548,452.009,248.056,645.434,708.879,427.745
608.866,87.894,498.645,391.324,620.194,777.815,723.042
762.293,376.740,733.240,720.579,448.919,283.065,723.342
454.691,598.901,446.976,505.403,172.489,351.613,358.146
736.833,491.827,576.065,411.598,407.091,623.664,429.560
236.011,571.960,212.820,436.331,536.628,357.048,794.976
529.706,324.824,99.541,121.634,208.478,453.410,410.770
76.431,459.037,91.853,530.912,538.696,612.303,638.179
522.352,821.365,366.405,1121.203,526.272,634.993,620.258
529.948,668.885,362.721,757.290,460.924,576.131,380.269
591.945,622.352,502.563,164.667,505.255,540.200,84.168
301.459,385.318,714.260,377.622,541.392,240.650,612.380
427.788,635.275,356.068,94.739,290.186,502.327,396.093
118.761,391.762,652.760,476.696,514.010,408.331,446.156
486.510,90.853,415.447,384.783,162.626,365.660,745.203
652.847,397.885,533.840,548.462,501.246,554.309,661.356
448.686,450.718,646.923,641.902,411.307,64.529,351.289
262.110,415.789,551.598,427.070,546.376,726.759,280.824
580.097,400.393,329.019,269.085,596.836,359.870,599.645
805.960,352.955,474.186,249.053,552.244,732.231,581.865
502.468,512.358,449.633,602.699,811.184,595.202,425.300
31.250,299.192,640.129,338.226,149.846,610.007,660.129
244.263,592.576,293.824,798.829,653.755,86.224,601.377
219.162,432.376,213.595,441.897,640.892,285.447,377.155
482.272,453.280,459.097,494.323,562.287,542.224,183.730
647.654,425.386,629.857,376.774,470.437,682.468,551.502
525.821,145.321,494.022,778.518,424.785,463.476,512.983
575.833,594.536,467.730,512.998,768.121,510.269,604.452
324.666,285.927,508.517,286.726,384.448,478.162,376.930
712.931,538.194,588.975,478.481,566.922,672.030,358.414
403.129,374.219,443.871,286.586,275.607,450.279,219.074
316.464,392.773,412.905,207.878,702.599,811.239,290.975
363.125,380.210,596.790,321.957,604.892,170.224,340.678
546.811,668.672,636.755,484.159,317.403,246.830,287.111
589.488,843.527,459.564,421.142,452.758,469.226,590.889
503.458,581.571,31.250,385.222,312.046,595.692,524.499
737.559,548.004,394.868,546.677,726.912,749.529,511.916
467.834,429.382,433.620,692.727,492.322,480.779,606.480
459.010,571.162,326.210,598.280,368.068,354.710,534.141
314.205,356.570,743.203,511.090,448.039,508.095,110.195
320.377,687.223,487.082,561.390,827.806,435.272,372.115
598.993,655.229,387.611,565.434,546.671,397.847,558.906
620.470,485.386,290.677,582.743,421.732,303.028,541.100
560.567,626.229,627.299,608.628,382.804,272.297,434.759
587.077,221.773,692.848,500.794,258.195,417.921,304.068
500.395,826.136,463.591,539.957,495.257,797.345,52.540
439.361,379.742,197.343,454.295,595.609,578.111,920.966
619.644,297.324,807.908,280.191,507.817,170.428,711.973
457.956,675.814,914.456,229.802,435.879,763.583,431.094
1015.381,485.536,447.252,520.655,185.920,454.905,598.706
918.115,384.270,877.822,285.997,822.474,781.909,467.834
382.656,320.756,355.227,49.576,542.133,512.903,557.925
352.140,749.181,563.242,582.795,707.326,821.278,501.820
756.226,407.324,703.992,681.039,379.575,608.169,378.467
412.051,393.291,185.221,585.646,190.408,473.779,459.522
241.495,567.845,258.605,377.103,356.932,389.180,489.749
791.275,402.001,541.819,544.587,213.039,210.749,527.012
377.841,579.749,715.410,617.695,561.600,881.249,344.038
490.992,424.400,311.525,332.994,711.575,504.269,850.999
401.538,521.734,484.668,441.771,624.831,169.615,734.230
367.565,563.246,696.736,493.840,191.419,461.286,499.825
442.659,294.495,647.261,258.854,279.455,577.147,531.530
846.731,486.396,200.976,31.250,363.554,644.075,453.048
607.601,150.837,741.689,258.894,374.693,574.895,710.021
631.153,769.415,674.450,571.943,603.512,899.632,733.499
713.769,276.239,316.007,534.756,506.452,379.941,693.311
445.286,130.009,459.603,527.332,825.506,257.736,480.385
453.199,466.837,538.924,437.523,715.860,423.927,565.339
342.892,441.509,507.125,448.856,237.108,194.476,532.146
381.672,338.079,484.186,808.916,413.890,347.681,600.196
385.246,501.378,334.734,166.701,572.962,903.539,706.923
801.994,719.958,536.669,234.297,566.656,221.261,676.771
817.680,469.012,729.319,559.562,259.834,620.650,466.016
468.780,642.511,432.596,403.974,340.398,260.338,424.615
382.171,588.267,189.607,462.789,310.061,471.009,711.329
385.776,422.729,576.371,240.888,387.646,386.711,408.226
607.323,386.862,244.158,445.293,460.492,31.250,409.052
172.010,211.740,571.714,547.570,573.831,377.706,644.326
588.602,377.399,77.688,468.321,1003.283,625.144,659.814
519.685,363.008,378.881,572.470,109.449,369.914,91.230
430.227,497.791,520.059,299.513,424.974,769.679,299.307
632.888,549.340,453.610,829.997,762.704,418.089,608.271
503.402,304.742,31.250,693.999,473.593,526.371,840.200
514.387,340.815,454.104,726.572,661.783,516.764,706.534
533.174,148.682,590.614,582.245,460.177,193.550,538.844
496.888,331.301,637.627,736.090,506.358,370.515,649.447
353.088,308.625,433.471,400.497,907.826,281.045,322.552
467.406,781.698,424.695,510.168,424.374,493.969,657.905
1066.724,280.540,318.129,632.977,562.780,937.082,597.616
274.924,52.653,463.067,886.155,203.362,566.086,272.330
531.649,830.296,451.639,535.618,731.777,518.359,284.255
683.577,761.071,471.692,492.717,431.479,525.764,523.137
245.867,676.169,510.182,606.503,414.690,687.191,309.937
373.550,630.893,688.782,877.383,452.350,317.422,501.443
369.727,390.195,643.728,535.654,223.805,574.308,351.413
525.686,532.958,415.328,257.332,571.991,734.724,532.782
369.008,589.689,189.380,31.250,350.452,256.912,702.745
215.659,166.574,596.472,653.513,594.338,814.579,55.888
560.543,901.301,512.999,550.259,200.170,445.571,551.146
597.175,728.119,778.720,313.894,693.363,504.305,752.964
330.383,313.619,571.942,485.847,481.205,339.104,977.500
332.307,657.054,837.524,530.776,583.321,544.997,906.515
279.798,294.686,505.441,307.386,987.956,256.033,500.701
337.734,167.224,806.852,351.314,545.204,506.944,516.106
310.292,916.194,648.448,790.416,250.628,422.977,434.277
421.496,778.460,502.775,303.306,377.015,705.998,637.457
399.380,732.728,903.061,558.876,237.234,31.250,487.964
719.645,673.624,831.068,650.178,256.681,693.298,531.008
451.599,623.767,406.612,252.635,456.135,431.392,602.107
811.502,278.680,584.252,604.504,418.955,31.250,547.628
605.919,322.378,379.265,279.502,519.621,342.983,532.633
594.549,178.160,348.167,601.093,505.765,216.359,833.675
688.683,570.921,170.813,677.607,512.756,197.836,387.558
356.681,457.655,201.114,584.103,381.597,643.994,861.896
649.011,622.994,704.745,631.493,320.123,475.397,737.273
428.792,276.615,396.984,497.227,604.882,609.915,375.060
460.750,240.405,558.320,521.343,185.282,273.136,472.535
564.793,690.785,401.740,251.160,650.137,685.026,419.712
125.253,595.100,503.580,552.401,537.852,392.931,711.605
595.834,156.490,396.641,415.016,801.711,539.543,181.049
726.482,644.380,844.229,526.794,296.745,530.394,531.148
654.821,625.005,648.674,389.146,622.779,554.857,738.627
568.056,395.746,385.070,607.298,614.483,534.863,265.010
549.668,558.367,767.951,493.947,464.649,683.715,519.474
294.269,228.140,487.641,466.470,587.414,498.918,704.136
512.502,476.257,474.031,218.706,528.472,597.504,637.995
353.555,440.747,672.050,523.304,855.980,629.804,592.003
303.093,700.815,768.995,653.327,863.086,415.746,112.508
395.189,285.820,440.950,710.200,800.380,458.941,280.402
288.439,325.361,332.921,243.051,394.383,353.094,700.483
328.274,435.621,751.487,762.020,763.522,637.703,505.525
808.453,829.655,635.590,188.604,146.737,488.379,740.735
443.290,365.012,264.549,760.789,468.054,327.679,679.642
482.493,406.071,237.450,296.130,480.951,524.310,484.139
643.324,448.264,665.192,480.511,493.607,1053.815,383.179
500.793,455.375,335.488,377.401,487.990,442.613,281.107
588.564,380.470,305.797,382.204,548.424,181.652,132.247
451.290,672.821,257.614,219.936,623.132,500.238,459.374
349.640,248.752,391.542,211.328,520.334,931.788,644.764
727.594,564.322,699.447,570.954,458.297,552.151,670.917
249.268,231.487,686.603,69.518,522.329,178.886,691.695
768.320,447.595,557.482,371.618,515.655,117.442,596.310
674.102,460.183,626.575,557.878,388.311,689.632,442.242
742.505,570.191,532.541,317.667,365.601,747.047,495.779
620.105,647.496,819.426,334.872,656.875,244.675,867.609
286.760,184.408,942.940,619.024,391.371,513.946,468.362
314.908,444.105,623.447,393.127,570.008,661.856,582.627
559.687,258.676,590.309,241.308,616.778,415.721,836.340
619.709,715.280,301.969,31.250,609.473,574.046,620.719
660.639,727.583,527.157,687.719,479.350,675.774,372.098
575.411,469.263,634.206,446.723,360.417,312.595,834.953
749.886,604.362,227.716,291.937,600.171,367.034,244.610
416.114,336.002,801.571,581.213,407.827,478.876,476.419
584.279,1062.808,225.808,346.995,627.482,527.629,593.283
713.349,473.454,865.141,428.760,291.424,816.214,572.066
367.679,399.937,565.845,190.323,821.926,564.918,700.738
214.061,270.739,271.458,459.296,356.575,159.564,580.382
554.736,533.270,473.536,322.123,832.436,298.555,394.285
634.663,373.215,414.335,676.766,432.557,526.497,422.222
431.118,235.383,268.870,572.213,420.789,579.027,403.009
367.972,181.329,715.616,491.145,743.419,704.375,197.697
291.821,488.046,592.184,314.816,339.041,307.658,497.230
536.250,607.869,540.213,468.211,540.847,669.519,738.377
438.801,649.753,418.750,704.807,542.247,401.581,500.310
549.723,808.055,299.281,320.599,306.344,903.243,488.045
555.141,696.701,585.987,645.799,301.093,375.329,604.914
484.199,654.180,425.436,628.572,800.453,361.175,826.724
690.492,529.380,612.110,384.041,779.869,725.208,281.585
433.512,653.461,251.366,848.600,989.483,319.707,464.227
546.034,941.829,682.607,758.840,589.936,552.267,1044.958
254.046,167.422,587.779,442.213,533.692,279.393,705.832
281.754,415.357,752.811,650.657,182.085,329.727,367.826
458.453,286.189,616.099,589.309,477.362,918.387,607.998
578.015,489.357,265.083,328.246,506.651,872.900,480.922
456.915,668.747,926.172,598.623,166.807,306.379,444.005
538.379,515.202,601.710,784.196,533.487,362.559,757.163
234.936,623.292,478.990,824.029,553.444,457.027,458.783
505.423,571.545,315.442,610.334,342.380,326.097,456.122
742.530,537.442,386.084,539.468,704.956,461.260,473.845
518.725,434.943,574.878,679.015,494.285,572.802,518.374
487.130,95.109,577.785,522.019,613.587,403.310,383.604
697.234,510.305,644.794,570.271,619.511,355.993,589.405
493.161,790.144,526.321,299.613,471.276,602.206,885.596
527.824,448.086,393.315,442.981,435.993,303.690,284.961
429.814,453.233,437.852,111.085,618.546,605.862,449.644
180.549,557.935,273.259,351.693,418.906,1001.215,663.503
521.960,315.054,272.003,435.926,700.983,301.912,439.722
481.030,263.298,531.358,410.752,551.583,532.906,247.324
171.401,499.801,265.911,829.504,103.632,606.257,314.708
494.366,586.616,429.388,496.613,413.687,147.197,455.799
642.365,557.020,561.190,763.220,380.852,453.122,616.726
818.942,301.243,385.544,413.071,838.946,818.707,493.817
255.077,404.370,549.402,555.414,72.927,337.271,627.659
555.088,705.455,210.893,413.874,389.760,289.265,711.594
618.560,423.497,31.250,380.869,577.862,693.347,552.257
549.801,562.634,278.794,380.175,544.241,656.112,444.640
767.656,521.803,468.004,554.858,641.104,531.749,314.756
99.810,553.533,212.902,866.156,894.884,344.460,835.977
503.034,637.248,660.901,555.070,485.072,308.553,451.647
356.129,585.948,803.184,480.904,614.675,588.642,797.199
748.334,452.949,651.924,623.712,684.330,506.559,457.185
504.017,928.126,888.897,767.651,659.819,284.316,438.733
556.009,615.431,675.415,410.581,335.206,251.694,583.231
378.488,311.342,371.871,538.341,398.018,638.277,389.410
690.390,453.772,376.023,540.173,637.658,748.864,739.686
405.094,515.950,573.285,220.480,562.801,640.784,416.400
319.757,758.325,487.879,625.756,333.749,138.127,275.095
441.382,268.486,485.827,499.126,723.830,427.914,417.367
660.076,272.577,761.509,459.796,414.469,510.562,539.346
422.593,394.747,672.134,621.644,474.453,834.635,407.566
189.838,559.023,539.002,463.354,509.042,406.675,539.263
417.779,583.507,575.475,393.915,471.288,644.946,241.072
139.119,674.750,515.089,549.898,205.896,399.861,332.165
676.199,773.282,361.362,322.178,486.249,457.218,695.448
308.451,673.105,392.517,728.282,308.678,355.529,225.115
627.952,395.755,731.309,739.044,339.770,298.836,510.804
519.573,683.565,560.330,686.970,400.870,424.857,489.450
433.497,434.925,414.752,438.201,433.923,478.368,303.039
583.284,587.798,656.420,589.742,326.832,329.927,431.148
313.326,459.571,329.693,714.717,536.009,507.962,577.014
435.249,660.111,572.102,450.689,224.899,542.901,706.114
522.637,378.396,562.471,643.205,438.422,610.727,841.644
465.628,557.362,642.359,705.078,353.451,491.686,478.049
663.491,627.622,427.993,725.897,531.490,698.516,163.755
389.805,178.688,835.412,736.633,454.260,404.501,382.644
117.356,438.206,574.955,479.080,193.548,327.745,497.922
468.568,741.377,538.757,387.623,399.405,514.499,539.509
373.116,337.428,565.956,873.185,705.185,536.299,292.163
63.748,472.204,174.459,694.207,343.813,773.947,240.197
617.251,635.314,377.361,548.787,793.598,315.791,355.125
323.303,379.708,537.064,511.960,496.008,572.463,607.556
681.691,203.165,919.034,345.428,340.268,369.601,745.156
539.595,604.198,355.804,618.219,468.641,338.122,651.192
516.256,279.692,414.450,575.960,31.250,843.165,298.312
740.547,840.537,765.565,478.718,276.119,741.949,644.519
395.220,584.075,368.824,243.314,611.599,497.227,353.826
507.546,513.161,394.099,586.218,500.354,521.343,602.536
31.250,495.104,727.040,429.701,314.559,251.160,293.847
640.090,341.900,480.000,905.084,708.292,552.401,413.208
655.412,692.553,841.430,641.250,388.083,415.016,630.888
555.959,483.645,334.936,492.641,433.638,526.794,639.721
231.990,278.361,389.501,812.516,426.119,389.146,643.768
448.700,481.791,803.534,791.440,539.509,607.298,267.375
353.981,629.328,448.278,347.401,720.397,493.947,671.650
577.751,534.549,535.927,941.950,325.259,466.470,162.586
382.949,508.740,719.231,532.708,263.878,218.706,254.625
665.278,293.004,673.485,313.470,808.631,523.304,446.325
529.326,539.743,187.503,233.233,605.896,653.327,651.059
336.907,640.971,440.476,416.164,490.023,710.200,386.620
499.436,919.328,572.982,597.163,459.914,243.051,530.511
350.278,666.443,179.148,703.885,752.778,762.020,373.607
343.712,446.293,456.022,31.250,262.067,188.604,581.631
338.810,428.158,540.899,494.957,269.319,760.789,221.440
659.574,31.250,666.166,621.374,362.311,296.130,494.731
500.885,538.006,704.938,447.884,381.596,480.511,298.679
281.607,724.917,1071.910,637.951,505.700,377.401,786.503
530.827,368.457,471.800,669.242,474.082,382.204,612.275
563.015,365.980,393.622,236.815,519.028,219.936,322.377
757.260,203.188,535.003,459.674,271.424,211.328,258.287
605.440,437.107,676.480,451.090,339.512,570.954,363.305
622.788,723.838,728.367,539.745,724.451,69.518,797.805
668.321,396.474,451.471,614.961,646.720,371.618,428.115
293.611,238.288,765.094,544.088,523.885,557.878,784.979
243.713,240.996,875.617,213.398,291.961,317.667,226.591
461.454,368.404,402.873,563.859,380.791,334.872,144.517
863.928,703.858,361.959,1100.753,749.494,619.024,250.051
334.509,696.342,89.853,482.105,619.461,393.127,445.426
655.588,469.133,434.997,541.301,295.575,241.308,616.191
460.851,759.033,585.712,677.766,381.496,31.250,269.246
435.089,208.217,616.354,450.703,435.489,687.719,560.472
314.656,604.552,795.850,644.307,643.624,446.723,438.210
707.725,238.732,621.437,452.749,620.471,291.937,479.661
406.233,857.004,411.611,257.244,682.034,581.213,745.709
806.472,445.049,525.438,719.520,819.539,346.995,196.642
509.031,31.250,650.846,776.298,585.008,428.760,590.898
233.901,648.811,810.262,287.470,434.237,190.323,433.317
499.142,565.951,266.256,383.462,208.973,459.296,426.753
836.090,666.792,403.607,475.884,618.195,322.123,601.925
489.745,632.693,253.202,49.375,271.207,676.766,684.487
528.706,419.801,536.767,363.837,485.781,572.213,131.664
433.224,182.276,357.945,337.393,540.254,491.145,604.123
436.076,238.110,778.934,314.966,123.357,314.816,416.352
751.240,625.482,417.066,667.673,739.197,468.211,571.347
718.742,446.154,241.248,138.110,441.546,704.807,753.331
589.250,420.556,672.348,365.612,736.270,320.599,525.136
999.400,412.302,640.391,413.469,732.283,645.799,739.831
522.606,410.344,337.485,253.288,672.925,628.572,105.140
805.841,537.194,404.586,668.652,551.071,384.041,98.503
590.872,434.051,573.871,382.172,370.453,848.600,751.802
339.757,387.343,750.592,476.621,607.419,758.840,874.515
517.597,669.658,547.956,658.437,457.138,442.213,858.975
878.833,225.757,333.439,564.834,471.476,650.657,344.611
309.260,558.894,575.685,571.143,462.266,589.309,772.159
293.544,323.187,556.624,750.006,308.622,328.246,396.538
501.405,350.592,548.372,692.107,457.190,598.623,481.641
573.054,509.513,518.050,428.208,900.338,447.487,795.165
472.645,370.922,773.535,245.564,688.432,546.854,602.550
290.415,243.372,508.596,686.899,629.657,531.325,693.516
502.385,519.219,528.687,456.084,469.057,613.525,495.256
558.487,556.022,534.213,542.720,504.437,372.368,235.846
329.973,382.687,688.374,429.859,165.165,153.363,446.055
524.982,479.749,317.061,312.130,652.511,413.596,294.586
624.040,448.357,463.023,447.438,528.520,860.411,605.938
494.567,700.002,397.603,626.240,565.405,207.375,1123.961
579.531,693.327,625.090,281.930,35.801,758.840,274.163
487.036,499.047,633.225,489.201,922.801,472.596,538.182
416.619,344.260,642.328,557.298,627.522,588.926,718.574
461.689,599.870,626.983,214.078,456.432,532.174,551.807
716.896,787.870,376.593,598.181,566.101,534.993,272.843
463.732,570.431,721.019,160.575,346.720,443.653,611.801
938.156,557.866,324.405,700.951,746.407,333.880,884.670
440.680,631.923,372.086,488.269,327.526,770.373,119.214
338.017,307.080,431.820,662.953,437.160,148.989,564.382
797.359,686.736,425.169,433.662,571.209,525.689,751.763
849.202,493.336,760.292,251.095,282.279,441.212,773.711
593.337,499.025,730.132,559.479,695.803,561.460,536.375
337.611,288.123,689.936,375.508,279.731,602.723,590.824
463.918,531.908,531.773,626.935,461.388,618.443,595.360
480.664,553.898,656.067,387.472,217.014,685.359,434.798
245.247,193.965,583.341,635.944,669.008,463.110,405.386
496.860,584.158,584.580,264.394,400.454,542.737,385.542
400.500,88.942,692.424,647.133,718.668,413.417,48.849
363.633,522.309,288.905,670.616,362.675,465.100,659.554
508.485,551.400,421.161,357.688,457.740,527.222,561.147
246.880,538.805,292.385,550.571,476.019,594.729,570.085
725.529,460.671,393.223,562.737,551.059,586.466,432.069
563.235,597.446,368.933,691.822,540.022,511.632,314.234
603.435,736.591,288.013,515.869,745.039,412.479,416.218
263.601,679.744,414.382,679.483,462.736,178.858,550.554
622.415,682.997,501.673,166.023,503.986,311.893,311.411
326.861,247.838,419.103,791.023,840.714,555.461,268.136
639.228,392.115,378.853,859.344,379.302,356.815,795.131
495.057,625.136,498.126,641.346,338.411,415.646,441.980
650.730,31.250,520.002,682.488,453.062,384.082,317.510
729.404,384.223,821.653,675.926,789.538,880.129,866.424
695.477,511.679,483.167,558.964,499.446,666.642,525.670
362.415,378.954,381.076,436.264,362.089,549.036,429.448
514.913,619.587,207.280,219.452,728.174,765.855,268.625
528.900,657.028,604.236,227.276,275.310,490.907,541.880
375.239,479.341,613.546,624.254,436.386,734.806,619.583
154.373,606.886,403.200,730.345,831.936,332.900,445.034
612.920,648.082,353.676,576.690,600.744,578.073,445.202
322.766,110.645,479.823,352.875,528.321,566.940,406.263
379.613,434.670,602.949,662.495,525.827,728.059,329.411
966.729,408.664,524.400,562.576,535.685,644.777,682.879
462.660,475.979,556.952,757.664,374.907,750.366,536.499
177.544,425.290,132.592,445.396,428.825,756.324,311.313
407.363,473.779,520.370,296.400,857.910,420.564,496.525
302.762,717.960,408.793,595.205,511.771,441.041,637.618
524.146,647.267,165.262,361.933,469.488,1084.704,475.698
181.294,568.872,493.010,171.885,733.702,380.645,656.905
395.947,618.430,31.250,637.400,445.123,524.259,228.123
252.898,331.840,418.675,389.269,435.225,569.966,295.615
603.808,537.367,701.092,559.143,521.339,488.540,598.185
754.167,352.488,337.701,468.635,776.060,441.047,673.136
611.599,390.952,618.555,128.253,645.384,31.250,259.880
500.354,665.616,305.416,987.950,309.200,487.324,505.984
314.559,697.870,362.850,596.726,93.879,214.227,563.477
708.292,555.704,559.270,748.920,302.671,361.127,257.405
388.083,492.159,558.897,380.181,589.483,328.612,498.983
433.638,269.370,542.557,475.110,789.596,482.356,202.635
426.119,508.020,425.721,438.764,322.076,248.428,534.445
539.509,210.209,564.003,482.946,449.939,696.679,499.814
720.397,433.136,301.489,673.597,770.249,565.430,1055.219
325.259,286.967,283.235,292.460,704.526,509.672,154.465
263.878,711.173,284.574,439.576,450.559,662.008,872.732
808.631,385.771,407.736,370.786,478.274,443.301,586.919
605.896,437.468,523.368,672.709,445.858,590.493,677.059
490.023,378.537,606.089,529.465,601.126,851.420,369.104
459.914,640.753,564.570,478.038,267.493,737.869,221.171
752.778,293.951,525.292,547.262,542.615,278.546,772.257
262.067,735.052,759.344,619.268,492.492,607.844,478.745
269.319,211.385,429.108,375.047,892.813,661.487,768.076
362.311,299.279,229.036,31.250,307.729,141.758,646.816
381.596,417.427,764.663,250.637,503.367,465.821,178.058
505.700,356.921,371.762,856.851,389.278,600.387,392.987
474.082,498.418,344.193,605.995,470.751,483.202,532.103
519.028,326.383,552.020,564.691,544.551,522.539,696.767
271.424,231.021,443.914,673.401,648.576,383.480,31.250
339.512,359.186,425.127,486.195,657.724,352.473,183.312
724.451,632.275,464.788,585.842,203.279,250.271,599.886
646.720,448.663,184.704,542.489,381.221,441.111,605.582
523.885,969.242,594.901,407.165,326.024,555.971,884.728
291.961,383.497,394.740,468.267,334.824,533.724,493.242
380.791,345.126,420.626,468.617,650.244,206.128,482.438
749.494,138.078,31.250,375.242,841.417,31.250,383.099
619.461,267.600,590.396,475.950,146.573,592.121,413.744
295.575,277.066,469.327,547.727,543.582,103.824,585.025
381.496,464.926,153.388,423.923,496.823,491.651,626.807
435.489,755.364,492.925,422.920,441.566,435.865,642.983
643.624,458.007,364.503,665.414,669.236,243.491,346.567
620.471,147.897,570.152,471.294,569.497,1085.341,557.489
682.034,557.259,195.072,614.051,376.323,609.295,640.300
819.539,622.175,450.594,312.284,811.355,592.927,492.829
585.008,355.953,1036.653,419.950,817.518,449.218,627.118
434.237,523.380,790.602,525.090,508.154,520.734,709.589
208.973,799.483,632.074,651.340,736.690,575.674,734.143
618.195,704.169,514.848,235.793,545.967,528.294,282.696
271.207,410.178,587.617,469.763,516.073,326.334,522.729
485.781,314.506,576.802,538.621,515.549,636.710,329.030
540.254,706.200,461.136,371.636,310.130,483.493,368.062
123.357,415.229,573.511,630.015,378.081,338.033,478.756
739.197,978.089,424.643,149.129,473.990,493.685,551.439
441.546,407.361,326.809,650.566,87.099,308.518,681.560
736.270,533.358,809.719,815.060,478.585,781.904,370.989
732.283,318.775,576.333,695.024,406.745,541.644,802.223
672.925,180.498,352.345,392.495,234.690,474.566,279.522
551.071,450.502,672.403,430.686,312.364,668.385,706.714
370.453,444.535,265.964,346.996,360.096,586.798,468.362
607.419,1034.369,503.454,573.905,456.233,798.081,574.424
457.138,435.445,391.542,764.577,545.424,650.636,434.216
471.476,726.353,324.287,400.632,573.625,787.183,676.800
462.266,731.305,704.778,583.605,590.390,180.165,581.254
308.622,558.339,475.195,585.486,413.118,633.757,536.933
457.190,244.940,836.469,334.161,222.917,433.462,333.880
456.982,320.894,509.805,396.935,396.935,259.880,362.559
208.815,470.506,437.677,729.442,729.442,505.984,457.027
411.930,508.604,478.931,390.738,390.738,563.477,326.097
254.322,440.456,31.250,833.603,833.603,257.405,461.260
533.429,451.481,593.229,876.231,876.231,498.983,572.802
530.110,563.703,402.560,688.846,688.846,202.635,403.310
374.238,871.850,507.475,684.196,684.196,534.445,355.993
510.230,381.415,1166.284,736.833,736.833,499.814,602.206
237.712,601.324,601.467,345.555,345.555,1055.219,303.690
474.006,698.849,457.405,434.852,434.852,154.465,605.862
420.574,417.121,765.661,440.622,440.622,872.732,1001.215
509.167,290.895,249.391,974.429,974.429,586.919,301.912
342.477,538.015,676.587,575.725,575.725,677.059,532.906
623.170,439.174,184.556,362.621,362.621,369.104,606.257
538.622,762.301,386.044,806.718,806.718,221.171,147.197
149.633,475.718,208.894,330.681,330.681,772.257,453.122
693.626,548.073,705.292,501.021,501.021,478.745,818.707
353.399,682.031,872.202,637.992,637.992,768.076,337.271
655.207,236.853,551.338,323.618,323.618,646.816,289.265
465.969,315.159,381.630,540.484,540.484,178.058,693.347
371.338,335.014,685.256,402.515,402.515,392.987,656.112
482.226,467.804,402.582,561.097,561.097,532.103,531.749
692.065,582.726,405.057,903.422,903.422,696.767,344.460
502.156,620.493,369.530,352.369,352.369,31.250,308.553
538.944,289.224,884.355,497.011,497.011,183.312,588.642
492.958,237.176,686.363,98.038,98.038,599.886,506.559
527.356,695.650,610.230,516.319,516.319,605.582,284.316
643.187,711.465,435.175,208.140,208.140,884.728,251.694
684.802,454.098,318.070,467.050,467.050,493.242,638.277
302.487,544.698,415.538,384.824,384.824,482.438,748.864
401.295,31.250,473.769,458.775,458.775,383.099,640.784
721.510,562.540,521.989,557.930,557.930,413.744,138.127
609.516,159.595,180.712,649.031,649.031,585.025,427.914
248.602,140.161,271.385,273.498,273.498,626.807,510.562
420.590,541.621,272.658,550.535,550.535,642.983,834.635
533.987,385.131,388.901,656.947,656.947,346.567,406.675
745.380,556.070,383.662,450.407,450.407,557.489,644.946
380.737,347.298,768.682,629.867,629.867,640.300,399.861
296.325,619.758,535.001,651.707,651.707,492.829,457.218
352.411,714.241,522.792,776.103,776.103,627.118,355.529
738.880,556.379,617.718,732.451,732.451,709.589,298.836
282.646,506.972,484.079,684.036,684.036,734.143,424.857
473.820,640.729,480.976,714.885,714.885,282.696,478.368
633.733,440.520,494.370,495.334,495.334,522.729,329.927
371.440,689.196,641.301,448.952,448.952,329.030,507.962
392.568,731.307,439.515,529.517,529.517,368.062,542.901
512.567,586.588,643.447,542.102,542.102,478.756,610.727
674.965,342.251,361.211,268.852,268.852,551.439,491.686
372.416,492.031,556.000,509.984,509.984,681.560,698.516
412.048,707.956,982.149,518.617,518.617,370.989,404.501
142.087,810.080,659.231,530.503,530.503,802.223,327.745
368.135,539.746,758.638,433.211,433.211,279.522,514.499
553.375,507.979,356.148,469.808,469.808,706.714,536.299
105.276,803.932,924.183,474.848,474.848,468.362,773.947
108.052,635.135,770.061,574.309,574.309,574.424,315.791
462.519,466.373,345.691,361.814,361.814,434.216,572.463
698.645,470.653,368.867,327.219,327.219,676.800,369.601
421.637,31.250,410.492,734.085,734.085,581.254,338.122
685.956,611.304,288.382,761.838,761.838,536.933,843.165
757.595,332.722,692.723,437.558,437.558,333.880,741.949
243.314,576.492,568.457,552.282,389.003,31.250,552.282
586.218,397.601,442.199,476.184,396.952,431.723,476.184
429.701,255.496,475.974,296.424,781.078,359.926,296.424
905.084,563.741,574.625,149.119,509.456,349.790,149.119
641.250,535.039,667.866,722.270,639.837,425.072,722.270
492.641,525.446,496.656,314.987,319.826,514.491,314.987
812.516,336.193,482.623,941.031,474.573,177.477,941.031
791.440,555.488,715.141,325.761,740.798,716.032,325.761
347.401,602.972,459.931,595.767,626.147,629.148,595.767
941.950,656.008,487.284,643.548,531.926,590.999,643.548
532.708,410.056,618.413,611.201,429.276,37.718,611.201
313.470,373.831,548.264,865.380,646.536,547.002,865.380
233.233,683.399,254.771,467.441,512.504,328.590,467.441
416.164,148.311,618.289,456.558,357.485,386.335,456.558
597.163,551.630,212.531,491.741,290.572,263.835,491.741
703.885,443.082,558.790,618.796,543.077,647.624,618.796
31.250,694.323,702.277,713.273,99.987,527.328,713.273
494.957,494.111,815.449,676.250,376.042,310.884,676.250
621.374,405.158,720.107,349.278,550.573,266.828,349.278
447.884,300.913,902.683,288.149,652.852,449.339,288.149
637.951,289.655,598.372,667.301,383.107,786.782,667.301
669.242,357.641,283.965,330.534,441.287,444.360,330.534
236.815,699.035,337.336,219.955,408.546,584.320,219.955
459.674,705.803,683.099,752.536,575.113,641.377,752.536
451.090,425.179,778.835,441.133,569.927,566.417,441.133
539.745,417.100,527.705,643.014,473.847,421.120,643.014
614.961,504.682,352.545,425.715,356.594,505.796,425.715
544.088,516.813,214.565,813.888,831.334,504.955,813.888
213.398,411.376,884.605,449.033,200.403,631.522,449.033
563.859,496.486,719.287,250.204,510.193,745.741,250.204
1100.753,286.422,525.076,456.700,437.200,207.173,456.700
482.105,224.227,370.610,557.438,617.076,705.015,557.438
541.301,670.841,665.230,613.998,544.900,329.290,613.998
677.766,674.312,836.029,655.782,668.790,420.508,655.782
450.703,197.806,676.262,325.903,340.681,476.649,325.903
644.307,537.551,346.769,415.527,394.328,493.725,415.527
452.749,454.686,345.363,611.787,31.250,725.027,611.787
257.244,716.835,612.350,471.158,201.827,451.951,471.158
719.520,796.274,624.160,711.380,597.022,118.252,711.380
776.298,729.373,468.302,558.661,518.782,719.779,558.661
287.470,462.918,807.744,527.788,647.510,90.561,527.788
383.462,165.218,269.533,779.810,195.945,419.681,779.810
475.884,739.525,456.978,587.462,467.300,560.675,587.462
49.375,451.458,805.998,587.413,535.905,344.127,587.413
363.837,666.388,467.354,381.195,887.602,519.444,381.195
337.393,486.172,390.025,521.671,494.147,635.807,521.671
314.966,132.538,220.248,31.250,625.853,635.325,31.250
667.673,309.172,513.126,830.074,474.719,406.298,830.074
138.110,637.348,319.178,718.460,874.852,503.825,718.460
365.612,783.327,675.098,536.222,585.702,744.153,536.222
413.469,436.683,585.425,587.291,505.850,602.044,587.291
253.288,76.975,434.376,663.608,695.904,639.648,663.608
668.652,773.495,393.404,611.917,734.434,616.121,611.917
382.172,463.290,346.539,812.332,660.460,503.218,812.332
476.621,580.352,815.384,439.579,503.194,316.617,439.579
658.437,362.313,426.867,463.760,448.141,507.934,463.760
564.834,680.954,398.074,415.441,527.188,736.378,415.441
571.143,781.107,537.500,684.085,270.933,299.198,684.085
750.006,503.235,568.800,586.178,819.981,306.263,586.178
692.107,437.768,515.098,589.072,597.648,544.020,589.072
