318.282,675.892,552.546,352.394,687.511,538.379,375.060
562.746,444.563,568.272,550.865,576.784,234.936,472.535
495.940,395.843,456.197,529.982,480.041,505.423,419.712
317.024,370.609,748.815,482.346,452.778,742.530,711.605
314.745,855.992,899.443,755.737,784.928,518.725,181.049
193.816,473.302,772.302,641.202,899.186,487.130,531.148
487.581,270.217,389.067,531.158,464.485,697.234,738.627
272.425,665.629,569.744,632.626,302.212,493.161,265.010
295.988,54.773,567.989,205.018,513.881,527.824,519.474
352.633,198.045,562.161,602.761,977.945,429.814,704.136
580.119,349.122,514.168,548.592,208.850,180.549,637.995
301.273,70.063,632.633,539.413,426.778,521.960,592.003
473.290,604.512,534.436,232.757,397.835,481.030,112.508
448.640,494.467,417.262,848.462,152.752,171.401,280.402
428.088,438.327,462.845,298.920,444.135,494.366,700.483
528.372,637.193,501.739,325.117,708.176,642.365,505.525
31.250,607.096,611.429,442.772,532.774,818.942,740.735
585.855,511.218,864.738,535.003,528.715,255.077,679.642
250.191,732.900,741.264,126.953,340.942,555.088,484.139
571.514,660.781,702.997,519.539,627.966,618.560,383.179
488.672,466.031,746.528,791.486,290.428,549.801,281.107
523.010,761.944,424.700,629.652,334.683,767.656,132.247
470.684,782.946,599.752,720.107,670.242,99.810,459.374
545.254,583.143,498.618,735.807,303.307,503.034,644.764
692.803,233.721,819.931,601.080,389.789,356.129,670.917
340.252,577.633,484.240,395.565,479.568,748.334,691.695
720.682,595.679,469.033,588.537,622.243,504.017,596.310
419.715,337.668,373.937,881.708,285.122,556.009,442.242
547.135,565.704,245.171,183.548,467.274,378.488,495.779
795.856,279.411,358.775,593.457,549.773,690.390,867.609
700.326,394.714,373.692,443.307,470.670,405.094,468.362
650.529,500.792,861.609,690.469,856.232,319.757,582.627
387.812,721.802,442.096,492.329,624.359,441.382,836.340
572.161,631.495,295.379,603.848,419.819,660.076,620.719
416.010,588.353,348.660,330.273,303.245,422.593,372.098
254.007,725.683,439.728,432.121,506.641,189.838,834.953
605.132,191.804,360.575,509.013,379.060,417.779,244.610
345.677,475.871,291.775,770.825,233.489,139.119,476.419
491.774,527.529,291.938,689.192,641.548,676.199,593.283
412.032,515.399,354.318,427.812,255.654,308.451,572.066
38.449,390.654,199.801,803.183,805.496,627.952,700.738
497.261,418.497,122.298,412.495,642.447,519.573,580.382
396.932,217.358,265.965,627.975,518.928,433.497,394.285
766.147,31.250,818.605,267.521,551.775,583.284,422.222
551.980,202.599,511.519,690.834,443.246,313.326,403.009
509.500,620.643,706.114,544.396,205.718,435.249,197.697
714.520,143.493,537.161,448.964,636.583,522.637,497.230
477.310,407.797,531.988,670.044,182.083,465.628,738.377
701.263,682.707,82.566,852.591,322.183,663.491,500.310
410.793,683.089,583.636,358.887,370.644,389.805,488.045
557.802,122.166,559.516,799.460,594.324,117.356,604.914
457.534,482.814,351.245,267.573,560.389,468.568,826.724
571.366,585.833,684.134,571.668,555.351,373.116,281.585
425.348,104.132,372.032,531.020,718.776,63.748,464.227
743.882,278.270,452.508,169.561,426.674,617.251,1044.958
230.909,370.551,268.056,31.250,587.211,323.303,705.832
545.947,399.868,705.916,492.542,296.682,681.691,367.826
411.699,654.003,382.787,482.223,493.530,539.595,607.998
416.205,726.288,373.363,711.487,538.004,516.256,480.922
537.368,785.698,340.287,528.254,470.125,740.547,444.005
734.088,241.495,618.622,415.105,730.163,415.105,566.598
529.139,791.275,738.127,414.045,307.022,414.045,667.552
254.030,377.841,686.965,301.733,480.399,301.733,527.202
274.590,490.992,439.865,258.348,584.901,258.348,148.456
461.132,401.538,439.766,769.607,482.655,769.607,609.096
772.356,367.565,667.654,746.664,873.045,746.664,359.482
234.936,442.659,363.809,559.385,599.041,559.385,690.238
626.603,846.731,519.852,702.617,206.656,702.617,449.102
803.812,607.601,688.335,467.588,391.451,467.588,189.440
351.024,631.153,588.206,429.163,592.583,429.163,295.989
589.723,713.769,554.779,578.828,449.214,578.828,497.375
626.681,445.286,474.075,686.902,725.989,686.902,432.290
705.687,453.199,381.817,471.415,355.595,471.415,540.538
480.968,342.892,920.581,286.278,506.431,286.278,457.280
180.420,381.672,876.882,597.568,130.739,597.568,582.181
414.957,385.246,811.389,943.583,689.197,943.583,497.815
645.432,801.994,539.647,309.489,591.878,309.489,561.952
669.618,817.680,502.997,293.269,404.002,293.269,428.012
437.396,468.780,682.280,292.450,578.473,292.450,488.595
607.824,382.171,705.373,420.933,171.402,420.933,232.478
640.218,385.776,392.473,786.285,477.091,786.285,458.005
736.988,607.323,480.923,457.932,582.053,457.932,554.796
510.720,172.010,475.095,916.056,635.239,916.056,309.403
248.861,588.602,31.250,1090.079,672.493,1090.079,771.379
359.032,519.685,460.244,896.676,141.621,896.676,501.864
143.917,430.227,536.240,219.682,376.410,219.682,225.685
354.384,632.888,434.802,540.561,548.409,540.561,251.514
448.084,503.402,339.615,817.665,431.941,817.665,444.813
195.339,514.387,915.288,199.114,263.536,199.114,649.686
534.984,533.174,528.505,95.610,810.309,95.610,301.703
585.040,496.888,493.689,452.750,245.200,452.750,512.253
478.126,353.088,404.919,400.088,607.254,400.088,232.334
347.579,467.406,274.669,550.554,224.251,550.554,654.697
681.349,1066.724,581.270,493.862,551.036,493.862,418.219
1050.706,274.924,639.406,636.014,450.935,636.014,535.727
463.248,531.649,383.860,423.445,310.274,423.445,661.120
738.882,683.577,414.319,389.876,766.477,389.876,286.641
416.363,245.867,325.518,726.565,555.595,726.565,213.097
472.954,373.550,301.432,648.308,509.312,648.308,91.857
645.823,369.727,536.765,761.558,689.236,761.558,116.751
341.821,525.686,367.741,500.827,422.165,500.827,1049.880
471.626,369.008,350.864,421.077,237.516,421.077,566.795
340.024,215.659,463.568,280.818,286.615,280.818,696.320
386.677,560.543,405.604,493.758,813.406,493.758,396.267
676.413,597.175,487.278,566.603,742.555,566.603,417.517
151.326,330.383,597.872,483.646,165.094,483.646,390.127
460.661,332.307,549.047,470.767,427.488,470.767,607.491
229.860,279.798,845.866,822.778,459.583,822.778,278.822
183.858,337.734,555.976,742.847,615.440,742.847,477.963
681.632,310.292,551.887,539.143,451.136,539.143,563.472
446.565,421.496,710.030,667.300,181.635,667.300,520.160
825.613,399.380,201.528,305.575,617.713,305.575,367.507
625.998,719.645,43.354,456.170,437.645,456.170,270.436
470.664,451.599,316.121,442.505,425.615,442.505,171.974
407.243,811.502,495.652,1034.716,729.861,1034.716,367.427
447.636,605.919,615.165,758.781,635.444,758.781,601.230
549.690,594.549,310.431,820.863,690.935,820.863,431.642
452.628,688.683,445.714,97.437,363.209,97.437,427.013
628.196,356.681,369.185,721.933,795.335,721.933,429.090
757.090,649.011,165.815,473.055,406.790,473.055,508.937
675.892,506.148,597.725,567.845,661.670,353.826,557.868
444.563,534.725,774.277,402.001,509.124,602.536,107.812
395.843,174.418,717.646,579.749,426.812,293.847,842.927
370.609,460.190,512.354,424.400,631.676,413.208,632.195
855.992,389.068,514.611,521.734,95.216,630.888,216.028
473.302,768.874,576.966,563.246,737.116,639.721,396.414
270.217,519.950,563.139,294.495,460.645,643.768,575.024
665.629,548.575,266.644,486.396,507.818,267.375,353.941
54.773,549.467,547.446,150.837,224.164,671.650,604.470
198.045,308.460,814.068,769.415,301.916,162.586,660.542
349.122,284.382,925.228,276.239,387.362,254.625,283.684
70.063,897.212,543.998,130.009,669.719,446.325,417.571
604.512,429.811,625.002,466.837,655.794,651.059,481.920
494.467,805.485,371.767,441.509,741.877,386.620,649.478
438.327,331.190,712.923,338.079,374.524,530.511,239.941
637.193,502.340,458.258,501.378,504.458,373.607,647.889
607.096,630.367,443.889,719.958,282.046,581.631,299.466
511.218,621.562,570.698,469.012,433.338,221.440,691.129
732.900,570.552,851.082,642.511,356.209,494.731,547.158
660.781,535.346,601.282,588.267,596.979,298.679,734.375
466.031,444.891,347.861,422.729,508.785,786.503,91.906
761.944,433.640,398.728,386.862,536.594,612.275,336.958
782.946,203.197,370.994,211.740,605.873,322.377,721.967
583.143,517.653,421.854,377.399,386.485,258.287,773.730
233.721,703.444,503.834,363.008,278.251,363.305,709.122
577.633,419.520,478.847,497.791,526.578,797.805,385.370
595.679,539.864,1027.841,549.340,208.718,428.115,597.874
337.668,678.158,646.376,304.742,386.471,784.979,454.169
565.704,658.301,496.971,340.815,642.188,226.591,480.832
279.411,745.458,700.669,148.682,552.258,144.517,588.731
394.714,550.567,526.295,331.301,440.670,250.051,626.652
500.792,364.815,534.859,308.625,992.736,445.426,212.393
721.802,447.740,520.410,781.698,566.297,616.191,341.216
631.495,726.859,255.938,280.540,398.724,269.246,391.054
588.353,674.967,435.280,52.653,436.685,560.472,787.398
725.683,766.363,497.435,830.296,867.499,438.210,450.871
191.804,458.880,462.539,761.071,922.921,479.661,613.666
475.871,107.137,460.796,676.169,243.709,745.709,448.997
527.529,745.574,309.207,630.893,433.233,196.642,518.401
515.399,435.418,423.285,390.195,782.706,590.898,601.805
390.654,722.610,712.802,532.958,267.389,433.317,248.091
418.497,394.334,433.844,589.689,567.719,426.753,728.075
217.358,329.506,343.195,166.574,190.804,601.925,643.254
31.250,174.168,280.573,901.301,523.352,684.487,425.196
202.599,848.802,593.693,728.119,417.731,131.664,269.261
620.643,857.403,125.039,313.619,333.017,604.123,393.428
143.493,313.792,353.847,657.054,685.676,416.352,484.265
407.797,513.723,293.193,294.686,608.935,571.347,356.413
682.707,629.836,719.517,167.224,580.910,753.331,438.583
683.089,828.702,653.104,916.194,292.757,525.136,863.290
122.166,279.760,482.657,778.460,556.257,739.831,458.313
482.814,557.497,214.056,732.728,521.825,105.140,581.455
585.833,413.524,514.373,673.624,440.278,98.503,324.903
104.132,636.424,654.790,623.767,561.814,751.802,779.263
278.270,778.630,363.074,278.680,303.115,874.515,662.946
370.551,393.235,489.565,322.378,156.229,858.975,336.464
399.868,750.766,337.302,178.160,500.961,344.611,520.965
654.003,444.224,253.667,570.921,814.306,772.159,461.344
726.288,472.732,31.250,457.655,248.594,396.538,695.903
785.698,635.405,341.434,622.994,619.670,481.641,327.621
305.398,345.250,428.944,557.096,540.141,608.953,730.163
496.664,562.846,31.285,395.865,563.593,785.902,307.022
484.727,933.204,101.410,300.182,376.801,495.267,480.399
547.656,726.009,679.122,580.011,672.153,395.394,584.901
454.296,401.850,414.140,257.259,683.348,72.742,482.655
318.750,509.923,225.711,569.548,328.895,571.759,873.045
570.584,800.991,362.680,87.894,519.740,796.358,599.041
497.339,532.546,318.413,376.740,661.911,325.083,206.656
240.384,602.087,298.593,598.901,605.608,525.329,391.451
398.452,435.084,67.112,491.827,440.965,931.924,592.583
309.970,575.860,702.914,571.960,677.044,299.509,449.214
471.622,315.228,436.161,324.824,532.143,447.876,725.989
425.892,805.215,480.923,459.037,354.310,537.351,355.595
718.372,890.692,468.958,821.365,472.709,356.696,506.431
269.101,563.194,475.761,668.885,500.368,600.517,130.739
662.337,386.779,379.983,622.352,326.475,657.384,689.197
648.110,370.790,526.731,385.318,551.847,136.757,591.878
646.552,1090.736,251.819,635.275,463.542,378.531,404.002
494.778,490.122,422.831,391.762,373.602,261.536,578.473
301.169,505.264,457.760,90.853,766.165,704.681,171.402
413.835,296.169,307.661,397.885,527.942,401.579,477.091
386.997,472.243,292.790,450.718,915.861,352.129,582.053
478.975,468.638,337.288,415.789,388.855,689.890,635.239
331.836,162.863,276.474,400.393,480.576,510.517,672.493
543.765,468.447,248.655,352.955,898.187,750.968,141.621
758.171,407.051,963.798,512.358,411.218,885.931,376.410
640.075,362.714,462.039,299.192,150.858,679.900,548.409
577.927,724.791,518.938,592.576,741.818,708.941,431.941
393.251,615.203,572.092,432.376,358.954,680.922,263.536
689.043,598.256,607.870,453.280,661.463,596.633,810.309
427.206,529.065,725.121,425.386,269.058,224.396,245.200
762.024,471.996,436.372,145.321,537.203,222.595,607.254
374.210,548.272,814.663,594.536,106.600,761.143,224.251
586.123,301.819,611.631,285.927,548.809,342.543,551.036
715.257,868.595,524.459,538.194,455.663,317.919,450.935
160.515,391.414,509.091,374.219,405.758,873.561,310.274
272.356,407.814,473.031,392.773,31.250,498.399,766.477
724.485,523.485,796.538,380.210,375.791,409.393,555.595
153.375,379.723,530.136,668.672,182.833,448.897,509.312
539.808,179.095,657.859,843.527,591.984,187.417,689.236
435.681,277.601,654.684,581.571,685.781,479.443,422.165
572.680,413.491,690.786,548.004,345.176,601.926,237.516
518.639,487.259,497.668,429.382,338.338,290.070,286.615
562.464,284.306,511.855,571.162,497.206,316.149,813.406
222.606,565.504,420.474,356.570,242.388,220.833,742.555
850.216,661.940,357.636,687.223,481.823,571.415,165.094
538.660,505.761,531.866,655.229,607.744,494.136,427.488
387.403,417.016,649.693,485.386,206.580,864.026,459.583
222.659,751.452,566.166,626.229,602.823,440.230,615.440
460.201,421.610,440.418,221.773,579.422,971.207,451.136
816.087,345.468,447.436,826.136,620.910,429.231,181.635
69.307,632.542,650.904,379.742,645.499,699.064,617.713
522.269,793.156,607.812,297.324,638.050,406.620,437.645
905.931,538.160,655.940,675.814,537.265,333.563,425.615
122.377,617.920,591.882,485.536,682.514,507.831,729.861
512.710,202.405,763.116,384.270,554.877,608.244,635.444
320.789,491.616,682.927,320.756,390.034,607.017,690.935
589.711,386.601,561.276,749.181,658.869,562.903,363.209
368.047,660.461,763.281,407.324,780.312,405.975,795.335
587.736,462.632,756.421,393.291,562.472,502.773,406.790
552.282,557.868,258.870,345.250,383.919,591.213,389.180
476.184,107.812,517.858,562.846,870.115,819.541,210.749
296.424,842.927,357.787,933.204,291.406,511.651,881.249
149.119,632.195,173.969,726.009,429.560,341.447,504.269
722.270,216.028,220.878,401.850,445.126,572.859,169.615
314.987,396.414,271.768,509.923,962.665,450.902,461.286
941.031,575.024,299.571,800.991,711.025,758.721,577.147
325.761,353.941,325.391,532.546,266.491,812.344,644.075
595.767,604.470,32.702,602.087,415.607,644.960,574.895
643.548,660.542,115.758,435.084,819.919,808.386,899.632
611.201,283.684,875.794,575.860,575.096,509.589,379.941
865.380,417.571,518.126,315.228,718.028,615.133,257.736
467.441,481.920,410.835,805.215,366.979,581.873,423.927
456.558,649.478,427.297,890.692,646.261,189.191,194.476
491.741,239.941,375.729,563.194,492.675,215.839,347.681
618.796,647.889,354.478,386.779,388.414,716.114,903.539
713.273,299.466,349.352,370.790,640.144,388.859,221.261
676.250,691.129,329.303,1090.736,433.334,352.802,620.650
349.278,547.158,468.956,490.122,657.125,406.613,260.338
288.149,734.375,324.656,505.264,455.140,844.181,471.009
667.301,91.906,431.641,296.169,654.014,687.858,386.711
330.534,336.958,436.438,472.243,627.160,586.611,31.250
219.955,721.967,955.811,468.638,387.472,598.426,377.706
752.536,773.730,449.584,162.863,357.064,426.907,625.144
441.133,709.122,461.268,468.447,488.113,814.310,369.914
643.014,385.370,490.017,407.051,335.565,712.741,769.679
425.715,597.874,537.801,362.714,564.434,507.571,418.089
813.888,454.169,478.245,724.791,625.856,189.572,526.371
449.033,480.832,117.249,615.203,513.262,659.176,516.764
250.204,588.731,561.781,598.256,609.772,606.425,193.550
456.700,626.652,499.652,529.065,529.011,376.780,370.515
557.438,212.393,499.382,471.996,268.632,328.541,281.045
613.998,341.216,583.322,548.272,570.267,322.592,493.969
655.782,391.054,453.271,301.819,707.695,701.749,937.082
325.903,787.398,800.235,868.595,574.738,300.666,566.086
415.527,450.871,547.345,391.414,431.101,278.811,518.359
611.787,613.666,639.887,407.814,486.078,543.452,525.764
471.158,448.997,533.954,523.485,930.435,652.324,687.191
711.380,518.401,522.925,379.723,642.607,472.295,317.422
558.661,601.805,692.140,179.095,216.905,336.553,574.308
527.788,248.091,602.284,277.601,518.467,464.893,734.724
779.810,728.075,702.891,413.491,669.287,484.125,256.912
587.462,643.254,623.555,487.259,601.791,685.939,814.579
587.413,425.196,663.250,284.306,389.079,353.627,445.571
381.195,269.261,675.621,565.504,536.335,677.451,504.305
521.671,393.428,632.812,661.940,501.308,437.286,339.104
31.250,484.265,628.966,505.761,241.773,506.534,544.997
830.074,356.413,682.282,417.016,663.763,769.393,256.033
718.460,438.583,660.189,751.452,290.467,587.171,506.944
536.222,863.290,472.513,421.610,630.546,710.212,422.977
587.291,458.313,815.004,345.468,424.383,761.552,705.998
663.608,581.455,459.173,632.542,512.630,427.020,31.250
611.917,324.903,629.626,793.156,692.463,215.697,693.298
812.332,779.263,569.957,538.160,708.474,448.769,431.392
439.579,662.946,435.686,617.920,266.689,341.225,31.250
463.760,336.464,906.244,202.405,808.599,241.275,342.983
415.441,520.965,529.157,491.616,804.777,394.031,216.359
684.085,461.344,530.475,386.601,395.481,345.109,197.836
586.178,695.903,547.601,660.461,545.420,602.197,643.994
589.072,327.621,531.691,462.632,662.061,308.204,475.397
557.868,835.419,395.760,234.320,413.411,1036.837,518.050
107.812,683.432,252.017,403.135,578.856,597.152,773.535
842.927,171.460,273.818,387.686,507.636,443.614,508.596
632.195,528.038,319.009,520.273,272.795,322.108,528.687
216.028,216.830,285.834,391.662,248.692,167.922,534.213
396.414,362.810,232.919,674.510,344.512,634.870,688.374
575.024,417.867,481.717,608.866,518.753,521.987,317.061
353.941,463.921,298.478,762.293,354.801,357.870,463.023
604.470,618.352,481.792,454.691,499.430,288.459,397.603
660.542,584.795,450.660,736.833,814.166,260.633,625.090
283.684,421.590,396.435,236.011,605.213,605.438,633.225
417.571,403.210,401.335,529.706,738.812,442.875,642.328
481.920,515.778,325.262,76.431,818.700,579.253,626.983
649.478,510.669,429.925,522.352,406.191,539.690,376.593
239.941,377.072,473.668,529.948,632.333,218.971,721.019
647.889,621.983,453.971,591.945,38.287,731.546,324.405
299.466,407.195,244.627,301.459,297.055,616.991,372.086
691.129,511.630,382.348,427.788,510.847,672.834,431.820
547.158,537.624,707.028,118.761,336.330,719.767,425.169
734.375,445.354,493.970,486.510,563.034,715.516,760.292
91.906,546.767,552.672,652.847,335.758,711.149,730.132
336.958,684.242,536.278,448.686,672.747,624.029,689.936
721.967,728.857,576.105,262.110,812.265,598.888,531.773
773.730,31.250,585.487,580.097,658.629,264.234,656.067
709.122,425.235,603.788,805.960,417.782,593.445,583.341
385.370,272.679,303.206,502.468,358.326,92.946,584.580
597.874,666.541,572.236,31.250,427.322,37.430,692.424
454.169,418.020,600.867,244.263,582.969,368.966,288.905
480.832,745.740,647.016,219.162,202.984,617.064,421.161
588.731,362.541,662.566,482.272,603.415,356.165,292.385
626.652,239.217,733.793,647.654,453.623,373.673,393.223
212.393,383.292,680.679,525.821,645.501,616.248,368.933
341.216,561.508,862.783,575.833,314.942,143.966,288.013
391.054,427.425,699.897,324.666,438.770,31.250,414.382
787.398,605.528,453.849,712.931,513.371,746.764,501.673
450.871,447.513,697.166,403.129,452.299,722.565,419.103
613.666,827.637,516.562,316.464,542.097,120.301,378.853
448.997,513.863,561.787,363.125,377.250,864.342,498.126
518.401,707.749,513.290,546.811,355.902,744.017,520.002
601.805,641.029,276.623,589.488,691.658,428.934,821.653
248.091,31.250,317.995,503.458,355.467,630.362,483.167
728.075,412.881,277.399,737.559,378.404,629.895,381.076
643.254,312.498,792.563,467.834,412.544,447.912,207.280
425.196,697.234,381.558,459.010,652.118,281.706,604.236
269.261,637.618,31.250,314.205,294.539,422.818,613.546
393.428,541.354,895.077,320.377,653.115,510.218,403.200
484.265,670.684,476.435,598.993,797.692,263.841,353.676
356.413,271.714,390.446,620.470,794.020,568.989,479.823
438.583,715.974,543.100,560.567,433.864,345.225,602.949
863.290,312.058,467.672,587.077,198.818,703.802,524.400
458.313,226.136,414.591,500.395,430.263,404.259,556.952
581.455,717.707,410.538,439.361,505.178,588.798,132.592
324.903,378.313,455.800,619.644,850.515,430.497,520.370
779.263,299.456,534.996,457.956,749.252,734.212,408.793
662.946,471.525,353.017,1015.381,553.317,352.559,165.262
336.464,853.637,980.818,918.115,395.690,91.297,493.010
520.965,732.814,908.240,382.656,206.668,556.366,31.250
461.344,622.044,671.433,352.140,768.825,327.616,418.675
695.903,251.645,717.859,756.226,506.665,375.439,701.092
327.621,518.653,561.993,412.051,272.419,125.679,337.701
395.220,443.131,516.811,538.379,580.575,396.984,286.686
507.546,606.038,307.174,234.936,672.700,558.320,201.028
31.250,547.790,408.592,505.423,346.989,401.740,712.997
640.090,176.892,550.579,742.530,203.617,503.580,444.619
655.412,421.796,476.883,518.725,493.665,396.641,402.194
555.959,802.766,550.579,487.130,640.946,844.229,213.763
231.990,341.317,211.339,697.234,564.566,648.674,365.160
448.700,284.425,612.505,493.161,631.629,385.070,100.186
353.981,648.496,475.291,527.824,733.074,767.951,640.855
577.751,157.847,378.855,429.814,304.340,487.641,560.545
382.949,502.965,471.966,180.549,674.440,474.031,561.197
665.278,522.610,550.766,521.960,227.639,672.050,604.164
529.326,510.264,482.369,481.030,509.091,768.995,487.606
336.907,719.350,585.189,171.401,601.269,440.950,619.440
499.436,492.738,205.703,494.366,47.532,332.921,365.492
350.278,838.553,416.243,642.365,331.492,751.487,777.281
343.712,664.861,585.462,818.942,571.918,635.590,836.005
338.810,777.751,581.834,255.077,574.593,264.549,236.797
659.574,258.922,472.312,555.088,532.058,237.450,459.882
500.885,755.725,530.912,618.560,491.527,665.192,211.943
281.607,605.075,781.616,549.801,377.258,335.488,522.320
530.827,713.615,420.191,767.656,199.522,305.797,495.471
563.015,341.929,520.696,99.810,507.209,257.614,607.731
757.260,363.828,530.240,503.034,511.895,391.542,291.035
605.440,371.854,610.424,356.129,512.636,699.447,714.666
622.788,651.414,363.668,748.334,485.184,686.603,527.589
668.321,395.554,689.500,504.017,487.677,557.482,732.379
293.611,467.581,683.614,556.009,223.854,626.575,402.731
243.713,206.031,957.559,378.488,828.221,532.541,441.957
461.454,369.386,668.940,690.390,573.907,819.426,280.544
863.928,526.809,409.659,405.094,475.267,942.940,582.374
334.509,429.617,312.632,319.757,297.469,623.447,400.154
655.588,594.512,346.169,441.382,587.069,590.309,505.777
460.851,503.486,206.344,660.076,685.518,301.969,365.087
435.089,816.073,31.250,422.593,540.061,527.157,910.150
314.656,382.886,194.519,189.838,368.537,634.206,586.387
707.725,224.322,388.809,417.779,762.480,227.716,299.179
406.233,561.006,457.281,139.119,218.778,801.571,713.794
806.472,541.232,833.313,676.199,828.621,225.808,522.473
509.031,387.101,913.280,308.451,240.603,865.141,666.330
233.901,607.897,601.247,627.952,729.343,565.845,483.471
499.142,763.314,615.754,519.573,253.994,271.458,320.382
836.090,330.658,470.412,433.497,503.932,473.536,392.409
489.745,588.542,417.329,583.284,510.101,414.335,457.054
528.706,566.171,522.847,313.326,536.762,268.870,444.801
433.224,607.816,469.209,435.249,456.073,715.616,501.020
436.076,708.500,696.331,522.637,338.519,592.184,628.522
751.240,796.571,634.035,465.628,393.644,540.213,337.588
718.742,909.316,371.921,663.491,837.486,418.750,754.600
589.250,556.106,183.791,389.805,504.216,299.281,495.595
999.400,133.848,428.971,117.356,300.662,585.987,523.700
522.606,549.411,617.344,468.568,594.521,425.436,627.311
805.841,396.368,366.893,373.116,422.929,612.110,590.287
590.872,342.948,287.882,63.748,783.784,251.366,634.774
339.757,624.962,873.680,617.251,564.314,682.607,89.147
517.597,1061.685,557.567,323.303,643.450,587.779,313.260
878.833,848.889,444.328,681.691,864.647,752.811,712.174
309.260,368.349,878.393,539.595,407.898,616.099,485.116
293.544,916.973,532.353,516.256,676.860,265.083,579.215
501.405,674.697,338.646,740.547,417.390,926.172,812.310
701.573,654.608,109.497,626.239,597.799,389.180,618.555
629.204,505.572,31.250,664.976,544.855,210.749,305.416
356.732,308.940,286.953,641.049,487.824,881.249,362.850
251.180,462.079,31.250,631.581,547.234,504.269,559.270
592.037,339.906,997.543,568.292,456.370,169.615,558.897
443.612,712.985,597.599,297.147,342.780,461.286,542.557
699.170,404.369,546.048,357.099,603.645,577.147,425.721
823.778,551.174,593.517,557.783,627.203,644.075,564.003
121.016,780.059,501.053,317.372,491.465,574.895,301.489
607.747,395.582,580.545,378.869,406.534,899.632,283.235
394.364,737.393,482.535,583.135,451.630,379.941,284.574
742.333,446.299,657.593,571.730,415.179,257.736,407.736
31.250,707.138,249.308,607.000,736.407,423.927,523.368
137.649,566.664,393.058,715.611,591.913,194.476,606.089
454.694,619.578,259.275,630.116,267.161,347.681,564.570
565.983,666.478,267.672,1075.972,431.389,903.539,525.292
585.681,259.418,546.652,511.926,721.328,221.261,759.344
316.833,651.128,602.449,537.504,153.674,620.650,429.108
773.569,408.318,445.000,745.271,516.559,260.338,229.036
81.406,633.137,395.955,451.904,134.540,471.009,764.663
622.548,414.438,349.291,640.961,317.502,386.711,371.762
400.083,632.071,439.011,176.226,163.132,31.250,344.193
445.994,437.271,433.344,505.869,79.299,377.706,552.020
823.878,460.167,234.956,547.327,616.863,625.144,443.914
332.380,289.594,323.555,402.048,202.752,369.914,425.127
504.090,548.994,745.864,461.117,541.488,769.679,464.788
349.828,427.656,477.981,852.722,512.655,418.089,184.704
525.470,424.043,523.535,611.023,487.466,526.371,594.901
168.749,509.952,461.096,228.669,520.189,516.764,394.740
731.141,635.542,544.726,382.609,598.843,193.550,420.626
579.036,591.274,298.810,417.498,668.194,370.515,31.250
713.908,679.977,237.572,731.892,636.643,281.045,590.396
567.182,519.151,269.256,544.901,275.523,493.969,469.327
491.913,480.242,544.619,545.327,698.068,937.082,153.388
543.548,518.792,608.863,568.389,169.217,566.086,492.925
356.463,625.653,544.036,247.018,290.648,518.359,364.503
366.026,321.748,573.677,427.036,743.291,525.764,570.152
281.987,696.457,544.724,730.363,692.721,687.191,195.072
549.574,184.459,894.575,380.530,697.677,317.422,450.594
316.225,425.999,587.865,665.527,623.005,574.308,1036.653
310.648,360.967,789.716,445.970,301.206,734.724,790.602
671.301,480.550,659.290,519.456,573.643,256.912,632.074
612.943,646.384,621.562,544.315,618.398,814.579,514.848
715.182,412.809,470.316,665.149,552.247,445.571,587.617
522.162,627.268,492.507,354.006,748.901,504.305,576.802
512.576,174.884,632.884,506.596,507.320,339.104,461.136
496.895,477.147,437.806,537.228,555.223,544.997,573.511
352.625,128.634,476.528,577.785,49.335,256.033,424.643
645.871,321.856,519.372,628.484,433.276,506.944,326.809
790.690,357.303,469.696,431.306,535.728,422.977,809.719
389.980,616.713,631.644,873.915,189.253,705.998,576.333
252.024,151.586,686.160,517.893,590.651,31.250,352.345
958.878,353.316,545.847,437.750,637.970,693.298,672.403
307.151,560.368,637.017,573.795,463.287,431.392,265.964
567.037,535.844,684.853,425.549,393.841,31.250,503.454
531.529,285.058,591.065,781.609,443.042,342.983,391.542
518.188,636.013,454.682,607.388,1051.902,216.359,324.287
568.615,328.292,786.505,319.281,683.080,197.836,704.778
293.312,600.288,528.940,561.834,474.520,643.994,475.195
505.771,398.915,671.513,763.874,527.416,475.397,836.469
618.555,428.208,471.102,754.127,705.059,388.016,575.475
305.416,245.564,356.881,298.381,454.556,645.961,485.266
362.850,686.899,288.099,518.061,773.765,445.219,541.645
559.270,456.084,403.577,598.136,365.455,711.428,546.421
558.897,542.720,419.529,409.895,732.958,494.276,276.101
542.557,429.859,495.076,506.771,465.327,510.787,448.718
425.721,312.130,170.906,487.984,263.033,704.118,393.516
564.003,447.438,351.301,503.895,424.163,578.667,353.589
301.489,626.240,287.569,580.861,463.783,405.020,390.936
283.235,281.930,251.297,724.282,411.311,424.425,679.310
284.574,489.201,31.250,447.294,730.565,743.100,483.223
407.736,557.298,632.495,31.885,182.380,588.800,649.908
523.368,214.078,275.923,611.904,856.378,774.298,709.389
606.089,598.181,535.008,371.308,289.297,632.686,285.064
564.570,160.575,471.259,436.200,183.324,435.285,612.120
525.292,700.951,421.404,579.093,409.463,453.796,568.623
759.344,488.269,450.734,460.704,434.046,797.867,856.356
429.108,662.953,383.133,360.509,673.792,588.447,725.942
229.036,433.662,287.236,760.649,467.011,846.450,616.820
764.663,251.095,214.684,360.278,270.254,524.922,458.986
371.762,559.479,525.501,574.399,540.181,284.324,425.679
344.193,375.508,382.328,319.318,720.209,318.038,393.582
552.020,626.935,427.294,715.644,744.933,691.836,231.784
443.914,387.472,294.961,550.775,445.076,454.474,180.950
425.127,635.944,265.654,181.649,638.688,386.365,796.794
464.788,264.394,859.640,509.731,159.143,497.307,446.158
184.704,647.133,414.458,239.643,419.479,96.736,532.439
594.901,670.616,708.947,874.156,31.250,516.576,397.466
394.740,357.688,407.074,789.464,464.335,483.329,541.534
420.626,550.571,277.675,142.258,520.645,277.399,623.582
31.250,562.737,494.286,424.400,255.783,616.443,437.176
590.396,691.822,364.751,722.373,704.276,591.265,672.476
469.327,515.869,339.744,605.606,576.195,516.960,220.164
153.388,679.483,1111.745,500.687,512.349,553.605,567.745
492.925,166.023,699.299,256.184,391.318,676.884,592.974
364.503,791.023,427.181,789.721,578.659,678.183,360.035
570.152,859.344,556.872,600.295,202.147,434.842,591.312
195.072,641.346,591.113,666.421,649.130,335.028,405.686
450.594,682.488,404.094,256.481,788.930,482.788,405.579
1036.653,675.926,588.686,321.711,490.550,611.254,562.876
790.602,558.964,701.721,718.289,623.669,774.018,502.889
632.074,436.264,548.489,775.192,658.218,543.580,547.469
514.848,219.452,619.196,950.801,455.372,721.762,377.566
587.617,227.276,695.408,485.061,412.639,726.914,441.215
576.802,624.254,574.262,431.655,638.088,347.302,540.834
461.136,730.345,582.541,660.116,168.192,450.911,788.733
573.511,576.690,695.351,394.991,473.197,526.729,543.548
424.643,352.875,747.407,205.126,512.024,720.210,449.109
326.809,662.495,693.436,446.904,335.481,378.868,446.735
809.719,562.576,570.564,458.727,346.727,744.802,312.126
576.333,757.664,559.642,286.686,440.490,751.797,73.090
352.345,445.396,642.675,341.010,466.244,246.386,640.727
672.403,296.400,583.599,477.192,572.763,873.674,438.834
265.964,595.205,782.091,550.477,656.296,423.735,463.783
503.454,361.933,716.272,252.317,562.528,531.766,500.653
391.542,171.885,595.309,392.080,607.832,331.363,166.217
324.287,637.400,476.873,527.241,529.394,406.586,544.407
704.778,389.269,564.065,575.895,602.211,771.859,273.915
475.195,559.143,669.354,225.133,448.063,368.869,399.396
836.469,468.635,641.976,648.015,785.675,605.258,428.969
375.060,433.875,817.333,448.330,466.386,456.982,604.882
472.535,339.119,369.414,483.115,500.665,208.815,185.282
419.712,214.817,666.227,370.115,703.276,411.930,650.137
711.605,558.932,583.990,520.471,486.560,254.322,537.852
181.049,210.758,635.273,352.506,243.085,533.429,801.711
531.148,452.009,735.714,521.430,584.370,530.110,296.745
738.627,498.645,756.123,403.601,684.915,374.238,622.779
265.010,733.240,792.843,360.153,678.866,510.230,614.483
519.474,446.976,636.632,533.946,301.996,237.712,464.649
704.136,576.065,402.199,768.720,553.753,474.006,587.414
637.995,212.820,389.962,493.659,466.202,420.574,528.472
592.003,99.541,505.110,611.909,561.525,509.167,855.980
112.508,91.853,366.558,779.348,895.094,342.477,863.086
280.402,366.405,461.408,668.958,515.209,623.170,800.380
700.483,362.721,149.966,512.452,666.695,538.622,394.383
505.525,502.563,222.119,676.068,497.069,149.633,763.522
740.735,714.260,982.830,220.001,436.569,693.626,146.737
679.642,356.068,551.879,602.574,599.858,353.399,468.054
484.139,652.760,369.882,669.032,524.020,655.207,480.951
383.179,415.447,484.172,336.694,615.649,465.969,493.607
281.107,533.840,422.110,592.331,307.263,371.338,487.990
132.247,646.923,325.576,746.374,567.712,482.226,548.424
459.374,551.598,510.233,415.186,585.366,692.065,623.132
644.764,329.019,492.123,725.797,164.171,502.156,520.334
670.917,474.186,72.543,558.720,315.617,538.944,458.297
691.695,449.633,148.587,525.901,699.577,492.958,522.329
596.310,640.129,414.251,406.587,618.763,527.356,515.655
442.242,293.824,314.634,623.943,615.870,643.187,388.311
495.779,213.595,562.354,348.973,927.628,684.802,365.601
867.609,459.097,507.633,447.735,256.318,302.487,656.875
468.362,629.857,543.803,645.182,375.178,401.295,391.371
582.627,494.022,305.521,743.567,481.768,721.510,570.008
836.340,467.730,285.518,700.393,552.142,609.516,616.778
620.719,508.517,538.840,288.710,514.791,248.602,609.473
372.098,588.975,665.178,498.815,661.295,420.590,479.350
834.953,443.871,599.078,326.446,621.067,533.987,360.417
244.610,412.905,406.874,504.956,312.126,745.380,600.171
476.419,596.790,378.466,458.443,151.926,380.737,407.827
593.283,636.755,364.807,743.472,576.730,296.325,627.482
572.066,459.564,379.476,463.114,467.686,352.411,291.424
700.738,31.250,280.322,633.906,395.688,738.880,821.926
580.382,394.868,180.830,658.623,737.835,282.646,356.575
394.285,433.620,317.145,484.584,730.024,473.820,832.436
422.222,326.210,831.251,413.416,493.779,633.733,432.557
403.009,743.203,563.375,114.039,359.872,371.440,420.789
197.697,487.082,538.292,341.288,480.566,392.568,743.419
497.230,387.611,723.550,520.821,473.516,512.567,339.041
738.377,290.677,484.672,516.296,614.131,674.965,540.847
500.310,627.299,516.647,651.583,419.284,372.416,542.247
488.045,692.848,498.037,543.678,380.601,412.048,306.344
604.914,463.591,467.751,563.578,692.695,142.087,301.093
826.724,197.343,415.630,727.283,383.235,368.135,800.453
281.585,807.908,599.902,789.973,273.658,553.375,779.869
464.227,914.456,650.060,489.421,463.180,105.276,989.483
1044.958,447.252,585.358,278.411,104.038,108.052,589.936
705.832,877.822,825.162,458.127,545.050,462.519,533.692
367.826,355.227,530.202,647.605,373.261,698.645,182.085
607.998,563.242,588.607,443.294,399.016,421.637,477.362
480.922,703.992,466.286,333.079,326.252,685.956,506.651
444.005,185.221,819.683,515.669,189.958,757.595,166.807
562.518,375.060,315.277,627.901,432.902,660.977,489.749
355.085,472.535,302.547,681.993,445.598,366.431,527.012
494.027,419.712,860.584,396.937,481.320,754.951,344.038
461.697,711.605,427.149,399.090,358.914,475.595,850.999
379.382,181.049,274.305,954.768,494.936,327.139,734.230
479.232,531.148,31.250,573.378,633.370,618.077,499.825
437.467,738.627,128.114,496.773,315.956,243.644,531.530
45.402,265.010,299.307,458.322,748.208,422.302,453.048
127.772,519.474,181.611,630.659,502.895,546.658,710.021
484.644,704.136,811.983,578.323,259.616,421.047,733.499
209.529,637.995,444.101,485.795,439.831,215.501,693.311
609.437,592.003,308.891,391.428,666.141,586.536,480.385
422.058,112.508,320.216,672.057,703.052,587.601,565.339
959.959,280.402,303.015,651.814,346.440,511.240,532.146
488.825,700.483,390.881,529.680,539.186,333.416,600.196
791.206,505.525,278.929,552.565,615.670,630.676,706.923
406.323,740.735,419.995,561.979,511.268,282.785,676.771
303.285,679.642,361.635,591.874,657.665,275.379,466.016
168.060,484.139,338.716,556.150,661.678,651.874,424.615
340.135,383.179,448.386,277.357,203.924,342.356,711.329
608.723,281.107,302.287,337.912,572.112,569.886,408.226
409.503,132.247,330.927,690.746,725.362,636.961,409.052
31.250,459.374,987.432,717.150,440.693,291.669,644.326
304.793,644.764,531.788,360.136,767.265,720.177,659.814
440.495,670.917,510.390,578.017,477.334,430.847,91.230
582.845,691.695,428.947,291.431,454.667,489.418,299.307
582.524,596.310,324.215,351.088,406.481,603.681,608.271
559.561,442.242,593.723,384.892,287.513,500.602,840.200
616.555,495.779,492.446,653.944,384.827,227.279,706.534
820.032,867.609,711.482,933.484,311.305,582.733,538.844
401.150,468.362,500.736,561.657,455.711,411.579,649.447
427.362,582.627,634.118,460.031,419.937,610.239,322.552
575.720,836.340,539.020,109.953,418.935,897.736,657.905
609.959,620.719,568.281,295.545,552.398,529.657,597.616
440.073,372.098,670.706,579.283,194.572,524.855,272.330
708.486,834.953,640.524,409.804,458.691,689.878,284.255
620.674,244.610,681.908,534.323,31.250,543.950,523.137
486.070,476.419,493.392,714.254,478.069,31.250,309.937
805.944,593.283,508.414,329.161,78.664,660.402,501.443
385.816,572.066,798.414,568.742,307.890,317.618,351.413
431.008,700.738,651.238,601.822,157.925,574.553,532.782
182.857,580.382,677.406,352.810,761.152,470.535,702.745
438.706,394.285,647.204,398.715,534.464,548.978,55.888
552.597,422.222,595.543,699.508,616.373,473.468,551.146
472.421,403.009,487.520,952.565,824.596,818.378,752.964
533.529,197.697,462.479,680.230,234.191,737.266,977.500
459.673,497.230,749.086,498.642,687.652,799.917,906.515
482.280,738.377,671.136,398.412,214.559,537.319,500.701
404.807,500.310,524.311,369.612,257.072,524.673,516.106
285.163,488.045,510.299,731.877,606.577,712.795,434.277
533.818,604.914,640.911,565.093,742.562,158.998,637.457
443.805,826.724,517.347,595.687,206.944,626.568,487.964
239.252,281.585,478.915,554.169,285.006,563.009,531.008
180.506,464.227,432.676,660.120,485.960,467.539,602.107
597.316,1044.958,320.714,768.955,331.738,712.313,547.628
484.120,705.832,875.608,889.195,518.394,766.494,532.633
362.787,367.826,591.530,214.425,552.349,160.889,833.675
716.271,607.998,550.305,376.625,597.244,720.083,387.558
731.566,480.922,506.607,673.344,306.084,711.565,861.896
589.912,444.005,613.126,678.108,510.120,414.986,737.273
540.141,526.309,545.068,588.154,243.314,499.076,258.605
563.593,519.813,463.528,533.712,586.218,454.590,541.819
376.801,625.974,500.121,375.897,429.701,699.689,715.410
672.153,473.103,607.221,668.384,905.084,348.951,311.525
683.348,31.250,928.771,423.174,641.250,390.151,484.668
328.895,616.878,480.026,246.733,492.641,471.340,696.736
519.740,455.908,34.271,266.248,812.516,498.340,647.261
661.911,703.574,340.692,626.474,791.440,668.643,200.976
605.608,615.834,505.788,833.870,347.401,306.800,741.689
440.965,536.172,573.087,324.889,941.950,906.988,674.450
677.044,527.632,581.102,353.001,532.708,937.921,316.007
532.143,621.138,849.276,292.676,313.470,681.281,459.603
354.310,474.860,883.489,181.657,233.233,625.214,538.924
472.709,324.650,690.390,459.200,416.164,338.724,507.125
500.368,540.253,546.858,650.273,597.163,786.217,484.186
326.475,824.427,528.860,506.216,703.885,439.419,334.734
551.847,418.495,511.870,567.946,31.250,566.889,536.669
463.542,604.047,485.615,482.163,494.957,315.417,729.319
373.602,522.346,281.182,560.564,621.374,31.250,432.596
766.165,654.341,399.651,689.174,447.884,369.583,189.607
527.942,234.745,410.675,554.821,637.951,499.136,576.371
915.861,421.480,443.541,906.986,669.242,727.499,244.158
388.855,589.305,453.087,297.396,236.815,540.313,571.714
480.576,299.994,645.708,542.740,459.674,553.502,77.688
898.187,473.112,454.893,506.035,451.090,533.847,378.881
411.218,599.146,413.389,440.536,539.745,584.122,520.059
150.858,533.052,589.892,646.370,614.961,769.807,453.610
741.818,693.340,491.944,499.130,544.088,539.113,31.250
358.954,544.611,547.803,660.389,213.398,583.816,454.104
661.463,403.136,651.762,557.172,563.859,296.252,590.614
269.058,640.549,632.281,537.236,1100.753,687.363,637.627
537.203,671.408,590.103,685.875,482.105,519.522,433.471
106.600,50.293,490.944,733.697,541.301,210.402,424.695
548.809,245.795,624.087,345.169,677.766,516.838,318.129
455.663,471.848,570.546,465.829,450.703,815.089,463.067
405.758,349.115,425.108,293.103,644.307,921.235,451.639
31.250,551.719,449.380,503.470,452.749,472.251,471.692
375.791,346.992,222.172,407.458,257.244,633.724,510.182
182.833,477.362,182.211,741.335,719.520,857.972,688.782
591.984,677.865,31.250,526.330,776.298,664.549,643.728
685.781,477.144,64.031,510.447,287.470,484.455,415.328
345.176,697.616,873.407,620.576,383.462,500.135,189.380
338.338,623.404,449.572,744.542,475.884,749.481,596.472
497.206,193.268,636.763,440.880,49.375,411.975,512.999
242.388,711.941,529.457,375.399,363.837,618.564,778.720
481.823,459.779,357.927,342.945,337.393,31.250,571.942
607.744,507.335,708.089,517.847,314.966,674.850,837.524
206.580,519.986,652.182,880.348,667.673,629.605,505.441
602.823,346.018,308.810,527.125,138.110,359.581,806.852
579.422,443.579,620.945,548.153,365.612,650.779,648.448
620.910,43.403,334.183,782.231,413.469,454.552,502.775
645.499,457.410,415.773,545.875,253.288,537.054,903.061
638.050,273.947,597.614,338.068,668.652,342.694,831.068
537.265,493.512,470.317,336.546,382.172,260.042,406.612
682.514,300.392,715.038,275.495,476.621,406.751,584.252
554.877,500.191,716.297,267.568,658.437,666.682,379.265
390.034,259.504,256.553,547.224,564.834,103.252,348.167
658.869,346.113,339.831,357.716,571.143,650.862,170.813
780.312,402.215,505.490,510.889,750.006,875.940,201.114
562.472,557.159,390.077,487.516,692.107,737.303,704.745
363.996,768.253,601.791,540.141,128.253,329.814,660.999
554.837,226.099,495.826,563.593,987.950,581.057,860.920
584.618,232.471,383.102,376.801,596.726,636.463,227.228
530.027,542.005,211.552,672.153,748.920,946.804,543.703
582.774,601.455,496.135,683.348,380.181,546.314,421.558
345.794,478.001,429.842,328.895,475.110,632.208,516.186
342.206,769.289,326.998,519.740,438.764,672.764,435.531
252.829,691.159,289.534,661.911,482.946,329.584,463.494
640.444,407.318,472.310,605.608,673.597,383.037,485.020
513.962,244.344,555.043,440.965,292.460,323.496,359.973
258.534,250.579,886.923,677.044,439.576,313.172,303.548
416.516,589.251,601.687,532.143,370.786,537.464,545.554
541.130,607.055,749.865,354.310,672.709,504.742,315.172
133.035,592.185,878.038,472.709,529.465,646.558,745.418
548.444,406.557,867.673,500.368,478.038,560.215,368.866
584.424,502.939,486.185,326.475,547.262,672.200,259.433
418.080,901.307,607.761,551.847,619.268,674.772,336.214
544.631,583.340,586.290,463.542,375.047,674.482,381.687
443.145,640.356,595.025,373.602,31.250,612.529,151.700
648.741,527.434,590.448,766.165,250.637,498.002,402.123
467.056,547.734,594.517,527.942,856.851,680.279,345.601
424.284,377.992,588.146,915.861,605.995,467.141,344.359
607.481,709.958,469.147,388.855,564.691,820.216,577.130
451.141,355.569,31.250,480.576,673.401,693.913,433.043
454.472,505.653,407.847,898.187,486.195,772.103,344.138
366.094,617.292,346.732,411.218,585.842,592.066,570.268
740.225,693.986,663.256,150.858,542.489,427.943,202.285
653.571,402.747,518.733,741.818,407.165,440.350,736.025
411.143,578.132,542.145,358.954,468.267,376.621,578.690
601.513,584.295,385.652,661.463,468.617,687.484,1085.677
462.816,493.657,398.679,269.058,375.242,697.330,682.417
163.425,360.884,489.234,537.203,475.950,739.612,927.646
195.151,496.375,238.912,106.600,547.727,487.007,660.062
378.224,671.241,498.935,548.809,423.923,259.480,591.328
472.423,453.426,500.755,455.663,422.920,556.449,31.250
430.224,590.439,308.058,405.758,665.414,350.442,551.753
595.466,496.186,31.250,31.250,471.294,559.327,163.780
767.643,179.416,469.343,375.791,614.051,312.144,272.283
578.541,435.875,454.414,182.833,312.284,409.471,542.514
677.259,768.644,409.445,591.984,419.950,720.573,278.293
658.355,275.902,443.113,685.781,525.090,658.608,233.238
851.533,464.450,883.972,345.176,651.340,352.286,511.577
701.573,399.135,585.153,338.338,235.793,523.240,46.313
583.401,284.762,538.997,497.206,469.763,486.891,383.982
410.397,284.978,240.096,242.388,538.621,736.100,692.829
448.797,593.930,717.647,481.823,371.636,720.767,741.760
423.477,448.644,721.384,607.744,630.015,459.837,634.221
203.293,657.959,747.926,206.580,149.129,490.857,527.136
571.242,568.568,573.885,602.823,650.566,452.692,191.639
598.521,772.615,668.441,579.422,815.060,301.964,529.444
516.636,406.298,602.039,620.910,695.024,511.489,632.673
553.329,553.946,624.154,645.499,392.495,248.447,574.435
542.724,634.918,510.528,638.050,430.686,634.360,182.934
723.246,435.831,252.201,537.265,346.996,384.971,543.075
592.540,250.032,612.305,682.514,573.905,433.170,74.901
404.495,464.878,175.724,554.877,764.577,509.355,718.822
431.383,757.539,375.304,390.034,400.632,497.200,496.218
393.428,276.202,430.221,658.869,583.605,418.844,486.010
676.252,584.115,292.444,780.312,585.486,434.503,339.214
323.691,484.385,546.012,562.472,334.161,718.412,582.339
687.511,424.093,471.409,31.250,552.282,607.168,1036.837
576.784,420.534,588.060,642.575,476.184,713.979,597.152
480.041,605.381,608.371,432.663,296.424,286.445,443.614
452.778,469.034,458.864,619.653,149.119,757.632,322.108
784.928,434.134,257.410,448.490,722.270,629.986,167.922
899.186,501.826,31.259,350.402,314.987,505.108,634.870
464.485,753.717,425.472,493.015,941.031,184.968,521.987
302.212,434.416,478.213,684.354,325.761,413.928,357.870
513.881,911.764,54.127,819.500,595.767,431.816,288.459
977.945,966.436,324.701,594.622,643.548,374.385,260.633
208.850,415.991,640.065,791.407,611.201,905.543,605.438
426.778,692.246,478.741,737.770,865.380,560.672,442.875
397.835,159.151,467.428,257.773,467.441,461.728,579.253
152.752,436.539,320.518,463.705,456.558,441.619,539.690
444.135,651.159,404.356,457.125,491.741,506.048,218.971
708.176,489.275,326.233,421.973,618.796,436.091,731.546
532.774,424.036,295.610,224.148,713.273,305.981,616.991
528.715,490.048,500.788,405.589,676.250,547.385,672.834
340.942,707.518,268.380,359.815,349.278,430.453,719.767
627.966,858.769,290.864,754.459,288.149,405.405,715.516
290.428,1165.432,305.437,363.521,667.301,627.217,711.149
334.683,548.522,356.478,166.439,330.534,685.816,624.029
670.242,479.377,906.137,759.832,219.955,381.361,598.888
303.307,869.778,514.253,529.630,752.536,391.308,264.234
389.789,558.124,542.154,693.362,441.133,840.217,593.445
479.568,562.208,478.953,171.507,643.014,420.249,92.946
622.243,134.734,183.740,568.751,425.715,565.979,37.430
285.122,417.310,523.519,695.131,813.888,607.746,368.966
467.274,116.014,573.185,579.443,449.033,568.245,617.064
549.773,605.542,664.205,320.253,250.204,800.276,356.165
470.670,594.083,401.221,577.048,456.700,294.857,373.673
856.232,586.872,466.484,188.454,557.438,426.431,616.248
624.359,347.143,729.188,504.244,613.998,306.416,143.966
419.819,533.906,936.350,690.642,655.782,279.652,31.250
303.245,463.527,662.240,489.369,325.903,556.509,746.764
506.641,532.075,620.368,546.068,415.527,789.351,722.565
379.060,601.878,502.120,581.211,611.787,497.352,120.301
233.489,268.157,473.458,535.593,471.158,646.248,864.342
641.548,503.869,432.119,576.869,711.380,335.863,744.017
255.654,693.997,619.104,564.955,558.661,400.220,428.934
805.496,915.024,509.361,520.379,527.788,146.313,630.362
642.447,767.734,509.581,183.930,779.810,804.582,629.895
518.928,627.775,619.832,234.890,587.462,453.912,447.912
551.775,493.743,536.519,296.318,587.413,857.817,281.706
443.246,569.032,662.693,623.427,381.195,918.327,422.818
205.718,291.458,547.336,630.632,521.671,421.626,510.218
636.583,497.939,627.248,748.161,31.250,486.801,263.841
182.083,358.544,437.704,279.415,830.074,626.262,568.989
322.183,475.994,482.318,782.106,718.460,599.420,345.225
370.644,675.914,362.500,443.194,536.222,536.293,703.802
594.324,490.865,321.990,407.427,587.291,376.197,404.259
560.389,304.937,314.334,538.967,663.608,440.264,588.798
555.351,604.944,927.643,815.158,611.917,354.557,430.497
718.776,644.086,433.291,440.569,812.332,463.191,734.212
426.674,385.840,817.860,380.285,439.579,177.953,352.559
587.211,564.826,693.427,161.034,463.760,344.775,91.297
296.682,157.812,649.596,186.753,415.441,722.214,556.366
493.530,365.719,493.234,696.676,684.085,477.994,327.616
538.004,282.715,626.925,272.413,586.178,553.417,375.439
470.125,405.657,845.031,934.493,589.072,457.614,125.679
584.075,432.902,590.313,734.088,667.110,687.511,685.850
513.161,445.598,284.054,529.139,589.547,576.784,125.681
495.104,481.320,561.274,254.030,279.004,480.041,761.488
341.900,358.914,447.516,274.590,538.518,452.778,279.136
692.553,494.936,547.182,461.132,353.416,784.928,641.705
483.645,633.370,348.787,772.356,214.271,899.186,347.418
278.361,315.956,394.685,234.936,248.249,464.485,574.404
481.791,748.208,138.732,626.603,31.250,302.212,250.588
629.328,502.895,31.250,803.812,691.245,513.881,670.481
534.549,259.616,589.633,351.024,616.785,977.945,685.530
508.740,439.831,577.004,589.723,509.174,208.850,594.387
293.004,666.141,581.673,626.681,320.199,426.778,614.991
539.743,703.052,496.542,705.687,627.472,397.835,310.809
640.971,346.440,422.953,480.968,522.498,152.752,464.510
919.328,539.186,436.266,180.420,666.315,444.135,437.697
666.443,615.670,377.555,414.957,553.494,708.176,644.564
446.293,511.268,478.104,645.432,736.156,532.774,130.456
428.158,657.665,431.279,669.618,395.402,528.715,228.304
31.250,661.678,449.464,437.396,583.192,340.942,473.986
538.006,203.924,977.110,607.824,584.024,627.966,561.159
724.917,572.112,616.047,640.218,1043.247,290.428,375.938
368.457,725.362,399.181,736.988,428.981,334.683,312.467
365.980,440.693,694.969,510.720,887.870,670.242,767.877
203.188,767.265,439.038,248.861,542.326,303.307,443.650
437.107,477.334,305.324,359.032,318.723,389.789,614.728
723.838,454.667,873.933,143.917,368.278,479.568,371.328
396.474,406.481,636.094,354.384,381.894,622.243,268.498
238.288,287.513,435.562,448.084,527.339,285.122,296.587
240.996,384.827,502.927,195.339,358.654,467.274,426.054
368.404,311.305,708.455,534.984,395.756,549.773,380.213
703.858,455.711,479.294,585.040,672.724,470.670,276.124
696.342,419.937,539.046,478.126,505.102,856.232,653.831
469.133,418.935,932.116,347.579,558.571,624.359,581.189
759.033,552.398,685.677,681.349,740.110,419.819,245.423
208.217,194.572,457.327,1050.706,725.722,303.245,363.971
604.552,458.691,433.723,463.248,175.901,506.641,472.552
238.732,31.250,450.076,738.882,569.315,379.060,145.681
857.004,478.069,412.665,416.363,518.601,233.489,456.479
445.049,78.664,713.175,472.954,637.491,641.548,466.787
31.250,307.890,615.376,645.823,558.592,255.654,399.732
648.811,157.925,572.299,341.821,276.799,805.496,766.872
565.951,761.152,628.359,471.626,174.911,642.447,604.951
666.792,534.464,600.709,340.024,434.259,518.928,408.092
632.693,616.373,290.703,386.677,415.712,551.775,602.940
419.801,824.596,525.594,676.413,462.834,443.246,349.744
182.276,234.191,584.930,151.326,400.550,205.718,548.767
238.110,687.652,590.148,460.661,116.563,636.583,650.847
625.482,214.559,643.930,229.860,527.180,182.083,280.333
446.154,257.072,724.977,183.858,498.002,322.183,474.309
420.556,606.577,810.235,681.632,497.714,370.644,753.131
412.302,742.562,499.502,446.565,629.643,594.324,491.920
410.344,206.944,462.306,825.613,582.169,560.389,430.902
537.194,285.006,408.896,625.998,521.202,555.351,508.099
434.051,485.960,437.735,470.664,448.510,718.776,427.962
387.343,331.738,551.822,407.243,809.508,426.674,240.383
669.658,518.394,268.752,447.636,524.451,587.211,273.869
225.757,552.349,486.149,549.690,813.037,296.682,295.850
558.894,597.244,235.489,452.628,405.781,493.530,543.344
323.187,306.084,154.837,628.196,591.805,538.004,532.626
350.592,510.120,31.250,757.090,486.046,470.125,428.741
68.859,836.057,598.891,513.994,587.444,887.394,512.022
633.796,280.641,544.826,604.039,634.488,516.109,491.936
373.133,289.729,601.321,311.839,440.523,635.791,750.100
711.444,317.138,552.684,675.457,668.306,579.600,736.163
144.553,396.401,486.600,586.701,402.740,610.645,513.530
670.180,233.873,608.417,445.738,750.443,701.002,357.755
96.055,618.117,480.896,809.319,772.979,277.177,693.034
618.100,625.390,600.142,450.407,541.704,706.047,756.956
502.553,237.423,814.920,608.464,348.975,439.560,136.448
468.534,542.891,719.080,501.896,705.857,685.998,440.195
484.730,233.610,503.399,357.424,553.414,540.134,500.054
379.734,367.088,470.425,325.810,311.455,489.521,448.905
671.040,404.278,628.464,449.797,610.397,382.253,586.940
344.829,489.216,416.526,142.552,690.173,428.621,268.828
520.071,944.820,723.964,233.773,370.122,345.427,226.742
404.574,587.683,543.211,559.589,593.654,359.204,382.623
532.946,832.240,531.879,610.787,295.786,601.742,489.299
412.105,338.336,564.076,642.725,461.984,518.275,210.810
316.043,482.089,1143.690,346.546,443.181,618.166,560.059
744.145,317.873,670.693,807.794,674.358,319.713,413.792
317.286,636.572,418.592,371.738,462.070,896.809,302.506
540.062,496.824,421.457,559.306,488.016,370.630,415.092
703.000,738.523,563.837,836.191,794.407,600.774,612.627
429.565,357.396,752.240,124.236,441.347,477.686,644.599
453.168,614.720,427.240,360.650,454.138,593.995,454.642
425.319,519.017,414.094,550.793,594.493,184.334,599.606
402.244,607.299,425.859,731.969,557.803,547.077,699.711
786.484,368.680,395.969,350.441,201.338,469.900,644.992
139.924,539.254,653.303,516.460,246.437,303.517,178.231
625.232,696.355,645.528,592.255,409.937,357.750,349.124
864.857,470.805,717.274,745.283,206.614,422.252,797.295
281.135,827.250,480.118,505.767,635.276,596.116,206.338
662.192,366.513,274.635,412.198,719.582,485.235,382.057
562.777,603.357,392.934,456.521,496.116,826.069,585.288
685.653,664.288,289.721,466.813,408.979,535.412,285.924
384.850,519.499,414.183,472.822,732.522,259.252,584.729
792.336,544.735,557.479,271.808,638.034,512.776,453.324
543.234,550.199,31.250,291.514,840.494,343.510,665.792
471.881,655.447,400.775,635.755,305.024,962.853,522.972
762.830,660.912,818.972,542.508,430.931,650.409,234.130
755.952,665.378,355.839,290.200,291.598,272.681,263.424
322.826,538.991,455.919,757.412,234.380,801.056,271.354
569.305,416.967,207.876,322.611,853.578,504.645,399.736
633.623,478.223,158.592,337.481,732.437,495.329,717.965
689.152,623.087,346.735,475.206,335.835,591.581,643.580
341.906,499.759,768.925,768.104,793.045,669.211,350.920
786.961,40.616,771.096,545.701,408.819,410.671,257.059
782.331,529.650,557.332,721.499,546.856,704.772,515.211
693.995,684.231,628.491,710.311,447.426,623.286,204.353
489.464,314.467,201.950,607.706,164.446,543.149,443.646
435.588,499.744,319.947,430.059,235.901,384.734,358.680
575.468,488.053,400.542,542.186,625.063,540.547,566.896
240.294,192.527,501.713,201.975,344.018,297.574,423.328
132.401,218.196,365.743,483.551,465.691,448.874,411.823
535.739,427.383,287.207,891.787,341.647,451.233,337.627
763.333,379.012,246.240,775.731,690.969,770.924,293.795
276.007,453.611,402.171,853.226,516.378,343.025,498.697
325.486,815.882,449.502,462.591,408.123,682.307,520.549
303.683,724.196,359.427,519.009,653.269,560.351,765.490
594.381,426.862,515.193,76.034,537.716,514.911,539.438
356.932,318.282,348.577,433.875,433.950,587.444,439.638
213.039,562.746,427.348,339.119,560.114,634.488,230.082
561.600,495.940,417.038,214.817,302.354,440.523,671.016
711.575,317.024,320.825,558.932,876.014,668.306,600.101
624.831,314.745,303.654,210.758,395.831,402.740,662.099
191.419,193.816,360.534,452.009,576.588,750.443,645.434
279.455,487.581,317.948,498.645,1154.576,772.979,620.194
363.554,272.425,237.970,733.240,631.830,541.704,448.919
374.693,295.988,345.219,446.976,610.392,348.975,172.489
603.512,352.633,328.885,576.065,508.644,705.857,407.091
506.452,580.119,802.627,212.820,543.008,553.414,536.628
825.506,301.273,743.227,99.541,490.577,311.455,208.478
715.860,473.290,719.763,91.853,456.849,610.397,538.696
237.108,448.640,838.488,366.405,384.100,690.173,526.272
413.890,428.088,731.608,362.721,269.435,370.122,460.924
572.962,528.372,290.129,502.563,595.232,593.654,505.255
566.656,31.250,692.564,714.260,316.410,295.786,541.392
259.834,585.855,749.305,356.068,621.650,461.984,290.186
340.398,250.191,658.894,652.760,589.885,443.181,514.010
310.061,571.514,645.527,415.447,678.001,674.358,162.626
387.646,488.672,705.513,533.840,303.223,462.070,501.246
460.492,523.010,186.735,646.923,586.241,488.016,411.307
573.831,470.684,600.533,551.598,516.057,794.407,546.376
1003.283,545.254,332.898,329.019,332.130,441.347,596.836
109.449,692.803,299.580,474.186,326.811,454.138,552.244
424.974,340.252,238.427,449.633,557.965,594.493,811.184
762.704,720.682,775.585,640.129,584.833,557.803,149.846
473.593,419.715,642.706,293.824,460.058,201.338,653.755
661.783,547.135,652.237,213.595,427.064,246.437,640.892
460.177,795.856,662.531,459.097,173.945,409.937,562.287
506.358,700.326,686.695,629.857,710.016,206.614,470.437
907.826,650.529,674.065,494.022,463.087,635.276,424.785
424.374,387.812,684.049,467.730,355.356,719.582,768.121
562.780,572.161,694.136,508.517,365.727,496.116,384.448
203.362,416.010,691.298,588.975,408.751,408.979,566.922
731.777,254.007,699.373,443.871,283.380,732.522,275.607
431.479,605.132,588.176,412.905,525.914,638.034,702.599
414.690,345.677,685.245,596.790,503.196,840.494,604.892
452.350,491.774,629.512,636.755,480.862,305.024,317.403
223.805,412.032,577.709,459.564,1051.492,430.931,452.758
571.991,38.449,350.953,31.250,578.823,291.598,312.046
350.452,497.261,286.661,394.868,738.299,234.380,726.912
594.338,396.932,323.717,433.620,654.715,853.578,492.322
200.170,766.147,293.169,326.210,558.755,732.437,368.068
693.363,551.980,285.961,743.203,531.646,335.835,448.039
481.205,509.500,332.960,487.082,488.952,793.045,827.806
583.321,714.520,277.833,387.611,526.816,408.819,546.671
987.956,477.310,326.336,290.677,367.735,546.856,421.732
545.204,701.263,340.722,627.299,328.825,447.426,382.804
250.628,410.793,769.815,692.848,431.214,164.446,258.195
377.015,557.802,329.231,463.591,383.433,235.901,495.257
237.234,457.534,375.088,197.343,208.018,625.063,595.609
256.681,571.366,431.732,807.908,344.682,344.018,507.817
456.135,425.348,427.533,914.456,493.574,465.691,435.879
418.955,743.882,382.891,447.252,345.803,341.647,185.920
519.621,230.909,362.943,877.822,553.662,690.969,822.474
505.765,545.947,465.570,355.227,605.353,516.378,542.133
512.756,411.699,468.800,563.242,256.992,408.123,707.326
381.597,416.205,707.678,703.992,632.150,653.269,379.575
320.123,537.368,473.276,185.221,640.170,537.716,190.408
573.158,457.474,938.136,229.805,232.757,389.003,276.615
268.886,416.507,987.570,361.544,925.433,396.952,240.405
375.196,818.399,700.854,367.891,488.663,781.078,690.785
373.320,637.504,618.163,390.468,631.510,509.456,595.100
333.807,758.166,623.578,382.559,502.728,639.837,156.490
453.250,492.817,581.572,587.306,416.670,319.826,644.380
488.913,299.480,580.383,472.615,681.704,474.573,625.005
496.693,340.527,557.328,306.857,699.294,740.798,395.746
208.321,285.007,546.953,181.295,226.721,626.147,558.367
900.618,518.026,885.626,582.245,787.261,531.926,228.140
258.301,280.159,577.211,543.175,830.096,429.276,476.257
282.318,898.750,552.436,666.081,479.931,646.536,440.747
543.767,321.957,832.418,728.303,452.907,512.504,700.815
923.893,571.964,500.011,407.117,148.813,357.485,285.820
329.700,459.716,464.956,234.134,288.641,290.572,325.361
561.770,361.517,451.184,407.433,611.521,543.077,435.621
368.649,474.369,415.453,764.603,687.308,99.987,829.655
371.466,503.494,466.638,199.593,504.401,376.042,365.012
144.613,658.770,409.327,530.314,373.577,550.573,406.071
536.113,366.795,322.308,654.066,642.436,652.852,448.264
755.025,447.495,247.768,503.874,436.585,383.107,455.375
518.405,31.250,702.621,442.884,581.081,441.287,380.470
410.106,488.585,368.144,387.563,537.517,408.546,672.821
773.686,339.507,361.207,625.284,455.398,575.113,248.752
877.100,814.852,340.378,400.059,331.896,569.927,564.322
821.950,558.031,958.373,388.706,345.541,473.847,231.487
227.215,898.812,365.929,479.183,878.966,356.594,447.595
180.728,351.898,225.522,507.367,706.103,831.334,460.183
581.785,533.644,227.783,234.847,473.937,200.403,570.191
627.806,378.799,284.676,534.455,345.037,510.193,647.496
252.599,466.499,255.485,264.218,405.222,437.200,184.408
723.102,915.810,282.006,283.386,715.290,617.076,444.105
846.600,422.526,227.910,298.089,383.911,544.900,258.676
768.227,596.672,578.002,549.587,570.497,668.790,715.280
669.142,231.595,465.408,347.189,639.035,340.681,727.583
742.387,480.263,552.912,183.307,440.639,394.328,469.263
417.492,700.838,508.131,546.871,456.415,31.250,604.362
534.374,603.175,603.669,343.072,393.184,201.827,336.002
754.993,649.227,556.712,518.134,462.230,597.022,1062.808
494.390,578.404,662.644,605.426,466.832,518.782,473.454
467.296,344.507,31.250,354.499,163.760,647.510,399.937
504.175,473.595,502.608,679.515,479.059,195.945,270.739
694.416,334.175,502.420,257.459,418.301,467.300,533.270
564.663,514.808,348.086,443.208,537.667,535.905,373.215
197.917,622.092,362.103,689.150,759.389,887.602,235.383
467.612,486.040,551.891,737.736,442.434,494.147,181.329
516.255,560.348,375.470,509.914,620.905,625.853,488.046
181.362,589.266,368.303,344.757,801.227,474.719,607.869
493.720,516.073,355.261,464.819,592.439,874.852,649.753
289.466,40.350,553.279,678.904,175.047,585.702,808.055
664.825,525.291,371.488,389.931,516.678,505.850,696.701
717.562,311.873,504.065,499.608,712.954,695.904,654.180
483.051,760.736,382.890,438.876,541.730,734.434,529.380
31.250,824.085,639.460,355.962,544.289,660.460,653.461
792.674,729.243,536.481,561.031,652.308,503.194,941.829
833.051,830.525,544.769,680.274,683.530,448.141,167.422
429.401,395.255,541.292,799.795,175.436,527.188,415.357
486.045,497.413,691.612,513.589,624.093,270.933,286.189
590.830,469.653,512.632,412.033,360.732,819.981,489.357
715.481,573.028,537.253,382.229,619.421,597.648,668.747
160.076,803.012,439.457,389.180,615.715,419.206,378.655
287.014,304.442,271.044,210.749,434.955,754.229,520.439
148.556,597.154,584.772,881.249,193.110,854.739,799.808
382.943,730.839,458.153,504.269,441.799,584.236,528.449
330.675,603.981,363.529,169.615,313.857,243.459,568.439
565.715,520.510,562.127,461.286,125.982,356.087,801.886
104.537,154.984,408.556,577.147,381.670,426.323,389.274
715.582,194.178,401.284,644.075,558.507,692.587,312.885
618.587,465.332,388.121,574.895,436.708,446.285,606.599
717.228,688.202,642.656,899.632,548.426,536.504,618.345
458.779,688.811,458.902,379.941,423.701,587.609,447.170
342.083,644.185,277.574,257.736,137.605,230.419,31.250
607.582,819.471,472.230,423.927,670.709,860.542,471.078
459.372,619.273,327.266,194.476,928.107,321.987,534.982
1081.339,618.931,315.536,347.681,502.466,495.631,544.592
624.574,584.804,440.829,903.539,429.215,667.790,433.422
270.556,204.512,407.156,221.261,642.059,324.174,626.266
760.357,629.984,276.055,620.650,877.432,499.897,478.103
378.149,646.393,389.217,260.338,533.072,622.779,233.621
208.057,442.421,275.478,471.009,609.199,767.834,567.571
507.354,824.155,300.061,386.711,692.372,528.900,556.676
407.214,280.434,31.250,31.250,491.930,677.667,601.850
718.296,488.203,57.430,377.706,272.191,649.434,704.627
671.231,456.150,912.831,625.144,762.230,534.408,550.844
574.135,588.399,295.011,369.914,595.147,249.558,348.289
832.891,401.163,333.145,769.679,150.186,543.320,510.994
410.529,703.422,477.319,418.089,796.810,270.976,460.544
954.665,719.845,536.817,526.371,710.387,304.474,330.917
365.271,336.063,513.294,516.764,528.181,642.997,252.654
397.462,599.215,426.759,193.550,360.687,440.519,311.485
921.562,578.942,546.661,370.515,432.745,162.819,172.784
532.335,280.641,398.804,281.045,534.287,456.928,536.989
690.367,701.876,648.676,493.969,464.357,291.488,664.272
541.900,277.060,519.031,937.082,396.711,518.390,430.623
348.421,559.140,280.088,566.086,998.432,727.120,272.261
536.741,392.251,673.314,518.359,255.530,584.789,789.610
568.998,236.141,462.269,525.764,560.835,855.933,613.286
444.609,499.690,501.299,687.191,312.482,292.775,321.220
796.673,633.328,573.697,317.422,401.565,361.690,679.273
428.689,602.794,618.556,574.308,208.731,507.372,429.606
418.747,620.615,431.749,734.724,422.387,967.883,365.488
618.255,540.490,380.696,256.912,391.357,725.044,627.090
347.559,327.464,423.457,814.579,104.545,797.154,666.350
269.245,711.007,1080.828,445.571,460.901,362.716,612.447
797.056,443.824,680.700,504.305,757.288,388.344,260.397
166.580,396.408,583.606,339.104,466.551,690.174,667.044
567.616,147.332,590.371,544.997,587.554,719.965,706.653
449.043,299.733,680.739,256.033,503.708,367.018,720.887
853.512,627.913,821.354,506.944,815.589,212.700,708.099
579.864,401.422,661.911,422.977,516.224,516.446,663.747
1056.940,332.482,547.986,705.998,361.447,222.350,540.729
437.514,508.431,521.811,31.250,505.750,300.454,401.018
272.365,613.243,491.987,693.298,316.136,436.431,502.041
689.622,215.198,627.261,431.392,657.893,640.716,456.502
610.545,361.175,638.986,31.250,375.709,572.935,164.585
537.027,537.652,670.848,342.983,309.339,637.422,315.773
624.985,274.452,813.990,216.359,339.637,919.984,921.030
590.693,183.801,639.185,197.836,557.326,456.196,268.641
126.748,641.647,736.458,643.994,566.109,654.151,261.190
839.359,463.953,709.824,475.397,554.394,544.000,353.317
375.182,234.320,376.383,629.384,300.939,627.268,795.165
754.508,403.135,245.863,676.688,752.566,419.451,602.550
692.536,387.686,299.489,383.798,509.255,366.536,693.516
814.632,520.273,478.444,336.322,692.214,317.493,495.256
780.942,391.662,334.725,299.906,523.446,701.716,235.846
399.467,674.510,371.180,811.808,726.487,372.454,446.055
392.655,608.866,315.179,636.833,234.678,316.873,294.586
773.402,762.293,822.872,452.519,783.920,251.696,605.938
680.656,454.691,280.455,211.215,673.015,434.947,1123.961
275.505,736.833,385.132,423.561,358.002,376.216,274.163
840.817,236.011,411.043,679.152,340.209,518.397,538.182
604.890,529.706,145.978,789.615,653.052,762.444,718.574
567.560,76.431,366.776,501.954,479.037,596.922,551.807
500.233,522.352,845.944,567.126,412.258,325.861,272.843
271.544,529.948,696.565,552.722,307.821,511.962,611.801
482.592,591.945,705.972,568.998,241.610,540.506,884.670
361.954,301.459,610.185,411.071,619.371,625.931,119.214
351.327,427.788,432.074,272.661,765.886,325.092,564.382
736.421,118.761,540.382,421.827,392.280,447.826,751.763
547.510,486.510,368.282,484.017,474.318,449.352,773.711
654.772,652.847,465.471,374.397,736.256,490.587,536.375
443.853,448.686,649.205,701.713,635.122,619.774,590.824
416.040,262.110,508.503,625.360,481.184,120.210,595.360
655.048,580.097,454.838,577.025,854.065,495.081,434.798
744.407,805.960,317.655,594.391,324.209,642.629,405.386
348.185,502.468,346.293,394.182,395.761,448.498,385.542
557.564,31.250,264.205,588.485,422.551,229.579,48.849
715.424,244.263,425.299,553.234,767.613,531.614,659.554
442.453,219.162,620.076,493.975,228.447,935.011,561.147
281.552,482.272,61.825,244.808,387.837,301.100,570.085
888.457,647.654,392.693,687.505,622.628,299.893,432.069
332.446,525.821,49.804,566.150,300.685,72.110,314.234
649.780,575.833,497.807,811.082,302.516,436.280,416.218
487.307,324.666,476.092,645.541,371.534,626.946,550.554
512.694,712.931,536.220,545.690,603.077,349.263,311.411
485.858,403.129,552.316,651.661,452.329,611.285,268.136
365.357,316.464,546.559,332.568,164.509,520.550,795.131
382.549,363.125,516.639,551.888,658.935,736.327,441.980
326.872,546.811,637.246,601.320,845.894,558.473,317.510
285.971,589.488,656.172,448.351,378.650,944.001,866.424
679.116,503.458,679.665,613.675,723.167,289.010,525.670
517.668,737.559,902.203,362.365,696.767,468.623,429.448
556.399,467.834,572.614,445.556,693.134,556.895,268.625
574.406,459.010,669.820,518.770,274.028,574.747,541.880
522.794,314.205,585.126,385.034,208.811,688.658,619.583
747.106,320.377,541.453,682.245,744.957,301.264,445.034
548.347,598.993,646.783,417.728,771.114,224.218,445.202
618.208,620.470,848.703,366.159,200.500,357.766,406.263
432.567,560.567,503.017,648.270,241.654,672.252,329.411
649.140,587.077,498.986,403.491,398.168,525.168,682.879
567.885,500.395,429.681,622.249,635.885,419.343,536.499
457.606,439.361,369.975,603.405,520.544,437.091,311.313
695.506,619.644,458.460,31.250,812.667,699.927,496.525
333.612,457.956,543.439,720.440,930.040,771.777,637.618
814.780,1015.381,1008.469,501.693,631.535,775.567,475.698
255.299,918.115,569.935,329.686,658.117,620.786,656.905
657.350,382.656,515.024,326.195,344.998,731.428,228.123
393.059,352.140,460.679,710.464,565.130,401.754,295.615
598.885,756.226,692.416,604.000,714.356,214.020,598.185
581.536,412.051,495.718,522.266,789.442,227.795,673.136
409.960,497.227,481.202,622.299,577.801,627.901,153.684
485.061,521.343,580.453,154.679,448.626,681.993,340.471
831.935,251.160,433.967,325.815,601.829,396.937,518.025
572.070,552.401,578.053,602.562,200.204,399.090,544.418
31.250,415.016,788.812,31.250,384.745,954.768,682.482
699.263,526.794,1041.926,522.111,503.814,573.378,413.613
408.229,389.146,881.476,715.858,628.117,496.773,663.028
625.792,607.298,280.945,404.339,586.838,458.322,578.185
632.729,493.947,479.990,511.251,546.006,630.659,348.770
443.110,466.470,492.199,516.616,231.624,578.323,400.581
867.019,218.706,756.172,390.994,332.174,485.795,369.588
425.513,523.304,519.760,810.871,311.629,391.428,198.094
319.856,653.327,425.180,445.790,440.422,672.057,652.764
402.915,710.200,534.495,700.390,432.799,651.814,220.078
602.289,243.051,645.895,560.147,440.845,529.680,242.954
709.906,762.020,504.961,760.928,462.422,552.565,413.388
338.814,188.604,577.849,739.286,265.667,561.979,281.262
388.331,760.789,452.070,428.329,726.371,591.874,641.134
772.478,296.130,562.468,658.220,542.195,556.150,456.937
616.421,480.511,593.588,436.590,321.189,277.357,292.751
333.255,377.401,161.145,571.329,472.930,337.912,520.098
524.691,382.204,236.903,604.441,405.451,690.746,668.081
554.023,219.936,228.482,419.742,636.282,717.150,563.583
675.785,211.328,154.264,614.092,210.824,360.136,284.078
575.728,570.954,886.012,366.644,375.656,578.017,474.355
360.970,69.518,617.569,107.721,479.692,291.431,48.643
440.530,371.618,442.081,567.787,368.372,351.088,604.128
364.306,557.878,388.219,666.714,609.973,384.892,369.884
654.784,317.667,445.527,613.781,383.205,653.944,731.433
665.794,334.872,606.614,463.577,739.066,933.484,333.494
291.637,619.024,497.665,463.013,375.895,561.657,376.842
700.497,393.127,555.736,682.585,372.768,460.031,217.386
438.015,241.308,380.530,515.794,620.347,109.953,557.138
430.491,31.250,391.325,178.241,341.756,295.545,879.570
632.871,687.719,624.638,475.302,710.806,579.283,569.025
515.490,446.723,521.326,484.307,649.617,409.804,741.437
256.355,291.937,610.214,207.077,709.138,534.323,437.751
722.339,581.213,480.087,345.947,655.589,714.254,570.732
430.200,346.995,761.023,399.522,129.064,329.161,631.031
503.674,428.760,525.839,669.644,438.838,568.742,486.314
826.301,190.323,474.397,544.335,506.259,601.822,720.832
545.611,459.296,383.254,470.505,475.328,352.810,697.866
471.519,322.123,549.272,447.272,783.484,398.715,421.495
562.384,676.766,560.566,418.649,637.908,699.508,123.719
510.990,572.213,726.324,670.832,799.903,952.565,255.012
692.645,491.145,605.297,420.038,831.221,680.230,464.782
574.581,314.816,446.681,526.816,550.303,498.642,1068.595
710.563,468.211,596.004,363.746,783.925,398.412,389.420
712.432,704.807,537.902,592.733,551.790,369.612,601.437
532.541,320.599,548.152,462.763,329.435,731.877,711.435
901.392,645.799,255.007,208.849,135.191,565.093,403.287
317.765,628.572,476.401,532.845,371.386,595.687,856.728
606.744,384.041,321.889,278.014,811.308,554.169,757.166
741.484,848.600,312.117,658.665,475.575,660.120,309.683
361.834,758.840,192.042,750.242,565.181,768.955,900.959
303.326,442.213,112.958,656.160,349.761,889.195,780.959
722.621,650.657,207.416,559.635,619.389,214.425,574.909
401.331,589.309,773.986,298.418,510.222,376.625,173.012
741.838,328.246,499.794,430.271,535.914,673.344,627.398
676.512,598.623,293.884,447.670,392.853,678.108,461.288
509.805,325.671,447.853,515.202,479.874,589.540,678.330
437.677,660.147,677.891,623.292,303.456,340.479,238.393
478.931,250.936,373.158,571.545,517.816,460.588,735.415
31.250,510.162,327.518,537.442,382.331,300.738,257.693
593.229,416.093,31.250,434.943,566.630,292.555,67.302
402.560,516.787,31.250,95.109,792.455,708.879,589.045
507.475,468.484,582.119,510.305,696.205,777.815,697.897
1166.284,344.603,841.243,790.144,375.397,283.065,279.180
601.467,547.407,672.978,448.086,569.494,351.613,808.222
457.405,215.761,572.581,453.233,437.200,623.664,416.270
765.661,165.324,395.790,557.935,655.339,357.048,409.689
249.391,342.778,551.516,315.054,521.097,453.410,392.517
676.587,403.326,438.353,263.298,846.923,612.303,386.167
184.556,578.482,736.993,499.801,676.773,634.993,523.971
386.044,570.344,663.836,586.616,496.642,576.131,667.830
208.894,463.314,652.067,557.020,691.575,540.200,499.945
705.292,743.154,520.313,301.243,503.630,240.650,484.812
872.202,650.110,389.106,404.370,266.722,502.327,462.060
551.338,488.225,592.764,705.455,474.567,408.331,425.751
381.630,852.406,418.716,423.497,268.001,365.660,523.963
685.256,649.359,177.030,562.634,380.159,554.309,329.803
402.582,345.739,551.106,521.803,802.111,64.529,692.418
405.057,528.085,578.377,553.533,432.409,726.759,162.078
369.530,753.919,450.330,637.248,352.155,359.870,339.637
884.355,322.904,472.068,585.948,356.607,732.231,545.067
686.363,452.286,1007.633,452.949,308.851,595.202,557.035
610.230,561.492,327.339,928.126,524.936,610.007,368.546
435.175,529.101,384.690,615.431,479.448,86.224,731.990
318.070,800.121,510.968,311.342,310.094,285.447,373.839
415.538,812.357,441.846,453.772,550.709,542.224,581.782
473.769,604.968,334.061,515.950,408.367,682.468,657.100
521.989,686.695,660.918,758.325,669.139,463.476,453.992
180.712,584.879,909.839,268.486,301.579,510.269,521.749
271.385,527.057,756.777,272.577,516.875,478.162,205.234
272.658,597.626,784.570,394.747,481.936,672.030,666.863
388.901,437.379,482.208,559.023,678.665,450.279,512.828
383.662,595.426,413.787,583.507,761.187,811.239,659.853
768.682,577.074,473.371,674.750,539.512,170.224,316.565
535.001,509.956,570.365,773.282,539.343,246.830,751.835
522.792,83.468,442.232,673.105,554.806,469.226,472.282
617.718,359.894,637.165,395.755,429.854,595.692,612.264
484.079,508.180,555.571,683.565,296.941,749.529,824.656
480.976,435.076,607.740,434.925,667.612,480.779,622.510
494.370,523.728,729.917,587.798,336.446,354.710,538.842
641.301,438.621,621.039,459.571,171.890,508.095,603.703
439.515,276.595,378.863,660.111,347.455,435.272,63.860
643.447,717.002,238.035,378.396,687.387,397.847,370.333
361.211,267.664,307.418,557.362,198.603,303.028,718.871
556.000,543.213,408.875,627.622,481.630,272.297,635.256
982.149,508.975,441.857,178.688,671.674,417.921,779.736
659.231,548.890,394.040,438.206,290.212,797.345,429.932
758.638,907.146,484.805,741.377,496.409,578.111,284.969
356.148,532.660,486.117,337.428,397.354,170.428,449.341
924.183,698.828,558.453,472.204,365.117,763.583,489.752
770.061,409.494,435.140,635.314,651.513,454.905,606.649
345.691,245.127,608.115,379.708,827.240,781.909,254.217
368.867,555.578,98.767,203.165,466.077,512.903,817.907
410.492,653.000,401.767,604.198,416.285,821.278,893.031
288.382,270.915,437.259,279.692,343.792,608.169,550.931
692.723,386.475,522.262,840.537,449.527,473.779,31.250
362.559,276.615,536.102,466.210,234.320,730.163,362.559
457.027,240.405,454.446,602.435,403.135,307.022,457.027
326.097,690.785,665.454,360.843,387.686,480.399,326.097
461.260,595.100,661.130,664.227,520.273,584.901,461.260
572.802,156.490,677.284,669.678,391.662,482.655,572.802
403.310,644.380,545.908,229.780,674.510,873.045,403.310
355.993,625.005,633.831,420.194,608.866,599.041,355.993
602.206,395.746,486.537,381.674,762.293,206.656,602.206
303.690,558.367,434.874,398.853,454.691,391.451,303.690
605.862,228.140,663.250,331.882,736.833,592.583,605.862
1001.215,476.257,949.581,308.406,236.011,449.214,1001.215
301.912,440.747,811.532,653.890,529.706,725.989,301.912
532.906,700.815,498.260,333.145,76.431,355.595,532.906
606.257,285.820,642.834,380.526,522.352,506.431,606.257
147.197,325.361,535.024,622.248,529.948,130.739,147.197
453.122,435.621,664.973,650.726,591.945,689.197,453.122
818.707,829.655,823.015,247.686,301.459,591.878,818.707
337.271,365.012,717.460,699.589,427.788,404.002,337.271
289.265,406.071,457.135,563.614,118.761,578.473,289.265
693.347,448.264,548.789,682.528,486.510,171.402,693.347
656.112,455.375,470.724,373.185,652.847,477.091,656.112
531.749,380.470,498.548,650.165,448.686,582.053,531.749
344.460,672.821,455.707,192.474,262.110,635.239,344.460
308.553,248.752,852.034,598.314,580.097,672.493,308.553
588.642,564.322,280.375,556.389,805.960,141.621,588.642
506.559,231.487,361.497,508.434,502.468,376.410,506.559
284.316,447.595,391.947,442.727,31.250,548.409,284.316
251.694,460.183,319.283,319.540,244.263,431.941,251.694
638.277,570.191,342.298,286.656,219.162,263.536,638.277
748.864,647.496,357.792,653.753,482.272,810.309,748.864
640.784,184.408,980.777,555.331,647.654,245.200,640.784
138.127,444.105,543.722,505.526,525.821,607.254,138.127
427.914,258.676,95.267,511.497,575.833,224.251,427.914
510.562,715.280,352.539,889.259,324.666,551.036,510.562
834.635,727.583,339.645,461.408,712.931,450.935,834.635
406.675,469.263,496.303,705.925,403.129,310.274,406.675
644.946,604.362,419.704,650.562,316.464,766.477,644.946
399.861,336.002,576.351,615.217,363.125,555.595,399.861
457.218,1062.808,328.295,424.047,546.811,509.312,457.218
355.529,473.454,31.250,523.758,589.488,689.236,355.529
298.836,399.937,311.807,871.733,503.458,422.165,298.836
424.857,270.739,461.788,659.036,737.559,237.516,424.857
478.368,533.270,229.348,804.484,467.834,286.615,478.368
329.927,373.215,316.700,317.972,459.010,813.406,329.927
507.962,235.383,215.906,157.030,314.205,742.555,507.962
542.901,181.329,764.663,733.101,320.377,165.094,542.901
610.727,488.046,515.196,406.330,598.993,427.488,610.727
491.686,607.869,444.751,434.174,620.470,459.583,491.686
698.516,649.753,411.175,464.121,560.567,615.440,698.516
404.501,808.055,560.626,284.239,587.077,451.136,404.501
327.745,696.701,468.818,491.656,500.395,181.635,327.745
514.499,654.180,444.756,620.589,439.361,617.713,514.499
536.299,529.380,425.186,396.066,619.644,437.645,536.299
773.947,653.461,460.858,379.372,457.956,425.615,773.947
315.791,941.829,759.032,299.237,1015.381,729.861,315.791
572.463,167.422,522.442,79.505,918.115,635.444,572.463
369.601,415.357,578.763,416.531,382.656,690.935,369.601
338.122,286.189,419.216,465.021,352.140,363.209,338.122
843.165,489.357,489.393,604.510,756.226,795.335,843.165
741.949,668.747,298.097,525.809,412.051,406.790,741.949
389.180,552.996,455.918,604.882,532.609,661.670,734.088
210.749,384.999,158.190,185.282,611.202,509.124,529.139
881.249,681.835,31.250,650.137,237.390,426.812,254.030
504.269,351.174,181.907,537.852,253.361,631.676,274.590
169.615,487.841,403.542,801.711,653.820,95.216,461.132
461.286,819.022,425.840,296.745,294.030,737.116,772.356
577.147,542.150,824.304,622.779,658.491,460.645,234.936
644.075,383.782,450.804,614.483,454.823,507.818,626.603
574.895,372.844,31.250,464.649,543.244,224.164,803.812
899.632,391.646,596.696,587.414,597.184,301.916,351.024
379.941,421.254,720.482,528.472,255.906,387.362,589.723
257.736,262.683,338.465,855.980,346.689,669.719,626.681
423.927,520.413,349.206,863.086,600.999,655.794,705.687
194.476,618.687,269.817,800.380,643.121,741.877,480.968
347.681,302.285,427.056,394.383,174.352,374.524,180.420
903.539,1044.815,322.904,763.522,773.106,504.458,414.957
221.261,526.779,472.154,146.737,597.756,282.046,645.432
620.650,608.276,562.073,468.054,474.387,433.338,669.618
260.338,232.350,800.090,480.951,378.893,356.209,437.396
471.009,597.867,428.132,493.607,387.163,596.979,607.824
386.711,831.932,527.215,487.990,290.601,508.785,640.218
31.250,970.000,609.998,548.424,691.278,536.594,736.988
377.706,953.651,500.293,623.132,572.390,605.873,510.720
625.144,807.501,702.677,520.334,412.445,386.485,248.861
369.914,107.501,564.420,458.297,621.254,278.251,359.032
769.679,591.427,470.850,522.329,682.472,526.578,143.917
418.089,536.814,774.172,515.655,773.829,208.718,354.384
526.371,275.813,412.024,388.311,365.461,386.471,448.084
516.764,836.894,602.235,365.601,588.487,642.188,195.339
193.550,525.260,356.915,656.875,486.850,552.258,534.984
370.515,347.191,484.653,391.371,220.190,440.670,585.040
281.045,308.579,556.282,570.008,658.550,992.736,478.126
493.969,797.419,596.625,616.778,244.854,566.297,347.579
937.082,501.094,691.073,609.473,508.190,398.724,681.349
566.086,355.016,382.345,479.350,607.367,436.685,1050.706
518.359,341.862,265.878,360.417,364.454,867.499,463.248
525.764,629.998,385.855,600.171,699.505,922.921,738.882
687.191,311.108,456.989,407.827,699.835,243.709,416.363
317.422,402.210,409.413,627.482,593.268,433.233,472.954
574.308,663.651,954.561,291.424,326.996,782.706,645.823
734.724,622.228,573.089,821.926,247.984,267.389,341.821
256.912,485.877,258.451,356.575,783.059,567.719,471.626
814.579,631.531,235.164,832.436,671.375,190.804,340.024
445.571,696.338,440.448,432.557,805.091,523.352,386.677
504.305,917.505,398.987,420.789,541.839,417.731,676.413
339.104,700.795,602.684,743.419,138.799,333.017,151.326
544.997,430.799,619.311,339.041,596.650,685.676,460.661
256.033,591.742,633.124,540.847,332.265,608.935,229.860
506.944,406.538,629.635,542.247,466.627,580.910,183.858
422.977,322.666,622.454,306.344,225.322,292.757,681.632
705.998,470.566,472.645,301.093,525.442,556.257,446.565
31.250,448.991,697.544,800.453,762.237,521.825,825.613
693.298,597.432,712.040,779.869,533.809,440.278,625.998
431.392,505.836,428.831,989.483,216.687,561.814,470.664
31.250,696.306,511.160,589.936,621.523,303.115,407.243
342.983,254.724,646.766,533.692,528.640,156.229,447.636
216.359,926.647,772.362,182.085,586.561,500.961,549.690
197.836,277.276,654.923,477.362,513.413,814.306,452.628
643.994,110.625,700.120,506.651,589.375,248.594,628.196
475.397,435.153,435.742,166.807,317.466,619.670,757.090
396.935,557.357,677.747,409.960,365.821,400.581,479.874
729.442,850.495,850.379,485.061,278.527,400.274,303.456
390.738,683.680,655.519,831.935,42.619,319.609,517.816
833.603,776.665,779.611,572.070,623.740,148.427,382.331
876.231,675.671,708.407,31.250,413.708,458.931,566.630
688.846,555.896,786.368,699.263,248.056,751.043,792.455
684.196,459.662,655.796,408.229,391.324,360.853,696.205
736.833,557.303,406.468,625.792,720.579,448.328,375.397
345.555,573.439,397.760,632.729,505.403,357.836,569.494
434.852,295.645,293.251,443.110,411.598,769.476,437.200
440.622,196.746,172.688,867.019,436.331,1111.057,655.339
974.429,472.997,57.547,425.513,121.634,441.783,521.097
575.725,391.445,31.250,319.856,530.912,768.052,846.923
362.621,508.779,478.785,402.915,1121.203,358.622,676.773
806.718,311.024,163.655,602.289,757.290,719.779,496.642
330.681,347.105,120.809,709.906,164.667,612.956,691.575
501.021,791.390,897.555,338.814,377.622,363.720,503.630
637.992,166.397,599.598,388.331,94.739,374.769,266.722
323.618,710.857,599.889,772.478,476.696,469.419,474.567
540.484,603.148,660.572,616.421,384.783,382.166,268.001
402.515,495.595,596.973,333.255,548.462,509.137,380.159
561.097,640.406,537.175,524.691,641.902,618.271,802.111
903.422,141.941,809.729,554.023,427.070,720.417,432.409
352.369,587.051,756.395,675.785,269.085,674.962,352.155
497.011,340.114,623.445,575.728,249.053,426.072,356.607
98.038,447.608,492.372,360.970,602.699,614.163,308.851
516.319,275.376,491.043,440.530,338.226,595.237,524.936
208.140,423.464,515.729,364.306,798.829,334.795,479.448
467.050,580.304,395.576,654.784,441.897,529.192,310.094
384.824,521.947,287.613,665.794,494.323,417.520,550.709
458.775,540.957,516.224,291.637,376.774,631.814,408.367
557.930,282.190,574.056,700.497,778.518,791.373,669.139
649.031,88.818,331.162,438.015,512.998,229.749,301.579
273.498,292.927,375.476,430.491,286.726,504.737,516.875
550.535,317.848,415.142,632.871,478.481,570.229,481.936
656.947,401.835,463.136,515.490,286.586,465.892,678.665
450.407,832.957,437.025,256.355,207.878,551.609,761.187
629.867,316.333,288.350,722.339,321.957,552.494,539.512
651.707,313.973,559.621,430.200,484.159,193.130,539.343
776.103,428.859,581.407,503.674,421.142,633.205,554.806
732.451,536.137,480.419,826.301,385.222,614.739,429.854
684.036,424.867,586.894,545.611,546.677,555.257,296.941
714.885,724.496,661.188,471.519,692.727,484.010,667.612
495.334,798.106,728.720,562.384,598.280,382.673,336.446
448.952,701.127,490.136,510.990,511.090,515.938,171.890
529.517,535.221,368.399,692.645,561.390,246.656,347.455
542.102,316.193,299.456,574.581,565.434,427.154,687.387
268.852,682.374,449.684,710.563,582.743,248.437,198.603
509.984,252.783,455.523,712.432,608.628,751.187,481.630
518.617,285.974,340.287,532.541,500.794,668.153,671.674
530.503,597.524,435.655,901.392,539.957,510.251,290.212
433.211,408.054,463.873,317.765,454.295,310.356,496.409
469.808,348.714,475.518,606.744,280.191,497.119,397.354
474.848,596.035,556.760,741.484,229.802,179.656,365.117
574.309,343.690,503.019,361.834,520.655,563.580,651.513
361.814,380.959,632.010,303.326,285.997,354.013,827.240
327.219,316.465,456.934,722.621,49.576,643.336,466.077
734.085,220.576,435.138,401.331,582.795,97.402,416.285
761.838,446.261,420.483,741.838,681.039,689.362,343.792
437.558,490.870,718.603,676.512,585.646,371.053,449.527
428.208,413.344,721.162,374.926,259.880,383.919,509.231
245.564,386.256,479.999,408.608,505.984,870.115,321.605
686.899,679.823,399.670,796.288,563.477,291.406,621.296
456.084,247.773,389.878,606.150,257.405,429.560,188.386
542.720,355.682,346.523,277.520,498.983,445.126,655.576
429.859,496.371,47.921,415.994,202.635,962.665,349.366
312.130,259.515,437.852,386.968,534.445,711.025,491.418
447.438,535.232,417.480,364.083,499.814,266.491,296.694
626.240,340.052,555.003,669.014,1055.219,415.607,178.541
281.930,579.059,310.002,503.075,154.465,819.919,151.735
489.201,803.176,645.682,455.789,872.732,575.096,521.386
557.298,245.269,927.864,510.991,586.919,718.028,367.031
214.078,593.188,517.223,594.569,677.059,366.979,762.636
598.181,518.424,556.369,136.666,369.104,646.261,405.396
160.575,647.768,544.083,477.806,221.171,492.675,194.283
700.951,762.060,472.488,521.556,772.257,388.414,732.179
488.269,507.545,445.235,645.768,478.745,640.144,523.974
662.953,313.079,337.629,665.145,768.076,433.334,291.763
433.662,697.998,523.521,584.823,646.816,657.125,287.191
251.095,388.176,444.369,566.539,178.058,455.140,246.873
559.479,426.008,686.145,196.519,392.987,654.014,899.029
375.508,311.948,548.657,503.304,532.103,627.160,523.307
626.935,608.953,869.667,526.103,696.767,387.472,716.733
387.472,327.917,476.344,267.521,31.250,357.064,396.551
635.944,498.445,425.194,386.590,183.312,488.113,762.801
264.394,729.040,808.667,342.112,599.886,335.565,561.262
647.133,292.603,470.325,523.808,605.582,564.434,297.088
670.616,225.746,539.715,701.946,884.728,625.856,293.438
357.688,415.205,658.432,396.072,493.242,513.262,562.456
550.571,457.019,687.797,596.767,482.438,609.772,855.168
562.737,724.509,688.441,353.284,383.099,529.011,718.163
691.822,447.987,661.306,479.505,413.744,268.632,300.022
515.869,217.144,518.432,353.361,585.025,570.267,708.473
679.483,361.685,682.263,197.470,626.807,707.695,556.316
166.023,479.485,484.462,533.363,642.983,574.738,414.259
791.023,349.814,444.000,472.072,346.567,431.101,214.852
859.344,467.563,354.302,346.351,557.489,486.078,851.895
641.346,545.037,442.629,217.807,640.300,930.435,645.008
682.488,507.452,784.999,510.597,492.829,642.607,562.203
675.926,145.378,761.278,418.777,627.118,216.905,545.619
558.964,542.725,723.507,648.695,709.589,518.467,620.607
436.264,870.285,588.458,366.364,734.143,669.287,198.864
219.452,457.524,481.356,634.598,282.696,601.791,634.278
227.276,255.214,308.137,473.511,522.729,389.079,576.388
624.254,530.232,281.782,335.005,329.030,536.335,505.543
730.345,782.147,360.398,329.543,368.062,501.308,492.897
576.690,795.118,725.781,709.875,478.756,241.773,414.654
352.875,550.375,514.253,581.804,551.439,663.763,397.042
662.495,558.750,439.632,461.254,681.560,290.467,308.905
562.576,489.099,432.585,322.515,370.989,630.546,392.510
757.664,241.344,206.743,460.961,802.223,424.383,559.201
445.396,206.247,257.739,519.029,279.522,512.630,583.061
296.400,807.701,391.086,192.880,706.714,692.463,714.242
595.205,590.917,500.602,383.087,468.362,708.474,72.911
361.933,709.812,281.610,449.293,574.424,266.689,416.704
171.885,566.986,370.927,557.763,434.216,808.599,467.788
637.400,460.747,31.250,348.986,676.800,804.777,190.125
389.269,444.004,236.975,357.782,581.254,395.481,647.328
559.143,719.294,873.496,200.545,536.933,545.420,423.041
468.635,428.856,480.673,684.652,333.880,662.061,199.647
245.759,727.324,459.532,366.556,480.127,472.471,754.127
453.358,674.219,394.926,518.476,432.272,409.408,298.381
584.856,793.421,468.978,249.919,488.721,372.384,518.061
328.307,402.404,394.456,247.028,169.225,371.555,598.136
261.198,375.895,295.701,724.244,467.400,550.309,409.895
321.148,467.991,403.674,522.458,559.497,547.215,506.771
562.679,556.729,312.753,834.323,294.588,840.266,487.984
689.062,430.095,251.097,503.885,277.510,426.273,503.895
559.539,508.099,190.275,576.486,462.581,684.222,580.861
575.057,471.003,344.916,629.974,644.110,546.079,724.282
493.343,486.408,198.373,408.108,505.634,683.301,447.294
489.728,383.064,895.948,617.137,299.502,535.079,31.885
769.085,257.651,486.057,762.577,585.775,406.709,611.904
430.087,587.623,417.776,769.634,762.463,649.879,371.308
329.005,477.134,436.271,441.794,631.337,567.828,436.200
476.971,402.568,400.957,677.791,219.252,160.554,579.093
824.995,375.520,401.641,474.843,766.658,611.514,460.704
809.324,391.120,478.033,251.677,974.871,270.560,360.509
228.370,202.607,172.650,514.251,196.032,478.860,760.649
559.211,650.394,648.593,512.080,227.002,713.308,360.278
642.921,1001.513,391.144,441.374,710.113,353.196,574.399
303.190,245.712,596.662,377.413,665.793,534.999,319.318
695.595,264.378,339.529,703.828,281.727,707.179,715.644
55.161,405.982,382.742,329.236,604.161,714.896,550.775
306.180,460.301,182.843,344.522,635.614,576.590,181.649
745.523,770.456,31.250,485.849,650.949,541.586,509.731
254.221,444.650,37.674,734.607,643.760,734.303,239.643
512.434,378.617,912.935,390.288,394.529,620.586,874.156
264.426,169.575,449.975,462.190,534.614,436.488,789.464
823.800,721.707,538.338,1040.258,860.829,813.481,142.258
247.637,430.362,442.121,532.944,490.894,674.736,424.400
634.052,824.627,761.690,471.165,439.328,122.716,722.373
441.516,598.603,418.184,598.749,134.398,360.193,605.606
372.162,345.705,643.526,180.416,533.631,635.681,500.687
735.718,710.586,504.791,245.987,726.933,569.829,256.184
621.499,162.829,549.677,889.520,257.832,444.692,789.721
814.630,668.227,495.108,509.090,807.823,849.097,600.295
528.773,366.498,617.357,387.013,791.434,568.657,666.421
616.893,82.713,479.269,591.445,652.517,231.781,256.481
459.119,362.282,495.132,640.397,31.250,310.232,321.711
219.294,744.602,747.570,371.584,996.048,221.130,718.289
368.281,857.986,665.065,520.434,301.156,673.433,775.192
915.132,597.892,618.968,270.286,379.779,368.464,950.801
642.236,279.971,575.805,488.960,316.064,358.928,485.061
585.648,538.349,462.842,543.325,415.506,384.635,431.655
486.279,390.052,594.819,601.573,485.505,261.515,660.116
420.383,599.358,669.124,77.225,563.989,365.486,394.991
361.889,704.945,710.648,460.725,527.081,206.540,205.126
277.899,564.810,619.596,570.159,614.213,585.990,446.904
372.881,402.486,677.239,577.814,313.498,504.588,458.727
352.480,479.306,612.391,617.285,490.592,638.982,286.686
594.701,558.373,546.121,383.248,383.637,124.390,341.010
638.918,474.670,621.955,437.959,533.959,238.055,477.192
474.750,221.144,600.037,604.019,432.669,624.411,550.477
683.888,448.978,598.970,561.464,577.384,347.677,252.317
796.558,530.666,762.218,342.485,453.043,277.403,392.080
346.882,482.481,656.891,822.095,299.028,556.051,527.241
340.546,395.509,724.451,442.253,875.504,523.921,575.895
394.554,579.441,738.712,535.150,498.370,587.429,225.133
664.388,634.994,474.023,831.868,643.479,780.119,648.015
476.638,557.096,445.927,383.919,571.548,472.200,784.196
420.567,395.865,445.043,870.115,605.779,513.890,824.029
260.782,300.182,97.181,291.406,502.122,460.111,610.334
405.133,580.011,396.901,429.560,345.198,463.169,539.468
438.268,257.259,193.015,445.126,361.670,700.333,679.015
988.354,569.548,31.250,962.665,300.839,543.470,522.019
362.759,87.894,897.431,711.025,536.975,303.118,570.271
434.769,376.740,282.881,266.491,472.308,435.671,299.613
254.717,598.901,569.872,415.607,412.409,176.942,442.981
791.883,491.827,423.339,819.919,526.074,448.277,111.085
445.885,571.960,490.251,575.096,199.574,631.660,351.693
601.921,324.824,443.638,718.028,400.409,168.652,435.926
437.311,459.037,276.073,366.979,587.756,516.877,410.752
102.403,821.365,295.554,646.261,299.383,522.353,829.504
536.892,668.885,373.204,492.675,420.528,706.932,496.613
119.464,622.352,351.602,388.414,537.138,865.840,763.220
248.272,385.318,329.751,640.144,474.437,353.398,413.071
378.696,635.275,421.142,433.334,673.434,614.810,555.414
529.279,391.762,313.109,657.125,383.308,679.677,413.874
436.192,90.853,288.108,455.140,483.124,593.201,380.869
501.356,397.885,249.344,654.014,239.711,296.041,380.175
759.014,450.718,348.838,627.160,549.777,433.073,554.858
762.695,415.789,274.767,387.472,297.874,640.704,866.156
782.391,400.393,897.822,357.064,575.738,478.155,555.070
639.690,352.955,429.391,488.113,506.714,561.743,480.904
361.392,512.358,468.057,335.565,348.434,310.706,623.712
543.674,299.192,445.708,564.434,712.741,374.551,767.651
704.740,592.576,484.482,625.856,499.988,735.943,410.581
661.287,432.376,450.505,513.262,592.526,31.250,538.341
527.234,453.280,468.256,609.772,388.868,471.845,540.173
388.343,425.386,457.123,529.011,442.136,210.881,220.480
223.857,145.321,441.025,268.632,645.107,384.221,625.756
196.714,594.536,423.459,570.267,585.136,533.436,499.126
589.223,285.927,684.625,707.695,410.195,506.438,459.796
625.230,538.194,503.828,574.738,636.347,330.215,621.644
328.017,374.219,519.393,431.101,432.248,546.308,463.354
1095.112,392.773,407.385,486.078,735.223,350.403,393.915
636.742,380.210,536.382,930.435,457.055,660.799,549.898
663.297,668.672,564.368,642.607,466.392,31.250,322.178
373.618,843.527,558.241,216.905,151.310,163.204,728.282
495.285,581.571,563.349,518.467,595.549,417.582,739.044
550.068,548.004,573.454,669.287,628.327,459.757,686.970
500.242,429.382,566.378,601.791,515.569,614.694,438.201
135.225,571.162,558.570,389.079,379.219,421.201,589.742
458.645,356.570,535.736,536.335,814.729,880.472,714.717
256.626,687.223,560.740,501.308,518.083,594.653,450.689
642.118,655.229,541.632,241.773,394.536,167.772,643.205
136.233,485.386,833.218,663.763,255.266,812.939,705.078
918.124,626.229,572.110,290.467,627.300,474.093,725.897
805.889,221.773,665.956,630.546,398.780,132.096,736.633
500.869,826.136,713.585,424.383,535.463,718.716,479.080
334.816,379.742,624.519,512.630,878.434,884.975,387.623
661.093,297.324,743.408,692.463,330.741,328.453,873.185
330.920,675.814,759.969,708.474,274.790,553.900,694.207
417.805,485.536,653.187,266.689,397.199,506.517,548.787
806.442,384.270,912.483,808.599,411.919,568.719,511.960
632.700,320.756,793.602,804.777,735.800,517.228,345.428
373.989,749.181,685.469,395.481,516.926,430.641,618.219
320.797,407.324,404.108,545.420,565.210,598.282,575.960
611.680,393.291,760.255,662.061,477.685,613.911,478.718
229.805,329.814,614.864,784.196,900.338,611.599,229.805
361.544,581.057,801.879,824.029,688.432,500.354,361.544
367.891,636.463,621.079,610.334,629.657,314.559,367.891
390.468,946.804,465.722,539.468,469.057,708.292,390.468
382.559,546.314,508.433,679.015,504.437,388.083,382.559
587.306,632.208,604.146,522.019,165.165,433.638,587.306
472.615,672.764,439.409,570.271,652.511,426.119,472.615
306.857,329.584,1038.992,299.613,528.520,539.509,306.857
181.295,383.037,497.774,442.981,565.405,720.397,181.295
582.245,323.496,606.772,111.085,35.801,325.259,582.245
543.175,313.172,913.449,351.693,922.801,263.878,543.175
666.081,537.464,783.657,435.926,627.522,808.631,666.081
728.303,504.742,647.077,410.752,456.432,605.896,728.303
407.117,646.558,431.834,829.504,566.101,490.023,407.117
234.134,560.215,526.874,496.613,346.720,459.914,234.134
407.433,672.200,766.385,763.220,746.407,752.778,407.433
764.603,674.772,465.567,413.071,327.526,262.067,764.603
199.593,674.482,568.064,555.414,437.160,269.319,199.593
530.314,612.529,733.993,413.874,571.209,362.311,530.314
654.066,498.002,696.198,380.869,282.279,381.596,654.066
503.874,680.279,707.570,380.175,695.803,505.700,503.874
442.884,467.141,599.645,554.858,279.731,474.082,442.884
387.563,820.216,632.753,866.156,461.388,519.028,387.563
625.284,693.913,459.614,555.070,217.014,271.424,625.284
400.059,772.103,549.402,480.904,669.008,339.512,400.059
388.706,592.066,501.840,623.712,400.454,724.451,388.706
479.183,427.943,281.158,767.651,718.668,646.720,479.183
507.367,440.350,424.432,410.581,362.675,523.885,507.367
234.847,376.621,31.250,538.341,457.740,291.961,234.847
534.455,687.484,386.967,540.173,476.019,380.791,534.455
264.218,697.330,368.752,220.480,551.059,749.494,264.218
283.386,739.612,425.769,625.756,540.022,619.461,283.386
298.089,487.007,345.175,499.126,745.039,295.575,298.089
549.587,259.480,530.517,459.796,462.736,381.496,549.587
347.189,556.449,487.663,621.644,503.986,435.489,347.189
183.307,350.442,475.492,463.354,840.714,643.624,183.307
546.871,559.327,414.443,393.915,379.302,620.471,546.871
343.072,312.144,511.091,549.898,338.411,682.034,343.072
518.134,409.471,608.101,322.178,453.062,819.539,518.134
605.426,720.573,511.562,728.282,789.538,585.008,605.426
354.499,658.608,393.509,739.044,499.446,434.237,354.499
679.515,352.286,394.085,686.970,362.089,208.973,679.515
257.459,523.240,478.256,438.201,728.174,618.195,257.459
443.208,486.891,221.347,589.742,275.310,271.207,443.208
689.150,736.100,371.120,714.717,436.386,485.781,689.150
737.736,720.767,403.361,450.689,831.936,540.254,737.736
509.914,459.837,392.656,643.205,600.744,123.357,509.914
344.757,490.857,680.355,705.078,528.321,739.197,344.757
464.819,452.692,466.496,725.897,525.827,441.546,464.819
678.904,301.964,388.317,736.633,535.685,736.270,678.904
389.931,511.489,384.530,479.080,374.907,732.283,389.931
499.608,248.447,384.839,387.623,428.825,672.925,499.608
438.876,634.360,31.250,873.185,857.910,551.071,438.876
355.962,384.971,850.997,694.207,511.771,370.453,355.962
561.031,433.170,577.904,548.787,469.488,607.419,561.031
680.274,509.355,463.870,511.960,733.702,457.138,680.274
799.795,497.200,340.306,345.428,445.123,471.476,799.795
513.589,418.844,214.980,618.219,435.225,462.266,513.589
412.033,434.503,327.280,575.960,521.339,308.622,412.033
382.229,718.412,249.185,478.718,776.060,457.190,382.229
618.231,645.445,607.885,353.962,604.061,309.125,456.982
686.973,164.583,601.840,738.353,711.960,651.618,208.815
623.760,484.736,278.521,293.671,313.876,547.117,411.930
462.679,349.146,515.878,416.479,681.253,388.479,254.322
294.645,82.302,606.551,360.921,435.732,586.910,533.429
593.752,851.496,800.279,62.943,494.458,533.993,530.110
235.275,284.848,548.605,526.549,531.528,321.525,374.238
121.034,453.967,651.201,790.954,765.177,471.362,510.230
572.593,424.350,590.587,516.496,512.833,529.606,237.712
31.250,741.850,618.258,172.600,478.137,381.078,474.006
580.763,389.380,543.986,755.878,731.577,252.924,420.574
618.857,382.350,790.841,442.687,214.925,688.996,509.167
644.300,754.103,469.363,403.594,290.873,647.142,342.477
519.211,470.573,549.099,441.176,634.002,428.830,623.170
492.492,475.218,747.187,571.787,218.005,888.022,538.622
322.086,738.782,665.190,384.387,408.524,584.340,149.633
508.996,847.657,496.947,405.117,492.632,103.264,693.626
579.774,509.020,559.051,433.440,164.549,387.108,353.399
405.032,514.110,540.318,905.711,230.328,382.656,655.207
291.936,322.085,491.300,451.939,461.384,354.767,465.969
739.444,423.874,580.431,243.490,116.305,292.125,371.338
650.914,423.053,706.602,337.586,345.246,766.714,482.226
644.096,767.942,434.512,551.569,655.061,544.485,692.065
270.008,106.839,641.925,619.542,453.953,631.420,502.156
34.626,767.855,509.252,372.353,863.379,232.173,538.944
509.803,352.857,461.531,333.970,520.610,585.030,492.958
393.836,900.913,502.150,537.026,627.111,796.508,527.356
503.479,607.779,400.629,382.843,365.559,814.941,643.187
567.117,913.059,428.683,114.990,370.189,380.412,684.802
651.534,784.722,372.728,356.603,360.290,538.243,302.487
495.154,217.400,358.153,921.921,592.124,439.814,401.295
578.386,699.736,368.465,727.424,568.585,354.268,721.510
257.862,761.728,334.869,686.875,324.650,487.761,609.516
661.879,309.357,284.406,551.009,610.488,520.551,248.602
202.892,646.402,364.616,363.478,684.281,301.205,420.590
496.696,431.983,339.915,214.167,497.030,352.162,533.987
455.668,618.155,319.565,377.551,345.255,592.507,745.380
332.916,736.727,333.623,516.896,551.292,593.695,380.737
595.512,525.937,42.569,547.856,294.471,747.578,296.325
413.749,669.834,246.107,360.889,689.100,443.883,352.411
626.369,113.100,849.164,752.196,603.641,494.852,738.880
537.543,574.393,218.567,557.391,376.777,489.304,282.646
350.163,222.101,895.332,483.103,537.432,305.841,473.820
440.642,705.077,550.717,310.191,545.232,401.352,633.733
204.894,526.420,552.789,698.568,767.389,597.298,371.440
351.262,570.935,645.250,477.516,473.921,551.307,392.568
273.522,228.836,600.057,259.295,380.681,934.358,512.567
666.256,720.684,565.869,526.742,256.038,445.192,674.965
411.103,479.296,624.398,309.929,410.269,723.334,372.416
402.151,796.981,663.987,548.696,86.452,756.351,412.048
220.183,707.406,715.260,562.275,783.710,777.385,142.087
513.438,441.315,660.728,388.095,623.886,779.909,368.135
325.572,425.875,517.252,723.666,260.341,600.255,553.375
340.243,680.020,644.484,282.780,481.647,791.400,105.276
483.265,491.577,308.293,721.010,561.769,477.465,108.052
987.830,445.701,617.315,500.629,460.847,199.844,462.519
415.887,265.172,316.802,507.257,619.094,921.601,698.645
337.495,537.753,211.523,600.115,252.655,693.914,421.637
373.911,409.107,107.346,265.154,488.988,300.461,685.956
557.492,573.489,31.250,641.096,326.434,424.099,757.595
309.125,448.330,623.640,540.846,588.154,31.250,727.324
651.618,483.115,629.741,537.393,533.712,431.723,674.219
547.117,370.115,377.530,637.899,375.897,359.926,793.421
388.479,520.471,474.459,580.094,668.384,349.790,402.404
586.910,352.506,443.661,815.285,423.174,425.072,375.895
533.993,521.430,431.953,360.530,246.733,514.491,467.991
321.525,403.601,483.650,580.105,266.248,177.477,556.729
471.362,360.153,508.995,577.397,626.474,716.032,430.095
529.606,533.946,1031.588,747.018,833.870,629.148,508.099
381.078,768.720,629.009,764.850,324.889,590.999,471.003
252.924,493.659,595.326,242.685,353.001,37.718,486.408
688.996,611.909,855.123,406.633,292.676,547.002,383.064
647.142,779.348,594.533,414.039,181.657,328.590,257.651
428.830,668.958,631.402,513.843,459.200,386.335,587.623
888.022,512.452,770.088,739.258,650.273,263.835,477.134
584.340,676.068,606.122,461.559,506.216,647.624,402.568
103.264,220.001,597.746,487.391,567.946,527.328,375.520
387.108,602.574,527.965,196.647,482.163,310.884,391.120
382.656,669.032,482.936,608.398,560.564,266.828,202.607
354.767,336.694,668.639,521.662,689.174,449.339,650.394
292.125,592.331,767.889,513.817,554.821,786.782,1001.513
766.714,746.374,558.961,591.799,906.986,444.360,245.712
544.485,415.186,608.164,681.453,297.396,584.320,264.378
631.420,725.797,531.752,378.366,542.740,641.377,405.982
232.173,558.720,378.263,748.277,506.035,566.417,460.301
585.030,525.901,497.082,619.577,440.536,421.120,770.456
796.508,406.587,423.854,449.962,646.370,505.796,444.650
814.941,623.943,605.852,441.469,499.130,504.955,378.617
380.412,348.973,574.910,549.064,660.389,631.522,169.575
538.243,447.735,581.818,773.024,557.172,745.741,721.707
439.814,645.182,690.220,676.654,537.236,207.173,430.362
354.268,743.567,527.511,387.449,685.875,705.015,824.627
487.761,700.393,653.256,790.924,733.697,329.290,598.603
520.551,288.710,251.776,210.424,345.169,420.508,345.705
301.205,498.815,427.631,465.334,465.829,476.649,710.586
352.162,326.446,562.901,634.874,293.103,493.725,162.829
592.507,504.956,584.661,662.324,503.470,725.027,668.227
593.695,458.443,737.872,604.641,407.458,451.951,366.498
747.578,743.472,466.604,563.899,741.335,118.252,82.713
443.883,463.114,416.449,203.451,526.330,719.779,362.282
494.852,633.906,542.797,554.498,510.447,90.561,744.602
489.304,658.623,509.122,611.818,620.576,419.681,857.986
305.841,484.584,31.250,601.801,744.542,560.675,597.892
401.352,413.416,126.265,796.420,440.880,344.127,279.971
597.298,114.039,400.143,464.580,375.399,519.444,538.349
551.307,341.288,31.250,699.560,342.945,635.807,390.052
934.358,520.821,842.149,581.276,517.847,635.325,599.358
445.192,516.296,387.472,466.350,880.348,406.298,704.945
723.334,651.583,461.984,759.665,527.125,503.825,564.810
756.351,543.678,482.506,492.434,548.153,744.153,402.486
777.385,563.578,421.771,787.634,782.231,602.044,479.306
779.909,727.283,367.482,542.504,545.875,639.648,558.373
600.255,789.973,408.260,332.963,338.068,616.121,474.670
791.400,489.421,210.828,729.701,336.546,503.218,221.144
477.465,278.411,371.366,788.763,275.495,316.617,448.978
199.844,458.127,340.044,268.929,267.568,507.934,530.666
921.601,647.605,84.985,193.058,547.224,736.378,482.481
693.914,443.294,452.456,513.838,357.716,299.198,395.509
300.461,333.079,312.682,648.789,510.889,306.263,579.441
424.099,515.669,403.661,562.346,487.516,544.020,634.994
593.486,378.655,380.034,362.559,457.474,345.250,400.581
491.984,520.439,368.202,457.027,416.507,562.846,400.274
404.967,799.808,385.273,326.097,818.399,933.204,319.609
655.925,528.449,319.371,461.260,637.504,726.009,148.427
397.341,568.439,327.822,572.802,758.166,401.850,458.931
254.808,801.886,288.160,403.310,492.817,509.923,751.043
469.403,389.274,306.033,355.993,299.480,800.991,360.853
597.119,312.885,216.180,602.206,340.527,532.546,448.328
287.529,606.599,211.880,303.690,285.007,602.087,357.836
307.289,618.345,780.161,605.862,518.026,435.084,769.476
753.751,447.170,265.420,1001.215,280.159,575.860,1111.057
589.804,31.250,194.982,301.912,898.750,315.228,441.783
389.332,471.078,257.635,532.906,321.957,805.215,768.052
780.837,534.982,888.041,606.257,571.964,890.692,358.622
695.234,544.592,685.894,147.197,459.716,563.194,719.779
482.782,433.422,376.859,453.122,361.517,386.779,612.956
468.703,626.266,659.763,818.707,474.369,370.790,363.720
412.013,478.103,685.056,337.271,503.494,1090.736,374.769
796.805,233.621,845.850,289.265,658.770,490.122,469.419
470.856,567.571,632.185,693.347,366.795,505.264,382.166
701.884,556.676,751.497,656.112,447.495,296.169,509.137
510.936,601.850,746.681,531.749,31.250,472.243,618.271
615.556,704.627,842.627,344.460,488.585,468.638,720.417
545.436,550.844,779.371,308.553,339.507,162.863,674.962
216.561,348.289,215.490,588.642,814.852,468.447,426.072
72.735,510.994,749.059,506.559,558.031,407.051,614.163
701.060,460.544,491.809,284.316,898.812,362.714,595.237
641.637,330.917,506.819,251.694,351.898,724.791,334.795
595.499,252.654,479.819,638.277,533.644,615.203,529.192
590.426,311.485,469.369,748.864,378.799,598.256,417.520
707.971,172.784,465.212,640.784,466.499,529.065,631.814
686.504,536.989,437.826,138.127,915.810,471.996,791.373
787.230,664.272,438.125,427.914,422.526,548.272,229.749
356.988,430.623,439.816,510.562,596.672,301.819,504.737
829.184,272.261,516.555,834.635,231.595,868.595,570.229
350.983,789.610,437.589,406.675,480.263,391.414,465.892
540.990,613.286,431.911,644.946,700.838,407.814,551.609
783.549,321.220,834.083,399.861,603.175,523.485,552.494
593.693,679.273,404.182,457.218,649.227,379.723,193.130
647.908,429.606,405.273,355.529,578.404,179.095,633.205
454.990,365.488,423.313,298.836,344.507,277.601,614.739
489.884,627.090,523.809,424.857,473.595,413.491,555.257
713.665,666.350,405.788,478.368,334.175,487.259,484.010
538.672,612.447,387.086,329.927,514.808,284.306,382.673
536.355,260.397,345.772,507.962,622.092,565.504,515.938
666.838,667.044,441.292,542.901,486.040,661.940,246.656
243.700,706.653,352.635,610.727,560.348,505.761,427.154
521.057,720.887,386.234,491.686,589.266,417.016,248.437
231.900,708.099,346.033,698.516,516.073,751.452,751.187
940.154,663.747,334.743,404.501,40.350,421.610,668.153
250.312,540.729,681.009,327.745,525.291,345.468,510.251
389.589,401.018,709.835,514.499,311.873,632.542,310.356
307.203,502.041,720.463,536.299,760.736,793.156,497.119
619.363,456.502,628.209,773.947,824.085,538.160,179.656
473.712,164.585,634.628,315.791,729.243,617.920,563.580
737.925,315.773,648.161,572.463,830.525,202.405,354.013
497.790,921.030,572.434,369.601,395.255,491.616,643.336
620.264,268.641,552.691,338.122,497.413,386.601,97.402
841.577,261.190,708.965,843.165,469.653,660.461,689.362
492.584,353.317,278.982,741.949,573.028,462.632,371.053
580.575,40.844,371.146,687.511,501.341,494.764,645.384
672.700,237.742,328.215,576.784,408.148,393.169,309.200
346.989,650.318,329.074,480.041,358.020,561.445,93.879
203.617,474.237,31.250,452.778,500.798,378.859,302.671
493.665,618.894,342.849,784.928,609.380,453.994,589.483
640.946,560.414,940.428,899.186,537.309,419.092,789.596
564.566,341.254,262.044,464.485,457.854,588.135,322.076
631.629,341.756,47.157,302.212,824.808,424.870,449.939
733.074,317.157,537.262,513.881,641.762,380.981,770.249
304.340,608.332,540.831,977.945,441.765,634.012,704.526
674.440,550.402,424.074,208.850,344.031,607.763,450.559
227.639,508.886,563.360,426.778,265.049,539.099,478.274
509.091,687.840,559.653,397.835,628.282,473.195,445.858
601.269,278.874,417.014,152.752,465.696,722.094,601.126
47.532,565.655,357.212,444.135,365.681,594.643,267.493
331.492,777.003,584.725,708.176,397.899,357.933,542.615
571.918,925.017,601.073,532.774,410.712,398.819,492.492
574.593,719.374,752.178,528.715,529.776,598.036,892.813
532.058,335.374,770.136,340.942,613.852,539.186,307.729
491.527,192.025,609.865,627.966,434.123,546.328,503.367
377.258,510.301,933.157,290.428,348.620,334.773,389.278
199.522,646.373,545.210,334.683,588.223,546.469,470.751
507.209,665.232,525.560,670.242,366.293,603.268,544.551
511.895,231.716,458.079,303.307,763.211,637.051,648.576
512.636,791.876,349.578,389.789,504.162,214.178,657.724
485.184,331.250,585.677,479.568,646.977,418.835,203.279
487.677,397.826,407.645,622.243,412.746,556.452,381.221
223.854,535.146,389.420,285.122,455.217,392.665,326.024
828.221,666.957,629.435,467.274,443.495,347.979,334.824
573.907,715.661,717.733,549.773,363.827,359.769,650.244
475.267,482.349,527.707,470.670,540.174,563.846,841.417
297.469,476.259,353.778,856.232,657.686,545.062,146.573
587.069,698.179,451.478,624.359,115.645,394.981,543.582
685.518,693.025,287.497,419.819,69.819,729.534,496.823
540.061,339.030,219.457,303.245,462.063,407.914,441.566
368.537,940.110,338.734,506.641,861.703,679.011,669.236
762.480,311.884,393.948,379.060,749.044,571.989,569.497
218.778,197.395,337.211,233.489,826.525,639.171,376.323
828.621,187.127,382.219,641.548,415.939,595.449,811.355
240.603,158.803,848.471,255.654,531.201,148.142,817.518
729.343,250.809,613.788,805.496,612.863,578.086,508.154
253.994,655.605,769.407,642.447,603.577,564.221,736.690
503.932,622.457,762.604,518.928,505.883,425.149,545.967
510.101,540.097,679.207,551.775,444.799,550.737,516.073
536.762,551.487,446.730,443.246,747.623,499.404,515.549
456.073,490.212,303.109,205.718,578.493,156.182,310.130
338.519,377.170,473.512,636.583,590.694,568.198,378.081
393.644,521.054,457.351,182.083,535.793,522.181,473.990
837.486,699.275,348.850,322.183,399.399,746.066,87.099
504.216,376.444,515.895,370.644,499.733,440.298,478.585
300.662,393.734,696.998,594.324,567.254,510.884,406.745
594.521,591.067,580.061,560.389,566.223,157.593,234.690
422.929,581.406,572.571,555.351,208.246,792.182,312.364
783.784,1119.032,479.180,718.776,387.880,812.916,360.096
564.314,349.701,416.592,426.674,476.289,392.699,456.233
643.450,291.773,848.644,587.211,895.610,600.282,545.424
864.647,340.904,474.126,296.682,560.083,472.422,573.625
407.898,474.913,513.980,493.530,103.427,283.450,590.390
676.860,72.164,480.871,538.004,217.821,783.778,413.118
417.390,543.793,514.992,470.125,257.285,543.250,222.917
31.250,389.180,424.120,509.231,660.999,435.723,835.419
487.324,210.749,32.114,321.605,860.920,451.114,683.432
214.227,881.249,31.250,621.296,227.228,226.261,171.460
361.127,504.269,617.491,188.386,543.703,499.282,528.038
328.612,169.615,598.201,655.576,421.558,446.128,216.830
482.356,461.286,310.760,349.366,516.186,181.247,362.810
248.428,577.147,615.660,491.418,435.531,453.923,417.867
696.679,644.075,324.853,296.694,463.494,553.622,463.921
565.430,574.895,346.505,178.541,485.020,542.325,618.352
509.672,899.632,293.835,151.735,359.973,433.206,584.795
662.008,379.941,268.024,521.386,303.548,430.349,421.590
443.301,257.736,832.884,367.031,545.554,493.658,403.210
590.493,423.927,602.398,762.636,315.172,754.265,515.778
851.420,194.476,459.281,405.396,745.418,652.752,510.669
737.869,347.681,463.160,194.283,368.866,432.223,377.072
278.546,903.539,550.550,732.179,259.433,202.766,621.983
607.844,221.261,215.116,523.974,336.214,614.310,407.195
661.487,620.650,345.111,291.763,381.687,833.456,511.630
141.758,260.338,330.127,287.191,151.700,314.422,537.624
465.821,471.009,335.679,246.873,402.123,286.005,445.354
600.387,386.711,448.827,899.029,345.601,371.433,546.767
483.202,31.250,400.189,523.307,344.359,490.011,684.242
522.539,377.706,341.282,716.733,577.130,361.313,728.857
383.480,625.144,328.902,396.551,433.043,461.491,31.250
352.473,369.914,888.153,762.801,344.138,407.225,425.235
250.271,769.679,439.788,561.262,570.268,471.672,272.679
441.111,418.089,462.852,297.088,202.285,886.606,666.541
555.971,526.371,489.485,293.438,736.025,841.465,418.020
533.724,516.764,464.496,562.456,578.690,258.585,745.740
206.128,193.550,436.441,855.168,1085.677,631.409,362.541
31.250,370.515,561.870,718.163,682.417,673.365,239.217
592.121,281.045,493.140,300.022,927.646,461.504,383.292
103.824,493.969,578.746,708.473,660.062,237.081,561.508
491.651,937.082,623.752,556.316,591.328,316.063,427.425
435.865,566.086,661.499,414.259,31.250,422.071,605.528
243.491,518.359,656.514,214.852,551.753,360.594,447.513
1085.341,525.764,672.519,851.895,163.780,554.626,827.637
609.295,687.191,714.548,645.008,272.283,613.809,513.863
592.927,317.422,733.890,562.203,542.514,471.536,707.749
449.218,574.308,714.782,545.619,278.293,484.817,641.029
520.734,734.724,489.256,620.607,233.238,350.033,31.250
575.674,256.912,569.771,198.864,511.577,610.368,412.881
528.294,814.579,277.958,634.278,46.313,700.801,312.498
326.334,445.571,840.439,576.388,383.982,485.744,697.234
636.710,504.305,476.105,505.543,692.829,388.158,637.618
483.493,339.104,485.623,492.897,741.760,308.888,541.354
338.033,544.997,521.847,414.654,634.221,600.668,670.684
493.685,256.033,461.561,397.042,527.136,222.188,271.714
308.518,506.944,360.831,308.905,191.639,559.932,715.974
781.904,422.977,362.413,392.510,529.444,523.559,312.058
541.644,705.998,395.907,559.201,632.673,341.680,226.136
474.566,31.250,364.336,583.061,574.435,447.183,717.707
668.385,693.298,450.287,714.242,182.934,623.499,378.313
586.798,431.392,940.586,72.911,543.075,261.103,299.456
798.081,31.250,842.605,416.704,74.901,536.991,471.525
650.636,342.983,496.752,467.788,718.822,877.519,853.637
787.183,216.359,617.611,190.125,496.218,430.718,732.814
180.165,197.836,707.042,647.328,486.010,384.855,622.044
633.757,643.994,601.299,423.041,339.214,297.538,251.645
433.462,475.397,628.976,199.647,582.339,872.612,518.653
277.722,900.338,378.720,887.394,506.286,643.559,396.984
808.042,688.432,90.951,516.109,436.776,406.881,558.320
567.200,629.657,496.700,635.791,255.981,115.489,401.740
459.896,469.057,428.998,579.600,214.936,498.832,503.580
31.250,504.437,399.132,610.645,499.837,598.754,396.641
618.014,165.165,456.637,701.002,453.412,403.846,844.229
438.663,652.511,388.291,277.177,448.206,444.900,648.674
472.988,528.520,202.348,706.047,295.142,369.426,385.070
286.370,565.405,283.879,439.560,447.874,587.591,767.951
261.840,35.801,716.376,685.998,428.432,285.146,487.641
420.407,922.801,507.425,540.134,380.921,771.033,474.031
567.273,627.522,608.404,489.521,482.344,606.248,672.050
308.137,456.432,1012.077,382.253,888.795,524.161,768.995
876.501,566.101,656.209,428.621,406.419,477.710,440.950
248.432,346.720,555.900,345.427,878.224,814.954,332.921
196.304,746.407,733.322,359.204,303.327,587.404,751.487
275.723,327.526,543.669,601.742,529.602,384.675,635.590
764.856,437.160,479.989,518.275,430.367,526.622,264.549
569.719,571.209,339.310,618.166,568.493,626.956,237.450
247.087,282.279,340.395,319.713,712.520,331.899,665.192
286.136,695.803,491.841,896.809,536.329,661.653,335.488
624.318,279.731,459.503,370.630,514.278,459.389,305.797
640.942,461.388,444.226,600.774,609.083,563.939,257.614
661.462,217.014,292.242,477.686,580.376,528.202,391.542
780.793,669.008,377.184,593.995,497.094,167.128,699.447
498.821,400.454,475.619,184.334,489.042,401.742,686.603
517.341,718.668,31.283,547.077,558.141,622.193,557.482
493.386,362.675,255.600,469.900,618.166,126.695,626.575
373.149,457.740,947.134,303.517,379.051,249.542,532.541
354.402,476.019,695.896,357.750,739.943,596.555,819.426
650.545,551.059,725.185,422.252,377.666,424.168,942.940
606.415,540.022,269.880,596.116,319.541,505.753,623.447
547.164,745.039,405.495,485.235,540.808,227.467,590.309
653.327,462.736,516.043,826.069,270.677,455.529,301.969
518.457,503.986,480.151,535.412,340.318,541.146,527.157
501.606,840.714,590.054,259.252,336.127,506.495,634.206
216.334,379.302,565.127,512.776,71.583,315.319,227.716
890.260,338.411,583.422,343.510,753.814,743.471,801.571
529.295,453.062,652.836,962.853,301.196,310.026,225.808
596.667,789.538,366.957,650.409,656.112,355.588,865.141
553.597,499.446,509.001,272.681,572.384,810.290,565.845
324.135,362.089,352.102,801.056,545.505,242.477,271.458
329.093,728.174,520.721,504.645,365.784,595.275,473.536
381.920,275.310,692.397,495.329,318.593,472.623,414.335
269.373,436.386,560.349,591.581,444.843,286.578,268.870
423.819,831.936,306.949,669.211,284.510,620.265,715.616
838.776,600.744,203.625,410.671,724.744,734.303,592.184
644.481,528.321,420.151,704.772,153.562,664.903,540.213
568.349,525.827,383.003,623.286,607.578,592.321,418.750
745.892,535.685,665.747,543.149,457.765,469.047,299.281
458.403,374.907,499.483,384.734,201.642,591.760,585.987
428.075,428.825,731.186,540.547,539.654,141.676,425.436
624.230,857.910,561.418,297.574,621.257,523.364,612.110
360.429,511.771,370.627,448.874,538.962,142.231,251.366
831.053,469.488,764.219,451.233,491.800,406.612,682.607
644.775,733.702,537.944,770.924,390.228,703.627,587.779
612.008,445.123,708.199,343.025,31.250,697.901,752.811
168.255,435.225,762.828,682.307,493.364,542.553,616.099
456.308,521.339,576.226,560.351,568.530,678.138,265.083
368.028,776.060,629.412,514.911,523.103,423.643,926.172
433.950,466.386,551.090,675.892,366.556,803.012,532.609
560.114,500.665,588.844,444.563,518.476,304.442,611.202
302.354,703.276,608.425,395.843,249.919,597.154,237.390
876.014,486.560,635.823,370.609,247.028,730.839,253.361
395.831,243.085,489.597,855.992,724.244,603.981,653.820
576.588,584.370,455.324,473.302,522.458,520.510,294.030
1154.576,684.915,449.192,270.217,834.323,154.984,658.491
631.830,678.866,651.916,665.629,503.885,194.178,454.823
610.392,301.996,634.796,54.773,576.486,465.332,543.244
508.644,553.753,657.120,198.045,629.974,688.202,597.184
543.008,466.202,591.758,349.122,408.108,688.811,255.906
490.577,561.525,763.395,70.063,617.137,644.185,346.689
456.849,895.094,578.297,604.512,762.577,819.471,600.999
384.100,515.209,650.013,494.467,769.634,619.273,643.121
269.435,666.695,639.257,438.327,441.794,618.931,174.352
595.232,497.069,687.114,637.193,677.791,584.804,773.106
316.410,436.569,754.324,607.096,474.843,204.512,597.756
621.650,599.858,741.156,511.218,251.677,629.984,474.387
589.885,524.020,820.722,732.900,514.251,646.393,378.893
678.001,615.649,749.842,660.781,512.080,442.421,387.163
303.223,307.263,462.419,466.031,441.374,824.155,290.601
586.241,567.712,440.363,761.944,377.413,280.434,691.278
516.057,585.366,498.913,782.946,703.828,488.203,572.390
332.130,164.171,535.009,583.143,329.236,456.150,412.445
326.811,315.617,508.583,233.721,344.522,588.399,621.254
557.965,699.577,557.806,577.633,485.849,401.163,682.472
584.833,618.763,427.089,595.679,734.607,703.422,773.829
460.058,615.870,405.852,337.668,390.288,719.845,365.461
427.064,927.628,464.066,565.704,462.190,336.063,588.487
173.945,256.318,476.777,279.411,1040.258,599.215,486.850
710.016,375.178,435.548,394.714,532.944,578.942,220.190
463.087,481.768,437.881,500.792,471.165,280.641,658.550
355.356,552.142,253.592,721.802,598.749,701.876,244.854
365.727,514.791,48.032,631.495,180.416,277.060,508.190
408.751,661.295,31.250,588.353,245.987,559.140,607.367
283.380,621.067,886.033,725.683,889.520,392.251,364.454
525.914,312.126,719.316,191.804,509.090,236.141,699.505
503.196,151.926,422.244,475.871,387.013,499.690,699.835
480.862,576.730,468.706,527.529,591.445,633.328,593.268
1051.492,467.686,513.949,515.399,640.397,602.794,326.996
578.823,395.688,325.318,390.654,371.584,620.615,247.984
738.299,737.835,412.178,418.497,520.434,540.490,783.059
654.715,730.024,566.013,217.358,270.286,327.464,671.375
558.755,493.779,343.206,31.250,488.960,711.007,805.091
531.646,359.872,557.056,202.599,543.325,443.824,541.839
488.952,480.566,482.575,620.643,601.573,396.408,138.799
526.816,473.516,435.638,143.493,77.225,147.332,596.650
367.735,614.131,245.726,407.797,460.725,299.733,332.265
328.825,419.284,608.592,682.707,570.159,627.913,466.627
431.214,380.601,439.281,683.089,577.814,401.422,225.322
383.433,692.695,338.907,122.166,617.285,332.482,525.442
208.018,383.235,361.782,482.814,383.248,508.431,762.237
344.682,273.658,539.037,585.833,437.959,613.243,533.809
493.574,463.180,185.906,104.132,604.019,215.198,216.687
345.803,104.038,679.756,278.270,561.464,361.175,621.523
553.662,545.050,31.250,370.551,342.485,537.652,528.640
605.353,373.261,231.459,399.868,822.095,274.452,586.561
256.992,399.016,223.110,654.003,442.253,183.801,513.413
632.150,326.252,800.278,726.288,535.150,641.647,589.375
640.170,189.958,501.516,785.698,831.868,463.953,317.466
589.857,656.473,603.477,533.487,353.826,363.996,377.103
476.158,447.160,553.202,553.444,602.536,554.837,544.587
353.064,512.781,812.973,342.380,293.847,584.618,617.695
287.884,365.933,574.621,704.956,413.208,530.027,332.994
719.883,647.856,441.034,494.285,630.888,582.774,441.771
447.334,659.744,618.639,613.587,639.721,345.794,493.840
463.747,555.233,612.569,619.511,643.768,342.206,258.854
468.616,153.966,721.502,471.276,267.375,252.829,31.250
300.778,419.784,551.218,435.993,671.650,640.444,258.894
826.459,300.902,667.228,618.546,162.586,513.962,571.943
564.941,571.187,720.770,418.906,254.625,258.534,534.756
516.458,539.312,562.946,700.983,446.325,416.516,527.332
386.805,263.890,594.909,551.583,651.059,541.130,437.523
31.250,751.523,494.237,103.632,386.620,133.035,448.856
459.470,376.791,945.660,413.687,530.511,548.444,808.916
634.597,346.160,646.794,380.852,373.607,584.424,166.701
485.879,1031.837,517.801,838.946,581.631,418.080,234.297
646.157,617.029,430.218,72.927,221.440,544.631,559.562
756.299,663.442,475.886,389.760,494.731,443.145,403.974
837.395,614.827,509.835,577.862,298.679,648.741,462.789
620.347,502.373,651.217,544.241,786.503,467.056,240.888
338.822,484.833,488.372,641.104,612.275,424.284,445.293
949.932,735.615,483.873,894.884,322.377,607.481,547.570
561.974,494.329,304.076,485.072,258.287,451.141,468.321
530.503,416.444,307.678,614.675,363.305,454.472,572.470
226.586,908.955,1070.851,684.330,797.805,366.094,299.513
346.387,641.037,768.380,659.819,428.115,740.225,829.997
266.362,566.622,552.054,335.206,784.979,653.571,693.999
166.160,455.918,327.388,398.018,226.591,411.143,726.572
448.306,251.607,365.055,637.658,144.517,601.513,582.245
334.884,403.819,463.224,562.801,250.051,462.816,736.090
532.949,600.363,489.560,333.749,445.426,163.425,400.497
466.111,468.905,409.748,723.830,616.191,195.151,510.168
618.566,750.505,303.758,414.469,269.246,378.224,632.977
597.400,680.161,672.514,474.453,560.472,472.423,886.155
211.613,216.582,596.122,509.042,438.210,430.224,535.618
136.809,485.712,500.248,471.288,479.661,595.466,492.717
477.573,484.589,493.231,205.896,745.709,767.643,606.503
592.441,509.353,464.260,486.249,196.642,578.541,877.383
790.123,404.369,31.250,308.678,590.898,677.259,535.654
526.737,52.800,434.151,339.770,433.317,658.355,257.332
374.271,525.537,377.370,400.870,426.753,851.533,31.250
487.251,383.589,370.827,433.923,601.925,701.573,653.513
450.914,263.893,419.082,326.832,684.487,583.401,550.259
696.968,485.481,349.071,536.009,131.664,410.397,313.894
534.073,277.238,297.662,224.899,604.123,448.797,485.847
540.439,456.900,116.235,438.422,416.352,423.477,530.776
555.517,382.734,307.854,353.451,571.347,203.293,307.386
522.252,394.321,711.938,531.490,753.331,571.242,351.314
433.239,600.852,369.263,454.260,525.136,598.521,790.416
842.735,523.225,472.868,193.548,739.831,516.636,303.306
366.964,769.681,421.297,399.405,105.140,553.329,558.876
609.743,303.111,471.577,705.185,98.503,542.724,650.178
163.330,683.903,324.558,343.813,751.802,723.246,252.635
404.421,340.228,511.255,793.598,874.515,592.540,604.504
784.406,668.141,661.140,496.008,858.975,404.495,279.502
181.063,627.737,624.513,340.268,344.611,431.383,601.093
270.534,602.935,621.782,468.641,772.159,393.428,677.607
450.036,351.995,31.250,31.250,396.538,676.252,584.103
553.021,423.929,307.931,276.119,481.641,323.691,631.493
552.996,489.749,140.107,580.575,509.805,234.320,627.268
384.999,527.012,342.566,672.700,437.677,403.135,419.451
681.835,344.038,399.825,346.989,478.931,387.686,366.536
351.174,850.999,376.026,203.617,31.250,520.273,317.493
487.841,734.230,492.760,493.665,593.229,391.662,701.716
819.022,499.825,642.162,640.946,402.560,674.510,372.454
542.150,531.530,708.793,564.566,507.475,608.866,316.873
383.782,453.048,491.852,631.629,1166.284,762.293,251.696
372.844,710.021,493.005,733.074,601.467,454.691,434.947
391.646,733.499,384.553,304.340,457.405,736.833,376.216
421.254,693.311,473.836,674.440,765.661,236.011,518.397
262.683,480.385,365.211,227.639,249.391,529.706,762.444
520.413,565.339,360.518,509.091,676.587,76.431,596.922
618.687,532.146,541.442,601.269,184.556,522.352,325.861
302.285,600.196,343.205,47.532,386.044,529.948,511.962
1044.815,706.923,291.629,331.492,208.894,591.945,540.506
526.779,676.771,184.835,571.918,705.292,301.459,625.931
608.276,466.016,31.250,574.593,872.202,427.788,325.092
232.350,424.615,497.661,532.058,551.338,118.761,447.826
597.867,711.329,916.562,491.527,381.630,486.510,449.352
831.932,408.226,522.310,377.258,685.256,652.847,490.587
970.000,409.052,355.935,199.522,402.582,448.686,619.774
953.651,644.326,401.966,507.209,405.057,262.110,120.210
807.501,659.814,839.078,511.895,369.530,580.097,495.081
107.501,91.230,582.847,512.636,884.355,805.960,642.629
591.427,299.307,709.751,485.184,686.363,502.468,448.498
536.814,608.271,333.109,487.677,610.230,31.250,229.579
275.813,840.200,413.439,223.854,435.175,244.263,531.614
836.894,706.534,632.060,828.221,318.070,219.162,935.011
525.260,538.844,607.424,573.907,415.538,482.272,301.100
347.191,649.447,448.564,475.267,473.769,647.654,299.893
308.579,322.552,625.542,297.469,521.989,525.821,72.110
797.419,657.905,393.257,587.069,180.712,575.833,436.280
501.094,597.616,309.050,685.518,271.385,324.666,626.946
355.016,272.330,403.894,540.061,272.658,712.931,349.263
341.862,284.255,52.654,368.537,388.901,403.129,611.285
629.998,523.137,860.824,762.480,383.662,316.464,520.550
311.108,309.937,613.388,218.778,768.682,363.125,736.327
402.210,501.443,209.645,828.621,535.001,546.811,558.473
663.651,351.413,450.549,240.603,522.792,589.488,944.001
622.228,532.782,473.496,729.343,617.718,503.458,289.010
485.877,702.745,432.942,253.994,484.079,737.559,468.623
631.531,55.888,493.210,503.932,480.976,467.834,556.895
696.338,551.146,573.638,510.101,494.370,459.010,574.747
917.505,752.964,507.918,536.762,641.301,314.205,688.658
700.795,977.500,604.689,456.073,439.515,320.377,301.264
430.799,906.515,635.101,338.519,643.447,598.993,224.218
591.742,500.701,787.483,393.644,361.211,620.470,357.766
406.538,516.106,632.878,837.486,556.000,560.567,672.252
322.666,434.277,539.742,504.216,982.149,587.077,525.168
470.566,637.457,627.381,300.662,659.231,500.395,419.343
448.991,487.964,718.185,594.521,758.638,439.361,437.091
597.432,531.008,681.298,422.929,356.148,619.644,699.927
505.836,602.107,683.225,783.784,924.183,457.956,771.777
696.306,547.628,860.099,564.314,770.061,1015.381,775.567
254.724,532.633,672.541,643.450,345.691,918.115,620.786
926.647,833.675,415.070,864.647,368.867,382.656,731.428
277.276,387.558,492.877,407.898,410.492,352.140,401.754
110.625,861.896,527.942,676.860,288.382,756.226,214.020
435.153,737.273,397.199,417.390,692.723,412.051,227.795
95.333,480.127,677.001,365.821,494.764,701.573,419.206
230.828,432.272,726.205,278.527,393.169,629.204,754.229
436.085,488.721,629.013,42.619,561.445,356.732,854.739
338.058,169.225,677.121,623.740,378.859,251.180,584.236
277.384,467.400,195.327,413.708,453.994,592.037,243.459
694.903,559.497,331.345,248.056,419.092,443.612,356.087
387.752,294.588,502.266,391.324,588.135,699.170,426.323
197.141,277.510,769.371,720.579,424.870,823.778,692.587
503.451,462.581,467.655,505.403,380.981,121.016,446.285
419.994,644.110,357.433,411.598,634.012,607.747,536.504
365.816,505.634,481.492,436.331,607.763,394.364,587.609
167.928,299.502,474.686,121.634,539.099,742.333,230.419
803.375,585.775,591.169,530.912,473.195,31.250,860.542
602.442,762.463,455.680,1121.203,722.094,137.649,321.987
357.820,631.337,547.262,757.290,594.643,454.694,495.631
727.087,219.252,385.845,164.667,357.933,565.983,667.790
838.060,766.658,508.163,377.622,398.819,585.681,324.174
335.650,974.871,691.272,94.739,598.036,316.833,499.897
625.743,196.032,489.141,476.696,539.186,773.569,622.779
638.150,227.002,434.844,384.783,546.328,81.406,767.834
667.968,710.113,821.938,548.462,334.773,622.548,528.900
302.727,665.793,497.301,641.902,546.469,400.083,677.667
496.471,281.727,358.358,427.070,603.268,445.994,649.434
111.492,604.161,31.251,269.085,637.051,823.878,534.408
202.085,635.614,258.955,249.053,214.178,332.380,249.558
423.535,650.949,416.753,602.699,418.835,504.090,543.320
726.963,643.760,396.066,338.226,556.452,349.828,270.976
205.909,394.529,935.821,798.829,392.665,525.470,304.474
515.310,534.614,487.602,441.897,347.979,168.749,642.997
465.768,860.829,347.069,494.323,359.769,731.141,440.519
527.281,490.894,435.956,376.774,563.846,579.036,162.819
202.752,439.328,684.263,778.518,545.062,713.908,456.928
485.653,134.398,489.603,512.998,394.981,567.182,291.488
324.333,533.631,529.553,286.726,729.534,491.913,518.390
335.942,726.933,550.154,478.481,407.914,543.548,727.120
305.931,257.832,458.358,286.586,679.011,356.463,584.789
727.440,807.823,492.716,207.878,571.989,366.026,855.933
305.404,791.434,312.446,321.957,639.171,281.987,292.775
344.576,652.517,31.250,484.159,595.449,549.574,361.690
744.186,31.250,241.112,421.142,148.142,316.225,507.372
864.774,996.048,543.162,385.222,578.086,310.648,967.883
776.485,301.156,484.605,546.677,564.221,671.301,725.044
629.310,379.779,291.621,692.727,425.149,612.943,797.154
501.938,316.064,352.233,598.280,550.737,715.182,362.716
819.328,415.506,649.392,511.090,499.404,522.162,388.344
349.694,485.505,347.131,561.390,156.182,512.576,690.174
515.035,563.989,428.056,565.434,568.198,496.895,719.965
323.405,527.081,457.681,582.743,522.181,352.625,367.018
603.069,614.213,603.016,608.628,746.066,645.871,212.700
554.872,313.498,393.050,500.794,440.298,790.690,516.446
475.597,490.592,620.235,539.957,510.884,389.980,222.350
401.886,383.637,428.857,454.295,157.593,252.024,300.454
121.324,533.959,556.085,280.191,792.182,958.878,436.431
443.193,432.669,667.124,229.802,812.916,307.151,640.716
463.199,577.384,867.389,520.655,392.699,567.037,572.935
242.095,453.043,972.182,285.997,600.282,531.529,637.422
723.613,299.028,535.152,49.576,472.422,518.188,919.984
467.320,875.504,809.399,582.795,283.450,568.615,456.196
391.864,498.370,416.918,681.039,783.778,293.312,654.151
623.618,643.479,407.894,585.646,543.250,505.771,544.000
686.096,645.384,571.285,757.163,686.096,566.598,68.859
387.894,309.200,402.436,458.783,387.894,667.552,633.796
568.644,93.879,485.760,456.122,568.644,527.202,373.133
181.918,302.671,478.715,473.845,181.918,148.456,711.444
507.410,589.483,339.481,518.374,507.410,609.096,144.553
540.688,789.596,519.270,383.604,540.688,359.482,670.180
485.596,322.076,415.609,589.405,485.596,690.238,96.055
883.798,449.939,403.223,885.596,883.798,449.102,618.100
752.983,770.249,618.893,284.961,752.983,189.440,502.553
604.673,704.526,449.441,449.644,604.673,295.989,468.534
627.135,450.559,724.392,663.503,627.135,497.375,484.730
492.132,478.274,673.349,439.722,492.132,432.290,379.734
304.671,445.858,506.381,247.324,304.671,540.538,671.040
737.811,601.126,362.087,314.708,737.811,457.280,344.829
722.523,267.493,517.644,455.799,722.523,582.181,520.071
76.941,542.615,471.453,616.726,76.941,497.815,404.574
367.588,492.492,393.533,493.817,367.588,561.952,532.946
662.147,892.813,341.784,627.659,662.147,428.012,412.105
626.291,307.729,417.008,711.594,626.291,488.595,316.043
415.824,503.367,380.753,552.257,415.824,232.478,744.145
443.271,389.278,551.300,444.640,443.271,458.005,317.286
484.629,470.751,281.502,314.756,484.629,554.796,540.062
658.434,544.551,309.397,835.977,658.434,309.403,703.000
780.426,648.576,274.695,451.647,780.426,771.379,429.565
403.512,657.724,207.474,797.199,403.512,501.864,453.168
376.630,203.279,891.443,457.185,376.630,225.685,425.319
560.149,381.221,475.428,438.733,560.149,251.514,402.244
444.416,326.024,953.859,583.231,444.416,444.813,786.484
633.886,334.824,732.688,389.410,633.886,649.686,139.924
217.081,650.244,682.097,739.686,217.081,301.703,625.232
302.603,841.417,811.656,416.400,302.603,512.253,864.857
438.834,146.573,878.248,275.095,438.834,232.334,281.135
246.561,543.582,432.840,417.367,246.561,654.697,662.192
713.242,496.823,460.646,539.346,713.242,418.219,562.777
597.318,441.566,511.059,407.566,597.318,535.727,685.653
685.214,669.236,589.917,539.263,685.214,661.120,384.850
444.768,569.497,623.848,241.072,444.768,286.641,792.336
493.741,376.323,409.440,332.165,493.741,213.097,543.234
565.182,811.355,564.484,695.448,565.182,91.857,471.881
450.509,817.518,629.910,225.115,450.509,116.751,762.830
633.399,508.154,490.971,510.804,633.399,1049.880,755.952
524.589,736.690,387.460,489.450,524.589,566.795,322.826
531.379,545.967,561.472,303.039,531.379,696.320,569.305
487.986,516.073,484.995,431.148,487.986,396.267,633.623
465.129,515.549,623.608,577.014,465.129,417.517,689.152
611.234,310.130,716.323,706.114,611.234,390.127,341.906
387.232,378.081,648.715,841.644,387.232,607.491,786.961
737.612,473.990,404.676,478.049,737.612,278.822,782.331
476.918,87.099,356.883,163.755,476.918,477.963,693.995
298.218,478.585,32.997,382.644,298.218,563.472,489.464
508.876,406.745,328.256,497.922,508.876,520.160,435.588
736.507,234.690,277.061,539.509,736.507,367.507,575.468
533.003,312.364,810.331,292.163,533.003,270.436,240.294
378.977,360.096,644.802,240.197,378.977,171.974,132.401
473.708,456.233,530.080,355.125,473.708,367.427,535.739
337.231,545.424,368.948,607.556,337.231,601.230,763.333
964.814,573.625,752.073,745.156,964.814,431.642,276.007
484.953,590.390,488.989,651.192,484.953,427.013,325.486
529.345,413.118,46.342,298.312,529.345,429.090,303.683
434.436,222.917,300.594,644.519,434.436,508.937,594.381
