552.996,730.163,593.282,654.608,557.357,305.398,567.845
384.999,307.022,607.516,505.572,850.495,496.664,402.001
681.835,480.399,608.256,308.940,683.680,484.727,579.749
351.174,584.901,609.681,462.079,776.665,547.656,424.400
487.841,482.655,610.115,339.906,675.671,454.296,521.734
819.022,873.045,609.871,712.985,555.896,318.750,563.246
542.150,599.041,604.450,404.369,459.662,570.584,294.495
383.782,206.656,595.584,551.174,557.303,497.339,486.396
372.844,391.451,661.917,780.059,573.439,240.384,150.837
391.646,592.583,617.775,395.582,295.645,398.452,769.415
421.254,449.214,617.236,737.393,196.746,309.970,276.239
262.683,725.989,614.745,446.299,472.997,471.622,130.009
520.413,355.595,609.794,707.138,391.445,425.892,466.837
618.687,506.431,602.938,566.664,508.779,718.372,441.509
302.285,130.739,601.046,619.578,311.024,269.101,338.079
1044.815,689.197,652.292,666.478,347.105,662.337,501.378
526.779,591.878,649.090,259.418,791.390,648.110,719.958
608.276,404.002,621.214,651.128,166.397,646.552,469.012
232.350,578.473,626.258,408.318,710.857,494.778,642.511
597.867,171.402,627.692,633.137,603.148,301.169,588.267
831.932,477.091,626.358,414.438,495.595,413.835,422.729
970.000,582.053,627.325,632.071,640.406,386.997,386.862
953.651,635.239,629.157,437.271,141.941,478.975,211.740
807.501,672.493,625.179,460.167,587.051,331.836,377.399
107.501,141.621,614.625,289.594,340.114,543.765,363.008
591.427,376.410,606.409,548.994,447.608,758.171,497.791
536.814,548.409,599.815,427.656,275.376,640.075,549.340
275.813,431.941,606.796,424.043,423.464,577.927,304.742
836.894,263.536,610.860,509.952,580.304,393.251,340.815
525.260,810.309,594.426,635.542,521.947,689.043,148.682
347.191,245.200,586.961,591.274,540.957,427.206,331.301
308.579,607.254,580.110,679.977,282.190,762.024,308.625
797.419,224.251,573.686,519.151,88.818,374.210,781.698
501.094,551.036,568.813,480.242,292.927,586.123,280.540
355.016,450.935,564.300,518.792,317.848,715.257,52.653
341.862,310.274,538.350,625.653,401.835,160.515,830.296
629.998,766.477,520.214,321.748,832.957,272.356,761.071
311.108,555.595,522.226,696.457,316.333,724.485,676.169
402.210,509.312,524.709,184.459,313.973,153.375,630.893
663.651,689.236,520.619,425.999,428.859,539.808,390.195
622.228,422.165,511.668,360.967,536.137,435.681,532.958
485.877,237.516,501.677,480.550,424.867,572.680,589.689
631.531,286.615,480.414,646.384,724.496,518.639,166.574
696.338,813.406,450.655,412.809,798.106,562.464,901.301
917.505,742.555,395.859,627.268,701.127,222.606,728.119
700.795,165.094,374.062,174.884,535.221,850.216,313.619
430.799,427.488,374.034,477.147,316.193,538.660,657.054
591.742,459.583,357.288,128.634,682.374,387.403,294.686
406.538,615.440,335.634,321.856,252.783,222.659,167.224
322.666,451.136,303.680,357.303,285.974,460.201,916.194
470.566,181.635,276.700,616.713,597.524,816.087,778.460
448.991,617.713,252.378,151.586,408.054,69.307,732.728
597.432,437.645,219.298,353.316,348.714,522.269,673.624
505.836,425.615,155.236,560.368,596.035,905.931,623.767
696.306,729.861,31.902,535.844,343.690,122.377,278.680
254.724,635.444,60.003,285.058,380.959,512.710,322.378
926.647,690.935,31.250,636.013,316.465,320.789,178.160
277.276,363.209,31.250,328.292,220.576,589.711,570.921
110.625,795.335,31.301,600.288,446.261,368.047,457.655
435.153,406.790,844.027,398.915,490.870,587.736,622.994
538.379,544.764,728.915,661.670,506.286,803.012,622.299
234.936,324.876,580.783,509.124,436.776,304.442,154.679
505.423,428.045,569.334,426.812,255.981,597.154,325.815
742.530,671.462,564.768,631.676,214.936,730.839,602.562
518.725,558.424,554.589,95.216,499.837,603.981,31.250
487.130,118.881,641.407,737.116,453.412,520.510,522.111
697.234,469.578,552.275,460.645,448.206,154.984,715.858
493.161,426.313,807.972,507.818,295.142,194.178,404.339
527.824,408.064,823.884,224.164,447.874,465.332,511.251
429.814,573.596,847.337,301.916,428.432,688.202,516.616
180.549,437.211,754.212,387.362,380.921,688.811,390.994
521.960,452.311,659.804,669.719,482.344,644.185,810.871
481.030,574.968,653.042,655.794,888.795,819.471,445.790
171.401,486.521,663.362,741.877,406.419,619.273,700.390
494.366,769.930,688.353,374.524,878.224,618.931,560.147
642.365,531.570,748.663,504.458,303.327,584.804,760.928
818.942,353.076,561.046,282.046,529.602,204.512,739.286
255.077,697.138,752.263,433.338,430.367,629.984,428.329
555.088,590.069,765.393,356.209,568.493,646.393,658.220
618.560,414.867,746.832,596.979,712.520,442.421,436.590
549.801,802.055,535.876,508.785,536.329,824.155,571.329
767.656,187.472,501.606,536.594,514.278,280.434,604.441
99.810,617.455,484.156,605.873,609.083,488.203,419.742
503.034,670.459,791.798,386.485,580.376,456.150,614.092
356.129,440.089,786.179,278.251,497.094,588.399,366.644
748.334,786.676,509.577,526.578,489.042,401.163,107.721
504.017,424.717,486.852,208.718,558.141,703.422,567.787
556.009,461.214,476.554,386.471,618.166,719.845,666.714
378.488,674.713,458.506,642.188,379.051,336.063,613.781
690.390,592.700,440.138,552.258,739.943,599.215,463.577
405.094,466.837,420.841,440.670,377.666,578.942,463.013
319.757,605.984,400.978,992.736,319.541,280.641,682.585
441.382,31.250,381.072,566.297,540.808,701.876,515.794
660.076,508.254,361.105,398.724,270.677,277.060,178.241
422.593,503.381,659.247,436.685,340.318,559.140,475.302
189.838,427.058,660.801,867.499,336.127,392.251,484.307
417.779,676.678,652.511,922.921,71.583,236.141,207.077
139.119,600.852,373.701,243.709,753.814,499.690,345.947
676.199,555.330,355.828,433.233,301.196,633.328,399.522
308.451,769.439,339.093,782.706,656.112,602.794,669.644
627.952,292.959,322.905,267.389,572.384,620.615,544.335
519.573,199.704,306.661,567.719,545.505,540.490,470.505
433.497,303.837,290.371,190.804,365.784,327.464,447.272
583.284,951.444,274.008,523.352,318.593,711.007,418.649
313.326,605.370,257.494,417.731,444.843,443.824,670.832
435.249,512.715,241.020,333.017,284.510,396.408,420.038
522.637,747.937,519.479,685.676,724.744,147.332,526.816
465.628,637.794,417.691,608.935,153.562,299.733,363.746
663.491,694.816,407.567,580.910,607.578,627.913,592.733
389.805,298.160,397.676,292.757,457.765,401.422,462.763
117.356,540.385,391.684,556.257,201.642,332.482,208.849
468.568,622.279,227.196,521.825,539.654,508.431,532.845
373.116,498.183,265.100,440.278,621.257,613.243,278.014
63.748,357.988,192.549,561.814,538.962,215.198,658.665
617.251,619.673,235.451,303.115,491.800,361.175,750.242
323.303,537.445,234.031,156.229,390.228,537.652,656.160
681.691,625.220,235.395,500.961,31.250,274.452,559.635
539.595,146.162,309.843,814.306,493.364,183.801,298.418
516.256,788.485,247.408,248.594,568.530,641.647,430.271
740.547,509.386,485.813,619.670,523.103,463.953,447.670
618.231,618.231,729.650,552.996,664.722,448.330,497.227
686.973,686.973,559.002,384.999,650.747,483.115,521.343
623.760,623.760,547.940,681.835,486.898,370.115,251.160
462.679,462.679,769.764,351.174,571.749,520.471,552.401
294.645,294.645,773.382,487.841,519.347,352.506,415.016
593.752,593.752,531.385,819.022,221.060,521.430,526.794
235.275,235.275,633.734,542.150,227.714,403.601,389.146
121.034,121.034,539.153,383.782,108.265,360.153,607.298
572.593,572.593,649.665,372.844,405.046,533.946,493.947
31.250,31.250,702.435,391.646,681.256,768.720,466.470
580.763,580.763,711.959,421.254,544.218,493.659,218.706
618.857,618.857,716.989,262.683,441.456,611.909,523.304
644.300,644.300,721.048,520.413,151.727,779.348,653.327
519.211,519.211,720.826,618.687,622.895,668.958,710.200
492.492,492.492,696.109,302.285,890.058,512.452,243.051
322.086,322.086,713.344,1044.815,435.146,676.068,762.020
508.996,508.996,461.596,526.779,264.700,220.001,188.604
579.774,579.774,732.324,608.276,303.438,602.574,760.789
405.032,405.032,737.077,232.350,232.915,669.032,296.130
291.936,291.936,743.985,597.867,226.998,336.694,480.511
739.444,739.444,747.564,831.932,441.384,592.331,377.401
650.914,650.914,750.819,970.000,610.196,746.374,382.204
644.096,644.096,757.240,953.651,261.923,415.186,219.936
270.008,270.008,568.835,807.501,668.862,725.797,211.328
34.626,34.626,514.122,107.501,475.093,558.720,570.954
509.803,509.803,510.214,591.427,649.331,525.901,69.518
393.836,393.836,504.877,536.814,133.653,406.587,371.618
503.479,503.479,501.350,275.813,647.271,623.943,557.878
567.117,567.117,503.259,836.894,517.022,348.973,317.667
651.534,651.534,482.178,525.260,558.475,447.735,334.872
495.154,495.154,471.884,347.191,282.759,645.182,619.024
578.386,578.386,461.959,308.579,449.186,743.567,393.127
257.862,257.862,454.566,797.419,435.968,700.393,241.308
661.879,661.879,446.190,501.094,505.644,288.710,31.250
202.892,202.892,435.790,355.016,675.198,498.815,687.719
496.696,496.696,425.260,341.862,746.926,326.446,446.723
455.668,455.668,414.319,629.998,468.300,504.956,291.937
332.916,332.916,403.002,311.108,773.030,458.443,581.213
595.512,595.512,390.543,402.210,388.907,743.472,346.995
413.749,413.749,375.485,663.651,191.828,463.114,428.760
626.369,626.369,356.022,622.228,942.441,633.906,190.323
537.543,537.543,573.284,485.877,257.690,658.623,459.296
350.163,350.163,480.978,631.531,527.264,484.584,322.123
440.642,440.642,563.203,696.338,173.649,413.416,676.766
204.894,204.894,523.971,917.505,618.210,114.039,572.213
351.262,351.262,342.150,700.795,465.531,341.288,491.145
273.522,273.522,353.277,430.799,162.074,520.821,314.816
666.256,666.256,276.659,591.742,301.924,516.296,468.211
411.103,411.103,240.089,406.538,418.726,651.583,704.807
402.151,402.151,287.013,322.666,795.403,543.678,320.599
220.183,220.183,273.398,470.566,401.675,563.578,645.799
513.438,513.438,259.457,448.991,420.235,727.283,628.572
325.572,325.572,240.795,597.432,398.374,789.973,384.041
340.243,340.243,195.639,505.836,708.192,489.421,848.600
483.265,483.265,139.194,696.306,507.021,278.411,758.840
987.830,987.830,385.866,254.724,721.580,458.127,442.213
415.887,415.887,85.123,926.647,350.089,647.605,650.657
337.495,337.495,71.233,277.276,445.856,443.294,589.309
373.911,373.911,245.245,110.625,321.624,333.079,328.246
557.492,557.492,596.578,435.153,216.004,515.669,598.623
68.859,374.926,85.455,341.723,517.544,466.386,366.070
633.796,408.608,336.013,445.258,362.598,500.665,499.562
373.133,796.288,352.443,756.525,69.318,703.276,750.039
711.444,606.150,355.013,120.636,296.514,486.560,407.876
144.553,277.520,378.596,762.745,506.505,243.085,384.809
670.180,415.994,385.509,693.910,294.950,584.370,618.935
96.055,386.968,244.648,810.943,385.098,684.915,604.534
618.100,364.083,246.102,586.788,556.664,678.866,346.668
502.553,669.014,219.577,427.043,520.326,301.996,490.112
468.534,503.075,217.167,510.184,634.102,553.753,352.668
484.730,455.789,215.840,415.476,638.620,466.202,578.361
379.734,510.991,217.946,565.669,101.083,561.525,386.158
671.040,594.569,208.740,548.030,639.917,895.094,927.688
344.829,136.666,209.637,457.330,794.931,515.209,670.881
520.071,477.806,213.328,340.003,252.553,666.695,440.308
404.574,521.556,247.312,514.029,645.387,497.069,465.854
532.946,645.768,333.010,774.946,210.504,436.569,730.186
412.105,665.145,225.505,31.250,404.591,599.858,332.922
316.043,584.823,485.494,625.793,706.129,524.020,574.465
744.145,566.539,504.445,646.738,34.457,615.649,330.109
317.286,196.519,522.765,614.372,261.642,307.263,744.562
540.062,503.304,356.234,550.674,31.250,567.712,463.652
703.000,526.103,556.923,672.006,914.010,585.366,649.867
429.565,267.521,523.935,511.304,394.674,164.171,426.174
453.168,386.590,487.833,735.688,350.912,315.617,719.930
425.319,342.112,487.847,518.685,672.328,699.577,702.283
402.244,523.808,491.826,443.686,977.906,618.763,463.062
786.484,701.946,490.485,558.522,497.148,615.870,588.836
139.924,396.072,479.285,596.113,669.968,927.628,721.705
625.232,596.767,471.074,487.380,594.229,256.318,497.724
864.857,353.284,478.061,359.744,533.344,375.178,318.676
281.135,479.505,507.617,290.356,397.656,481.768,470.843
662.192,353.361,565.540,541.867,271.422,552.142,404.082
562.777,197.470,617.087,448.018,922.577,514.791,285.232
685.653,533.363,636.966,773.660,227.895,661.295,557.248
384.850,472.072,635.491,491.776,339.845,621.067,494.036
792.336,346.351,628.537,529.817,634.779,312.126,378.488
543.234,217.807,640.341,521.979,573.037,151.926,674.453
471.881,510.597,721.369,267.996,834.742,576.730,713.969
762.830,418.777,783.757,475.709,446.446,467.686,673.894
755.952,648.695,667.376,721.883,440.296,395.688,475.064
322.826,366.364,580.685,575.188,453.188,737.835,759.465
569.305,634.598,583.195,634.164,533.968,730.024,759.011
633.623,473.511,594.438,1056.063,540.602,493.779,635.543
689.152,335.005,654.314,210.522,446.537,359.872,599.143
341.906,329.543,624.131,495.105,407.113,480.566,641.022
786.961,709.875,597.131,345.104,576.555,473.516,564.525
782.331,581.804,596.895,739.043,632.979,614.131,582.710
693.995,461.254,597.270,896.409,406.681,419.284,687.720
489.464,322.515,645.736,468.065,458.042,380.601,455.627
435.588,460.961,849.520,444.358,278.580,692.695,704.789
575.468,519.029,615.831,428.521,145.466,383.235,809.719
240.294,192.880,611.466,450.134,595.257,273.658,405.646
132.401,383.087,865.490,994.007,262.486,463.180,371.875
535.739,449.293,622.812,326.175,413.257,104.038,490.145
763.333,557.763,618.949,435.357,467.621,545.050,328.811
276.007,348.986,873.794,211.520,604.870,373.261,723.082
325.486,357.782,654.107,680.468,453.525,399.016,701.454
303.683,200.545,730.255,306.287,297.370,326.252,292.490
594.381,684.652,651.852,498.351,317.423,189.958,585.182
480.127,439.638,383.143,573.158,309.125,622.299,355.249
432.272,230.082,304.422,268.886,651.618,154.679,267.499
488.721,671.016,296.673,375.196,547.117,325.815,468.261
169.225,600.101,313.787,373.320,388.479,602.562,251.789
467.400,662.099,332.079,333.807,586.910,31.250,506.720
559.497,645.434,274.173,453.250,533.993,522.111,685.500
294.588,620.194,464.322,488.913,321.525,715.858,821.856
277.510,448.919,268.830,496.693,471.362,404.339,402.886
462.581,172.489,457.724,208.321,529.606,511.251,586.526
644.110,407.091,407.113,900.618,381.078,516.616,544.315
505.634,536.628,424.231,258.301,252.924,390.994,172.992
299.502,208.478,425.197,282.318,688.996,810.871,601.001
585.775,538.696,431.268,543.767,647.142,445.790,288.689
762.463,526.272,441.325,923.893,428.830,700.390,826.594
631.337,460.924,427.572,329.700,888.022,560.147,458.209
219.252,505.255,402.227,561.770,584.340,760.928,360.834
766.658,541.392,407.722,368.649,103.264,739.286,543.461
974.871,290.186,435.660,371.466,387.108,428.329,655.614
196.032,514.010,352.788,144.613,382.656,658.220,420.123
227.002,162.626,341.212,536.113,354.767,436.590,487.875
710.113,501.246,329.642,755.025,292.125,571.329,548.720
665.793,411.307,320.613,518.405,766.714,604.441,313.479
281.727,546.376,312.786,410.106,544.485,419.742,590.611
604.161,596.836,506.071,773.686,631.420,614.092,571.219
635.614,552.244,530.581,877.100,232.173,366.644,779.476
650.949,811.184,561.631,821.950,585.030,107.721,585.083
643.760,149.846,402.275,227.215,796.508,567.787,643.407
394.529,653.755,388.871,180.728,814.941,666.714,52.032
534.614,640.892,386.247,581.785,380.412,613.781,588.548
860.829,562.287,384.357,627.806,538.243,463.577,796.062
490.894,470.437,382.731,252.599,439.814,463.013,705.613
439.328,424.785,381.661,723.102,354.268,682.585,231.549
134.398,768.121,380.698,846.600,487.761,515.794,586.529
533.631,384.448,379.594,768.227,520.551,178.241,643.416
726.933,566.922,378.837,669.142,301.205,475.302,456.327
257.832,275.607,575.571,742.387,352.162,484.307,642.263
807.823,702.599,455.889,417.492,592.507,207.077,530.728
791.434,604.892,461.320,534.374,593.695,345.947,597.734
652.517,317.403,465.954,754.993,747.578,399.522,409.667
31.250,452.758,415.196,494.390,443.883,669.644,528.012
996.048,312.046,524.233,467.296,494.852,544.335,525.006
301.156,726.912,512.261,504.175,489.304,470.505,222.873
379.779,492.322,507.761,694.416,305.841,447.272,481.967
316.064,368.068,509.807,564.663,401.352,418.649,226.344
415.506,448.039,527.475,197.917,597.298,670.832,498.542
485.505,827.806,548.348,467.612,551.307,420.038,642.914
563.989,546.671,571.716,516.255,934.358,526.816,280.877
527.081,421.732,592.765,181.362,445.192,363.746,836.627
614.213,382.804,613.633,493.720,723.334,592.733,576.628
313.498,258.195,632.219,289.466,756.351,462.763,214.534
490.592,495.257,656.380,664.825,777.385,208.849,682.811
383.637,595.609,700.178,717.562,779.909,532.845,185.505
533.959,507.817,759.078,483.051,600.255,278.014,528.534
432.669,435.879,809.630,31.250,791.400,658.665,446.867
577.384,185.920,786.208,792.674,477.465,750.242,933.464
453.043,822.474,929.291,833.051,199.844,656.160,105.063
299.028,542.133,794.587,429.401,921.601,559.635,607.800
875.504,707.326,824.391,486.045,693.914,298.418,740.460
498.370,379.575,1046.289,590.830,300.461,430.271,491.164
643.479,190.408,1161.758,715.481,424.099,447.670,418.844
355.249,537.532,71.418,509.231,566.598,685.850,245.759
267.499,649.324,209.699,321.605,667.552,125.681,453.358
468.261,775.762,367.641,621.296,527.202,761.488,584.856
251.789,576.501,223.465,188.386,148.456,279.136,328.307
506.720,469.751,214.129,655.576,609.096,641.705,261.198
685.500,921.745,216.494,349.366,359.482,347.418,321.148
821.856,788.451,213.325,491.418,690.238,574.404,562.679
402.886,921.337,215.206,296.694,449.102,250.588,689.062
586.526,651.331,231.423,178.541,189.440,670.481,559.539
544.315,129.286,255.284,151.735,295.989,685.530,575.057
172.992,585.730,269.874,521.386,497.375,594.387,493.343
601.001,545.836,284.864,367.031,432.290,614.991,489.728
288.689,433.052,288.897,762.636,540.538,310.809,769.085
826.594,548.477,274.282,405.396,457.280,464.510,430.087
458.209,476.452,270.786,194.283,582.181,437.697,329.005
360.834,540.459,283.341,732.179,497.815,644.564,476.971
543.461,319.530,318.474,523.974,561.952,130.456,824.995
655.614,178.364,367.184,291.763,428.012,228.304,809.324
420.123,491.284,425.547,287.191,488.595,473.986,228.370
487.875,167.030,450.610,246.873,232.478,561.159,559.211
548.720,753.485,476.526,899.029,458.005,375.938,642.921
313.479,316.760,500.364,523.307,554.796,312.467,303.190
590.611,518.361,489.382,716.733,309.403,767.877,695.595
571.219,396.131,467.866,396.551,771.379,443.650,55.161
779.476,812.688,471.317,762.801,501.864,614.728,306.180
585.083,427.703,499.759,561.262,225.685,371.328,745.523
643.407,39.175,522.464,297.088,251.514,268.498,254.221
52.032,641.461,537.908,293.438,444.813,296.587,512.434
588.548,728.498,552.733,562.456,649.686,426.054,264.426
796.062,651.800,566.962,855.168,301.703,380.213,823.800
705.613,612.632,579.789,718.163,512.253,276.124,247.637
231.549,474.240,597.512,300.022,232.334,653.831,634.052
586.529,769.228,613.576,708.473,654.697,581.189,441.516
643.416,662.869,626.118,556.316,418.219,245.423,372.162
456.327,474.162,638.537,414.259,535.727,363.971,735.718
642.263,743.355,656.538,214.852,661.120,472.552,621.499
530.728,362.723,673.697,851.895,286.641,145.681,814.630
597.734,341.026,680.141,645.008,213.097,456.479,528.773
409.667,307.306,683.974,562.203,91.857,466.787,616.893
528.012,818.066,685.171,545.619,116.751,399.732,459.119
525.006,687.709,684.796,620.607,1049.880,766.872,219.294
222.873,795.716,686.845,198.864,566.795,604.951,368.281
481.967,422.311,692.786,634.278,696.320,408.092,915.132
226.344,331.262,700.554,576.388,396.267,602.940,642.236
498.542,511.943,703.554,505.543,417.517,349.744,585.648
642.914,434.446,691.635,492.897,390.127,548.767,486.279
280.877,600.883,676.243,414.654,607.491,650.847,420.383
836.627,475.458,668.406,397.042,278.822,280.333,361.889
576.628,353.849,655.141,308.905,477.963,474.309,277.899
214.534,604.360,646.819,392.510,563.472,753.131,372.881
682.811,353.846,628.984,559.201,520.160,491.920,352.480
185.505,426.297,591.758,583.061,367.507,430.902,594.701
528.534,723.545,800.932,714.242,270.436,508.099,638.918
446.867,579.899,302.137,72.911,171.974,427.962,474.750
933.464,540.385,587.930,416.704,367.427,240.383,683.888
105.063,275.618,570.627,467.788,601.230,273.869,796.558
607.800,490.710,815.406,190.125,431.642,295.850,346.882
740.460,647.192,599.190,647.328,427.013,543.344,340.546
491.164,302.696,583.707,423.041,429.090,532.626,394.554
418.844,513.579,740.273,199.647,508.937,428.741,664.388
540.846,685.850,363.753,795.165,243.314,591.213,645.384
537.393,125.681,228.886,602.550,586.218,819.541,309.200
637.899,761.488,31.250,693.516,429.701,511.651,93.879
580.094,279.136,224.596,495.256,905.084,341.447,302.671
815.285,641.705,279.573,235.846,641.250,572.859,589.483
360.530,347.418,316.475,446.055,492.641,450.902,789.596
580.105,574.404,325.946,294.586,812.516,758.721,322.076
577.397,250.588,306.617,605.938,791.440,812.344,449.939
747.018,670.481,283.558,1123.961,347.401,644.960,770.249
764.850,685.530,272.727,274.163,941.950,808.386,704.526
242.685,594.387,134.197,538.182,532.708,509.589,450.559
406.633,614.991,140.256,718.574,313.470,615.133,478.274
414.039,310.809,681.622,551.807,233.233,581.873,445.858
513.843,464.510,375.266,272.843,416.164,189.191,601.126
739.258,437.697,377.176,611.801,597.163,215.839,267.493
461.559,644.564,386.986,884.670,703.885,716.114,542.615
487.391,130.456,381.042,119.214,31.250,388.859,492.492
196.647,228.304,379.842,564.382,494.957,352.802,892.813
608.398,473.986,410.134,751.763,621.374,406.613,307.729
521.662,561.159,450.787,773.711,447.884,844.181,503.367
513.817,375.938,493.621,536.375,637.951,687.858,389.278
591.799,312.467,532.699,590.824,669.242,586.611,470.751
681.453,767.877,548.328,595.360,236.815,598.426,544.551
378.366,443.650,461.863,434.798,459.674,426.907,648.576
748.277,614.728,392.658,405.386,451.090,814.310,657.724
619.577,371.328,415.936,385.542,539.745,712.741,203.279
449.962,268.498,436.663,48.849,614.961,507.571,381.221
441.469,296.587,445.345,659.554,544.088,189.572,326.024
549.064,426.054,452.515,561.147,213.398,659.176,334.824
773.024,380.213,462.911,570.085,563.859,606.425,650.244
676.654,276.124,468.339,432.069,1100.753,376.780,841.417
387.449,653.831,474.661,314.234,482.105,328.541,146.573
790.924,581.189,478.094,416.218,541.301,322.592,543.582
210.424,245.423,480.819,550.554,677.766,701.749,496.823
465.334,363.971,486.737,311.411,450.703,300.666,441.566
634.874,472.552,495.128,268.136,644.307,278.811,669.236
662.324,145.681,501.982,795.131,452.749,543.452,569.497
604.641,456.479,503.758,441.980,257.244,652.324,376.323
563.899,466.787,504.274,317.510,719.520,472.295,811.355
203.451,399.732,558.350,866.424,776.298,336.553,817.518
554.498,766.872,600.986,525.670,287.470,464.893,508.154
611.818,604.951,591.872,429.448,383.462,484.125,736.690
601.801,408.092,606.006,268.625,475.884,685.939,545.967
796.420,602.940,623.328,541.880,49.375,353.627,516.073
464.580,349.744,638.325,619.583,363.837,677.451,515.549
699.560,548.767,642.556,445.034,337.393,437.286,310.130
581.276,650.847,643.556,445.202,314.966,506.534,378.081
466.350,280.333,655.595,406.263,667.673,769.393,473.990
759.665,474.309,699.567,329.411,138.110,587.171,87.099
492.434,753.131,707.218,682.879,365.612,710.212,478.585
787.634,491.920,720.672,536.499,413.469,761.552,406.745
542.504,430.902,707.449,311.313,253.288,427.020,234.690
332.963,508.099,756.685,496.525,668.652,215.697,312.364
729.701,427.962,707.531,637.618,382.172,448.769,360.096
788.763,240.383,518.977,475.698,476.621,341.225,456.233
268.929,273.869,805.102,656.905,658.437,241.275,545.424
193.058,295.850,827.207,228.123,564.834,394.031,573.625
513.838,543.344,845.413,295.615,571.143,345.109,590.390
648.789,532.626,865.914,598.185,750.006,602.197,413.118
562.346,428.741,890.666,673.136,692.107,308.204,222.917
604.061,627.901,829.427,611.971,447.487,447.487,552.996
711.960,681.993,789.056,70.326,546.854,546.854,384.999
313.876,396.937,801.942,529.009,531.325,531.325,681.835
681.253,399.090,686.319,692.458,613.525,613.525,351.174
435.732,954.768,684.972,490.841,372.368,372.368,487.841
494.458,573.378,670.916,429.945,153.363,153.363,819.022
531.528,496.773,655.068,650.155,413.596,413.596,542.150
765.177,458.322,638.077,452.796,860.411,860.411,383.782
512.833,630.659,942.412,78.599,207.375,207.375,372.844
478.137,578.323,1086.044,334.112,758.840,758.840,391.646
731.577,485.795,695.501,299.077,472.596,472.596,421.254
214.925,391.428,670.946,395.579,588.926,588.926,262.683
290.873,672.057,660.762,858.552,532.174,532.174,520.413
634.002,651.814,650.148,453.972,534.993,534.993,618.687
218.005,529.680,628.788,170.635,443.653,443.653,302.285
408.524,552.565,606.836,512.039,333.880,333.880,1044.815
492.632,561.979,599.076,609.020,770.373,770.373,526.779
164.549,591.874,585.496,125.911,148.989,148.989,608.276
230.328,556.150,568.302,551.906,525.689,525.689,232.350
461.384,277.357,537.558,400.089,441.212,441.212,597.867
116.305,337.912,505.500,630.140,561.460,561.460,831.932
345.246,690.746,480.374,544.303,602.723,602.723,970.000
655.061,717.150,456.863,249.355,618.443,618.443,953.651
453.953,360.136,432.962,223.217,685.359,685.359,807.501
863.379,578.017,729.162,424.128,463.110,463.110,107.501
520.610,291.431,415.842,387.909,542.737,542.737,591.427
627.111,351.088,390.641,179.187,413.417,413.417,536.814
365.559,384.892,364.591,44.264,465.100,465.100,275.813
370.189,653.944,337.965,261.113,527.222,527.222,836.894
360.290,933.484,310.773,359.500,594.729,594.729,525.260
592.124,561.657,283.669,607.892,586.466,586.466,347.191
568.585,460.031,254.974,484.072,511.632,511.632,308.579
324.650,109.953,238.172,576.983,412.479,412.479,797.419
610.488,295.545,500.079,355.053,178.858,178.858,501.094
684.281,579.283,459.268,455.893,311.893,311.893,355.016
497.030,409.804,407.586,615.330,555.461,555.461,341.862
345.255,534.323,440.104,778.078,356.815,356.815,629.998
551.292,714.254,449.774,562.570,415.646,415.646,311.108
294.471,329.161,449.782,330.363,384.082,384.082,402.210
689.100,568.742,449.263,633.851,880.129,880.129,663.651
603.641,601.822,448.675,326.899,666.642,666.642,622.228
376.777,352.810,448.656,302.943,549.036,549.036,485.877
537.432,398.715,449.790,517.695,765.855,765.855,631.531
545.232,699.508,451.195,348.149,490.907,490.907,696.338
767.389,952.565,454.997,358.699,734.806,734.806,917.505
473.921,680.230,459.668,232.532,332.900,332.900,700.795
380.681,498.642,503.639,633.135,578.073,578.073,430.799
256.038,398.412,497.232,523.499,566.940,566.940,591.742
410.269,369.612,508.238,625.954,728.059,728.059,406.538
86.452,731.877,520.554,317.737,644.777,644.777,322.666
783.710,565.093,534.540,371.861,750.366,750.366,470.566
623.886,595.687,253.574,154.775,756.324,756.324,448.991
260.341,554.169,248.544,592.585,420.564,420.564,597.432
481.647,660.120,239.954,298.633,441.041,441.041,505.836
561.769,768.955,232.719,810.268,1084.704,1084.704,696.306
460.847,889.195,225.553,370.089,380.645,380.645,254.724
619.094,214.425,221.329,602.127,524.259,524.259,926.647
252.655,376.625,220.814,422.984,569.966,569.966,277.276
488.988,673.344,220.199,601.455,488.540,488.540,110.625
326.434,678.108,515.141,863.699,441.047,441.047,435.153
626.239,441.395,755.143,517.544,611.971,604.061,329.814
664.976,616.320,747.406,362.598,70.326,711.960,581.057
641.049,845.419,749.978,69.318,529.009,313.876,636.463
631.581,174.092,751.334,296.514,692.458,681.253,946.804
568.292,642.208,752.200,506.505,490.841,435.732,546.314
297.147,463.285,762.598,294.950,429.945,494.458,632.208
357.099,673.839,781.178,385.098,650.155,531.528,672.764
557.783,432.320,676.443,556.664,452.796,765.177,329.584
317.372,749.770,540.203,520.326,78.599,512.833,383.037
378.869,616.827,509.527,634.102,334.112,478.137,323.496
583.135,466.576,491.603,638.620,299.077,731.577,313.172
571.730,614.914,474.172,101.083,395.579,214.925,537.464
607.000,552.563,456.822,639.917,858.552,290.873,504.742
715.611,688.946,438.206,794.931,453.972,634.002,646.558
630.116,227.579,394.576,252.553,170.635,218.005,560.215
1075.972,298.984,745.057,645.387,512.039,408.524,672.200
511.926,470.854,762.550,210.504,609.020,492.632,674.772
537.504,686.174,792.308,404.591,125.911,164.549,674.482
745.271,512.483,798.800,706.129,551.906,230.328,612.529
451.904,622.669,836.997,34.457,400.089,461.384,498.002
640.961,657.951,759.402,261.642,630.140,116.305,680.279
176.226,334.158,630.685,31.250,544.303,345.246,467.141
505.869,533.957,429.003,914.010,249.355,655.061,820.216
547.327,334.349,463.980,394.674,223.217,453.953,693.913
402.048,388.775,441.870,350.912,424.128,863.379,772.103
461.117,730.257,429.625,672.328,387.909,520.610,592.066
852.722,490.075,419.138,977.906,179.187,627.111,427.943
611.023,668.436,410.080,497.148,44.264,365.559,440.350
228.669,509.730,405.192,669.968,261.113,370.189,376.621
382.609,587.756,394.249,594.229,359.500,360.290,687.484
417.498,669.933,383.918,533.344,607.892,592.124,697.330
731.892,370.453,375.634,397.656,484.072,568.585,739.612
544.901,277.420,367.881,271.422,576.983,324.650,487.007
545.327,412.242,359.982,922.577,355.053,610.488,259.480
568.389,477.479,352.300,227.895,455.893,684.281,556.449
247.018,610.770,344.485,339.845,615.330,497.030,350.442
427.036,617.397,334.968,634.779,778.078,345.255,559.327
730.363,480.169,327.082,573.037,562.570,551.292,312.144
380.530,681.177,316.254,834.742,330.363,294.471,409.471
665.527,340.459,280.927,446.446,633.851,689.100,720.573
445.970,479.480,752.737,440.296,326.899,603.641,658.608
519.456,641.628,581.431,453.188,302.943,376.777,352.286
544.315,556.272,587.515,533.968,517.695,537.432,523.240
665.149,668.361,592.113,540.602,348.149,545.232,486.891
354.006,591.565,595.867,446.537,358.699,767.389,736.100
506.596,584.108,600.230,407.113,232.532,473.921,720.767
537.228,469.002,604.116,576.555,633.135,380.681,459.837
577.785,426.599,608.907,632.979,523.499,256.038,490.857
628.484,915.629,614.654,406.681,625.954,410.269,452.692
431.306,394.255,331.812,458.042,317.737,86.452,301.964
873.915,88.387,333.042,278.580,371.861,783.710,511.489
517.893,164.644,331.862,145.466,154.775,623.886,248.447
437.750,152.525,320.841,595.257,592.585,260.341,634.360
573.795,607.074,309.324,262.486,298.633,481.647,384.971
425.549,309.641,296.631,413.257,810.268,561.769,433.170
781.609,387.454,279.474,467.621,370.089,460.847,509.355
607.388,306.744,265.489,604.870,602.127,619.094,497.200
319.281,152.469,249.075,453.525,422.984,252.655,418.844
561.834,361.193,226.269,297.370,601.455,488.988,434.503
763.874,840.514,74.852,317.423,863.699,326.434,718.412
836.057,887.394,298.012,375.182,259.880,566.598,667.110
280.641,516.109,279.072,754.508,505.984,667.552,589.547
289.729,635.791,273.076,692.536,563.477,527.202,279.004
317.138,579.600,264.986,814.632,257.405,148.456,538.518
396.401,610.645,251.145,780.942,498.983,609.096,353.416
233.873,701.002,231.210,399.467,202.635,359.482,214.271
618.117,277.177,630.064,392.655,534.445,690.238,248.249
625.390,706.047,329.567,773.402,499.814,449.102,31.250
237.423,439.560,331.108,680.656,1055.219,189.440,691.245
542.891,685.998,332.543,275.505,154.465,295.989,616.785
233.610,540.134,333.158,840.817,872.732,497.375,509.174
367.088,489.521,334.117,604.890,586.919,432.290,320.199
404.278,382.253,336.154,567.560,677.059,540.538,627.472
489.216,428.621,340.969,500.233,369.104,457.280,522.498
944.820,345.427,347.114,271.544,221.171,582.181,666.315
587.683,359.204,353.845,482.592,772.257,497.815,553.494
832.240,601.742,362.443,361.954,478.745,561.952,736.156
338.336,518.275,369.807,351.327,768.076,428.012,395.402
482.089,618.166,369.722,736.421,646.816,488.595,583.192
317.873,319.713,358.800,547.510,178.058,232.478,584.024
636.572,896.809,348.663,654.772,392.987,458.005,1043.247
496.824,370.630,346.177,443.853,532.103,554.796,428.981
738.523,600.774,344.410,416.040,696.767,309.403,887.870
357.396,477.686,332.856,655.048,31.250,771.379,542.326
614.720,593.995,672.403,744.407,183.312,501.864,318.723
519.017,184.334,402.594,348.185,599.886,225.685,368.278
607.299,547.077,409.798,557.564,605.582,251.514,381.894
368.680,469.900,416.530,715.424,884.728,444.813,527.339
539.254,303.517,422.859,442.453,493.242,649.686,358.654
696.355,357.750,429.403,281.552,482.438,301.703,395.756
470.805,422.252,436.899,888.457,383.099,512.253,672.724
827.250,596.116,445.675,332.446,413.744,232.334,505.102
366.513,485.235,455.398,649.780,585.025,654.697,558.571
603.357,826.069,465.535,487.307,626.807,418.219,740.110
664.288,535.412,475.960,512.694,642.983,535.727,725.722
519.499,259.252,486.832,485.858,346.567,661.120,175.901
544.735,512.776,497.984,365.357,557.489,286.641,569.315
550.199,343.510,508.899,382.549,640.300,213.097,518.601
655.447,962.853,519.566,326.872,492.829,91.857,637.491
660.912,650.409,530.618,285.971,627.118,116.751,558.592
665.378,272.681,542.677,679.116,709.589,1049.880,276.799
538.991,801.056,556.407,517.668,734.143,566.795,174.911
416.967,504.645,572.620,556.399,282.696,696.320,434.259
478.223,495.329,591.131,574.406,522.729,396.267,415.712
623.087,591.581,609.681,522.794,329.030,417.517,462.834
499.759,669.211,626.143,747.106,368.062,390.127,400.550
40.616,410.671,641.180,548.347,478.756,607.491,116.563
529.650,704.772,656.152,618.208,551.439,278.822,527.180
684.231,623.286,671.939,432.567,681.560,477.963,498.002
314.467,543.149,688.726,649.140,370.989,563.472,497.714
499.744,384.734,706.395,567.885,802.223,520.160,629.643
488.053,540.547,725.447,457.606,279.522,367.507,582.169
192.527,297.574,745.248,695.506,706.714,270.436,521.202
218.196,448.874,770.699,333.612,468.362,171.974,448.510
427.383,451.233,804.856,814.780,574.424,367.427,809.508
379.012,770.924,839.510,255.299,434.216,601.230,524.451
453.611,343.025,863.764,657.350,676.800,431.642,813.037
815.882,682.307,880.273,393.059,581.254,427.013,405.781
724.196,560.351,800.457,598.885,536.933,429.090,591.805
426.862,514.911,1030.723,581.536,333.880,508.937,486.046
784.196,568.457,644.757,645.384,252.644,515.202,900.338
824.029,442.199,812.806,309.200,682.192,623.292,688.432
610.334,475.974,683.579,93.879,31.250,571.545,629.657
539.468,574.625,637.133,302.671,564.802,537.442,469.057
679.015,667.866,709.774,589.483,368.596,434.943,504.437
522.019,496.656,688.713,789.596,531.412,95.109,165.165
570.271,482.623,690.138,322.076,302.772,510.305,652.511
299.613,715.141,592.534,449.939,717.910,790.144,528.520
442.981,459.931,585.137,770.249,318.637,448.086,565.405
111.085,487.284,615.933,704.526,525.415,453.233,35.801
351.693,618.413,646.573,450.559,421.989,557.935,922.801
435.926,548.264,669.081,478.274,473.564,315.054,627.522
410.752,254.771,504.519,445.858,397.687,263.298,456.432
829.504,618.289,753.941,601.126,809.859,499.801,566.101
496.613,212.531,722.305,267.493,372.233,586.616,346.720
763.220,558.790,639.504,542.615,590.613,557.020,746.407
413.071,702.277,653.445,492.492,931.538,301.243,327.526
555.414,815.449,618.093,892.813,584.694,404.370,437.160
413.874,720.107,553.561,307.729,327.303,705.455,571.209
380.869,902.683,678.720,503.367,644.668,423.497,282.279
380.175,598.372,529.579,389.278,646.036,562.634,695.803
554.858,283.965,480.554,470.751,628.046,521.803,279.731
866.156,337.336,452.002,544.551,698.524,553.533,461.388
555.070,683.099,447.288,648.576,426.318,637.248,217.014
480.904,778.835,703.961,657.724,669.802,585.948,669.008
623.712,527.705,550.927,203.279,468.352,452.949,400.454
767.651,352.545,469.368,381.221,511.080,928.126,718.668
410.581,214.565,500.623,326.024,457.523,615.431,362.675
538.341,884.605,545.983,334.824,655.723,311.342,457.740
540.173,719.287,605.571,650.244,190.754,453.772,476.019
220.480,525.076,493.969,841.417,341.386,515.950,551.059
625.756,370.610,650.989,146.573,394.092,758.325,540.022
499.126,665.230,589.007,543.582,407.011,268.486,745.039
459.796,836.029,501.962,496.823,493.366,272.577,462.736
621.644,676.262,468.496,441.566,167.994,394.747,503.986
463.354,346.769,525.727,669.236,372.089,559.023,840.714
393.915,345.363,516.823,569.497,498.443,583.507,379.302
549.898,612.350,481.788,376.323,455.321,674.750,338.411
322.178,624.160,499.792,811.355,348.102,773.282,453.062
728.282,468.302,663.176,817.518,317.411,673.105,789.538
739.044,807.744,699.603,508.154,645.805,395.755,499.446
686.970,269.533,555.880,736.690,598.375,683.565,362.089
438.201,456.978,497.609,545.967,481.328,434.925,728.174
589.742,805.998,591.656,516.073,426.279,587.798,275.310
714.717,467.354,481.201,515.549,421.693,459.571,436.386
450.689,390.025,385.762,310.130,466.753,660.111,831.936
643.205,220.248,383.077,378.081,657.636,378.396,600.744
705.078,513.126,346.488,473.990,399.467,557.362,528.321
725.897,319.178,309.627,87.099,747.798,627.622,525.827
736.633,675.098,351.440,478.585,420.406,178.688,535.685
479.080,585.425,320.825,406.745,162.307,438.206,374.907
387.623,434.376,284.315,234.690,793.468,741.377,428.825
873.185,393.404,222.141,312.364,221.535,337.428,857.910
694.207,346.539,173.210,360.096,680.321,472.204,511.771
548.787,815.384,158.275,456.233,277.095,635.314,469.488
511.960,426.867,158.068,545.424,279.424,379.708,733.702
345.428,398.074,104.270,573.625,381.069,203.165,445.123
618.219,537.500,66.091,590.390,463.654,604.198,435.225
575.960,568.800,60.666,413.118,294.326,279.692,521.339
478.718,515.098,71.965,222.917,229.605,840.537,776.060
705.059,353.826,59.368,685.850,627.268,413.411,153.684
454.556,602.536,82.664,125.681,419.451,578.856,340.471
773.765,293.847,60.323,761.488,366.536,507.636,518.025
365.455,413.208,496.018,279.136,317.493,272.795,544.418
732.958,630.888,346.374,641.705,701.716,248.692,682.482
465.327,639.721,353.582,347.418,372.454,344.512,413.613
263.033,643.768,334.817,574.404,316.873,518.753,663.028
424.163,267.375,311.168,250.588,251.696,354.801,578.185
463.783,671.650,304.134,670.481,434.947,499.430,348.770
411.311,162.586,306.037,685.530,376.216,814.166,400.581
730.565,254.625,309.590,594.387,518.397,605.213,369.588
182.380,446.325,315.690,614.991,762.444,738.812,198.094
856.378,651.059,324.529,310.809,596.922,818.700,652.764
289.297,386.620,333.979,464.510,325.861,406.191,220.078
183.324,530.511,336.107,437.697,511.962,632.333,242.954
409.463,373.607,336.966,644.564,540.506,38.287,413.388
434.046,581.631,347.195,130.456,625.931,297.055,281.262
673.792,221.440,356.837,228.304,325.092,510.847,641.134
467.011,494.731,363.883,473.986,447.826,336.330,456.937
270.254,298.679,369.373,561.159,449.352,563.034,292.751
540.181,786.503,372.433,375.938,490.587,335.758,520.098
720.209,612.275,373.991,312.467,619.774,672.747,668.081
744.933,322.377,372.571,767.877,120.210,812.265,563.583
445.076,258.287,359.013,443.650,495.081,658.629,284.078
638.688,363.305,698.799,614.728,642.629,417.782,474.355
159.143,797.805,454.848,371.328,448.498,358.326,48.643
419.479,428.115,466.372,268.498,229.579,427.322,604.128
31.250,784.979,476.469,296.587,531.614,582.969,369.884
464.335,226.591,485.583,426.054,935.011,202.984,731.433
520.645,144.517,494.985,380.213,301.100,603.415,333.494
255.783,250.051,505.809,276.124,299.893,453.623,376.842
704.276,445.426,517.745,653.831,72.110,645.501,217.386
576.195,616.191,529.758,581.189,436.280,314.942,557.138
512.349,269.246,541.361,245.423,626.946,438.770,879.570
391.318,560.472,553.230,363.971,349.263,513.371,569.025
578.659,438.210,566.592,472.552,611.285,452.299,741.437
202.147,479.661,580.956,145.681,520.550,542.097,437.751
649.130,745.709,592.410,456.479,736.327,377.250,570.732
788.930,196.642,598.759,466.787,558.473,355.902,631.031
490.550,590.898,603.157,399.732,944.001,691.658,486.314
623.669,433.317,608.789,766.872,289.010,355.467,720.832
658.218,426.753,617.772,604.951,468.623,378.404,697.866
455.372,601.925,633.195,408.092,556.895,412.544,421.495
412.639,684.487,655.321,602.940,574.747,652.118,123.719
638.088,131.664,669.287,349.744,688.658,294.539,255.012
168.192,604.123,664.294,548.767,301.264,653.115,464.782
473.197,416.352,654.438,650.847,224.218,797.692,1068.595
512.024,571.347,647.426,280.333,357.766,794.020,389.420
335.481,753.331,641.669,474.309,672.252,433.864,601.437
346.727,525.136,635.671,753.131,525.168,198.818,711.435
440.490,739.831,628.836,491.920,419.343,430.263,403.287
466.244,105.140,623.114,430.902,437.091,505.178,856.728
572.763,98.503,484.553,508.099,699.927,850.515,757.166
656.296,751.802,727.750,427.962,771.777,749.252,309.683
562.528,874.515,774.298,240.383,775.567,553.317,900.959
607.832,858.975,821.464,273.869,620.786,395.690,780.959
529.394,344.611,810.640,295.850,731.428,206.668,574.909
602.211,772.159,801.059,543.344,401.754,768.825,173.012
448.063,396.538,815.119,532.626,214.020,506.665,627.398
785.675,481.641,891.832,428.741,227.795,272.419,461.288
95.333,383.919,586.433,501.341,678.330,374.926,513.994
230.828,870.115,895.763,408.148,238.393,408.608,604.039
436.085,291.406,887.919,358.020,735.415,796.288,311.839
338.058,429.560,706.922,500.798,257.693,606.150,675.457
277.384,445.126,636.518,609.380,67.302,277.520,586.701
694.903,962.665,644.273,537.309,589.045,415.994,445.738
387.752,711.025,649.149,457.854,697.897,386.968,809.319
197.141,266.491,650.790,824.808,279.180,364.083,450.407
503.451,415.607,650.359,641.762,808.222,669.014,608.464
419.994,819.919,648.493,441.765,416.270,503.075,501.896
365.816,575.096,645.860,344.031,409.689,455.789,357.424
167.928,718.028,642.743,265.049,392.517,510.991,325.810
803.375,366.979,639.315,628.282,386.167,594.569,449.797
602.442,646.261,635.119,465.696,523.971,136.666,142.552
357.820,492.675,629.125,365.681,667.830,477.806,233.773
727.087,388.414,625.699,397.899,499.945,521.556,559.589
838.060,640.144,617.732,410.712,484.812,645.768,610.787
335.650,433.334,585.840,529.776,462.060,665.145,642.725
625.743,657.125,575.128,613.852,425.751,584.823,346.546
638.150,455.140,559.960,434.123,523.963,566.539,807.794
667.968,654.014,548.562,348.620,329.803,196.519,371.738
302.727,627.160,540.076,588.223,692.418,503.304,559.306
496.471,387.472,518.477,366.293,162.078,526.103,836.191
111.492,357.064,493.232,763.211,339.637,267.521,124.236
202.085,488.113,873.455,504.162,545.067,386.590,360.650
423.535,335.565,497.304,646.977,557.035,342.112,550.793
726.963,564.434,471.121,412.746,368.546,523.808,731.969
205.909,625.856,446.474,455.217,731.990,701.946,350.441
515.310,513.262,423.003,443.495,373.839,396.072,516.460
465.768,609.772,528.967,363.827,581.782,596.767,592.255
527.281,529.011,447.039,540.174,657.100,353.284,745.283
202.752,268.632,448.250,657.686,453.992,479.505,505.767
485.653,570.267,480.598,115.645,521.749,353.361,412.198
324.333,707.695,531.931,69.819,205.234,197.470,456.521
335.942,574.738,560.702,462.063,666.863,533.363,466.813
305.931,431.101,568.402,861.703,512.828,472.072,472.822
727.440,486.078,571.327,749.044,659.853,346.351,271.808
305.404,930.435,579.018,826.525,316.565,217.807,291.514
344.576,642.607,591.849,415.939,751.835,510.597,635.755
744.186,216.905,596.840,531.201,472.282,418.777,542.508
864.774,518.467,568.930,612.863,612.264,648.695,290.200
776.485,669.287,534.343,603.577,824.656,366.364,757.412
629.310,601.791,396.224,505.883,622.510,634.598,322.611
501.938,389.079,437.839,444.799,538.842,473.511,337.481
819.328,536.335,442.257,747.623,603.703,335.005,475.206
349.694,501.308,461.341,578.493,63.860,329.543,768.104
515.035,241.773,469.891,590.694,370.333,709.875,545.701
323.405,663.763,320.834,535.793,718.871,581.804,721.499
603.069,290.467,206.264,399.399,635.256,461.254,710.311
554.872,630.546,156.540,499.733,779.736,322.515,607.706
475.597,424.383,94.089,567.254,429.932,460.961,430.059
401.886,512.630,397.474,566.223,284.969,519.029,542.186
121.324,692.463,388.945,208.246,449.341,192.880,201.975
443.193,708.474,40.274,387.880,489.752,383.087,483.551
463.199,266.689,69.159,476.289,606.649,449.293,891.787
242.095,808.599,31.424,895.610,254.217,557.763,775.731
723.613,804.777,274.790,560.083,817.907,348.986,853.226
467.320,395.481,271.168,103.427,893.031,357.782,462.591
391.864,545.420,292.908,217.821,550.931,200.545,519.009
623.618,662.061,315.536,257.285,31.250,684.652,76.034
654.608,433.875,154.424,494.764,661.670,784.196,660.999
505.572,339.119,134.585,393.169,509.124,824.029,860.920
308.940,214.817,139.829,561.445,426.812,610.334,227.228
462.079,558.932,145.145,378.859,631.676,539.468,543.703
339.906,210.758,153.031,453.994,95.216,679.015,421.558
712.985,452.009,150.200,419.092,737.116,522.019,516.186
404.369,498.645,156.425,588.135,460.645,570.271,435.531
551.174,733.240,162.296,424.870,507.818,299.613,463.494
780.059,446.976,167.298,380.981,224.164,442.981,485.020
395.582,576.065,173.895,634.012,301.916,111.085,359.973
737.393,212.820,573.429,607.763,387.362,351.693,303.548
446.299,99.541,506.409,539.099,669.719,435.926,545.554
707.138,91.853,527.509,473.195,655.794,410.752,315.172
566.664,366.405,539.792,722.094,741.877,829.504,745.418
619.578,362.721,553.717,594.643,374.524,496.613,368.866
666.478,502.563,298.803,357.933,504.458,763.220,259.433
259.418,714.260,494.713,398.819,282.046,413.071,336.214
651.128,356.068,229.017,598.036,433.338,555.414,381.687
408.318,652.760,602.992,539.186,356.209,413.874,151.700
633.137,415.447,646.642,546.328,596.979,380.869,402.123
414.438,533.840,654.600,334.773,508.785,380.175,345.601
632.071,646.923,676.073,546.469,536.594,554.858,344.359
437.271,551.598,697.250,603.268,605.873,866.156,577.130
460.167,329.019,719.946,637.051,386.485,555.070,433.043
289.594,474.186,466.744,214.178,278.251,480.904,344.138
548.994,449.633,472.797,418.835,526.578,623.712,570.268
427.656,640.129,470.566,556.452,208.718,767.651,202.285
424.043,293.824,459.453,392.665,386.471,410.581,736.025
509.952,213.595,448.700,347.979,642.188,538.341,578.690
635.542,459.097,440.266,359.769,552.258,540.173,1085.677
591.274,629.857,435.508,563.846,440.670,220.480,682.417
679.977,494.022,434.292,545.062,992.736,625.756,927.646
519.151,467.730,434.425,394.981,566.297,499.126,660.062
480.242,508.517,431.907,729.534,398.724,459.796,591.328
518.792,588.975,584.178,407.914,436.685,621.644,31.250
625.653,443.871,479.742,679.011,867.499,463.354,551.753
321.748,412.905,534.886,571.989,922.921,393.915,163.780
696.457,596.790,597.475,639.171,243.709,549.898,272.283
184.459,636.755,739.988,595.449,433.233,322.178,542.514
425.999,459.564,549.739,148.142,782.706,728.282,278.293
360.967,31.250,534.118,578.086,267.389,739.044,233.238
480.550,394.868,551.618,564.221,567.719,686.970,511.577
646.384,433.620,585.941,425.149,190.804,438.201,46.313
412.809,326.210,654.291,550.737,523.352,589.742,383.982
627.268,743.203,700.597,499.404,417.731,714.717,692.829
174.884,487.082,728.251,156.182,333.017,450.689,741.760
477.147,387.611,666.554,568.198,685.676,643.205,634.221
128.634,290.677,738.082,522.181,608.935,705.078,527.136
321.856,627.299,695.997,746.066,580.910,725.897,191.639
357.303,692.848,743.149,440.298,292.757,736.633,529.444
616.713,463.591,724.379,510.884,556.257,479.080,632.673
151.586,197.343,681.027,157.593,521.825,387.623,574.435
353.316,807.908,535.076,792.182,440.278,873.185,182.934
560.368,914.456,607.875,812.916,561.814,694.207,543.075
535.844,447.252,594.409,392.699,303.115,548.787,74.901
285.058,877.822,596.727,600.282,156.229,511.960,718.822
636.013,355.227,598.109,472.422,500.961,345.428,496.218
328.292,563.242,599.879,283.450,814.306,618.219,486.010
600.288,703.992,606.926,783.778,248.594,575.960,339.214
398.915,185.221,618.310,543.250,619.670,478.718,582.339
734.088,355.249,231.516,413.411,345.250,537.532,375.182
529.139,267.499,234.340,578.856,562.846,649.324,754.508
254.030,468.261,234.684,507.636,933.204,775.762,692.536
274.590,251.789,233.844,272.795,726.009,576.501,814.632
461.132,506.720,233.948,248.692,401.850,469.751,780.942
772.356,685.500,234.285,344.512,509.923,921.745,399.467
234.936,821.856,235.732,518.753,800.991,788.451,392.655
626.603,402.886,236.957,354.801,532.546,921.337,773.402
803.812,586.526,237.504,499.430,602.087,651.331,680.656
351.024,544.315,237.805,814.166,435.084,129.286,275.505
589.723,172.992,470.324,605.213,575.860,585.730,840.817
626.681,601.001,393.393,738.812,315.228,545.836,604.890
705.687,288.689,394.087,818.700,805.215,433.052,567.560
480.968,826.594,407.116,406.191,890.692,548.477,500.233
180.420,458.209,426.953,632.333,563.194,476.452,271.544
414.957,360.834,434.101,38.287,386.779,540.459,482.592
645.432,543.461,458.807,297.055,370.790,319.530,361.954
669.618,655.614,502.508,510.847,1090.736,178.364,351.327
437.396,420.123,563.515,336.330,490.122,491.284,736.421
607.824,487.875,561.842,563.034,505.264,167.030,547.510
640.218,548.720,345.120,335.758,296.169,753.485,654.772
736.988,313.479,341.712,672.747,472.243,316.760,443.853
510.720,590.611,341.192,812.265,468.638,518.361,416.040
248.861,571.219,580.742,658.629,162.863,396.131,655.048
359.032,779.476,356.284,417.782,468.447,812.688,744.407
143.917,585.083,355.193,358.326,407.051,427.703,348.185
354.384,643.407,355.407,427.322,362.714,39.175,557.564
448.084,52.032,355.834,582.969,724.791,641.461,715.424
195.339,588.548,657.107,202.984,615.203,728.498,442.453
534.984,796.062,374.230,603.415,598.256,651.800,281.552
585.040,705.613,373.641,453.623,529.065,612.632,888.457
478.126,231.549,374.605,645.501,471.996,474.240,332.446
347.579,586.529,376.743,314.942,548.272,769.228,649.780
681.349,643.416,379.353,438.770,301.819,662.869,487.307
1050.706,456.327,616.629,513.371,868.595,474.162,512.694
463.248,642.263,623.374,452.299,391.414,743.355,485.858
738.882,530.728,635.745,542.097,407.814,362.723,365.357
416.363,597.734,649.094,377.250,523.485,341.026,382.549
472.954,409.667,664.111,355.902,379.723,307.306,326.872
645.823,528.012,677.726,691.658,179.095,818.066,285.971
341.821,525.006,691.391,355.467,277.601,687.709,679.116
471.626,222.873,703.854,378.404,413.491,795.716,517.668
340.024,481.967,715.703,412.544,487.259,422.311,556.399
386.677,226.344,510.459,652.118,284.306,331.262,574.406
676.413,498.542,499.594,294.539,565.504,511.943,522.794
151.326,642.914,501.213,653.115,661.940,434.446,747.106
460.661,280.877,498.312,797.692,505.761,600.883,548.347
229.860,836.627,498.101,794.020,417.016,475.458,618.208
183.858,576.628,714.671,433.864,751.452,353.849,432.567
681.632,214.534,727.459,198.818,421.610,604.360,649.140
446.565,682.811,735.988,430.263,345.468,353.846,567.885
825.613,185.505,746.197,505.178,632.542,426.297,457.606
625.998,528.534,757.909,850.515,793.156,723.545,695.506
470.664,446.867,544.683,749.252,538.160,579.899,333.612
407.243,933.464,764.407,553.317,617.920,540.385,814.780
447.636,105.063,769.775,395.690,202.405,275.618,255.299
549.690,607.800,780.707,206.668,491.616,490.710,657.350
452.628,740.460,791.737,768.825,386.601,647.192,393.059
628.196,491.164,801.920,506.665,660.461,302.696,598.885
757.090,418.844,848.817,272.419,462.632,513.579,581.536
627.268,501.341,31.250,656.473,497.227,664.722,415.105
419.451,408.148,239.288,447.160,521.343,650.747,414.045
366.536,358.020,282.552,512.781,251.160,486.898,301.733
317.493,500.798,335.012,365.933,552.401,571.749,258.348
701.716,609.380,477.460,647.856,415.016,519.347,769.607
372.454,537.309,214.987,659.744,526.794,221.060,746.664
316.873,457.854,224.975,555.233,389.146,227.714,559.385
251.696,824.808,243.166,153.966,607.298,108.265,702.617
434.947,641.762,266.802,419.784,493.947,405.046,467.588
376.216,441.765,282.901,300.902,466.470,681.256,429.163
518.397,344.031,297.776,571.187,218.706,544.218,578.828
762.444,265.049,314.323,539.312,523.304,441.456,686.902
596.922,628.282,331.546,263.890,653.327,151.727,471.415
325.861,465.696,348.465,751.523,710.200,622.895,286.278
511.962,365.681,364.125,376.791,243.051,890.058,597.568
540.506,397.899,383.172,346.160,762.020,435.146,943.583
625.931,410.712,673.114,1031.837,188.604,264.700,309.489
325.092,529.776,448.428,617.029,760.789,303.438,293.269
447.826,613.852,482.051,663.442,296.130,232.915,292.450
449.352,434.123,500.878,614.827,480.511,226.998,420.933
490.587,348.620,516.624,502.373,377.401,441.384,786.285
619.774,588.223,532.614,484.833,382.204,610.196,457.932
120.210,366.293,547.427,735.615,219.936,261.923,916.056
495.081,763.211,561.811,494.329,211.328,668.862,1090.079
642.629,504.162,574.135,416.444,570.954,475.093,896.676
448.498,646.977,585.537,908.955,69.518,649.331,219.682
229.579,412.746,595.372,641.037,371.618,133.653,540.561
531.614,455.217,608.011,566.622,557.878,647.271,817.665
935.011,443.495,886.078,455.918,317.667,517.022,199.114
301.100,363.827,679.114,251.607,334.872,558.475,95.610
299.893,540.174,688.922,403.819,619.024,282.759,452.750
72.110,657.686,699.161,600.363,393.127,449.186,400.088
436.280,115.645,707.554,468.905,241.308,435.968,550.554
626.946,69.819,712.896,750.505,31.250,505.644,493.862
349.263,462.063,718.751,680.161,687.719,675.198,636.014
611.285,861.703,721.953,216.582,446.723,746.926,423.445
520.550,749.044,721.946,485.712,291.937,468.300,389.876
736.327,826.525,720.530,484.589,581.213,773.030,726.565
558.473,415.939,718.184,509.353,346.995,388.907,648.308
944.001,531.201,713.418,404.369,428.760,191.828,761.558
289.010,612.863,703.581,52.800,190.323,942.441,500.827
468.623,603.577,692.333,525.537,459.296,257.690,421.077
556.895,505.883,680.359,383.589,322.123,527.264,280.818
574.747,444.799,665.851,263.893,676.766,173.649,493.758
688.658,747.623,648.713,485.481,572.213,618.210,566.603
301.264,578.493,629.119,277.238,491.145,465.531,483.646
224.218,590.694,606.842,456.900,314.816,162.074,470.767
357.766,535.793,581.709,382.734,468.211,301.924,822.778
672.252,399.399,553.791,394.321,704.807,418.726,742.847
525.168,499.733,523.646,600.852,320.599,795.403,539.143
419.343,567.254,490.519,523.225,645.799,401.675,667.300
437.091,566.223,455.385,769.681,628.572,420.235,305.575
699.927,208.246,416.100,303.111,384.041,398.374,456.170
771.777,387.880,640.384,683.903,848.600,708.192,442.505
775.567,476.289,417.259,340.228,758.840,507.021,1034.716
620.786,895.610,362.885,668.141,442.213,721.580,758.781
731.428,560.083,308.661,627.737,650.657,350.089,820.863
401.754,103.427,258.977,602.935,589.309,445.856,97.437
214.020,217.821,216.917,351.995,328.246,321.624,721.933
227.795,257.285,194.664,423.929,598.623,216.004,473.055
506.148,675.892,48.437,533.487,509.231,128.253,727.324
534.725,444.563,88.768,553.444,321.605,987.950,674.219
174.418,395.843,58.849,342.380,621.296,596.726,793.421
460.190,370.609,498.574,704.956,188.386,748.920,402.404
389.068,855.992,335.339,494.285,655.576,380.181,375.895
768.874,473.302,340.989,613.587,349.366,475.110,467.991
519.950,270.217,322.812,619.511,491.418,438.764,556.729
548.575,665.629,300.991,471.276,296.694,482.946,430.095
549.467,54.773,296.037,435.993,178.541,673.597,508.099
308.460,198.045,299.902,618.546,151.735,292.460,471.003
284.382,349.122,305.573,418.906,521.386,439.576,486.408
897.212,70.063,312.718,700.983,367.031,370.786,383.064
429.811,604.512,322.533,551.583,762.636,672.709,257.651
805.485,494.467,331.489,103.632,405.396,529.465,587.623
331.190,438.327,335.899,413.687,194.283,478.038,477.134
502.340,637.193,351.586,380.852,732.179,547.262,402.568
630.367,607.096,345.501,838.946,523.974,619.268,375.520
621.562,511.218,354.441,72.927,291.763,375.047,391.120
570.552,732.900,361.475,389.760,287.191,31.250,202.607
535.346,660.781,369.420,577.862,246.873,250.637,650.394
444.891,466.031,372.230,544.241,899.029,856.851,1001.513
433.640,761.944,372.897,641.104,523.307,605.995,245.712
203.197,782.946,371.992,894.884,716.733,564.691,264.378
517.653,583.143,361.914,485.072,396.551,673.401,405.982
703.444,233.721,703.393,614.675,762.801,486.195,460.301
419.520,577.633,453.906,684.330,561.262,585.842,770.456
539.864,595.679,465.363,659.819,297.088,542.489,444.650
678.158,337.668,475.613,335.206,293.438,407.165,378.617
658.301,565.704,485.067,398.018,562.456,468.267,169.575
745.458,279.411,494.841,637.658,855.168,468.617,721.707
550.567,394.714,505.876,562.801,718.163,375.242,430.362
364.815,500.792,517.838,333.749,300.022,475.950,824.627
447.740,721.802,529.771,723.830,708.473,547.727,598.603
726.859,631.495,541.356,414.469,556.316,423.923,345.705
674.967,588.353,552.927,474.453,414.259,422.920,710.586
766.363,725.683,566.391,509.042,214.852,665.414,162.829
458.880,191.804,580.650,471.288,851.895,471.294,668.227
107.137,475.871,592.106,205.896,645.008,614.051,366.498
745.574,527.529,599.081,486.249,562.203,312.284,82.713
435.418,515.399,605.092,308.678,545.619,419.950,362.282
722.610,390.654,612.001,339.770,620.607,525.090,744.602
394.334,418.497,622.252,400.870,198.864,651.340,857.986
329.506,217.358,638.514,433.923,634.278,235.793,597.892
174.168,31.250,660.289,326.832,576.388,469.763,279.971
848.802,202.599,676.322,536.009,505.543,538.621,538.349
857.403,620.643,676.231,224.899,492.897,371.636,390.052
313.792,143.493,673.164,438.422,414.654,630.015,599.358
513.723,407.797,667.576,353.451,397.042,149.129,704.945
629.836,682.707,667.729,531.490,308.905,650.566,564.810
828.702,683.089,665.370,454.260,392.510,815.060,402.486
279.760,122.166,666.159,193.548,559.201,695.024,479.306
557.497,482.814,658.983,399.405,583.061,392.495,558.373
413.524,585.833,667.137,705.185,714.242,430.686,474.670
636.424,104.132,520.506,343.813,72.911,346.996,221.144
778.630,278.270,756.581,793.598,416.704,573.905,448.978
393.235,370.551,767.068,496.008,467.788,764.577,530.666
750.766,399.868,756.062,340.268,190.125,400.632,482.481
444.224,654.003,822.810,468.641,647.328,583.605,395.509
472.732,726.288,826.877,31.250,423.041,585.486,579.441
635.405,785.698,868.728,276.119,199.647,334.161,634.994
667.110,770.845,292.302,433.950,568.457,490.558,378.655
589.547,543.249,297.333,560.114,442.199,754.461,520.439
279.004,413.345,299.800,302.354,475.974,495.289,799.808
538.518,698.610,304.178,876.014,574.625,808.445,528.449
353.416,770.313,357.918,395.831,667.866,498.411,568.439
214.271,275.926,302.121,576.588,496.656,543.456,801.886
248.249,492.792,304.326,1154.576,482.623,417.107,389.274
31.250,665.122,308.119,631.830,715.141,522.210,312.885
691.245,353.421,304.983,610.392,459.931,484.974,606.599
616.785,204.804,305.728,508.644,487.284,588.905,618.345
509.174,467.136,306.397,543.008,618.413,428.576,447.170
320.199,573.472,307.486,490.577,548.264,331.448,31.250
627.472,504.166,308.272,456.849,254.771,508.943,471.078
522.498,495.362,309.288,384.100,618.289,549.936,534.982
666.315,432.189,310.413,269.435,212.531,31.250,544.592
553.494,348.598,311.583,595.232,558.790,389.246,433.422
736.156,386.000,544.867,316.410,702.277,506.565,626.266
395.402,588.796,334.605,621.650,815.449,475.912,478.103
583.192,608.122,333.647,589.885,720.107,637.195,233.621
584.024,473.288,616.247,678.001,902.683,535.449,567.571
1043.247,691.814,585.972,303.223,598.372,731.461,556.676
428.981,420.769,383.272,586.241,283.965,567.074,601.850
887.870,587.962,386.890,516.057,337.336,382.717,704.627
542.326,630.922,390.283,332.130,683.099,458.812,550.844
318.723,376.807,394.274,326.811,778.835,820.224,348.289
368.278,397.858,398.327,557.965,527.705,459.514,510.994
381.894,354.679,402.644,584.833,352.545,552.126,460.544
527.339,526.348,407.387,460.058,214.565,494.061,330.917
358.654,531.175,410.523,427.064,884.605,737.973,252.654
395.756,427.632,416.180,173.945,719.287,523.965,311.485
672.724,302.066,420.786,710.016,525.076,303.867,172.784
505.102,295.169,425.334,463.087,370.610,728.679,536.989
558.571,339.241,647.444,355.356,665.230,762.723,664.272
740.110,708.339,449.242,365.727,836.029,576.863,430.623
725.722,384.229,451.007,408.751,676.262,680.693,272.261
175.901,400.022,694.226,283.380,346.769,900.635,789.610
569.315,408.733,708.333,525.914,345.363,581.183,613.286
518.601,587.903,507.810,503.196,612.350,340.432,321.220
637.491,383.020,514.104,480.862,624.160,307.093,679.273
558.592,695.036,519.552,1051.492,468.302,576.501,429.606
276.799,740.631,524.587,578.823,807.744,398.528,365.488
174.911,529.626,530.177,738.299,269.533,684.854,627.090
434.259,548.890,535.667,654.715,456.978,630.920,666.350
415.712,230.169,541.132,558.755,805.998,436.847,612.447
462.834,398.269,546.592,531.646,467.354,301.321,260.397
400.550,602.181,551.937,488.952,390.025,796.346,667.044
116.563,652.036,783.163,526.816,220.248,1036.102,706.653
527.180,123.850,584.764,367.735,513.126,612.791,720.887
498.002,688.198,593.513,328.825,319.178,421.194,708.099
497.714,130.348,600.929,431.214,675.098,381.855,663.747
629.643,482.212,607.865,383.433,585.425,399.808,540.729
582.169,587.534,614.597,208.018,434.376,299.861,401.018
521.202,497.699,622.679,344.682,393.404,648.036,502.041
448.510,577.804,627.423,493.574,346.539,333.896,456.502
809.508,785.426,856.058,345.803,815.384,395.146,164.585
524.451,731.347,876.002,553.662,426.867,371.228,315.773
813.037,244.928,897.450,605.353,398.074,574.880,921.030
405.781,278.064,919.004,256.992,537.500,402.527,268.641
591.805,186.483,940.879,632.150,568.800,464.382,261.190
486.046,355.560,972.375,640.170,515.098,242.784,353.317
686.096,419.206,808.784,607.168,356.932,114.648,478.365
387.894,754.229,684.994,713.979,213.039,349.815,624.339
568.644,854.739,671.331,286.445,561.600,358.148,596.742
181.918,584.236,840.300,757.632,711.575,246.204,230.248
507.410,243.459,656.565,629.986,624.831,516.580,420.248
540.688,356.087,777.784,505.108,191.419,366.890,308.862
485.596,426.323,767.906,184.968,279.455,1069.858,549.326
883.798,692.587,767.590,413.928,363.554,589.424,391.148
752.983,446.285,820.382,431.816,374.693,830.277,488.368
604.673,536.504,770.015,374.385,603.512,447.533,662.431
627.135,587.609,765.759,905.543,506.452,667.432,625.430
492.132,230.419,807.584,560.672,825.506,632.796,672.036
304.671,860.542,649.202,461.728,715.860,856.815,608.041
737.811,321.987,629.337,441.619,237.108,604.268,560.066
722.523,495.631,617.568,506.048,413.890,652.918,335.167
76.941,667.790,587.531,436.091,572.962,97.004,271.749
367.588,324.174,577.776,305.981,566.656,422.457,440.562
662.147,499.897,565.480,547.385,259.834,516.728,564.574
626.291,622.779,682.045,430.453,340.398,659.161,526.633
415.824,767.834,672.523,405.405,310.061,381.200,546.998
443.271,528.900,668.278,627.217,387.646,459.426,361.560
484.629,677.667,662.284,685.816,460.492,573.144,560.223
658.434,649.434,534.098,381.361,573.831,410.894,245.744
780.426,534.408,521.494,391.308,1003.283,428.752,745.220
403.512,249.558,630.361,840.217,109.449,447.400,232.749
376.630,543.320,505.625,420.249,424.974,629.764,491.377
560.149,270.976,486.988,565.979,762.704,624.754,379.536
444.416,304.474,470.303,607.746,473.593,362.755,493.492
633.886,642.997,453.715,568.245,661.783,718.189,613.062
217.081,440.519,436.592,800.276,460.177,683.127,149.013
302.603,162.819,419.405,294.857,506.358,379.827,518.144
438.834,456.928,401.988,426.431,907.826,411.947,373.030
246.561,291.488,384.381,306.416,424.374,167.018,466.619
713.242,518.390,366.373,279.652,562.780,660.768,663.267
597.318,727.120,348.012,556.509,203.362,805.861,382.850
685.214,584.789,329.270,789.351,731.777,629.701,420.717
444.768,855.933,442.107,497.352,431.479,632.481,398.613
493.741,292.775,439.064,646.248,414.690,708.504,698.602
565.182,361.690,436.072,335.863,452.350,546.818,474.311
450.509,507.372,434.196,400.220,223.805,612.019,804.002
633.399,967.883,433.756,146.313,571.991,467.248,762.069
524.589,725.044,430.276,804.582,350.452,715.326,514.640
531.379,797.154,429.747,453.912,594.338,287.654,856.436
487.986,362.716,445.069,857.817,200.170,612.046,353.073
465.129,388.344,448.119,918.327,693.363,341.351,317.565
611.234,690.174,298.985,421.626,481.205,237.879,580.500
387.232,719.965,288.523,486.801,583.321,735.825,313.971
737.612,367.018,277.548,626.262,987.956,776.909,527.315
476.918,212.700,267.212,599.420,545.204,691.176,404.569
298.218,516.446,257.130,536.293,250.628,395.575,383.779
508.876,222.350,245.330,376.197,377.015,778.780,591.418
736.507,300.454,680.145,440.264,237.234,233.865,336.533
533.003,436.431,252.332,354.557,256.681,74.580,669.183
378.977,640.716,244.639,463.191,456.135,397.716,654.307
473.708,572.935,236.036,177.953,418.955,577.598,883.067
337.231,637.422,227.543,344.775,519.621,880.295,176.250
964.814,919.984,387.700,722.214,505.765,168.199,411.848
484.953,456.196,231.515,477.994,512.756,94.488,408.654
529.345,654.151,224.538,553.417,381.597,282.602,532.228
434.436,544.000,202.795,457.614,320.123,415.374,369.164
396.984,607.168,457.922,363.996,229.805,68.859,320.894
558.320,713.979,456.632,554.837,361.544,633.796,470.506
401.740,286.445,467.849,584.618,367.891,373.133,508.604
503.580,757.632,495.398,530.027,390.468,711.444,440.456
396.641,629.986,479.081,582.774,382.559,144.553,451.481
844.229,505.108,476.670,345.794,587.306,670.180,563.703
648.674,184.968,467.956,342.206,472.615,96.055,871.850
385.070,413.928,552.042,252.829,306.857,618.100,381.415
767.951,431.816,526.007,640.444,181.295,502.553,601.324
487.641,374.385,541.634,513.962,582.245,468.534,698.849
474.031,905.543,546.678,258.534,543.175,484.730,417.121
672.050,560.672,547.474,416.516,666.081,379.734,290.895
768.995,461.728,538.451,541.130,728.303,671.040,538.015
440.950,441.619,520.289,133.035,407.117,344.829,439.174
332.921,506.048,502.572,548.444,234.134,520.071,762.301
751.487,436.091,421.016,584.424,407.433,404.574,475.718
635.590,305.981,436.860,418.080,764.603,532.946,548.073
264.549,547.385,509.118,544.631,199.593,412.105,682.031
237.450,430.453,524.797,443.145,530.314,316.043,236.853
665.192,405.405,539.287,648.741,654.066,744.145,315.159
335.488,627.217,536.524,467.056,503.874,317.286,335.014
305.797,685.816,529.292,424.284,442.884,540.062,467.804
257.614,381.361,518.858,607.481,387.563,703.000,582.726
391.542,391.308,478.010,451.141,625.284,429.565,620.493
699.447,840.217,574.741,454.472,400.059,453.168,289.224
686.603,420.249,537.577,366.094,388.706,425.319,237.176
557.482,565.979,541.761,740.225,479.183,402.244,695.650
626.575,607.746,546.180,653.571,507.367,786.484,711.465
532.541,568.245,549.112,411.143,234.847,139.924,454.098
819.426,800.276,553.151,601.513,534.455,625.232,544.698
942.940,294.857,560.331,462.816,264.218,864.857,31.250
623.447,426.431,573.295,163.425,283.386,281.135,562.540
590.309,306.416,597.604,195.151,298.089,662.192,159.595
301.969,279.652,632.895,378.224,549.587,562.777,140.161
527.157,556.509,675.114,472.423,347.189,685.653,541.621
634.206,789.351,658.314,430.224,183.307,384.850,385.131
227.716,497.352,595.675,595.466,546.871,792.336,556.070
801.571,646.248,673.628,767.643,343.072,543.234,347.298
225.808,335.863,726.332,578.541,518.134,471.881,619.758
865.141,400.220,834.882,677.259,605.426,762.830,714.241
565.845,146.313,629.817,658.355,354.499,755.952,556.379
271.458,804.582,680.719,851.533,679.515,322.826,506.972
473.536,453.912,690.610,701.573,257.459,569.305,640.729
414.335,857.817,689.920,583.401,443.208,633.623,440.520
268.870,918.327,678.127,410.397,689.150,689.152,689.196
715.616,421.626,661.095,448.797,737.736,341.906,731.307
592.184,486.801,636.023,423.477,509.914,786.961,586.588
540.213,626.262,587.780,203.293,344.757,782.331,342.251
418.750,599.420,519.110,571.242,464.819,693.995,492.031
299.281,536.293,453.947,598.521,678.904,489.464,707.956
585.987,376.197,375.462,516.636,389.931,435.588,810.080
425.436,440.264,281.707,553.329,499.608,575.468,539.746
612.110,354.557,170.715,542.724,438.876,240.294,507.979
251.366,463.191,82.119,723.246,355.962,132.401,803.932
682.607,177.953,42.023,592.540,561.031,535.739,635.135
587.779,344.775,31.638,404.495,680.274,763.333,466.373
752.811,722.214,31.250,431.383,799.795,276.007,470.653
616.099,477.994,31.250,393.428,513.589,325.486,31.250
265.083,553.417,31.250,676.252,412.033,303.683,611.304
926.172,457.614,794.671,323.691,382.229,594.381,332.722
345.250,518.050,367.419,584.075,353.962,887.394,593.486
562.846,773.535,380.785,513.161,738.353,516.109,491.984
933.204,508.596,373.104,495.104,293.671,635.791,404.967
726.009,528.687,369.981,341.900,416.479,579.600,655.925
401.850,534.213,704.757,692.553,360.921,610.645,397.341
509.923,688.374,542.166,483.645,62.943,701.002,254.808
800.991,317.061,465.623,278.361,526.549,277.177,469.403
532.546,463.023,297.345,481.791,790.954,706.047,597.119
602.087,397.603,219.796,629.328,516.496,439.560,287.529
435.084,625.090,172.009,534.549,172.600,685.998,307.289
575.860,633.225,146.154,508.740,755.878,540.134,753.751
315.228,642.328,134.283,293.004,442.687,489.521,589.804
805.215,626.983,127.426,539.743,403.594,382.253,389.332
890.692,376.593,125.042,640.971,441.176,428.621,780.837
563.194,721.019,102.360,919.328,571.787,345.427,695.234
386.779,324.405,283.379,666.443,384.387,359.204,482.782
370.790,372.086,805.516,446.293,405.117,601.742,468.703
1090.736,431.820,824.069,428.158,433.440,518.275,412.013
490.122,425.169,780.810,31.250,905.711,618.166,796.805
505.264,760.292,724.681,538.006,451.939,319.713,470.856
296.169,730.132,418.708,724.917,243.490,896.809,701.884
472.243,689.936,427.193,368.457,337.586,370.630,510.936
468.638,531.773,443.324,365.980,551.569,600.774,615.556
162.863,656.067,448.319,203.188,619.542,477.686,545.436
468.447,583.341,443.909,437.107,372.353,593.995,216.561
407.051,584.580,431.252,723.838,333.970,184.334,72.735
362.714,692.424,415.741,396.474,537.026,547.077,701.060
724.791,288.905,401.892,238.288,382.843,469.900,641.637
615.203,421.161,402.211,240.996,114.990,303.517,595.499
598.256,292.385,437.033,368.404,356.603,357.750,590.426
529.065,393.223,448.935,703.858,921.921,422.252,707.971
471.996,368.933,428.526,696.342,727.424,596.116,686.504
548.272,288.013,394.298,469.133,686.875,485.235,787.230
301.819,414.382,378.792,759.033,551.009,826.069,356.988
868.595,501.673,602.960,208.217,363.478,535.412,829.184
391.414,419.103,617.763,604.552,214.167,259.252,350.983
407.814,378.853,722.868,238.732,377.551,512.776,540.990
523.485,498.126,744.734,857.004,516.896,343.510,783.549
379.723,520.002,736.057,445.049,547.856,962.853,593.693
179.095,821.653,508.115,31.250,360.889,650.409,647.908
277.601,483.167,515.127,648.811,752.196,272.681,454.990
413.491,381.076,635.549,565.951,557.391,801.056,489.884
487.259,207.280,639.785,666.792,483.103,504.645,713.665
284.306,604.236,642.898,632.693,310.191,495.329,538.672
565.504,613.546,645.651,419.801,698.568,591.581,536.355
661.940,403.200,645.854,182.276,477.516,669.211,666.838
505.761,353.676,642.366,238.110,259.295,410.671,243.700
417.016,479.823,645.995,625.482,526.742,704.772,521.057
751.452,602.949,633.631,446.154,309.929,623.286,231.900
421.610,524.400,655.398,420.556,548.696,543.149,940.154
345.468,556.952,635.486,412.302,562.275,384.734,250.312
632.542,132.592,629.150,410.344,388.095,540.547,389.589
793.156,520.370,624.420,537.194,723.666,297.574,307.203
538.160,408.793,586.348,434.051,282.780,448.874,619.363
617.920,165.262,717.266,387.343,721.010,451.233,473.712
202.405,493.010,687.737,669.658,500.629,770.924,737.925
491.616,31.250,652.095,225.757,507.257,343.025,497.790
386.601,418.675,577.135,558.894,600.115,682.307,620.264
660.461,701.092,466.865,323.187,265.154,560.351,841.577
462.632,337.701,321.910,350.592,641.096,514.911,492.584
643.746,363.996,300.574,283.833,378.655,552.282,509.513
530.473,554.837,299.835,536.003,520.439,476.184,370.922
358.777,584.618,299.781,798.096,799.808,296.424,243.372
479.121,530.027,299.614,547.700,528.449,149.119,519.219
402.983,582.774,299.177,97.792,568.439,722.270,556.022
309.870,345.794,299.368,570.277,801.886,314.987,382.687
378.096,342.206,300.003,528.593,389.274,941.031,479.749
693.019,252.829,299.520,367.293,312.885,325.761,448.357
518.822,640.444,299.139,289.667,606.599,595.767,700.002
787.322,513.962,298.798,278.471,618.345,643.548,693.327
396.651,258.534,298.412,129.617,447.170,611.201,499.047
638.761,416.516,297.971,433.960,31.250,865.380,344.260
521.766,541.130,297.489,711.867,471.078,467.441,599.870
531.715,133.035,296.939,601.908,534.982,456.558,787.870
516.125,548.444,296.272,522.896,544.592,491.741,570.431
549.356,584.424,295.495,542.200,433.422,618.796,557.866
464.187,418.080,294.712,221.865,626.266,713.273,631.923
628.626,544.631,293.948,163.247,478.103,676.250,307.080
447.864,443.145,535.943,605.166,233.621,349.278,686.736
493.759,648.741,555.700,411.116,567.571,288.149,493.336
453.987,467.056,335.377,655.449,556.676,667.301,499.025
516.654,424.284,335.590,334.000,601.850,330.534,288.123
505.550,607.481,335.935,503.882,704.627,219.955,531.908
468.776,451.141,336.150,626.661,550.844,752.536,553.898
386.973,454.472,578.729,553.095,348.289,441.133,193.965
280.913,366.094,358.552,223.045,510.994,643.014,584.158
272.877,740.225,359.247,105.553,460.544,425.715,88.942
340.635,653.571,329.025,330.963,330.917,813.888,522.309
700.077,411.143,601.349,728.550,252.654,449.033,551.400
269.810,601.513,623.106,230.417,311.485,250.204,538.805
130.244,462.816,646.467,702.582,172.784,456.700,460.671
627.088,163.425,670.762,500.973,536.989,557.438,597.446
512.564,195.151,695.985,659.376,664.272,613.998,736.591
503.047,378.224,722.194,400.140,430.623,655.782,679.744
430.580,472.423,507.990,673.246,272.261,325.903,682.997
601.730,430.224,511.746,376.985,789.610,415.527,247.838
666.742,595.466,519.715,664.082,613.286,611.787,392.115
833.092,767.643,526.773,285.384,321.220,471.158,625.136
246.026,578.541,533.456,269.110,679.273,711.380,31.250
361.968,677.259,540.319,612.082,429.606,558.661,384.223
534.392,658.355,547.376,256.483,365.488,527.788,511.679
778.444,851.533,554.631,638.155,627.090,779.810,378.954
377.385,701.573,562.108,482.037,666.350,587.462,619.587
689.054,583.401,569.901,587.015,612.447,587.413,657.028
497.448,410.397,577.909,299.069,260.397,381.195,479.341
659.786,448.797,585.984,477.261,667.044,521.671,606.886
494.655,423.477,594.363,517.571,706.653,31.250,648.082
647.485,203.293,603.032,835.942,720.887,830.074,110.645
936.097,571.242,611.982,401.615,708.099,718.460,434.670
459.031,598.521,621.230,703.923,663.747,536.222,408.664
536.931,516.636,630.793,462.344,540.729,587.291,475.979
648.043,553.329,640.690,612.161,401.018,663.608,425.290
490.743,542.724,650.973,916.172,502.041,611.917,473.779
771.597,723.246,661.521,527.746,456.502,812.332,717.960
479.245,592.540,672.605,570.715,164.585,439.579,647.267
328.160,404.495,926.034,519.432,315.773,463.760,568.872
463.475,431.383,717.917,417.891,921.030,415.441,618.430
490.485,393.428,731.232,430.632,268.641,684.085,331.840
500.269,676.252,988.527,427.955,261.190,586.178,537.367
257.387,323.691,1024.039,79.846,353.317,589.072,352.488
647.825,687.511,652.303,480.127,532.609,353.826,532.609
672.559,576.784,656.049,432.272,611.202,602.536,611.202
148.178,480.041,658.558,488.721,237.390,293.847,237.390
716.518,452.778,661.437,169.225,253.361,413.208,253.361
551.095,784.928,662.294,467.400,653.820,630.888,653.820
387.491,899.186,660.664,559.497,294.030,639.721,294.030
708.057,464.485,658.655,294.588,658.491,643.768,658.491
715.720,302.212,657.870,277.510,454.823,267.375,454.823
524.920,513.881,654.805,462.581,543.244,671.650,543.244
819.232,977.945,675.728,644.110,597.184,162.586,597.184
487.432,208.850,655.524,505.634,255.906,254.625,255.906
411.034,426.778,655.076,299.502,346.689,446.325,346.689
535.997,397.835,654.988,585.775,600.999,651.059,600.999
223.348,152.752,652.167,762.463,643.121,386.620,643.121
749.551,444.135,661.105,631.337,174.352,530.511,174.352
249.642,708.176,577.508,219.252,773.106,373.607,773.106
689.786,532.774,645.846,766.658,597.756,581.631,597.756
589.331,528.715,634.296,974.871,474.387,221.440,474.387
529.106,340.942,634.272,196.032,378.893,494.731,378.893
583.409,627.966,630.243,227.002,387.163,298.679,387.163
439.558,290.428,625.895,710.113,290.601,786.503,290.601
373.833,334.683,618.684,665.793,691.278,612.275,691.278
389.312,670.242,626.392,281.727,572.390,322.377,572.390
506.989,303.307,628.599,604.161,412.445,258.287,412.445
379.676,389.789,611.574,635.614,621.254,363.305,621.254
543.638,479.568,602.130,650.949,682.472,797.805,682.472
331.356,622.243,593.489,643.760,773.829,428.115,773.829
694.986,285.122,585.553,394.529,365.461,784.979,365.461
634.392,467.274,577.295,534.614,588.487,226.591,588.487
316.704,549.773,562.275,860.829,486.850,144.517,486.850
626.188,470.670,548.669,490.894,220.190,250.051,220.190
353.124,856.232,540.706,439.328,658.550,445.426,658.550
810.383,624.359,533.686,134.398,244.854,616.191,244.854
402.372,419.819,525.142,533.631,508.190,269.246,508.190
305.814,303.245,519.670,726.933,607.367,560.472,607.367
306.662,506.641,515.404,257.832,364.454,438.210,364.454
299.912,379.060,499.616,807.823,699.505,479.661,699.505
502.711,233.489,457.899,791.434,699.835,745.709,699.835
424.634,641.548,500.783,652.517,593.268,196.642,593.268
858.483,255.654,460.513,31.250,326.996,590.898,326.996
681.765,805.496,430.908,996.048,247.984,433.317,247.984
311.846,642.447,385.436,301.156,783.059,426.753,783.059
356.544,518.928,364.063,379.779,671.375,601.925,671.375
651.504,551.775,336.179,316.064,805.091,684.487,805.091
435.401,443.246,438.220,415.506,541.839,131.664,541.839
371.907,205.718,376.598,485.505,138.799,604.123,138.799
340.303,636.583,363.993,563.989,596.650,416.352,596.650
129.093,182.083,348.902,527.081,332.265,571.347,332.265
887.790,322.183,335.013,614.213,466.627,753.331,466.627
164.141,370.644,322.381,313.498,225.322,525.136,225.322
115.399,594.324,304.950,490.592,525.442,739.831,525.442
552.588,560.389,278.547,383.637,762.237,105.140,762.237
446.998,555.351,233.848,533.959,533.809,98.503,533.809
504.697,718.776,129.829,432.669,216.687,751.802,216.687
353.131,426.674,127.376,577.384,621.523,874.515,621.523
917.292,587.211,94.466,453.043,528.640,858.975,528.640
168.583,296.682,70.499,299.028,586.561,344.611,586.561
408.507,493.530,47.890,875.504,513.413,772.159,513.413
796.751,538.004,39.563,498.370,589.375,396.538,589.375
680.234,470.125,837.971,643.479,317.466,481.641,317.466
768.253,526.309,576.791,730.163,276.615,678.330,365.821
226.099,519.813,660.927,307.022,240.405,238.393,278.527
232.471,625.974,660.938,480.399,690.785,735.415,42.619
542.005,473.103,661.424,584.901,595.100,257.693,623.740
601.455,31.250,662.776,482.655,156.490,67.302,413.708
478.001,616.878,662.695,873.045,644.380,589.045,248.056
769.289,455.908,662.439,599.041,625.005,697.897,391.324
691.159,703.574,663.838,206.656,395.746,279.180,720.579
407.318,615.834,667.429,391.451,558.367,808.222,505.403
244.344,536.172,673.115,592.583,228.140,416.270,411.598
250.579,527.632,679.899,449.214,476.257,409.689,436.331
589.251,621.138,685.779,725.989,440.747,392.517,121.634
607.055,474.860,688.985,355.595,700.815,386.167,530.912
592.185,324.650,690.654,506.431,285.820,523.971,1121.203
406.557,540.253,692.184,130.739,325.361,667.830,757.290
502.939,824.427,573.360,689.197,435.621,499.945,164.667
901.307,418.495,626.325,591.878,829.655,484.812,377.622
583.340,604.047,613.430,404.002,365.012,462.060,94.739
640.356,522.346,588.625,578.473,406.071,425.751,476.696
527.434,654.341,761.077,171.402,448.264,523.963,384.783
547.734,234.745,786.402,477.091,455.375,329.803,548.462
377.992,421.480,616.310,582.053,380.470,692.418,641.902
709.958,589.305,610.578,635.239,672.821,162.078,427.070
355.569,299.994,603.652,672.493,248.752,339.637,269.085
505.653,473.112,666.138,141.621,564.322,545.067,249.053
617.292,599.146,661.975,376.410,231.487,557.035,602.699
693.986,533.052,650.716,548.409,447.595,368.546,338.226
402.747,693.340,633.899,431.941,460.183,731.990,798.829
578.132,544.611,591.958,263.536,570.191,373.839,441.897
584.295,403.136,556.693,810.309,647.496,581.782,494.323
493.657,640.549,536.072,245.200,184.408,657.100,376.774
360.884,671.408,514.609,607.254,444.105,453.992,778.518
496.375,50.293,489.188,224.251,258.676,521.749,512.998
671.241,245.795,450.555,551.036,715.280,205.234,286.726
453.426,471.848,387.600,450.935,727.583,666.863,478.481
590.439,349.115,347.017,310.274,469.263,512.828,286.586
496.186,551.719,277.315,766.477,604.362,659.853,207.878
179.416,346.992,141.124,555.595,336.002,316.565,321.957
435.875,477.362,53.444,509.312,1062.808,751.835,484.159
768.644,677.865,780.727,689.236,473.454,472.282,421.142
275.902,477.144,644.350,422.165,399.937,612.264,385.222
464.450,697.616,393.422,237.516,270.739,824.656,546.677
399.135,623.404,387.881,286.615,533.270,622.510,692.727
284.762,193.268,372.353,813.406,373.215,538.842,598.280
284.978,711.941,358.816,742.555,235.383,603.703,511.090
593.930,459.779,374.304,165.094,181.329,63.860,561.390
448.644,507.335,372.932,427.488,488.046,370.333,565.434
657.959,519.986,369.597,459.583,607.869,718.871,582.743
568.568,346.018,365.502,615.440,649.753,635.256,608.628
772.615,443.579,360.952,451.136,808.055,779.736,500.794
406.298,43.403,355.782,181.635,696.701,429.932,539.957
553.946,457.410,291.604,617.713,654.180,284.969,454.295
634.918,273.947,279.417,437.645,529.380,449.341,280.191
435.831,493.512,261.129,425.615,653.461,489.752,229.802
250.032,300.392,241.989,729.861,941.829,606.649,520.655
464.878,500.191,224.482,635.444,167.422,254.217,285.997
757.539,259.504,207.118,690.935,415.357,817.907,49.576
276.202,346.113,189.170,363.209,286.189,893.031,582.795
584.115,402.215,213.379,795.335,489.357,550.931,681.039
484.385,557.159,227.160,406.790,668.747,31.250,585.646
643.559,389.180,210.901,505.768,329.814,643.746,265.310
406.881,210.749,408.636,604.604,581.057,530.473,854.134
115.489,881.249,408.463,411.694,636.463,358.777,662.616
498.832,504.269,394.263,257.169,946.804,479.121,1219.393
598.754,169.615,270.763,358.135,546.314,402.983,557.683
403.846,461.286,254.271,596.203,632.208,309.870,588.986
444.900,577.147,252.048,251.916,672.764,378.096,608.636
369.426,644.075,249.477,602.440,329.584,693.019,364.212
587.591,574.895,247.481,767.866,383.037,518.822,617.241
285.146,899.632,457.963,572.837,323.496,787.322,562.651
771.033,379.941,265.800,592.917,313.172,396.651,465.350
606.248,257.736,266.391,418.007,537.464,638.761,569.401
524.161,423.927,267.146,536.289,504.742,521.766,688.011
477.710,194.476,268.019,122.998,646.558,531.715,609.934
814.954,347.681,268.332,192.059,560.215,516.125,645.895
587.404,903.539,269.251,561.223,672.200,549.356,403.769
384.675,221.261,265.885,803.353,674.772,464.187,670.062
526.622,620.650,514.852,432.367,674.482,628.626,382.290
626.956,260.338,483.638,340.848,612.529,447.864,377.587
331.899,471.009,475.898,582.924,498.002,493.759,103.793
661.653,386.711,384.333,294.139,680.279,453.987,694.813
459.389,31.250,327.179,492.926,467.141,516.654,666.378
563.939,377.706,322.485,119.343,820.216,505.550,321.235
528.202,625.144,318.993,886.866,693.913,468.776,768.994
167.128,369.914,326.927,31.250,772.103,386.973,422.306
401.742,769.679,509.197,222.604,592.066,280.913,613.708
622.193,418.089,395.891,338.454,427.943,272.877,313.519
126.695,526.371,405.238,771.139,440.350,340.635,637.369
249.542,516.764,402.992,780.648,376.621,700.077,322.383
596.555,193.550,402.285,705.629,687.484,269.810,560.532
424.168,370.515,412.265,311.066,697.330,130.244,576.501
505.753,281.045,449.780,759.986,739.612,627.088,418.208
227.467,493.969,542.745,315.339,487.007,512.564,128.383
455.529,937.082,596.508,651.604,259.480,503.047,943.545
541.146,566.086,625.446,508.620,556.449,430.580,645.906
506.495,518.359,647.294,276.023,350.442,601.730,416.068
315.319,525.764,664.274,675.493,559.327,666.742,727.385
743.471,687.191,680.376,617.754,312.144,833.092,510.830
310.026,317.422,693.316,240.220,409.471,246.026,672.231
355.588,574.308,714.061,712.183,720.573,361.968,336.444
810.290,734.724,738.946,591.021,658.608,534.392,372.144
242.477,256.912,529.001,670.385,352.286,778.444,385.236
595.275,814.579,530.718,560.539,523.240,377.385,639.763
472.623,445.571,538.779,493.397,486.891,689.054,713.389
286.578,504.305,760.557,592.932,736.100,497.448,572.532
620.265,339.104,754.441,710.513,720.767,659.786,493.984
734.303,544.997,572.930,485.248,459.837,494.655,185.031
664.903,256.033,573.524,387.730,490.857,647.485,489.792
592.321,506.944,776.621,502.775,452.692,936.097,346.435
469.047,422.977,801.294,413.288,301.964,459.031,326.047
591.760,705.998,822.813,301.804,511.489,536.931,559.477
141.676,31.250,639.558,464.708,248.447,648.043,335.179
523.364,693.298,632.941,592.216,634.360,490.743,581.705
142.231,431.392,639.638,796.067,384.971,771.597,327.329
406.612,31.250,642.352,476.789,433.170,479.245,758.300
703.627,342.983,855.275,437.742,509.355,328.160,295.714
697.901,216.359,662.968,429.759,497.200,463.475,727.350
542.553,197.836,662.698,402.089,418.844,490.485,375.615
678.138,643.994,665.596,573.999,434.503,500.269,541.671
423.643,475.397,878.286,441.527,718.412,257.387,500.449
533.487,480.127,170.505,544.764,413.411,439.638,345.250
553.444,432.272,166.592,324.876,578.856,230.082,562.846
342.380,488.721,167.187,428.045,507.636,671.016,933.204
704.956,169.225,161.259,671.462,272.795,600.101,726.009
494.285,467.400,157.851,558.424,248.692,662.099,401.850
613.587,559.497,159.916,118.881,344.512,645.434,509.923
619.511,294.588,156.481,469.578,518.753,620.194,800.991
471.276,277.510,356.335,426.313,354.801,448.919,532.546
435.993,462.581,374.298,408.064,499.430,172.489,602.087
618.546,644.110,390.880,573.596,814.166,407.091,435.084
418.906,505.634,417.596,437.211,605.213,536.628,575.860
700.983,299.502,433.743,452.311,738.812,208.478,315.228
551.583,585.775,450.430,574.968,818.700,538.696,805.215
103.632,762.463,465.560,486.521,406.191,526.272,890.692
413.687,631.337,482.018,769.930,632.333,460.924,563.194
380.852,219.252,498.956,531.570,38.287,505.255,386.779
838.946,766.658,310.255,353.076,297.055,541.392,370.790
72.927,974.871,520.066,697.138,510.847,290.186,1090.736
389.760,196.032,540.052,590.069,336.330,514.010,490.122
577.862,227.002,560.147,414.867,563.034,162.626,505.264
544.241,710.113,375.196,802.055,335.758,501.246,296.169
641.104,665.793,378.909,187.472,672.747,411.307,472.243
894.884,281.727,382.152,617.455,812.265,546.376,468.638
485.072,604.161,595.510,670.459,658.629,596.836,162.863
614.675,635.614,619.197,440.089,417.782,552.244,468.447
684.330,650.949,435.949,786.676,358.326,811.184,407.051
659.819,643.760,440.961,424.717,427.322,149.846,362.714
335.206,394.529,446.626,461.214,582.969,653.755,724.791
398.018,534.614,452.314,674.713,202.984,640.892,615.203
637.658,860.829,457.878,592.700,603.415,562.287,598.256
562.801,490.894,463.449,466.837,453.623,470.437,529.065
333.749,439.328,469.027,605.984,645.501,424.785,471.996
723.830,134.398,474.552,31.250,314.942,768.121,548.272
414.469,533.631,480.036,508.254,438.770,384.448,301.819
474.453,726.933,485.886,503.381,513.371,566.922,868.595
509.042,257.832,491.549,427.058,452.299,275.607,391.414
471.288,807.823,496.941,676.678,542.097,702.599,407.814
205.896,791.434,502.295,600.852,377.250,604.892,523.485
486.249,652.517,507.581,555.330,355.902,317.403,379.723
308.678,31.250,512.790,769.439,691.658,452.758,179.095
339.770,996.048,517.954,292.959,355.467,312.046,277.601
400.870,301.156,523.072,199.704,378.404,726.912,413.491
433.923,379.779,528.068,303.837,412.544,492.322,487.259
326.832,316.064,532.891,951.444,652.118,368.068,284.306
536.009,415.506,752.001,605.370,294.539,448.039,565.504
224.899,485.505,571.406,512.715,653.115,827.806,661.940
438.422,563.989,578.338,747.937,797.692,546.671,505.761
353.451,527.081,587.310,637.794,794.020,421.732,417.016
531.490,614.213,597.146,694.816,433.864,382.804,751.452
454.260,313.498,607.703,298.160,198.818,258.195,421.610
193.548,490.592,619.100,540.385,430.263,495.257,345.468
399.405,383.637,628.179,622.279,505.178,595.609,632.542
705.185,533.959,641.644,498.183,850.515,507.817,793.156
343.813,432.669,852.894,357.988,749.252,435.879,538.160
793.598,577.384,715.385,619.673,553.317,185.920,617.920
496.008,453.043,711.111,537.445,395.690,822.474,202.405
340.268,299.028,711.803,625.220,206.668,542.133,491.616
468.641,875.504,934.955,146.162,768.825,707.326,386.601
31.250,498.370,971.552,788.485,506.665,379.575,660.461
276.119,643.479,1008.562,509.386,272.419,190.408,462.632
31.250,510.385,297.223,356.932,435.723,341.723,259.880
642.575,494.926,297.778,213.039,451.114,445.258,505.984
432.663,372.277,295.163,561.600,226.261,756.525,563.477
619.653,548.782,297.626,711.575,499.282,120.636,257.405
448.490,649.003,333.078,624.831,446.128,762.745,498.983
350.402,902.018,373.814,191.419,181.247,693.910,202.635
493.015,453.170,339.809,279.455,453.923,810.943,534.445
684.354,812.011,306.944,363.554,553.622,586.788,499.814
819.500,503.699,305.267,374.693,542.325,427.043,1055.219
594.622,512.881,302.874,603.512,433.206,510.184,154.465
791.407,590.333,300.520,506.452,430.349,415.476,872.732
737.770,51.958,301.630,825.506,493.658,565.669,586.919
257.773,418.411,301.481,715.860,754.265,548.030,677.059
463.705,659.377,301.555,237.108,652.752,457.330,369.104
457.125,154.946,301.435,413.890,432.223,340.003,221.171
421.973,385.884,304.020,572.962,202.766,514.029,772.257
224.148,826.878,564.044,566.656,614.310,774.946,478.745
405.589,564.458,586.648,259.834,833.456,31.250,768.076
359.815,676.545,341.964,340.398,314.422,625.793,646.816
754.459,449.227,341.226,310.061,286.005,646.738,178.058
363.521,616.779,611.500,387.646,371.433,614.372,392.987
166.439,259.199,361.095,460.492,490.011,550.674,532.103
759.832,697.140,361.008,573.831,361.313,672.006,696.767
529.630,526.946,361.871,1003.283,461.491,511.304,31.250
693.362,809.419,361.812,109.449,407.225,735.688,183.312
171.507,553.308,362.130,424.974,471.672,518.685,599.886
568.751,501.809,362.627,762.704,886.606,443.686,605.582
695.131,202.309,363.977,473.593,841.465,558.522,884.728
579.443,643.300,362.832,661.783,258.585,596.113,493.242
320.253,225.875,364.182,460.177,631.409,487.380,482.438
577.048,770.359,367.874,506.358,673.365,359.744,383.099
188.454,372.198,364.234,907.826,461.504,290.356,413.744
504.244,546.916,630.385,424.374,237.081,541.867,585.025
690.642,565.180,521.791,562.780,316.063,448.018,626.807
489.369,419.077,598.894,203.362,422.071,773.660,642.983
546.068,556.122,603.815,731.777,360.594,491.776,346.567
581.211,493.291,594.558,431.479,554.626,529.817,557.489
535.593,603.714,577.278,414.690,613.809,521.979,640.300
576.869,554.997,544.502,452.350,471.536,267.996,492.829
564.955,457.796,518.674,223.805,484.817,475.709,627.118
520.379,151.280,726.044,571.991,350.033,721.883,709.589
183.930,545.759,728.675,350.452,610.368,575.188,734.143
234.890,284.553,633.610,594.338,700.801,634.164,282.696
296.318,442.572,711.003,200.170,485.744,1056.063,522.729
623.427,863.199,567.342,693.363,388.158,210.522,329.030
630.632,239.980,569.391,481.205,308.888,495.105,368.062
748.161,726.384,573.440,583.321,600.668,345.104,478.756
279.415,624.817,578.566,987.956,222.188,739.043,551.439
782.106,569.436,594.938,545.204,559.932,896.409,681.560
443.194,581.568,592.273,250.628,523.559,468.065,370.989
407.427,438.855,612.539,377.015,341.680,444.358,802.223
538.967,588.440,609.404,237.234,447.183,428.521,279.522
815.158,298.921,818.371,256.681,623.499,450.134,706.714
440.569,514.997,595.064,456.135,261.103,994.007,468.362
380.285,616.180,596.792,418.955,536.991,326.175,574.424
161.034,396.667,858.437,519.621,877.519,435.357,434.216
186.753,369.154,895.438,505.765,430.718,211.520,676.800
696.676,366.717,908.269,512.756,384.855,680.468,581.254
272.413,430.922,910.548,381.597,297.538,306.287,536.933
934.493,502.164,930.717,320.123,872.612,498.351,333.880
353.826,478.365,288.072,601.710,770.845,153.684,388.016
602.536,624.339,277.899,478.990,543.249,340.471,645.961
293.847,596.742,288.211,315.442,413.345,518.025,445.219
413.208,230.248,284.316,386.084,698.610,544.418,711.428
630.888,420.248,292.820,574.878,770.313,682.482,494.276
639.721,308.862,292.438,577.785,275.926,413.613,510.787
643.768,549.326,306.145,644.794,492.792,663.028,704.118
267.375,391.148,292.198,526.321,665.122,578.185,578.667
671.650,488.368,297.325,393.315,353.421,348.770,405.020
162.586,662.431,307.514,437.852,204.804,400.581,424.425
254.625,625.430,295.632,273.259,467.136,369.588,743.100
446.325,672.036,297.090,272.003,573.472,198.094,588.800
651.059,608.041,298.802,531.358,504.166,652.764,774.298
386.620,560.066,292.502,265.911,495.362,220.078,632.686
530.511,335.167,293.390,429.388,432.189,242.954,435.285
373.607,271.749,283.543,561.190,348.598,413.388,453.796
581.631,440.562,278.253,385.544,386.000,281.262,797.867
221.440,564.574,284.696,549.402,588.796,641.134,588.447
494.731,526.633,282.533,210.893,608.122,456.937,846.450
298.679,546.998,746.723,31.250,473.288,292.751,524.922
786.503,361.560,681.537,278.794,691.814,520.098,284.324
612.275,560.223,690.739,468.004,420.769,668.081,318.038
322.377,245.744,698.206,212.902,587.962,563.583,691.836
258.287,745.220,705.683,660.901,630.922,284.078,454.474
363.305,232.749,317.636,803.184,376.807,474.355,386.365
797.805,491.377,364.311,651.924,397.858,48.643,497.307
428.115,379.536,363.257,888.897,354.679,604.128,96.736
784.979,493.492,375.736,675.415,526.348,369.884,516.576
226.591,613.062,367.701,371.871,531.175,731.433,483.329
144.517,149.013,392.199,376.023,427.632,333.494,277.399
250.051,518.144,390.153,573.285,302.066,376.842,616.443
445.426,373.030,386.951,487.879,295.169,217.386,591.265
616.191,466.619,394.669,485.827,339.241,557.138,516.960
269.246,663.267,378.892,761.509,708.339,879.570,553.605
560.472,382.850,723.516,672.134,384.229,569.025,676.884
438.210,420.717,735.813,539.002,400.022,741.437,678.183
479.661,398.613,734.481,575.475,408.733,437.751,434.842
745.709,698.602,736.863,515.089,587.903,570.732,335.028
196.642,474.311,721.169,361.362,383.020,631.031,482.788
590.898,804.002,708.487,392.517,695.036,486.314,611.254
433.317,762.069,344.335,731.309,740.631,720.832,774.018
426.753,514.640,711.797,560.330,529.626,697.866,543.580
601.925,856.436,704.932,414.752,548.890,421.495,721.762
684.487,353.073,714.784,656.420,230.169,123.719,726.914
131.664,317.565,706.561,329.693,398.269,255.012,347.302
604.123,580.500,714.376,572.102,602.181,464.782,450.911
416.352,313.971,705.445,562.471,652.036,1068.595,526.729
571.347,527.315,699.484,642.359,123.850,389.420,720.210
753.331,404.569,697.359,427.993,688.198,601.437,378.868
525.136,383.779,697.540,835.412,130.348,711.435,744.802
739.831,591.418,670.051,574.955,482.212,403.287,751.797
105.140,336.533,676.745,538.757,587.534,856.728,246.386
98.503,669.183,661.988,565.956,497.699,757.166,873.674
751.802,654.307,643.507,174.459,577.804,309.683,423.735
874.515,883.067,611.647,377.361,785.426,900.959,531.766
858.975,176.250,580.099,537.064,731.347,780.959,331.363
344.611,411.848,571.656,919.034,244.928,574.909,406.586
772.159,408.654,563.450,355.804,278.064,173.012,771.859
396.538,532.228,555.418,414.450,186.483,627.398,368.869
481.641,369.164,620.731,765.565,355.560,461.288,605.258
513.994,443.131,262.171,439.638,576.492,661.670,396.935
604.039,606.038,260.340,230.082,397.601,509.124,729.442
311.839,547.790,260.304,671.016,255.496,426.812,390.738
675.457,176.892,260.273,600.101,563.741,631.676,833.603
586.701,421.796,260.149,662.099,535.039,95.216,876.231
445.738,802.766,259.673,645.434,525.446,737.116,688.846
809.319,341.317,259.747,620.194,336.193,460.645,684.196
450.407,284.425,259.550,448.919,555.488,507.818,736.833
608.464,648.496,259.392,172.489,602.972,224.164,345.555
501.896,157.847,259.450,407.091,656.008,301.916,434.852
357.424,502.965,259.475,536.628,410.056,387.362,440.622
325.810,522.610,470.052,208.478,373.831,669.719,974.429
449.797,510.264,514.749,538.696,683.399,655.794,575.725
142.552,719.350,530.001,526.272,148.311,741.877,362.621
233.773,492.738,309.144,460.924,551.630,374.524,806.718
559.589,838.553,316.644,505.255,443.082,504.458,330.681
610.787,664.861,301.694,541.392,694.323,282.046,501.021
642.725,777.751,313.297,290.186,494.111,433.338,637.992
346.546,258.922,315.145,514.010,405.158,356.209,323.618
807.794,755.725,294.694,162.626,300.913,596.979,540.484
371.738,605.075,556.844,501.246,289.655,508.785,402.515
559.306,713.615,575.069,411.307,357.641,536.594,561.097
836.191,341.929,651.408,546.376,699.035,605.873,903.422
124.236,363.828,408.724,596.836,705.803,386.485,352.369
360.650,371.854,412.378,552.244,425.179,278.251,497.011
550.793,651.414,415.521,811.184,417.100,526.578,98.038
731.969,395.554,420.040,149.846,504.682,208.718,516.319
350.441,467.581,423.166,653.755,516.813,386.471,208.140
516.460,206.031,426.273,640.892,411.376,642.188,467.050
592.255,369.386,430.598,562.287,496.486,552.258,384.824
745.283,526.809,434.939,470.437,286.422,440.670,458.775
505.767,429.617,438.722,424.785,224.227,992.736,557.930
412.198,594.512,442.130,768.121,670.841,566.297,649.031
456.521,503.486,444.268,384.448,674.312,398.724,273.498
466.813,816.073,437.804,566.922,197.806,436.685,550.535
472.822,382.886,360.679,275.607,537.551,867.499,656.947
271.808,224.322,740.310,702.599,454.686,922.921,450.407
291.514,561.006,724.874,604.892,716.835,243.709,629.867
635.755,541.232,705.564,317.403,796.274,433.233,651.707
542.508,387.101,544.028,452.758,729.373,782.706,776.103
290.200,607.897,553.788,312.046,462.918,267.389,732.451
757.412,763.314,577.981,726.912,165.218,567.719,684.036
322.611,330.658,592.033,492.322,739.525,190.804,714.885
337.481,588.542,611.179,368.068,451.458,523.352,495.334
475.206,566.171,621.949,448.039,666.388,417.731,448.952
768.104,607.816,625.967,827.806,486.172,333.017,529.517
545.701,708.500,634.273,546.671,132.538,685.676,542.102
721.499,796.571,644.380,421.732,309.172,608.935,268.852
710.311,909.316,652.963,382.804,637.348,580.910,509.984
607.706,556.106,664.181,258.195,783.327,292.757,518.617
430.059,133.848,673.467,495.257,436.683,556.257,530.503
542.186,549.411,666.814,595.609,76.975,521.825,433.211
201.975,396.368,694.384,507.817,773.495,440.278,469.808
483.551,342.948,685.523,435.879,463.290,561.814,474.848
891.787,624.962,683.580,185.920,580.352,303.115,574.309
775.731,1061.685,692.797,822.474,362.313,156.229,361.814
853.226,848.889,922.682,542.133,680.954,500.961,327.219
462.591,368.349,764.830,707.326,781.107,814.306,734.085
519.009,916.973,818.150,379.575,503.235,248.594,761.838
76.034,674.697,999.798,190.408,437.768,619.670,437.558
575.475,457.474,82.875,627.901,31.250,687.511,168.951
485.266,416.507,323.882,681.993,642.575,576.784,458.381
541.645,818.399,346.940,396.937,432.663,480.041,356.383
546.421,637.504,372.353,399.090,619.653,452.778,409.800
276.101,758.166,400.106,954.768,448.490,784.928,417.819
448.718,492.817,171.206,573.378,350.402,899.186,664.191
393.516,299.480,173.830,496.773,493.015,464.485,302.368
353.589,340.527,437.073,458.322,684.354,302.212,413.331
390.936,285.007,211.803,630.659,819.500,513.881,562.209
679.310,518.026,218.899,578.323,594.622,977.945,277.684
483.223,280.159,226.734,485.795,791.407,208.850,614.196
649.908,898.750,234.403,391.428,737.770,426.778,691.750
709.389,321.957,242.100,672.057,257.773,397.835,562.735
285.064,571.964,249.519,651.814,463.705,152.752,186.673
612.120,459.716,256.161,529.680,457.125,444.135,477.929
568.623,361.517,261.516,552.565,421.973,708.176,326.941
856.356,474.369,260.637,561.979,224.148,532.774,385.717
725.942,503.494,268.079,591.874,405.589,528.715,407.509
616.820,658.770,546.997,556.150,359.815,340.942,536.550
458.986,366.795,572.492,277.357,754.459,627.966,444.543
425.679,447.495,602.890,337.912,363.521,290.428,519.939
393.582,31.250,635.263,690.746,166.439,334.683,503.718
231.784,488.585,669.531,717.150,759.832,670.242,515.196
180.950,339.507,450.929,360.136,529.630,303.307,619.592
796.794,814.852,458.047,578.017,693.362,389.789,696.695
446.158,558.031,468.393,291.431,171.507,479.568,405.080
532.439,898.812,479.485,351.088,568.751,622.243,711.080
397.466,351.898,489.065,384.892,695.131,285.122,652.878
541.534,533.644,498.247,653.944,579.443,467.274,744.118
623.582,378.799,505.166,933.484,320.253,549.773,586.264
437.176,466.499,512.344,561.657,577.048,470.670,473.296
672.476,915.810,518.021,460.031,188.454,856.232,749.088
220.164,422.526,522.191,109.953,504.244,624.359,315.817
567.745,596.672,783.377,295.545,690.642,419.819,534.787
592.974,231.595,555.112,579.283,489.369,303.245,150.941
360.035,480.263,558.545,409.804,546.068,506.641,378.918
591.312,700.838,561.028,534.323,581.211,379.060,520.480
405.686,603.175,561.920,714.254,535.593,233.489,282.458
405.579,649.227,561.436,329.161,576.869,641.548,550.319
562.876,578.404,559.424,568.742,564.955,255.654,803.323
502.889,344.507,826.514,601.822,520.379,805.496,76.028
547.469,473.595,589.650,352.810,183.930,642.447,393.727
377.566,334.175,592.229,398.715,234.890,518.928,378.562
441.215,514.808,589.063,699.508,296.318,551.775,385.340
540.834,622.092,590.220,952.565,623.427,443.246,423.703
788.733,486.040,588.185,680.230,630.632,205.718,210.340
543.548,560.348,673.269,498.642,748.161,636.583,716.537
449.109,589.266,762.593,398.412,279.415,182.083,533.469
446.735,516.073,807.261,369.612,782.106,322.183,451.931
312.126,40.350,827.409,731.877,443.194,370.644,841.402
73.090,525.291,841.229,565.093,407.427,594.324,661.721
640.727,311.873,828.567,595.687,538.967,560.389,351.620
438.834,760.736,734.525,554.169,815.158,555.351,709.385
463.783,824.085,613.910,660.120,440.569,718.776,249.677
500.653,729.243,598.535,768.955,380.285,426.674,519.655
166.217,830.525,583.800,889.195,161.034,587.211,559.268
544.407,395.255,564.767,214.425,186.753,296.682,591.453
273.915,497.413,544.629,376.625,696.676,493.530,664.040
399.396,469.653,526.831,673.344,272.413,538.004,646.208
428.969,573.028,508.795,678.108,934.493,470.125,668.216
280.013,580.575,639.063,419.206,433.950,607.168,389.180
398.433,672.700,659.950,754.229,560.114,713.979,210.749
514.755,346.989,630.123,854.739,302.354,286.445,881.249
358.329,203.617,568.960,584.236,876.014,757.632,504.269
484.648,493.665,645.996,243.459,395.831,629.986,169.615
1000.656,640.946,661.070,356.087,576.588,505.108,461.286
342.586,564.566,677.896,426.323,1154.576,184.968,577.147
766.801,631.629,683.556,692.587,631.830,413.928,644.075
393.989,733.074,692.560,446.285,610.392,431.816,574.895
505.658,304.340,704.109,536.504,508.644,374.385,899.632
753.620,674.440,714.739,587.609,543.008,905.543,379.941
283.132,227.639,722.219,230.419,490.577,560.672,257.736
816.250,509.091,726.727,860.542,456.849,461.728,423.927
273.799,601.269,729.295,321.987,384.100,441.619,194.476
442.001,47.532,728.904,495.631,269.435,506.048,347.681
367.719,331.492,441.180,667.790,595.232,436.091,903.539
152.369,571.918,500.339,324.174,316.410,305.981,221.261
463.476,574.593,478.073,499.897,621.650,547.385,620.650
449.368,532.058,867.675,622.779,589.885,430.453,260.338
644.863,491.527,756.776,767.834,678.001,405.405,471.009
113.395,377.258,514.744,528.900,303.223,627.217,386.711
468.225,199.522,510.787,677.667,586.241,685.816,31.250
394.537,507.209,500.162,649.434,516.057,381.361,377.706
407.723,511.895,697.937,534.408,332.130,391.308,625.144
431.351,512.636,499.276,249.558,326.811,840.217,369.914
629.648,485.184,484.129,543.320,557.965,420.249,769.679
380.936,487.677,465.984,270.976,584.833,565.979,418.089
513.641,223.854,438.480,304.474,460.058,607.746,526.371
440.324,828.221,397.134,642.997,427.064,568.245,516.764
572.401,573.907,359.870,440.519,173.945,800.276,193.550
380.926,475.267,342.253,162.819,710.016,294.857,370.515
432.514,297.469,401.934,456.928,463.087,426.431,281.045
433.949,587.069,536.719,291.488,355.356,306.416,493.969
377.483,685.518,599.160,518.390,365.727,279.652,937.082
470.153,540.061,618.273,727.120,408.751,556.509,566.086
371.979,368.537,595.507,584.789,283.380,789.351,518.359
494.202,762.480,598.829,855.933,525.914,497.352,525.764
361.599,218.778,621.653,292.775,503.196,646.248,687.191
526.257,828.621,626.164,361.690,480.862,335.863,317.422
247.442,240.603,624.062,507.372,1051.492,400.220,574.308
64.229,729.343,614.789,967.883,578.823,146.313,734.724
507.032,253.994,616.146,725.044,738.299,804.582,256.912
341.450,503.932,615.631,797.154,654.715,453.912,814.579
355.659,510.101,318.396,362.716,558.755,857.817,445.571
475.802,536.762,350.003,388.344,531.646,918.327,504.305
667.568,456.073,325.204,690.174,488.952,421.626,339.104
905.086,338.519,307.020,719.965,526.816,486.801,544.997
210.558,393.644,297.203,367.018,367.735,626.262,256.033
164.603,837.486,295.511,212.700,328.825,599.420,506.944
677.448,504.216,302.733,516.446,431.214,536.293,422.977
475.323,300.662,283.219,222.350,383.433,376.197,705.998
392.073,594.521,244.161,300.454,208.018,440.264,31.250
504.626,422.929,207.213,436.431,344.682,354.557,693.298
468.717,783.784,171.424,640.716,493.574,463.191,431.392
639.522,564.314,78.486,572.935,345.803,177.953,31.250
448.076,643.450,416.634,637.422,553.662,344.775,342.983
291.392,864.647,125.903,919.984,605.353,722.214,216.359
470.320,407.898,107.692,456.196,256.992,477.994,197.836
383.356,676.860,203.118,654.151,632.150,553.417,643.994
580.822,417.390,457.243,544.000,640.170,457.614,475.397
300.939,604.882,55.832,258.605,597.799,609.915,466.386
752.566,185.282,62.265,541.819,544.855,273.136,500.665
509.255,650.137,444.894,715.410,487.824,685.026,703.276
692.214,537.852,472.652,311.525,547.234,392.931,486.560
523.446,801.711,496.073,484.668,456.370,539.543,243.085
726.487,296.745,514.276,696.736,342.780,530.394,584.370
234.678,622.779,508.972,647.261,603.645,554.857,684.915
783.920,614.483,254.267,200.976,627.203,534.863,678.866
673.015,464.649,257.015,741.689,491.465,683.715,301.996
358.002,587.414,265.706,674.450,406.534,498.918,553.753
340.209,528.472,287.906,316.007,451.630,597.504,466.202
653.052,855.980,269.122,459.603,415.179,629.804,561.525
479.037,863.086,273.760,538.924,736.407,415.746,895.094
412.258,800.380,277.885,507.125,591.913,458.941,515.209
307.821,394.383,283.933,484.186,267.161,353.094,666.695
241.610,763.522,289.788,334.734,431.389,637.703,497.069
619.371,146.737,293.319,536.669,721.328,488.379,436.569
765.886,468.054,306.044,729.319,153.674,327.679,599.858
392.280,480.951,623.418,432.596,516.559,524.310,524.020
474.318,493.607,638.410,189.607,134.540,1053.815,615.649
736.256,487.990,625.141,576.371,317.502,442.613,307.263
635.122,548.424,557.031,244.158,163.132,181.652,567.712
481.184,623.132,522.106,571.714,79.299,500.238,585.366
854.065,520.334,536.068,77.688,616.863,931.788,164.171
324.209,458.297,413.627,378.881,202.752,552.151,315.617
395.761,522.329,392.104,520.059,541.488,178.886,699.577
422.551,515.655,393.811,453.610,512.655,117.442,618.763
767.613,388.311,397.406,31.250,487.466,689.632,615.870
228.447,365.601,400.292,454.104,520.189,747.047,927.628
387.837,656.875,403.686,590.614,598.843,244.675,256.318
622.628,391.371,409.048,637.627,668.194,513.946,375.178
300.685,570.008,420.354,433.471,636.643,661.856,481.768
302.516,616.778,442.655,424.695,275.523,415.721,552.142
371.534,609.473,492.604,318.129,698.068,574.046,514.791
603.077,479.350,526.376,463.067,169.217,675.774,661.295
452.329,360.417,521.688,451.639,290.648,312.595,621.067
164.509,600.171,679.274,471.692,743.291,367.034,312.126
658.935,407.827,772.747,510.182,692.721,478.876,151.926
845.894,627.482,814.540,688.782,697.677,527.629,576.730
378.650,291.424,757.887,643.728,623.005,816.214,467.686
723.167,821.926,493.989,415.328,301.206,564.918,395.688
696.767,356.575,539.804,189.380,573.643,159.564,737.835
693.134,832.436,538.265,596.472,618.398,298.555,730.024
274.028,432.557,540.269,512.999,552.247,526.497,493.779
208.811,420.789,543.432,778.720,748.901,579.027,359.872
744.957,743.419,545.244,571.942,507.320,704.375,480.566
771.114,339.041,545.483,837.524,555.223,307.658,473.516
200.500,540.847,552.870,505.441,49.335,669.519,614.131
241.654,542.247,543.767,806.852,433.276,401.581,419.284
398.168,306.344,555.192,648.448,535.728,903.243,380.601
635.885,301.093,555.802,502.775,189.253,375.329,692.695
520.544,800.453,557.009,903.061,590.651,361.175,383.235
812.667,779.869,917.994,831.068,637.970,725.208,273.658
930.040,989.483,952.193,406.612,463.287,319.707,463.180
631.535,589.936,903.374,584.252,393.841,552.267,104.038
658.117,533.692,769.539,379.265,443.042,279.393,545.050
344.998,182.085,699.859,348.167,1051.902,329.727,373.261
565.130,477.362,627.430,170.813,683.080,918.387,399.016
714.356,506.651,627.792,201.114,474.520,872.900,326.252
789.442,166.807,636.706,704.745,527.416,306.379,189.958
661.670,379.756,610.809,234.320,588.154,532.609,234.320
509.124,863.243,558.919,403.135,533.712,611.202,403.135
426.812,562.994,611.537,387.686,375.897,237.390,387.686
631.676,354.198,607.321,520.273,668.384,253.361,520.273
95.216,479.146,605.996,391.662,423.174,653.820,391.662
737.116,431.486,605.919,674.510,246.733,294.030,674.510
460.645,541.489,601.441,608.866,266.248,658.491,608.866
507.818,331.832,690.214,762.293,626.474,454.823,762.293
224.164,262.452,766.557,454.691,833.870,543.244,454.691
301.916,800.482,733.513,736.833,324.889,597.184,736.833
387.362,566.060,735.052,236.011,353.001,255.906,236.011
669.719,619.194,702.586,529.706,292.676,346.689,529.706
655.794,448.959,708.320,76.431,181.657,600.999,76.431
741.877,694.511,695.511,522.352,459.200,643.121,522.352
374.524,685.242,694.444,529.948,650.273,174.352,529.948
504.458,392.662,547.519,591.945,506.216,773.106,591.945
282.046,471.422,616.212,301.459,567.946,597.756,301.459
433.338,352.468,264.107,427.788,482.163,474.387,427.788
356.209,623.900,411.522,118.761,560.564,378.893,118.761
596.979,495.505,383.362,486.510,689.174,387.163,486.510
508.785,510.067,289.584,652.847,554.821,290.601,652.847
536.594,670.784,78.957,448.686,906.986,691.278,448.686
605.873,59.430,412.160,262.110,297.396,572.390,262.110
386.485,690.796,417.136,580.097,542.740,412.445,580.097
278.251,209.725,417.413,805.960,506.035,621.254,805.960
526.578,297.043,414.305,502.468,440.536,682.472,502.468
208.718,726.019,416.468,31.250,646.370,773.829,31.250
386.471,482.226,414.484,244.263,499.130,365.461,244.263
642.188,457.563,410.060,219.162,660.389,588.487,219.162
552.258,467.360,402.374,482.272,557.172,486.850,482.272
440.670,701.810,394.011,647.654,537.236,220.190,647.654
992.736,322.151,400.556,525.821,685.875,658.550,525.821
566.297,169.924,420.491,575.833,733.697,244.854,575.833
398.724,592.698,351.213,324.666,345.169,508.190,324.666
436.685,511.544,335.788,712.931,465.829,607.367,712.931
867.499,476.517,324.447,403.129,293.103,364.454,403.129
922.921,545.048,314.148,316.464,503.470,699.505,316.464
243.709,587.932,304.593,363.125,407.458,699.835,363.125
433.233,516.122,312.300,546.811,741.335,593.268,546.811
782.706,693.929,373.211,589.488,526.330,326.996,589.488
267.389,580.502,317.792,503.458,510.447,247.984,503.458
567.719,475.897,358.367,737.559,620.576,783.059,737.559
190.804,431.206,391.181,467.834,744.542,671.375,467.834
523.352,919.953,341.537,459.010,440.880,805.091,459.010
417.731,399.316,278.655,314.205,375.399,541.839,314.205
333.017,749.230,418.348,320.377,342.945,138.799,320.377
685.676,365.169,352.821,598.993,517.847,596.650,598.993
608.935,734.423,820.522,620.470,880.348,332.265,620.470
580.910,187.420,758.391,560.567,527.125,466.627,560.567
292.757,586.915,854.869,587.077,548.153,225.322,587.077
556.257,479.707,885.252,500.395,782.231,525.442,500.395
521.825,465.249,821.819,439.361,545.875,762.237,439.361
440.278,855.472,681.743,619.644,338.068,533.809,619.644
561.814,534.953,718.723,457.956,336.546,216.687,457.956
303.115,507.646,693.697,1015.381,275.495,621.523,1015.381
156.229,423.624,684.857,918.115,267.568,528.640,918.115
500.961,390.562,403.323,382.656,547.224,586.561,382.656
814.306,626.058,249.935,352.140,357.716,513.413,352.140
248.594,538.726,263.246,756.226,510.889,589.375,756.226
619.670,478.131,350.366,412.051,487.516,317.466,412.051
494.764,229.805,289.951,443.131,577.801,355.249,276.615
393.169,361.544,289.504,606.038,448.626,267.499,240.405
561.445,367.891,289.495,547.790,601.829,468.261,690.785
378.859,390.468,289.354,176.892,200.204,251.789,595.100
453.994,382.559,289.213,421.796,384.745,506.720,156.490
419.092,587.306,289.220,802.766,503.814,685.500,644.380
588.135,472.615,289.242,341.317,628.117,821.856,625.005
424.870,306.857,288.886,284.425,586.838,402.886,395.746
380.981,181.295,288.839,648.496,546.006,586.526,558.367
634.012,582.245,288.724,157.847,231.624,544.315,228.140
607.763,543.175,467.550,502.965,332.174,172.992,476.257
539.099,666.081,312.767,522.610,311.629,601.001,440.747
473.195,728.303,315.361,510.264,440.422,288.689,700.815
722.094,407.117,319.861,719.350,432.799,826.594,285.820
594.643,234.134,313.959,492.738,440.845,458.209,325.361
357.933,407.433,311.256,838.553,462.422,360.834,435.621
398.819,764.603,309.844,664.861,265.667,543.461,829.655
598.036,199.593,309.834,777.751,726.371,655.614,365.012
539.186,530.314,31.250,258.922,542.195,420.123,406.071
546.328,654.066,480.077,755.725,321.189,487.875,448.264
334.773,503.874,493.465,605.075,472.930,548.720,455.375
546.469,442.884,513.262,713.615,405.451,313.479,380.470
603.268,387.563,456.444,341.929,636.282,590.611,672.821
637.051,625.284,554.292,363.828,210.824,571.219,248.752
214.178,400.059,575.568,371.854,375.656,779.476,564.322
418.835,388.706,419.272,651.414,479.692,585.083,231.487
556.452,479.183,422.250,395.554,368.372,643.407,447.595
392.665,507.367,425.077,467.581,609.973,52.032,460.183
347.979,234.847,428.006,206.031,383.205,588.548,570.191
359.769,534.455,430.831,369.386,739.066,796.062,647.496
563.846,264.218,433.379,526.809,375.895,705.613,184.408
545.062,283.386,435.542,429.617,372.768,231.549,444.105
394.981,298.089,436.367,594.512,620.347,586.529,258.676
729.534,549.587,436.854,503.486,341.756,643.416,715.280
407.914,347.189,265.169,816.073,710.806,456.327,727.583
679.011,183.307,649.183,382.886,649.617,642.263,469.263
571.989,546.871,645.696,224.322,709.138,530.728,604.362
639.171,343.072,667.961,561.006,655.589,597.734,336.002
595.449,518.134,690.704,541.232,129.064,409.667,1062.808
148.142,605.426,713.579,387.101,438.838,528.012,473.454
578.086,354.499,737.390,607.897,506.259,525.006,399.937
564.221,679.515,761.285,763.314,475.328,222.873,270.739
425.149,257.459,610.072,330.658,783.484,481.967,533.270
550.737,443.208,614.379,588.542,637.908,226.344,373.215
499.404,689.150,619.965,566.171,799.903,498.542,235.383
156.182,737.736,625.395,607.816,831.221,642.914,181.329
568.198,509.914,630.739,708.500,550.303,280.877,488.046
522.181,344.757,636.119,796.571,783.925,836.627,607.869
746.066,464.819,641.478,909.316,551.790,576.628,649.753
440.298,678.904,646.708,556.106,329.435,214.534,808.055
510.884,389.931,651.916,133.848,135.191,682.811,696.701
157.593,499.608,657.219,549.411,371.386,185.505,654.180
792.182,438.876,662.129,396.368,811.308,528.534,529.380
812.916,355.962,668.099,342.948,475.575,446.867,653.461
392.699,561.031,671.375,624.962,565.181,933.464,941.829
600.282,680.274,672.842,1061.685,349.761,105.063,167.422
472.422,799.795,673.799,848.889,619.389,607.800,415.357
283.450,513.589,863.077,368.349,510.222,740.460,286.189
783.778,412.033,884.119,916.973,535.914,491.164,489.357
543.250,382.229,914.811,674.697,392.853,418.844,668.747
512.022,727.324,198.737,379.756,654.608,509.513,286.686
491.936,674.219,361.251,863.243,505.572,370.922,201.028
750.100,793.421,212.986,562.994,308.940,243.372,712.997
736.163,402.404,216.477,354.198,462.079,519.219,444.619
513.530,375.895,216.769,479.146,339.906,556.022,402.194
357.755,467.991,220.367,431.486,712.985,382.687,213.763
693.034,556.729,221.908,541.489,404.369,479.749,365.160
756.956,430.095,223.661,331.832,551.174,448.357,100.186
136.448,508.099,538.425,262.452,780.059,700.002,640.855
440.195,471.003,300.543,800.482,395.582,693.327,560.545
500.054,486.408,271.793,566.060,737.393,499.047,561.197
448.905,383.064,277.030,619.194,446.299,344.260,604.164
586.940,257.651,282.441,448.959,707.138,599.870,487.606
268.828,587.623,288.167,694.511,566.664,787.870,619.440
226.742,477.134,294.108,685.242,619.578,570.431,365.492
382.623,402.568,298.780,392.662,666.478,557.866,777.281
489.299,375.520,298.328,471.422,259.418,631.923,836.005
210.810,391.120,308.622,352.468,651.128,307.080,236.797
560.059,202.607,315.454,623.900,408.318,686.736,459.882
413.792,650.394,547.194,495.505,633.137,493.336,211.943
302.506,1001.513,355.226,510.067,414.438,499.025,522.320
415.092,245.712,364.514,670.784,632.071,288.123,495.471
612.627,264.378,363.366,59.430,437.271,531.908,607.731
644.599,405.982,375.691,690.796,460.167,553.898,291.035
454.642,460.301,696.871,209.725,289.594,193.965,714.666
599.606,770.456,438.147,297.043,548.994,584.158,527.589
699.711,444.650,451.520,726.019,427.656,88.942,732.379
644.992,378.617,464.864,482.226,424.043,522.309,402.731
178.231,169.575,477.918,457.563,509.952,551.400,441.957
349.124,721.707,490.933,467.360,635.542,538.805,280.544
797.295,430.362,503.748,701.810,591.274,460.671,582.374
206.338,824.627,515.861,322.151,679.977,597.446,400.154
382.057,598.603,528.870,169.924,519.151,736.591,505.777
585.288,345.705,542.480,592.698,480.242,679.744,365.087
285.924,710.586,556.627,511.544,518.792,682.997,910.150
584.729,162.829,570.520,476.517,625.653,247.838,586.387
453.324,668.227,584.117,545.048,321.748,392.115,299.179
665.792,366.498,597.606,587.932,696.457,625.136,713.794
522.972,82.713,610.759,516.122,184.459,31.250,522.473
234.130,362.282,621.968,693.929,425.999,384.223,666.330
263.424,744.602,632.268,580.502,360.967,511.679,483.471
271.354,857.986,643.125,475.897,480.550,378.954,320.382
399.736,597.892,653.046,431.206,646.384,619.587,392.409
717.965,279.971,662.417,919.953,412.809,657.028,457.054
643.580,538.349,670.912,399.316,627.268,479.341,444.801
350.920,390.052,678.377,749.230,174.884,606.886,501.020
257.059,599.358,684.808,365.169,477.147,648.082,628.522
515.211,704.945,690.090,734.423,128.634,110.645,337.588
204.353,564.810,694.091,187.420,321.856,434.670,754.600
443.646,402.486,696.600,586.915,357.303,408.664,495.595
358.680,479.306,697.568,479.707,616.713,475.979,523.700
566.896,558.373,696.874,465.249,151.586,425.290,627.311
423.328,474.670,694.346,855.472,353.316,473.779,590.287
411.823,221.144,690.483,534.953,560.368,717.960,634.774
337.627,448.978,684.499,507.646,535.844,647.267,89.147
293.795,530.666,895.624,423.624,285.058,568.872,313.260
498.697,482.481,693.001,390.562,636.013,618.430,712.174
520.549,395.509,682.811,626.058,328.292,331.840,485.116
765.490,579.441,676.148,538.726,600.288,537.367,579.215
539.438,634.994,878.259,478.131,398.915,352.488,812.310
611.599,538.379,151.962,456.982,591.213,395.220,309.125
500.354,234.936,393.176,208.815,819.541,507.546,651.618
314.559,505.423,409.299,411.930,511.651,31.250,547.117
708.292,742.530,425.591,254.322,341.447,640.090,388.479
388.083,518.725,199.986,533.429,572.859,655.412,586.910
433.638,487.130,200.585,530.110,450.902,555.959,533.993
426.119,697.234,200.990,374.238,758.721,231.990,321.525
539.509,493.161,201.174,510.230,812.344,448.700,471.362
720.397,527.824,451.217,237.712,644.960,353.981,529.606
325.259,429.814,219.000,474.006,808.386,577.751,381.078
263.878,180.549,219.520,420.574,509.589,382.949,252.924
808.631,521.960,219.917,509.167,615.133,665.278,688.996
605.896,481.030,220.150,342.477,581.873,529.326,647.142
490.023,171.401,220.220,623.170,189.191,336.907,428.830
459.914,494.366,220.231,538.622,215.839,499.436,888.022
752.778,642.365,219.338,149.633,716.114,350.278,584.340
262.067,818.942,218.657,693.626,388.859,343.712,103.264
269.319,255.077,464.201,353.399,352.802,338.810,387.108
362.311,555.088,476.732,655.207,406.613,659.574,382.656
381.596,618.560,492.159,465.969,844.181,500.885,354.767
505.700,549.801,507.405,371.338,687.858,281.607,292.125
474.082,767.656,521.041,482.226,586.611,530.827,766.714
519.028,99.810,290.300,692.065,598.426,563.015,544.485
271.424,503.034,296.009,502.156,426.907,757.260,631.420
339.512,356.129,542.946,538.944,814.310,605.440,232.173
724.451,748.334,557.935,492.958,712.741,622.788,585.030
646.720,504.017,573.517,527.356,507.571,668.321,796.508
523.885,556.009,589.958,643.187,189.572,293.611,814.941
291.961,378.488,606.458,684.802,659.176,243.713,380.412
380.791,690.390,623.003,302.487,606.425,461.454,538.243
749.494,405.094,639.538,401.295,376.780,863.928,439.814
619.461,319.757,656.169,721.510,328.541,334.509,354.268
295.575,441.382,672.985,609.516,322.592,655.588,487.761
381.496,660.076,689.922,248.602,701.749,460.851,520.551
435.489,422.593,706.971,420.590,300.666,435.089,301.205
643.624,189.838,724.068,533.987,278.811,314.656,352.162
620.471,417.779,736.650,745.380,543.452,707.725,592.507
682.034,139.119,755.625,380.737,652.324,406.233,593.695
819.539,676.199,773.317,296.325,472.295,806.472,747.578
585.008,308.451,792.401,352.411,336.553,509.031,443.883
434.237,627.952,563.340,738.880,464.893,233.901,494.852
208.973,519.573,565.338,282.646,484.125,499.142,489.304
618.195,433.497,566.380,473.820,685.939,836.090,305.841
271.207,583.284,566.939,633.733,353.627,489.745,401.352
485.781,313.326,566.975,371.440,677.451,528.706,597.298
540.254,435.249,566.788,392.568,437.286,433.224,551.307
123.357,522.637,566.855,512.567,506.534,436.076,934.358
739.197,465.628,563.463,674.965,769.393,751.240,445.192
441.546,663.491,560.251,372.416,587.171,718.742,723.334
736.270,389.805,557.486,412.048,710.212,589.250,756.351
732.283,117.356,554.213,142.087,761.552,999.400,777.385
672.925,468.568,550.502,368.135,427.020,522.606,779.909
551.071,373.116,788.323,553.375,215.697,805.841,600.255
370.453,63.748,799.840,105.276,448.769,590.872,791.400
607.419,617.251,569.370,108.052,341.225,339.757,477.465
457.138,323.303,564.469,462.519,241.275,517.597,199.844
471.476,681.691,559.203,698.645,394.031,878.833,921.601
462.266,539.595,553.646,421.637,345.109,309.260,693.914
308.622,516.256,548.222,685.956,602.197,293.544,300.461
457.190,740.547,788.073,757.595,308.204,501.405,424.099
510.385,68.859,640.102,557.357,757.163,727.324,383.919
494.926,633.796,893.231,850.495,458.783,674.219,870.115
372.277,373.133,851.510,683.680,456.122,793.421,291.406
548.782,711.444,923.537,776.665,473.845,402.404,429.560
649.003,144.553,695.876,675.671,518.374,375.895,445.126
902.018,670.180,659.328,555.896,383.604,467.991,962.665
453.170,96.055,659.087,459.662,589.405,556.729,711.025
812.011,618.100,660.949,557.303,885.596,430.095,266.491
503.699,502.553,656.623,573.439,284.961,508.099,415.607
512.881,468.534,682.654,295.645,449.644,471.003,819.919
590.333,484.730,658.616,196.746,663.503,486.408,575.096
51.958,379.734,652.921,472.997,439.722,383.064,718.028
418.411,671.040,642.071,391.445,247.324,257.651,366.979
659.377,344.829,633.844,508.779,314.708,587.623,646.261
154.946,520.071,571.023,311.024,455.799,477.134,492.675
385.884,404.574,569.610,347.105,616.726,402.568,388.414
826.878,532.946,878.476,791.390,493.817,375.520,640.144
564.458,412.105,723.795,166.397,627.659,391.120,433.334
676.545,316.043,719.445,710.857,711.594,202.607,657.125
449.227,744.145,682.067,603.148,552.257,650.394,455.140
616.779,317.286,726.439,495.595,444.640,1001.513,654.014
259.199,540.062,561.475,640.406,314.756,245.712,627.160
697.140,703.000,539.857,141.941,835.977,264.378,387.472
526.946,429.565,509.147,587.051,451.647,405.982,357.064
809.419,453.168,482.320,340.114,797.199,460.301,488.113
553.308,425.319,447.303,447.608,457.185,770.456,335.565
501.809,402.244,421.684,275.376,438.733,444.650,564.434
202.309,786.484,404.262,423.464,583.231,378.617,625.856
643.300,139.924,372.594,580.304,389.410,169.575,513.262
225.875,625.232,349.817,521.947,739.686,721.707,609.772
770.359,864.857,619.126,540.957,416.400,430.362,529.011
372.198,281.135,333.333,282.190,275.095,824.627,268.632
546.916,662.192,316.577,88.818,417.367,598.603,570.267
565.180,562.777,267.998,292.927,539.346,345.705,707.695
419.077,685.653,257.756,317.848,407.566,710.586,574.738
556.122,384.850,233.635,401.835,539.263,162.829,431.101
493.291,792.336,212.442,832.957,241.072,668.227,486.078
603.714,543.234,468.595,316.333,332.165,366.498,930.435
554.997,471.881,473.332,313.973,695.448,82.713,642.607
457.796,762.830,439.945,428.859,225.115,362.282,216.905
151.280,755.952,458.562,536.137,510.804,744.602,518.467
545.759,322.826,452.949,424.867,489.450,857.986,669.287
284.553,569.305,455.874,724.496,303.039,597.892,601.791
442.572,633.623,453.239,798.106,431.148,279.971,389.079
863.199,689.152,445.470,701.127,577.014,538.349,536.335
239.980,341.906,441.149,535.221,706.114,390.052,501.308
726.384,786.961,433.460,316.193,841.644,599.358,241.773
624.817,782.331,431.706,682.374,478.049,704.945,663.763
569.436,693.995,425.123,252.783,163.755,564.810,290.467
581.568,489.464,416.397,285.974,382.644,402.486,630.546
438.855,435.588,416.733,597.524,497.922,479.306,424.383
588.440,575.468,407.778,408.054,539.509,558.373,512.630
298.921,240.294,400.916,348.714,292.163,474.670,692.463
514.997,132.401,391.013,596.035,240.197,221.144,708.474
616.180,535.739,373.944,343.690,355.125,448.978,266.689
396.667,763.333,363.808,380.959,607.556,530.666,808.599
369.154,276.007,343.704,316.465,745.156,482.481,804.777
366.717,325.486,320.537,220.576,651.192,395.509,395.481
430.922,303.683,41.724,446.261,298.312,579.441,545.420
502.164,594.381,33.510,490.870,644.519,634.994,662.061
629.384,664.722,244.359,580.575,494.764,567.845,803.012
676.688,650.747,331.193,672.700,393.169,402.001,304.442
383.798,486.898,254.163,346.989,561.445,579.749,597.154
336.322,571.749,226.008,203.617,378.859,424.400,730.839
299.906,519.347,216.107,493.665,453.994,521.734,603.981
811.808,221.060,209.714,640.946,419.092,563.246,520.510
636.833,227.714,217.910,564.566,588.135,294.495,154.984
452.519,108.265,460.468,631.629,424.870,486.396,194.178
211.215,405.046,259.547,733.074,380.981,150.837,465.332
423.561,681.256,257.801,304.340,634.012,769.415,688.202
679.152,544.218,262.691,674.440,607.763,276.239,688.811
789.615,441.456,263.800,227.639,539.099,130.009,644.185
501.954,151.727,261.394,509.091,473.195,466.837,819.471
567.126,622.895,258.834,601.269,722.094,441.509,619.273
552.722,890.058,249.568,47.532,594.643,338.079,618.931
568.998,435.146,263.244,331.492,357.933,501.378,584.804
411.071,264.700,251.215,571.918,398.819,719.958,204.512
272.661,303.438,31.250,574.593,598.036,469.012,629.984
421.827,232.915,535.449,532.058,539.186,642.511,646.393
484.017,226.998,497.631,491.527,546.328,588.267,442.421
374.397,441.384,499.297,377.258,334.773,422.729,824.155
701.713,610.196,507.901,199.522,546.469,386.862,280.434
625.360,261.923,520.314,507.209,603.268,211.740,488.203
577.025,668.862,530.834,511.895,637.051,377.399,456.150
594.391,475.093,264.644,512.636,214.178,363.008,588.399
394.182,649.331,515.345,485.184,418.835,497.791,401.163
588.485,133.653,510.858,487.677,556.452,549.340,703.422
553.234,647.271,523.951,223.854,392.665,304.742,719.845
493.975,517.022,538.816,828.221,347.979,340.815,336.063
244.808,558.475,553.324,573.907,359.769,148.682,599.215
687.505,282.759,567.644,475.267,563.846,331.301,578.942
566.150,449.186,582.393,297.469,545.062,308.625,280.641
811.082,435.968,597.192,587.069,394.981,781.698,701.876
645.541,505.644,612.690,685.518,729.534,280.540,277.060
545.690,675.198,630.080,540.061,407.914,52.653,559.140
651.661,746.926,644.020,368.537,679.011,830.296,392.251
332.568,468.300,546.844,762.480,571.989,761.071,236.141
551.888,773.030,687.216,218.778,639.171,676.169,499.690
601.320,388.907,702.101,828.621,595.449,630.893,633.328
448.351,191.828,721.159,240.603,148.142,390.195,602.794
613.675,942.441,729.237,729.343,578.086,532.958,620.615
362.365,257.690,758.916,253.994,564.221,589.689,540.490
445.556,527.264,641.621,503.932,425.149,166.574,327.464
518.770,173.649,641.258,510.101,550.737,901.301,711.007
385.034,618.210,642.826,536.762,499.404,728.119,443.824
682.245,465.531,641.643,456.073,156.182,313.619,396.408
417.728,162.074,636.343,338.519,568.198,657.054,147.332
366.159,301.924,633.667,393.644,522.181,294.686,299.733
648.270,418.726,636.248,837.486,746.066,167.224,627.913
403.491,795.403,649.151,504.216,440.298,916.194,401.422
622.249,401.675,675.747,300.662,510.884,778.460,332.482
603.405,420.235,711.740,594.521,157.593,732.728,508.431
31.250,398.374,746.018,422.929,792.182,673.624,613.243
720.440,708.192,674.415,783.784,812.916,623.767,215.198
501.693,507.021,706.423,564.314,392.699,278.680,361.175
329.686,721.580,616.952,643.450,600.282,322.378,537.652
326.195,350.089,561.788,864.647,472.422,178.160,274.452
710.464,445.856,551.448,407.898,283.450,570.921,183.801
604.000,321.624,544.889,676.860,783.778,457.655,641.647
522.266,216.004,790.700,417.390,543.250,622.994,463.953
433.875,645.384,80.020,628.143,432.902,283.833,618.231
339.119,309.200,344.386,459.750,445.598,536.003,686.973
214.817,93.879,359.007,681.581,481.320,798.096,623.760
558.932,302.671,120.622,723.825,358.914,547.700,462.679
210.758,589.483,121.348,31.250,494.936,97.792,294.645
452.009,789.596,388.194,656.491,633.370,570.277,593.752
498.645,322.076,408.614,251.228,315.956,528.593,235.275
733.240,449.939,170.761,675.114,748.208,367.293,121.034
446.976,770.249,173.795,578.865,502.895,289.667,572.593
576.065,704.526,176.663,390.098,259.616,278.471,31.250
212.820,450.559,179.525,398.007,439.831,129.617,580.763
99.541,478.274,182.472,100.227,666.141,433.960,618.857
91.853,445.858,185.494,332.825,703.052,711.867,644.300
366.405,601.126,452.749,135.322,346.440,601.908,519.211
362.721,267.493,214.393,333.943,539.186,522.896,492.492
502.563,542.615,215.708,758.772,615.670,542.200,322.086
714.260,492.492,483.979,380.965,511.268,221.865,508.996
356.068,892.813,506.969,233.832,657.665,163.247,579.774
652.760,307.729,531.813,361.660,661.678,605.166,405.032
415.447,503.367,557.777,575.997,203.924,411.116,291.936
533.840,389.278,583.950,509.569,572.112,655.449,739.444
646.923,470.751,609.771,214.584,725.362,334.000,650.914
551.598,544.551,633.929,350.620,440.693,503.882,644.096
329.019,648.576,625.968,321.615,767.265,626.661,270.008
474.186,657.724,459.352,350.583,477.334,553.095,34.626
449.633,203.279,453.063,457.046,454.667,223.045,509.803
640.129,381.221,464.058,243.073,406.481,105.553,393.836
293.824,326.024,473.420,299.883,287.513,330.963,503.479
213.595,334.824,481.498,371.704,384.827,728.550,567.117
459.097,650.244,491.149,256.608,311.305,230.417,651.534
629.857,841.417,501.437,701.066,455.711,702.582,495.154
494.022,146.573,512.375,123.139,419.937,500.973,578.386
467.730,543.582,523.776,439.585,418.935,659.376,257.862
508.517,496.823,534.810,730.284,552.398,400.140,661.879
588.975,441.566,544.356,143.776,194.572,673.246,202.892
443.871,669.236,553.318,313.705,458.691,376.985,496.696
412.905,569.497,562.738,456.152,31.250,664.082,455.668
596.790,376.323,572.616,653.690,478.069,285.384,332.916
636.755,811.355,582.167,855.618,78.664,269.110,595.512
459.564,817.518,591.127,629.188,307.890,612.082,413.749
31.250,508.154,599.082,808.189,157.925,256.483,626.369
394.868,736.690,607.357,740.952,761.152,638.155,537.543
433.620,545.967,615.929,761.853,534.464,482.037,350.163
326.210,516.073,624.279,706.003,616.373,587.015,440.642
743.203,515.549,631.926,831.058,824.596,299.069,204.894
487.082,310.130,640.275,655.151,234.191,477.261,351.262
387.611,378.081,645.698,495.751,687.652,517.571,273.522
290.677,473.990,650.867,538.833,214.559,835.942,666.256
627.299,87.099,656.339,312.435,257.072,401.615,411.103
692.848,478.585,661.984,406.829,606.577,703.923,402.151
463.591,406.745,666.977,466.578,742.562,462.344,220.183
197.343,234.690,667.700,488.928,206.944,612.161,513.438
807.908,312.364,668.168,464.019,285.006,916.172,325.572
914.456,360.096,674.058,361.490,485.960,527.746,340.243
447.252,456.233,673.953,823.366,331.738,570.715,483.265
877.822,545.424,934.107,403.270,518.394,519.432,987.830
355.227,573.625,692.113,328.587,552.349,417.891,415.887
563.242,590.390,692.420,257.567,597.244,430.632,337.495
703.992,413.118,692.417,330.256,306.084,427.955,373.911
185.221,222.917,695.184,707.356,510.120,79.846,557.492
757.163,466.386,328.252,276.615,353.826,571.548,128.253
458.783,500.665,323.223,240.405,602.536,605.779,987.950
456.122,703.276,323.948,690.785,293.847,502.122,596.726
473.845,486.560,324.458,595.100,413.208,345.198,748.920
518.374,243.085,324.801,156.490,630.888,361.670,380.181
383.604,584.370,325.395,644.380,639.721,300.839,475.110
589.405,684.915,326.368,625.005,643.768,536.975,438.764
885.596,678.866,327.545,395.746,267.375,472.308,482.946
284.961,301.996,328.535,558.367,671.650,412.409,673.597
449.644,553.753,336.834,228.140,162.586,526.074,292.460
663.503,466.202,699.900,476.257,254.625,199.574,439.576
439.722,561.525,380.324,440.747,446.325,400.409,370.786
247.324,895.094,377.144,700.815,651.059,587.756,672.709
314.708,515.209,394.875,285.820,386.620,299.383,529.465
455.799,666.695,385.560,325.361,530.511,420.528,478.038
616.726,497.069,354.875,435.621,373.607,537.138,547.262
493.817,436.569,434.724,829.655,581.631,474.437,619.268
627.659,599.858,387.535,365.012,221.440,673.434,375.047
711.594,524.020,715.220,406.071,494.731,383.308,31.250
552.257,615.649,323.102,448.264,298.679,483.124,250.637
444.640,307.263,328.568,455.375,786.503,239.711,856.851
314.756,567.712,342.152,380.470,612.275,549.777,605.995
835.977,585.366,345.659,672.821,322.377,297.874,564.691
451.647,164.171,347.928,248.752,258.287,575.738,673.401
797.199,315.617,353.857,564.322,363.305,506.714,486.195
457.185,699.577,354.257,231.487,797.805,348.434,585.842
438.733,618.763,353.574,447.595,428.115,712.741,542.489
583.231,615.870,328.497,460.183,784.979,499.988,407.165
389.410,927.628,336.232,570.191,226.591,592.526,468.267
739.686,256.318,357.332,647.496,144.517,388.868,468.617
416.400,375.178,421.272,184.408,250.051,442.136,375.242
275.095,481.768,464.362,444.105,445.426,645.107,475.950
417.367,552.142,480.340,258.676,616.191,585.136,547.727
539.346,514.791,379.817,715.280,269.246,410.195,423.923
407.566,661.295,384.404,727.583,560.472,636.347,422.920
539.263,621.067,370.237,469.263,438.210,432.248,665.414
241.072,312.126,307.227,604.362,479.661,735.223,471.294
332.165,151.926,711.689,336.002,745.709,457.055,614.051
695.448,576.730,692.859,1062.808,196.642,466.392,312.284
225.115,467.686,645.211,473.454,590.898,151.310,419.950
510.804,395.688,693.897,399.937,433.317,595.549,525.090
489.450,737.835,708.009,270.739,426.753,628.327,651.340
303.039,730.024,715.145,533.270,601.925,515.569,235.793
431.148,493.779,724.299,373.215,684.487,379.219,469.763
577.014,359.872,733.308,235.383,131.664,814.729,538.621
706.114,480.566,742.939,181.329,604.123,518.083,371.636
841.644,473.516,750.399,488.046,416.352,394.536,630.015
478.049,614.131,757.832,607.869,571.347,255.266,149.129
163.755,419.284,761.177,649.753,753.331,627.300,650.566
382.644,380.601,765.808,808.055,525.136,398.780,815.060
497.922,692.695,769.654,696.701,739.831,535.463,695.024
539.509,383.235,771.422,654.180,105.140,878.434,392.495
292.163,273.658,767.932,529.380,98.503,330.741,430.686
240.197,463.180,820.098,653.461,751.802,274.790,346.996
355.125,104.038,823.132,941.829,874.515,397.199,573.905
607.556,545.050,792.514,167.422,858.975,411.919,764.577
745.156,373.261,675.899,415.357,344.611,735.800,400.632
651.192,399.016,398.573,286.189,772.159,516.926,583.605
298.312,326.252,398.334,489.357,396.538,565.210,585.486
644.519,189.958,401.537,668.747,481.641,477.685,334.161
