447.487,685.850,486.324,608.953,396.935,305.398,114.648
546.854,125.681,486.286,785.902,729.442,496.664,349.815
531.325,761.488,545.678,495.267,390.738,484.727,358.148
613.525,279.136,568.159,395.394,833.603,547.656,246.204
372.368,641.705,401.465,72.742,876.231,454.296,516.580
153.363,347.418,647.082,571.759,688.846,318.750,366.890
413.596,574.404,692.171,796.358,684.196,570.584,1069.858
860.411,250.588,703.175,325.083,736.833,497.339,589.424
207.375,670.481,774.395,525.329,345.555,240.384,830.277
758.840,685.530,739.238,931.924,434.852,398.452,447.533
472.596,594.387,717.231,299.509,440.622,309.970,667.432
588.926,614.991,712.784,447.876,974.429,471.622,632.796
532.174,310.809,562.618,537.351,575.725,425.892,856.815
534.993,464.510,616.796,356.696,362.621,718.372,604.268
443.653,437.697,651.641,600.517,806.718,269.101,652.918
333.880,644.564,624.413,657.384,330.681,662.337,97.004
770.373,130.456,592.352,136.757,501.021,648.110,422.457
148.989,228.304,625.336,378.531,637.992,646.552,516.728
525.689,473.986,652.938,261.536,323.618,494.778,659.161
441.212,561.159,543.948,704.681,540.484,301.169,381.200
561.460,375.938,600.684,401.579,402.515,413.835,459.426
602.723,312.467,506.038,352.129,561.097,386.997,573.144
618.443,767.877,583.065,689.890,903.422,478.975,410.894
685.359,443.650,560.137,510.517,352.369,331.836,428.752
463.110,614.728,560.284,750.968,497.011,543.765,447.400
542.737,371.328,487.759,885.931,98.038,758.171,629.764
413.417,268.498,506.367,679.900,516.319,640.075,624.754
465.100,296.587,387.142,708.941,208.140,577.927,362.755
527.222,426.054,426.346,680.922,467.050,393.251,718.189
594.729,380.213,460.211,596.633,384.824,689.043,683.127
586.466,276.124,401.958,224.396,458.775,427.206,379.827
511.632,653.831,363.930,222.595,557.930,762.024,411.947
412.479,581.189,334.911,761.143,649.031,374.210,167.018
178.858,245.423,305.354,342.543,273.498,586.123,660.768
311.893,363.971,285.552,317.919,550.535,715.257,805.861
555.461,472.552,345.754,873.561,656.947,160.515,629.701
356.815,145.681,402.880,498.399,450.407,272.356,632.481
415.646,456.479,355.435,409.393,629.867,724.485,708.504
384.082,466.787,330.483,448.897,651.707,153.375,546.818
880.129,399.732,482.954,187.417,776.103,539.808,612.019
666.642,766.872,455.749,479.443,732.451,435.681,467.248
549.036,604.951,517.292,601.926,684.036,572.680,715.326
765.855,408.092,466.054,290.070,714.885,518.639,287.654
490.907,602.940,491.322,316.149,495.334,562.464,612.046
734.806,349.744,524.503,220.833,448.952,222.606,341.351
332.900,548.767,589.859,571.415,529.517,850.216,237.879
578.073,650.847,648.208,494.136,542.102,538.660,735.825
566.940,280.333,617.897,864.026,268.852,387.403,776.909
728.059,474.309,423.287,440.230,509.984,222.659,691.176
644.777,753.131,452.701,971.207,518.617,460.201,395.575
750.366,491.920,438.275,429.231,530.503,816.087,778.780
756.324,430.902,567.021,699.064,433.211,69.307,233.865
420.564,508.099,632.129,406.620,469.808,522.269,74.580
441.041,427.962,768.689,333.563,474.848,905.931,397.716
1084.704,240.383,859.762,507.831,574.309,122.377,577.598
380.645,273.869,725.188,608.244,361.814,512.710,880.295
524.259,295.850,802.045,607.017,327.219,320.789,168.199
569.966,543.344,760.816,562.903,734.085,589.711,94.488
488.540,532.626,768.725,405.975,761.838,368.047,282.602
441.047,428.741,830.476,502.773,437.558,587.736,415.374
280.013,664.722,709.838,506.148,213.180,258.605,318.282
398.433,650.747,773.009,534.725,473.209,541.819,562.746
514.755,486.898,717.155,174.418,689.386,715.410,495.940
358.329,571.749,616.502,460.190,709.120,311.525,317.024
484.648,519.347,579.014,389.068,298.040,484.668,314.745
1000.656,221.060,554.874,768.874,444.150,696.736,193.816
342.586,227.714,448.390,519.950,618.338,647.261,487.581
766.801,108.265,308.132,548.575,414.701,200.976,272.425
393.989,405.046,241.355,549.467,282.892,741.689,295.988
505.658,681.256,253.904,308.460,522.415,674.450,352.633
753.620,544.218,337.049,284.382,473.037,316.007,580.119
283.132,441.456,335.839,897.212,478.930,459.603,301.273
816.250,151.727,286.889,429.811,437.790,538.924,473.290
273.799,622.895,293.920,805.485,733.271,507.125,448.640
442.001,890.058,193.820,331.190,373.585,484.186,428.088
367.719,435.146,248.761,502.340,612.514,334.734,528.372
152.369,264.700,348.173,630.367,633.149,536.669,31.250
463.476,303.438,426.046,621.562,368.805,729.319,585.855
449.368,232.915,359.587,570.552,555.485,432.596,250.191
644.863,226.998,426.516,535.346,357.423,189.607,571.514
113.395,441.384,448.318,444.891,446.516,576.371,488.672
468.225,610.196,528.696,433.640,265.481,244.158,523.010
394.537,261.923,642.607,203.197,455.552,571.714,470.684
407.723,668.862,520.472,517.653,625.114,77.688,545.254
431.351,475.093,469.781,703.444,354.976,378.881,692.803
629.648,649.331,371.066,419.520,561.760,520.059,340.252
380.936,133.653,451.432,539.864,599.214,453.610,720.682
513.641,647.271,500.390,678.158,601.655,31.250,419.715
440.324,517.022,575.949,658.301,393.283,454.104,547.135
572.401,558.475,514.812,745.458,429.788,590.614,795.856
380.926,282.759,441.994,550.567,519.759,637.627,700.326
432.514,449.186,319.327,364.815,479.610,433.471,650.529
433.949,435.968,301.146,447.740,565.938,424.695,387.812
377.483,505.644,305.041,726.859,671.323,318.129,572.161
470.153,675.198,346.603,674.967,676.712,463.067,416.010
371.979,746.926,386.056,766.363,725.115,451.639,254.007
494.202,468.300,312.438,458.880,487.147,471.692,605.132
361.599,773.030,370.604,107.137,557.819,510.182,345.677
526.257,388.907,416.246,745.574,597.581,688.782,491.774
247.442,191.828,493.697,435.418,564.026,643.728,412.032
64.229,942.441,535.629,722.610,309.701,415.328,38.449
507.032,257.690,492.218,394.334,495.398,189.380,497.261
341.450,527.264,534.966,329.506,659.002,596.472,396.932
355.659,173.649,502.154,174.168,621.658,512.999,766.147
475.802,618.210,436.560,848.802,235.253,778.720,551.980
667.568,465.531,411.312,857.403,834.946,571.942,509.500
905.086,162.074,379.228,313.792,565.283,837.524,714.520
210.558,301.924,327.044,513.723,571.975,505.441,477.310
164.603,418.726,257.232,629.836,427.007,806.852,701.263
677.448,795.403,206.338,828.702,672.430,648.448,410.793
475.323,401.675,285.473,279.760,262.402,502.775,557.802
392.073,420.235,229.128,557.497,209.184,903.061,457.534
504.626,398.374,183.749,413.524,629.304,831.068,571.366
468.717,708.192,261.006,636.424,441.872,406.612,425.348
639.522,507.021,244.611,778.630,75.104,584.252,743.882
448.076,721.580,203.656,393.235,605.790,379.265,230.909
291.392,350.089,302.368,750.766,633.026,348.167,545.947
470.320,445.856,223.153,444.224,400.999,170.813,411.699
383.356,321.624,330.439,472.732,472.315,201.114,416.205
580.822,216.004,321.147,635.405,481.501,704.745,537.368
515.202,243.314,417.807,537.532,557.096,377.103,768.253
623.292,586.218,436.027,649.324,395.865,544.587,226.099
571.545,429.701,309.475,775.762,300.182,617.695,232.471
537.442,905.084,367.707,576.501,580.011,332.994,542.005
434.943,641.250,255.515,469.751,257.259,441.771,601.455
95.109,492.641,139.079,921.745,569.548,493.840,478.001
510.305,812.516,215.140,788.451,87.894,258.854,769.289
790.144,791.440,237.966,921.337,376.740,31.250,691.159
448.086,347.401,102.375,651.331,598.901,258.894,407.318
453.233,941.950,113.108,129.286,491.827,571.943,244.344
557.935,532.708,257.243,585.730,571.960,534.756,250.579
315.054,313.470,187.043,545.836,324.824,527.332,589.251
263.298,233.233,267.103,433.052,459.037,437.523,607.055
499.801,416.164,204.834,548.477,821.365,448.856,592.185
586.616,597.163,233.376,476.452,668.885,808.916,406.557
557.020,703.885,305.864,540.459,622.352,166.701,502.939
301.243,31.250,505.847,319.530,385.318,234.297,901.307
404.370,494.957,632.397,178.364,635.275,559.562,583.340
705.455,621.374,714.981,491.284,391.762,403.974,640.356
423.497,447.884,611.559,167.030,90.853,462.789,527.434
562.634,637.951,649.039,753.485,397.885,240.888,547.734
521.803,669.242,748.199,316.760,450.718,445.293,377.992
553.533,236.815,708.583,518.361,415.789,547.570,709.958
637.248,459.674,662.824,396.131,400.393,468.321,355.569
585.948,451.090,713.057,812.688,352.955,572.470,505.653
452.949,539.745,562.265,427.703,512.358,299.513,617.292
928.126,614.961,621.431,39.175,299.192,829.997,693.986
615.431,544.088,793.027,641.461,592.576,693.999,402.747
311.342,213.398,729.793,728.498,432.376,726.572,578.132
453.772,563.859,716.315,651.800,453.280,582.245,584.295
515.950,1100.753,398.725,612.632,425.386,736.090,493.657
758.325,482.105,506.203,474.240,145.321,400.497,360.884
268.486,541.301,636.235,769.228,594.536,510.168,496.375
272.577,677.766,471.892,662.869,285.927,632.977,671.241
394.747,450.703,524.314,474.162,538.194,886.155,453.426
559.023,644.307,372.791,743.355,374.219,535.618,590.439
583.507,452.749,458.268,362.723,392.773,492.717,496.186
674.750,257.244,285.221,341.026,380.210,606.503,179.416
773.282,719.520,323.285,307.306,668.672,877.383,435.875
673.105,776.298,483.270,818.066,843.527,535.654,768.644
395.755,287.470,450.659,687.709,581.571,257.332,275.902
683.565,383.462,477.673,795.716,548.004,31.250,464.450
434.925,475.884,579.907,422.311,429.382,653.513,399.135
587.798,49.375,533.748,331.262,571.162,550.259,284.762
459.571,363.837,263.069,511.943,356.570,313.894,284.978
660.111,337.393,248.308,434.446,687.223,485.847,593.930
378.396,314.966,284.810,600.883,655.229,530.776,448.644
557.362,667.673,433.439,475.458,485.386,307.386,657.959
627.622,138.110,399.431,353.849,626.229,351.314,568.568
178.688,365.612,201.672,604.360,221.773,790.416,772.615
438.206,413.469,149.987,353.846,826.136,303.306,406.298
741.377,253.288,133.890,426.297,379.742,558.876,553.946
337.428,668.652,180.994,723.545,297.324,650.178,634.918
472.204,382.172,246.661,579.899,675.814,252.635,435.831
635.314,476.621,320.933,540.385,485.536,604.504,250.032
379.708,658.437,244.677,275.618,384.270,279.502,464.878
203.165,564.834,302.061,490.710,320.756,601.093,757.539
604.198,571.143,182.980,647.192,749.181,677.607,276.202
279.692,750.006,315.013,302.696,407.324,584.103,584.115
840.537,692.107,290.079,513.579,393.291,631.493,484.385
114.648,660.977,490.234,374.926,368.824,505.768,512.022
349.815,366.431,386.613,408.608,394.099,604.604,491.936
358.148,754.951,394.523,796.288,727.040,411.694,750.100
246.204,475.595,528.723,606.150,480.000,257.169,736.163
516.580,327.139,482.279,277.520,841.430,358.135,513.530
366.890,618.077,540.893,415.994,334.936,596.203,357.755
1069.858,243.644,650.300,386.968,389.501,251.916,693.034
589.424,422.302,594.885,364.083,803.534,602.440,756.956
830.277,546.658,621.694,669.014,448.278,767.866,136.448
447.533,421.047,549.168,503.075,535.927,572.837,440.195
667.432,215.501,546.960,455.789,719.231,592.917,500.054
632.796,586.536,473.502,510.991,673.485,418.007,448.905
856.815,587.601,392.152,594.569,187.503,536.289,586.940
604.268,511.240,377.857,136.666,440.476,122.998,268.828
652.918,333.416,353.170,477.806,572.982,192.059,226.742
97.004,630.676,331.788,521.556,179.148,561.223,382.623
422.457,282.785,437.711,645.768,456.022,803.353,489.299
516.728,275.379,407.012,665.145,540.899,432.367,210.810
659.161,651.874,431.100,584.823,666.166,340.848,560.059
381.200,342.356,426.753,566.539,704.938,582.924,413.792
459.426,569.886,643.796,196.519,1071.910,294.139,302.506
573.144,636.961,614.676,503.304,471.800,492.926,415.092
410.894,291.669,624.156,526.103,393.622,119.343,612.627
428.752,720.177,549.627,267.521,535.003,886.866,644.599
447.400,430.847,683.022,386.590,676.480,31.250,454.642
629.764,489.418,698.538,342.112,728.367,222.604,599.606
624.754,603.681,564.508,523.808,451.471,338.454,699.711
362.755,500.602,638.319,701.946,765.094,771.139,644.992
718.189,227.279,670.334,396.072,875.617,780.648,178.231
683.127,582.733,702.606,596.767,402.873,705.629,349.124
379.827,411.579,661.650,353.284,361.959,311.066,797.295
411.947,610.239,690.260,479.505,89.853,759.986,206.338
167.018,897.736,695.825,353.361,434.997,315.339,382.057
660.768,529.657,566.348,197.470,585.712,651.604,585.288
805.861,524.855,535.284,533.363,616.354,508.620,285.924
629.701,689.878,470.851,472.072,795.850,276.023,584.729
632.481,543.950,519.791,346.351,621.437,675.493,453.324
708.504,31.250,634.717,217.807,411.611,617.754,665.792
546.818,660.402,575.993,510.597,525.438,240.220,522.972
612.019,317.618,636.071,418.777,650.846,712.183,234.130
467.248,574.553,650.898,648.695,810.262,591.021,263.424
715.326,470.535,601.550,366.364,266.256,670.385,271.354
287.654,548.978,579.285,634.598,403.607,560.539,399.736
612.046,473.468,551.482,473.511,253.202,493.397,717.965
341.351,818.378,566.924,335.005,536.767,592.932,643.580
237.879,737.266,656.494,329.543,357.945,710.513,350.920
735.825,799.917,559.093,709.875,778.934,485.248,257.059
776.909,537.319,602.125,581.804,417.066,387.730,515.211
691.176,524.673,585.532,461.254,241.248,502.775,204.353
395.575,712.795,626.633,322.515,672.348,413.288,443.646
778.780,158.998,664.052,460.961,640.391,301.804,358.680
233.865,626.568,628.211,519.029,337.485,464.708,566.896
74.580,563.009,603.489,192.880,404.586,592.216,423.328
397.716,467.539,599.048,383.087,573.871,796.067,411.823
577.598,712.313,508.580,449.293,750.592,476.789,337.627
880.295,766.494,524.625,557.763,547.956,437.742,293.795
168.199,160.889,537.049,348.986,333.439,429.759,498.697
94.488,720.083,434.635,357.782,575.685,402.089,520.549
282.602,711.565,440.913,200.545,556.624,573.999,765.490
415.374,414.986,310.491,684.652,548.372,441.527,539.438
31.250,448.330,390.194,538.379,573.054,68.859,660.999
642.575,483.115,356.493,234.936,472.645,633.796,860.920
432.663,370.115,348.781,505.423,290.415,373.133,227.228
619.653,520.471,357.665,742.530,502.385,711.444,543.703
448.490,352.506,253.827,518.725,558.487,144.553,421.558
350.402,521.430,222.927,487.130,329.973,670.180,516.186
493.015,403.601,238.786,697.234,524.982,96.055,435.531
684.354,360.153,309.584,493.161,624.040,618.100,463.494
819.500,533.946,296.227,527.824,494.567,502.553,485.020
594.622,768.720,259.780,429.814,579.531,468.534,359.973
791.407,493.659,240.636,180.549,487.036,484.730,303.548
737.770,611.909,280.169,521.960,416.619,379.734,545.554
257.773,779.348,162.709,481.030,461.689,671.040,315.172
463.705,668.958,168.799,171.401,716.896,344.829,745.418
457.125,512.452,295.029,494.366,463.732,520.071,368.866
421.973,676.068,406.508,642.365,938.156,404.574,259.433
224.148,220.001,382.742,818.942,440.680,532.946,336.214
405.589,602.574,365.487,255.077,338.017,412.105,381.687
359.815,669.032,485.653,555.088,797.359,316.043,151.700
754.459,336.694,497.124,618.560,849.202,744.145,402.123
363.521,592.331,495.238,549.801,593.337,317.286,345.601
166.439,746.374,423.988,767.656,337.611,540.062,344.359
759.832,415.186,422.000,99.810,463.918,703.000,577.130
529.630,725.797,534.250,503.034,480.664,429.565,433.043
693.362,558.720,513.992,356.129,245.247,453.168,344.138
171.507,525.901,596.031,748.334,496.860,425.319,570.268
568.751,406.587,698.975,504.017,400.500,402.244,202.285
695.131,623.943,634.282,556.009,363.633,786.484,736.025
579.443,348.973,509.883,378.488,508.485,139.924,578.690
320.253,447.735,460.470,690.390,246.880,625.232,1085.677
577.048,645.182,511.064,405.094,725.529,864.857,682.417
188.454,743.567,557.494,319.757,563.235,281.135,927.646
504.244,700.393,558.858,441.382,603.435,662.192,660.062
690.642,288.710,552.728,660.076,263.601,562.777,591.328
489.369,498.815,452.882,422.593,622.415,685.653,31.250
546.068,326.446,454.877,189.838,326.861,384.850,551.753
581.211,504.956,303.208,417.779,639.228,792.336,163.780
535.593,458.443,229.376,139.119,495.057,543.234,272.283
576.869,743.472,332.011,676.199,650.730,471.881,542.514
564.955,463.114,314.394,308.451,729.404,762.830,278.293
520.379,633.906,345.600,627.952,695.477,755.952,233.238
183.930,658.623,450.261,519.573,362.415,322.826,511.577
234.890,484.584,366.238,433.497,514.913,569.305,46.313
296.318,413.416,315.317,583.284,528.900,633.623,383.982
623.427,114.039,397.846,313.326,375.239,689.152,692.829
630.632,341.288,393.972,435.249,154.373,341.906,741.760
748.161,520.821,373.802,522.637,612.920,786.961,634.221
279.415,516.296,317.708,465.628,322.766,782.331,527.136
782.106,651.583,417.245,663.491,379.613,693.995,191.639
443.194,543.678,317.008,389.805,966.729,489.464,529.444
407.427,563.578,338.977,117.356,462.660,435.588,632.673
538.967,727.283,416.829,468.568,177.544,575.468,574.435
815.158,789.973,469.538,373.116,407.363,240.294,182.934
440.569,489.421,470.318,63.748,302.762,132.401,543.075
380.285,278.411,447.389,617.251,524.146,535.739,74.901
161.034,458.127,462.840,323.303,181.294,763.333,718.822
186.753,647.605,539.411,681.691,395.947,276.007,496.218
696.676,443.294,519.361,539.595,252.898,325.486,486.010
272.413,333.079,538.181,516.256,603.808,303.683,339.214
934.493,515.669,523.458,740.547,754.167,594.381,582.339
573.054,245.759,651.756,552.282,835.419,532.609,439.638
472.645,453.358,801.647,476.184,683.432,611.202,230.082
290.415,584.856,687.804,296.424,171.460,237.390,671.016
502.385,328.307,626.900,149.119,528.038,253.361,600.101
558.487,261.198,622.038,722.270,216.830,653.820,662.099
329.973,321.148,708.857,314.987,362.810,294.030,645.434
524.982,562.679,703.410,941.031,417.867,658.491,620.194
624.040,689.062,756.972,325.761,463.921,454.823,448.919
494.567,559.539,757.001,595.767,618.352,543.244,172.489
579.531,575.057,740.805,643.548,584.795,597.184,407.091
487.036,493.343,688.835,611.201,421.590,255.906,536.628
416.619,489.728,742.287,865.380,403.210,346.689,208.478
461.689,769.085,841.423,467.441,515.778,600.999,538.696
716.896,430.087,714.750,456.558,510.669,643.121,526.272
463.732,329.005,787.242,491.741,377.072,174.352,460.924
938.156,476.971,836.423,618.796,621.983,773.106,505.255
440.680,824.995,953.229,713.273,407.195,597.756,541.392
338.017,809.324,988.970,676.250,511.630,474.387,290.186
797.359,228.370,972.853,349.278,537.624,378.893,514.010
849.202,559.211,921.520,288.149,445.354,387.163,162.626
593.337,642.921,956.039,667.301,546.767,290.601,501.246
337.611,303.190,752.080,330.534,684.242,691.278,411.307
463.918,695.595,753.403,219.955,728.857,572.390,546.376
480.664,55.161,774.221,752.536,31.250,412.445,596.836
245.247,306.180,800.165,441.133,425.235,621.254,552.244
496.860,745.523,630.482,643.014,272.679,682.472,811.184
400.500,254.221,608.871,425.715,666.541,773.829,149.846
363.633,512.434,552.142,813.888,418.020,365.461,653.755
508.485,264.426,564.367,449.033,745.740,588.487,640.892
246.880,823.800,488.971,250.204,362.541,486.850,562.287
725.529,247.637,588.108,456.700,239.217,220.190,470.437
563.235,634.052,630.007,557.438,383.292,658.550,424.785
603.435,441.516,560.798,613.998,561.508,244.854,768.121
263.601,372.162,498.961,655.782,427.425,508.190,384.448
622.415,735.718,505.528,325.903,605.528,607.367,566.922
326.861,621.499,506.846,415.527,447.513,364.454,275.607
639.228,814.630,500.762,611.787,827.637,699.505,702.599
495.057,528.773,492.590,471.158,513.863,699.835,604.892
650.730,616.893,512.850,711.380,707.749,593.268,317.403
729.404,459.119,590.142,558.661,641.029,326.996,452.758
695.477,219.294,519.663,527.788,31.250,247.984,312.046
362.415,368.281,434.860,779.810,412.881,783.059,726.912
514.913,915.132,342.624,587.462,312.498,671.375,492.322
528.900,642.236,447.475,587.413,697.234,805.091,368.068
375.239,585.648,535.896,381.195,637.618,541.839,448.039
154.373,486.279,521.581,521.671,541.354,138.799,827.806
612.920,420.383,403.142,31.250,670.684,596.650,546.671
322.766,361.889,273.675,830.074,271.714,332.265,421.732
379.613,277.899,120.514,718.460,715.974,466.627,382.804
966.729,372.881,162.374,536.222,312.058,225.322,258.195
462.660,352.480,283.671,587.291,226.136,525.442,495.257
177.544,594.701,405.073,663.608,717.707,762.237,595.609
407.363,638.918,256.068,611.917,378.313,533.809,507.817
302.762,474.750,238.439,812.332,299.456,216.687,435.879
524.146,683.888,450.134,439.579,471.525,621.523,185.920
181.294,796.558,326.264,463.760,853.637,528.640,822.474
395.947,346.882,485.238,415.441,732.814,586.561,542.133
252.898,340.546,348.465,684.085,622.044,513.413,707.326
603.808,394.554,375.099,586.178,251.645,589.375,379.575
754.167,664.388,380.077,589.072,518.653,317.466,190.408
368.824,660.999,367.763,375.060,593.486,552.282,584.075
394.099,860.920,466.473,472.535,491.984,476.184,513.161
727.040,227.228,547.890,419.712,404.967,296.424,495.104
480.000,543.703,674.023,711.605,655.925,149.119,341.900
841.430,421.558,806.879,181.049,397.341,722.270,692.553
334.936,516.186,881.982,531.148,254.808,314.987,483.645
389.501,435.531,700.992,738.627,469.403,941.031,278.361
803.534,463.494,616.867,265.010,597.119,325.761,481.791
448.278,485.020,515.429,519.474,287.529,595.767,629.328
535.927,359.973,502.281,704.136,307.289,643.548,534.549
719.231,303.548,573.309,637.995,753.751,611.201,508.740
673.485,545.554,576.306,592.003,589.804,865.380,293.004
187.503,315.172,575.419,112.508,389.332,467.441,539.743
440.476,745.418,548.344,280.402,780.837,456.558,640.971
572.982,368.866,593.555,700.483,695.234,491.741,919.328
179.148,259.433,605.428,505.525,482.782,618.796,666.443
456.022,336.214,578.708,740.735,468.703,713.273,446.293
540.899,381.687,522.207,679.642,412.013,676.250,428.158
666.166,151.700,584.585,484.139,796.805,349.278,31.250
704.938,402.123,681.011,383.179,470.856,288.149,538.006
1071.910,345.601,592.248,281.107,701.884,667.301,724.917
471.800,344.359,577.798,132.247,510.936,330.534,368.457
393.622,577.130,647.473,459.374,615.556,219.955,365.980
535.003,433.043,655.318,644.764,545.436,752.536,203.188
676.480,344.138,550.478,670.917,216.561,441.133,437.107
728.367,570.268,680.767,691.695,72.735,643.014,723.838
451.471,202.285,675.260,596.310,701.060,425.715,396.474
765.094,736.025,564.006,442.242,641.637,813.888,238.288
875.617,578.690,605.688,495.779,595.499,449.033,240.996
402.873,1085.677,518.695,867.609,590.426,250.204,368.404
361.959,682.417,518.263,468.362,707.971,456.700,703.858
89.853,927.646,559.178,582.627,686.504,557.438,696.342
434.997,660.062,528.528,836.340,787.230,613.998,469.133
585.712,591.328,533.117,620.719,356.988,655.782,759.033
616.354,31.250,534.066,372.098,829.184,325.903,208.217
795.850,551.753,489.865,834.953,350.983,415.527,604.552
621.437,163.780,424.483,244.610,540.990,611.787,238.732
411.611,272.283,377.823,476.419,783.549,471.158,857.004
525.438,542.514,359.956,593.283,593.693,711.380,445.049
650.846,278.293,399.293,572.066,647.908,558.661,31.250
810.262,233.238,380.080,700.738,454.990,527.788,648.811
266.256,511.577,431.839,580.382,489.884,779.810,565.951
403.607,46.313,433.795,394.285,713.665,587.462,666.792
253.202,383.982,434.126,422.222,538.672,587.413,632.693
536.767,692.829,569.735,403.009,536.355,381.195,419.801
357.945,741.760,642.983,197.697,666.838,521.671,182.276
778.934,634.221,564.655,497.230,243.700,31.250,238.110
417.066,527.136,554.387,738.377,521.057,830.074,625.482
241.248,191.639,607.956,500.310,231.900,718.460,446.154
672.348,529.444,560.836,488.045,940.154,536.222,420.556
640.391,632.673,535.835,604.914,250.312,587.291,412.302
337.485,574.435,570.348,826.724,389.589,663.608,410.344
404.586,182.934,630.623,281.585,307.203,611.917,537.194
573.871,543.075,463.628,464.227,619.363,812.332,434.051
750.592,74.901,482.882,1044.958,473.712,439.579,387.343
547.956,718.822,461.493,705.832,737.925,463.760,669.658
333.439,496.218,487.428,367.826,497.790,415.441,225.757
575.685,486.010,364.601,607.998,620.264,684.085,558.894
556.624,339.214,357.354,480.922,841.577,586.178,323.187
548.372,582.339,345.839,444.005,492.584,589.072,350.592
415.105,252.644,478.292,557.357,660.977,576.492,562.518
414.045,682.192,518.720,850.495,366.431,397.601,355.085
301.733,31.250,602.500,683.680,754.951,255.496,494.027
258.348,564.802,564.225,776.665,475.595,563.741,461.697
769.607,368.596,598.871,675.671,327.139,535.039,379.382
746.664,531.412,569.415,555.896,618.077,525.446,479.232
559.385,302.772,557.479,459.662,243.644,336.193,437.467
702.617,717.910,520.135,557.303,422.302,555.488,45.402
467.588,318.637,406.333,573.439,546.658,602.972,127.772
429.163,525.415,407.672,295.645,421.047,656.008,484.644
578.828,421.989,475.132,196.746,215.501,410.056,209.529
686.902,473.564,607.535,472.997,586.536,373.831,609.437
471.415,397.687,667.557,391.445,587.601,683.399,422.058
286.278,809.859,608.868,508.779,511.240,148.311,959.959
597.568,372.233,524.209,311.024,333.416,551.630,488.825
943.583,590.613,434.576,347.105,630.676,443.082,791.206
309.489,931.538,327.818,791.390,282.785,694.323,406.323
293.269,584.694,285.251,166.397,275.379,494.111,303.285
292.450,327.303,227.351,710.857,651.874,405.158,168.060
420.933,644.668,347.633,603.148,342.356,300.913,340.135
786.285,646.036,192.195,495.595,569.886,289.655,608.723
457.932,628.046,176.825,640.406,636.961,357.641,409.503
916.056,698.524,31.250,141.941,291.669,699.035,31.250
1090.079,426.318,147.211,587.051,720.177,705.803,304.793
896.676,669.802,107.003,340.114,430.847,425.179,440.495
219.682,468.352,168.314,447.608,489.418,417.100,582.845
540.561,511.080,94.007,275.376,603.681,504.682,582.524
817.665,457.523,49.639,423.464,500.602,516.813,559.561
199.114,655.723,72.538,580.304,227.279,411.376,616.555
95.610,190.754,31.250,521.947,582.733,496.486,820.032
452.750,341.386,72.499,540.957,411.579,286.422,401.150
400.088,394.092,98.193,282.190,610.239,224.227,427.362
550.554,407.011,342.821,88.818,897.736,670.841,575.720
493.862,493.366,326.859,292.927,529.657,674.312,609.959
636.014,167.994,315.623,317.848,524.855,197.806,440.073
423.445,372.089,420.175,401.835,689.878,537.551,708.486
389.876,498.443,509.164,832.957,543.950,454.686,620.674
726.565,455.321,521.899,316.333,31.250,716.835,486.070
648.308,348.102,551.677,313.973,660.402,796.274,805.944
761.558,317.411,605.123,428.859,317.618,729.373,385.816
500.827,645.805,720.939,536.137,574.553,462.918,431.008
421.077,598.375,703.063,424.867,470.535,165.218,182.857
280.818,481.328,727.099,724.496,548.978,739.525,438.706
493.758,426.279,696.670,798.106,473.468,451.458,552.597
566.603,421.693,730.674,701.127,818.378,666.388,472.421
483.646,466.753,787.671,535.221,737.266,486.172,533.529
470.767,657.636,731.210,316.193,799.917,132.538,459.673
822.778,399.467,571.820,682.374,537.319,309.172,482.280
742.847,747.798,577.742,252.783,524.673,637.348,404.807
539.143,420.406,490.367,285.974,712.795,783.327,285.163
667.300,162.307,470.887,597.524,158.998,436.683,533.818
305.575,793.468,366.685,408.054,626.568,76.975,443.805
456.170,221.535,327.541,348.714,563.009,773.495,239.252
442.505,680.321,320.779,596.035,467.539,463.290,180.506
1034.716,277.095,378.244,343.690,712.313,580.352,597.316
758.781,279.424,475.809,380.959,766.494,362.313,484.120
820.863,381.069,351.884,316.465,160.889,680.954,362.787
97.437,463.654,421.918,220.576,720.083,781.107,716.271
721.933,294.326,427.848,446.261,711.565,503.235,731.566
473.055,229.605,383.471,490.870,414.986,437.768,589.912
305.398,615.715,710.569,730.163,506.148,538.379,770.845
496.664,434.955,790.388,307.022,534.725,234.936,543.249
484.727,193.110,799.420,480.399,174.418,505.423,413.345
547.656,441.799,659.375,584.901,460.190,742.530,698.610
454.296,313.857,661.192,482.655,389.068,518.725,770.313
318.750,125.982,817.768,873.045,768.874,487.130,275.926
570.584,381.670,716.588,599.041,519.950,697.234,492.792
497.339,558.507,762.618,206.656,548.575,493.161,665.122
240.384,436.708,727.947,391.451,549.467,527.824,353.421
398.452,548.426,698.082,592.583,308.460,429.814,204.804
309.970,423.701,616.146,449.214,284.382,180.549,467.136
471.622,137.605,619.209,725.989,897.212,521.960,573.472
425.892,670.709,611.364,355.595,429.811,481.030,504.166
718.372,928.107,599.876,506.431,805.485,171.401,495.362
269.101,502.466,527.007,130.739,331.190,494.366,432.189
662.337,429.215,528.230,689.197,502.340,642.365,348.598
648.110,642.059,474.040,591.878,630.367,818.942,386.000
646.552,877.432,494.289,404.002,621.562,255.077,588.796
494.778,533.072,473.128,578.473,570.552,555.088,608.122
301.169,609.199,480.922,171.402,535.346,618.560,473.288
413.835,692.372,407.273,477.091,444.891,549.801,691.814
386.997,491.930,455.425,582.053,433.640,767.656,420.769
478.975,272.191,432.282,635.239,203.197,99.810,587.962
331.836,762.230,505.004,672.493,517.653,503.034,630.922
543.765,595.147,512.510,141.621,703.444,356.129,376.807
758.171,150.186,571.404,376.410,419.520,748.334,397.858
640.075,796.810,511.308,548.409,539.864,504.017,354.679
577.927,710.387,467.372,431.941,678.158,556.009,526.348
393.251,528.181,495.555,263.536,658.301,378.488,531.175
689.043,360.687,379.334,810.309,745.458,690.390,427.632
427.206,432.745,336.049,245.200,550.567,405.094,302.066
762.024,534.287,301.025,607.254,364.815,319.757,295.169
374.210,464.357,349.385,224.251,447.740,441.382,339.241
586.123,396.711,341.071,551.036,726.859,660.076,708.339
715.257,998.432,337.292,450.935,674.967,422.593,384.229
160.515,255.530,408.284,310.274,766.363,189.838,400.022
272.356,560.835,413.793,766.477,458.880,417.779,408.733
724.485,312.482,378.256,555.595,107.137,139.119,587.903
153.375,401.565,407.240,509.312,745.574,676.199,383.020
539.808,208.731,393.873,689.236,435.418,308.451,695.036
435.681,422.387,380.713,422.165,722.610,627.952,740.631
572.680,391.357,389.527,237.516,394.334,519.573,529.626
518.639,104.545,446.447,286.615,329.506,433.497,548.890
562.464,460.901,577.534,813.406,174.168,583.284,230.169
222.606,757.288,573.796,742.555,848.802,313.326,398.269
850.216,466.551,550.681,165.094,857.403,435.249,602.181
538.660,587.554,531.837,427.488,313.792,522.637,652.036
387.403,503.708,579.581,459.583,513.723,465.628,123.850
222.659,815.589,549.952,615.440,629.836,663.491,688.198
460.201,516.224,535.283,451.136,828.702,389.805,130.348
816.087,361.447,527.373,181.635,279.760,117.356,482.212
69.307,505.750,471.780,617.713,557.497,468.568,587.534
522.269,316.136,387.758,437.645,413.524,373.116,497.699
905.931,657.893,327.090,425.615,636.424,63.748,577.804
122.377,375.709,231.632,729.861,778.630,617.251,785.426
512.710,309.339,118.953,635.444,393.235,323.303,731.347
320.789,339.637,103.126,690.935,750.766,681.691,244.928
589.711,557.326,59.194,363.209,444.224,539.595,278.064
368.047,566.109,61.191,795.335,472.732,516.256,186.483
587.736,554.394,65.673,406.790,635.405,740.547,355.560
587.444,432.902,375.374,505.768,506.286,596.057,383.919
634.488,445.598,393.149,604.604,436.776,372.227,870.115
440.523,481.320,348.583,411.694,255.981,534.124,291.406
668.306,358.914,412.160,257.169,214.936,450.469,429.560
402.740,494.936,300.082,358.135,499.837,437.116,445.126
750.443,633.370,306.690,596.203,453.412,412.075,962.665
772.979,315.956,291.431,251.916,448.206,1023.324,711.025
541.704,748.208,350.298,602.440,295.142,727.094,266.491
348.975,502.895,228.125,767.866,447.874,356.437,415.607
705.857,259.616,290.288,572.837,428.432,386.713,819.919
553.414,439.831,364.928,592.917,380.921,262.371,575.096
311.455,666.141,401.025,418.007,482.344,436.912,718.028
610.397,703.052,267.209,536.289,888.795,363.366,366.979
690.173,346.440,280.025,122.998,406.419,606.835,646.261
370.122,539.186,298.236,192.059,878.224,228.143,492.675
593.654,615.670,423.516,561.223,303.327,623.102,388.414
295.786,511.268,307.445,803.353,529.602,216.572,640.144
461.984,657.665,354.191,432.367,430.367,371.100,433.334
443.181,661.678,441.714,340.848,568.493,583.899,657.125
674.358,203.924,303.462,582.924,712.520,709.193,455.140
462.070,572.112,392.255,294.139,536.329,195.061,654.014
488.016,725.362,311.823,492.926,514.278,462.097,627.160
794.407,440.693,253.487,119.343,609.083,111.996,387.472
441.347,767.265,291.321,886.866,580.376,411.584,357.064
454.138,477.334,400.547,31.250,497.094,743.545,488.113
594.493,454.667,368.115,222.604,489.042,752.353,335.565
557.803,406.481,243.771,338.454,558.141,756.040,564.434
201.338,287.513,235.912,771.139,618.166,709.494,625.856
246.437,384.827,257.615,780.648,379.051,522.726,513.262
409.937,311.305,380.733,705.629,739.943,330.036,609.772
206.614,455.711,375.798,311.066,377.666,682.884,529.011
635.276,419.937,421.356,759.986,319.541,480.856,268.632
719.582,418.935,438.533,315.339,540.808,580.128,570.267
496.116,552.398,361.205,651.604,270.677,446.725,707.695
408.979,194.572,394.476,508.620,340.318,180.003,574.738
732.522,458.691,359.084,276.023,336.127,643.776,431.101
638.034,31.250,331.715,675.493,71.583,627.429,486.078
840.494,478.069,322.850,617.754,753.814,422.273,930.435
305.024,78.664,335.664,240.220,301.196,726.151,642.607
430.931,307.890,443.782,712.183,656.112,264.588,216.905
291.598,157.925,493.740,591.021,572.384,346.594,518.467
234.380,761.152,537.929,670.385,545.505,599.974,669.287
853.578,534.464,655.896,560.539,365.784,699.713,601.791
732.437,616.373,656.615,493.397,318.593,370.027,389.079
335.835,824.596,614.831,592.932,444.843,512.210,536.335
793.045,234.191,511.928,710.513,284.510,560.044,501.308
408.819,687.652,624.532,485.248,724.744,630.015,241.773
546.856,214.559,639.015,387.730,153.562,31.250,663.763
447.426,257.072,669.927,502.775,607.578,319.584,290.467
164.446,606.577,581.147,413.288,457.765,718.146,630.546
235.901,742.562,620.967,301.804,201.642,456.437,424.383
625.063,206.944,575.877,464.708,539.654,224.879,512.630
344.018,285.006,544.333,592.216,621.257,529.672,692.463
465.691,485.960,539.160,796.067,538.962,809.782,708.474
341.647,331.738,616.979,476.789,491.800,268.260,266.689
690.969,518.394,570.397,437.742,390.228,588.966,808.599
516.378,552.349,503.360,429.759,31.250,571.837,804.777
408.123,597.244,614.910,402.089,493.364,259.221,395.481
653.269,306.084,608.008,573.999,568.530,500.036,545.420
537.716,510.120,523.339,441.527,523.103,333.993,662.061
656.473,356.932,690.946,589.857,439.638,352.394,540.141
447.160,213.039,799.456,476.158,230.082,550.865,563.593
512.781,561.600,805.537,353.064,671.016,529.982,376.801
365.933,711.575,749.860,287.884,600.101,482.346,672.153
647.856,624.831,690.335,719.883,662.099,755.737,683.348
659.744,191.419,655.117,447.334,645.434,641.202,328.895
555.233,279.455,641.426,463.747,620.194,531.158,519.740
153.966,363.554,549.189,468.616,448.919,632.626,661.911
419.784,374.693,685.325,300.778,172.489,205.018,605.608
300.902,603.512,731.763,826.459,407.091,602.761,440.965
571.187,506.452,912.099,564.941,536.628,548.592,677.044
539.312,825.506,907.216,516.458,208.478,539.413,532.143
263.890,715.860,762.513,386.805,538.696,232.757,354.310
751.523,237.108,709.082,31.250,526.272,848.462,472.709
376.791,413.890,644.970,459.470,460.924,298.920,500.368
346.160,572.962,557.843,634.597,505.255,325.117,326.475
1031.837,566.656,480.640,485.879,541.392,442.772,551.847
617.029,259.834,526.455,646.157,290.186,535.003,463.542
663.442,340.398,599.301,756.299,514.010,126.953,373.602
614.827,310.061,667.262,837.395,162.626,519.539,766.165
502.373,387.646,595.988,620.347,501.246,791.486,527.942
484.833,460.492,609.790,338.822,411.307,629.652,915.861
735.615,573.831,668.873,949.932,546.376,720.107,388.855
494.329,1003.283,597.907,561.974,596.836,735.807,480.576
416.444,109.449,639.656,530.503,552.244,601.080,898.187
908.955,424.974,642.552,226.586,811.184,395.565,411.218
641.037,762.704,716.648,346.387,149.846,588.537,150.858
566.622,473.593,653.834,266.362,653.755,881.708,741.818
455.918,661.783,550.362,166.160,640.892,183.548,358.954
251.607,460.177,453.170,448.306,562.287,593.457,661.463
403.819,506.358,424.776,334.884,470.437,443.307,269.058
600.363,907.826,483.793,532.949,424.785,690.469,537.203
468.905,424.374,509.554,466.111,768.121,492.329,106.600
750.505,562.780,295.907,618.566,384.448,603.848,548.809
680.161,203.362,295.934,597.400,566.922,330.273,455.663
216.582,731.777,122.495,211.613,275.607,432.121,405.758
485.712,431.479,113.914,136.809,702.599,509.013,31.250
484.589,414.690,165.386,477.573,604.892,770.825,375.791
509.353,452.350,264.046,592.441,317.403,689.192,182.833
404.369,223.805,314.115,790.123,452.758,427.812,591.984
52.800,571.991,329.805,526.737,312.046,803.183,685.781
525.537,350.452,341.240,374.271,726.912,412.495,345.176
383.589,594.338,537.555,487.251,492.322,627.975,338.338
263.893,200.170,580.154,450.914,368.068,267.521,497.206
485.481,693.363,551.848,696.968,448.039,690.834,242.388
277.238,481.205,554.419,534.073,827.806,544.396,481.823
456.900,583.321,588.301,540.439,546.671,448.964,607.744
382.734,987.956,684.877,555.517,421.732,670.044,206.580
394.321,545.204,687.272,522.252,382.804,852.591,602.823
600.852,250.628,786.046,433.239,258.195,358.887,579.422
523.225,377.015,801.072,842.735,495.257,799.460,620.910
769.681,237.234,870.971,366.964,595.609,267.573,645.499
303.111,256.681,895.561,609.743,507.817,571.668,638.050
683.903,456.135,874.766,163.330,435.879,531.020,537.265
340.228,418.955,1043.952,404.421,185.920,169.561,682.514
668.141,519.621,987.294,784.406,822.474,31.250,554.877
627.737,505.765,902.848,181.063,542.133,492.542,390.034
602.935,512.756,721.703,270.534,707.326,482.223,658.869
351.995,381.597,592.158,450.036,379.575,711.487,780.312
423.929,320.123,645.630,553.021,190.408,528.254,562.472
608.953,675.892,394.937,447.487,509.805,466.386,325.671
785.902,444.563,242.520,546.854,437.677,500.665,660.147
495.267,395.843,305.592,531.325,478.931,703.276,250.936
395.394,370.609,185.140,613.525,31.250,486.560,510.162
72.742,855.992,221.928,372.368,593.229,243.085,416.093
571.759,473.302,316.921,153.363,402.560,584.370,516.787
796.358,270.217,240.939,413.596,507.475,684.915,468.484
325.083,665.629,223.401,860.411,1166.284,678.866,344.603
525.329,54.773,135.758,207.375,601.467,301.996,547.407
931.924,198.045,203.432,758.840,457.405,553.753,215.761
299.509,349.122,297.390,472.596,765.661,466.202,165.324
447.876,70.063,354.549,588.926,249.391,561.525,342.778
537.351,604.512,312.766,532.174,676.587,895.094,403.326
356.696,494.467,424.897,534.993,184.556,515.209,578.482
600.517,438.327,590.617,443.653,386.044,666.695,570.344
657.384,637.193,548.195,333.880,208.894,497.069,463.314
136.757,607.096,519.724,770.373,705.292,436.569,743.154
378.531,511.218,474.159,148.989,872.202,599.858,650.110
261.536,732.900,663.283,525.689,551.338,524.020,488.225
704.681,660.781,687.659,441.212,381.630,615.649,852.406
401.579,466.031,596.875,561.460,685.256,307.263,649.359
352.129,761.944,544.541,602.723,402.582,567.712,345.739
689.890,782.946,604.269,618.443,405.057,585.366,528.085
510.517,583.143,629.798,685.359,369.530,164.171,753.919
750.968,233.721,620.076,463.110,884.355,315.617,322.904
885.931,577.633,465.873,542.737,686.363,699.577,452.286
679.900,595.679,596.840,413.417,610.230,618.763,561.492
708.941,337.668,648.829,465.100,435.175,615.870,529.101
680.922,565.704,766.192,527.222,318.070,927.628,800.121
596.633,279.411,792.686,594.729,415.538,256.318,812.357
224.396,394.714,835.876,586.466,473.769,375.178,604.968
222.595,500.792,855.394,511.632,521.989,481.768,686.695
761.143,721.802,705.605,412.479,180.712,552.142,584.879
342.543,631.495,709.497,178.858,271.385,514.791,527.057
317.919,588.353,736.777,311.893,272.658,661.295,597.626
873.561,725.683,689.058,555.461,388.901,621.067,437.379
498.399,191.804,637.207,356.815,383.662,312.126,595.426
409.393,475.871,656.331,415.646,768.682,151.926,577.074
448.897,527.529,682.008,384.082,535.001,576.730,509.956
187.417,515.399,690.213,880.129,522.792,467.686,83.468
479.443,390.654,719.660,666.642,617.718,395.688,359.894
601.926,418.497,850.910,549.036,484.079,737.835,508.180
290.070,217.358,820.966,765.855,480.976,730.024,435.076
316.149,31.250,767.333,490.907,494.370,493.779,523.728
220.833,202.599,825.023,734.806,641.301,359.872,438.621
571.415,620.643,733.900,332.900,439.515,480.566,276.595
494.136,143.493,626.547,578.073,643.447,473.516,717.002
864.026,407.797,673.807,566.940,361.211,614.131,267.664
440.230,682.707,671.298,728.059,556.000,419.284,543.213
971.207,683.089,682.218,644.777,982.149,380.601,508.975
429.231,122.166,760.108,750.366,659.231,692.695,548.890
699.064,482.814,777.990,756.324,758.638,383.235,907.146
406.620,585.833,845.343,420.564,356.148,273.658,532.660
333.563,104.132,889.175,441.041,924.183,463.180,698.828
507.831,278.270,803.166,1084.704,770.061,104.038,409.494
608.244,370.551,640.976,380.645,345.691,545.050,245.127
607.017,399.868,654.107,524.259,368.867,373.261,555.578
562.903,654.003,575.327,569.966,410.492,399.016,653.000
405.975,726.288,507.911,488.540,288.382,326.252,270.915
502.773,785.698,588.174,441.047,692.723,189.958,386.475
378.655,784.196,390.793,443.827,490.558,433.950,604.882
520.439,824.029,346.483,844.848,754.461,560.114,185.282
799.808,610.334,375.637,492.851,495.289,302.354,650.137
528.449,539.468,424.475,305.869,808.445,876.014,537.852
568.439,679.015,407.320,474.855,498.411,395.831,801.711
801.886,522.019,492.713,779.020,543.456,576.588,296.745
389.274,570.271,358.987,441.284,417.107,1154.576,622.779
312.885,299.613,378.199,387.330,522.210,631.830,614.483
606.599,442.981,293.037,692.676,484.974,610.392,464.649
618.345,111.085,222.963,372.011,588.905,508.644,587.414
447.170,351.693,288.293,603.939,428.576,543.008,528.472
31.250,435.926,326.401,441.992,331.448,490.577,855.980
471.078,410.752,413.402,579.748,508.943,456.849,863.086
534.982,829.504,426.000,534.415,549.936,384.100,800.380
544.592,496.613,413.749,556.702,31.250,269.435,394.383
433.422,763.220,294.067,332.296,389.246,595.232,763.522
626.266,413.071,314.393,386.736,506.565,316.410,146.737
478.103,555.414,262.687,506.426,475.912,621.650,468.054
233.621,413.874,329.883,226.410,637.195,589.885,480.951
567.571,380.869,306.974,574.388,535.449,678.001,493.607
556.676,380.175,364.029,633.727,731.461,303.223,487.990
601.850,554.858,362.597,574.803,567.074,586.241,548.424
704.627,866.156,230.574,470.199,382.717,516.057,623.132
550.844,555.070,238.072,477.155,458.812,332.130,520.334
348.289,480.904,350.106,410.589,820.224,326.811,458.297
510.994,623.712,380.534,224.834,459.514,557.965,522.329
460.544,767.651,404.894,429.469,552.126,584.833,515.655
330.917,410.581,427.252,540.524,494.061,460.058,388.311
252.654,538.341,324.085,563.424,737.973,427.064,365.601
311.485,540.173,397.588,751.557,523.965,173.945,656.875
172.784,220.480,287.268,258.706,303.867,710.016,391.371
536.989,625.756,377.641,268.004,728.679,463.087,570.008
664.272,499.126,301.940,749.617,762.723,355.356,616.778
430.623,459.796,265.146,742.138,576.863,365.727,609.473
272.261,621.644,243.358,547.614,680.693,408.751,479.350
789.610,463.354,203.389,519.418,900.635,283.380,360.417
613.286,393.915,206.434,480.625,581.183,525.914,600.171
321.220,549.898,188.337,463.585,340.432,503.196,407.827
679.273,322.178,133.984,700.135,307.093,480.862,627.482
429.606,728.282,107.790,466.480,576.501,1051.492,291.424
365.488,739.044,125.618,608.196,398.528,578.823,821.926
627.090,686.970,203.541,286.483,684.854,738.299,356.575
666.350,438.201,298.482,380.509,630.920,654.715,832.436
612.447,589.742,363.563,141.554,436.847,558.755,432.557
260.397,714.717,301.237,239.235,301.321,531.646,420.789
667.044,450.689,263.172,646.557,796.346,488.952,743.419
706.653,643.205,257.197,587.668,1036.102,526.816,339.041
720.887,705.078,277.982,428.285,612.791,367.735,540.847
708.099,725.897,179.093,674.982,421.194,328.825,542.247
663.747,736.633,138.479,441.931,381.855,431.214,306.344
540.729,479.080,128.976,415.980,399.808,383.433,301.093
401.018,387.623,204.799,632.022,299.861,208.018,800.453
502.041,873.185,196.029,228.997,648.036,344.682,779.869
456.502,694.207,228.353,661.980,333.896,493.574,989.483
164.585,548.787,368.835,770.346,395.146,345.803,589.936
315.773,511.960,326.729,227.954,371.228,553.662,533.692
921.030,345.428,487.411,989.135,574.880,605.353,182.085
268.641,618.219,524.992,544.406,402.527,256.992,477.362
261.190,575.960,579.808,671.196,464.382,632.150,506.651
353.317,478.718,654.599,748.198,242.784,640.170,166.807
277.722,557.096,574.748,213.180,259.880,656.473,283.833
808.042,395.865,499.223,473.209,505.984,447.160,536.003
567.200,300.182,477.236,689.386,563.477,512.781,798.096
459.896,580.011,401.419,709.120,257.405,365.933,547.700
31.250,257.259,398.830,298.040,498.983,647.856,97.792
618.014,569.548,439.156,444.150,202.635,659.744,570.277
438.663,87.894,494.535,618.338,534.445,555.233,528.593
472.988,376.740,557.642,414.701,499.814,153.966,367.293
286.370,598.901,564.324,282.892,1055.219,419.784,289.667
261.840,491.827,527.061,522.415,154.465,300.902,278.471
420.407,571.960,512.219,473.037,872.732,571.187,129.617
567.273,324.824,580.417,478.930,586.919,539.312,433.960
308.137,459.037,627.374,437.790,677.059,263.890,711.867
876.501,821.365,584.255,733.271,369.104,751.523,601.908
248.432,668.885,560.512,373.585,221.171,376.791,522.896
196.304,622.352,502.807,612.514,772.257,346.160,542.200
275.723,385.318,525.009,633.149,478.745,1031.837,221.865
764.856,635.275,475.570,368.805,768.076,617.029,163.247
569.719,391.762,352.783,555.485,646.816,663.442,605.166
247.087,90.853,259.440,357.423,178.058,614.827,411.116
286.136,397.885,409.419,446.516,392.987,502.373,655.449
624.318,450.718,364.872,265.481,532.103,484.833,334.000
640.942,415.789,533.406,455.552,696.767,735.615,503.882
661.462,400.393,527.792,625.114,31.250,494.329,626.661
780.793,352.955,589.099,354.976,183.312,416.444,553.095
498.821,512.358,655.706,561.760,599.886,908.955,223.045
517.341,299.192,559.527,599.214,605.582,641.037,105.553
493.386,592.576,583.780,601.655,884.728,566.622,330.963
373.149,432.376,545.008,393.283,493.242,455.918,728.550
354.402,453.280,557.582,429.788,482.438,251.607,230.417
650.545,425.386,523.324,519.759,383.099,403.819,702.582
606.415,145.321,458.456,479.610,413.744,600.363,500.973
547.164,594.536,459.985,565.938,585.025,468.905,659.376
653.327,285.927,368.827,671.323,626.807,750.505,400.140
518.457,538.194,201.423,676.712,642.983,680.161,673.246
501.606,374.219,248.716,725.115,346.567,216.582,376.985
216.334,392.773,365.559,487.147,557.489,485.712,664.082
890.260,380.210,314.679,557.819,640.300,484.589,285.384
529.295,668.672,498.479,597.581,492.829,509.353,269.110
596.667,843.527,626.038,564.026,627.118,404.369,612.082
553.597,581.571,716.309,309.701,709.589,52.800,256.483
324.135,548.004,569.815,495.398,734.143,525.537,638.155
329.093,429.382,649.400,659.002,282.696,383.589,482.037
381.920,571.162,693.040,621.658,522.729,263.893,587.015
269.373,356.570,675.785,235.253,329.030,485.481,299.069
423.819,687.223,783.589,834.946,368.062,277.238,477.261
838.776,655.229,799.055,565.283,478.756,456.900,517.571
644.481,485.386,826.213,571.975,551.439,382.734,835.942
568.349,626.229,797.525,427.007,681.560,394.321,401.615
745.892,221.773,642.386,672.430,370.989,600.852,703.923
458.403,826.136,669.540,262.402,802.223,523.225,462.344
428.075,379.742,602.992,209.184,279.522,769.681,612.161
624.230,297.324,687.927,629.304,706.714,303.111,916.172
360.429,675.814,790.345,441.872,468.362,683.903,527.746
831.053,485.536,714.782,75.104,574.424,340.228,570.715
644.775,384.270,669.058,605.790,434.216,668.141,519.432
612.008,320.756,735.010,633.026,676.800,627.737,417.891
168.255,749.181,719.144,400.999,581.254,602.935,430.632
456.308,407.324,795.039,472.315,536.933,351.995,427.955
368.028,393.291,725.045,481.501,333.880,423.929,79.846
540.141,447.487,471.246,615.715,887.394,900.338,727.324
563.593,546.854,537.006,434.955,516.109,688.432,674.219
376.801,531.325,440.344,193.110,635.791,629.657,793.421
672.153,613.525,614.634,441.799,579.600,469.057,402.404
683.348,372.368,707.657,313.857,610.645,504.437,375.895
328.895,153.363,704.100,125.982,701.002,165.165,467.991
519.740,413.596,477.656,381.670,277.177,652.511,556.729
661.911,860.411,482.400,558.507,706.047,528.520,430.095
605.608,207.375,540.405,436.708,439.560,565.405,508.099
440.965,758.840,565.540,548.426,685.998,35.801,471.003
677.044,472.596,510.438,423.701,540.134,922.801,486.408
532.143,588.926,663.781,137.605,489.521,627.522,383.064
354.310,532.174,705.447,670.709,382.253,456.432,257.651
472.709,534.993,670.039,928.107,428.621,566.101,587.623
500.368,443.653,819.178,502.466,345.427,346.720,477.134
326.475,333.880,821.804,429.215,359.204,746.407,402.568
551.847,770.373,806.031,642.059,601.742,327.526,375.520
463.542,148.989,809.075,877.432,518.275,437.160,391.120
373.602,525.689,875.078,533.072,618.166,571.209,202.607
766.165,441.212,866.416,609.199,319.713,282.279,650.394
527.942,561.460,851.377,692.372,896.809,695.803,1001.513
915.861,602.723,840.059,491.930,370.630,279.731,245.712
388.855,618.443,955.700,272.191,600.774,461.388,264.378
480.576,685.359,922.120,762.230,477.686,217.014,405.982
898.187,463.110,782.086,595.147,593.995,669.008,460.301
411.218,542.737,698.652,150.186,184.334,400.454,770.456
150.858,413.417,643.882,796.810,547.077,718.668,444.650
741.818,465.100,713.912,710.387,469.900,362.675,378.617
358.954,527.222,785.117,528.181,303.517,457.740,169.575
661.463,594.729,734.768,360.687,357.750,476.019,721.707
269.058,586.466,714.425,432.745,422.252,551.059,430.362
537.203,511.632,673.266,534.287,596.116,540.022,824.627
106.600,412.479,548.531,464.357,485.235,745.039,598.603
548.809,178.858,460.137,396.711,826.069,462.736,345.705
455.663,311.893,363.353,998.432,535.412,503.986,710.586
405.758,555.461,396.086,255.530,259.252,840.714,162.829
31.250,356.815,466.191,560.835,512.776,379.302,668.227
375.791,415.646,457.957,312.482,343.510,338.411,366.498
182.833,384.082,424.513,401.565,962.853,453.062,82.713
591.984,880.129,483.652,208.731,650.409,789.538,362.282
685.781,666.642,413.846,422.387,272.681,499.446,744.602
345.176,549.036,269.211,391.357,801.056,362.089,857.986
338.338,765.855,283.640,104.545,504.645,728.174,597.892
497.206,490.907,327.165,460.901,495.329,275.310,279.971
242.388,734.806,259.267,757.288,591.581,436.386,538.349
481.823,332.900,170.559,466.551,669.211,831.936,390.052
607.744,578.073,145.580,587.554,410.671,600.744,599.358
206.580,566.940,69.239,503.708,704.772,528.321,704.945
602.823,728.059,83.077,815.589,623.286,525.827,564.810
579.422,644.777,97.483,516.224,543.149,535.685,402.486
620.910,750.366,143.165,361.447,384.734,374.907,479.306
645.499,756.324,242.420,505.750,540.547,428.825,558.373
638.050,420.564,262.554,316.136,297.574,857.910,474.670
537.265,441.041,325.726,657.893,448.874,511.771,221.144
682.514,1084.704,374.302,375.709,451.233,469.488,448.978
554.877,380.645,261.278,309.339,770.924,733.702,530.666
390.034,524.259,263.323,339.637,343.025,445.123,482.481
658.869,569.966,200.453,557.326,682.307,435.225,395.509
780.312,488.540,136.174,566.109,560.351,521.339,579.441
562.472,441.047,172.169,554.394,514.911,776.060,634.994
168.951,566.598,859.286,241.495,325.671,400.581,467.978
458.381,667.552,860.400,791.275,660.147,400.274,696.424
356.383,527.202,780.433,377.841,250.936,319.609,593.992
409.800,148.456,850.747,490.992,510.162,148.427,212.317
417.819,609.096,776.461,401.538,416.093,458.931,403.329
664.191,359.482,781.450,367.565,516.787,751.043,582.618
302.368,690.238,732.189,442.659,468.484,360.853,521.653
413.331,449.102,621.460,846.731,344.603,448.328,370.615
562.209,189.440,703.864,607.601,547.407,357.836,232.771
277.684,295.989,684.300,631.153,215.761,769.476,492.988
614.196,497.375,773.157,713.769,165.324,1111.057,181.764
691.750,432.290,822.443,445.286,342.778,441.783,648.188
562.735,540.538,745.633,453.199,403.326,768.052,651.677
186.673,457.280,665.056,342.892,578.482,358.622,376.568
477.929,582.181,482.573,381.672,570.344,719.779,489.096
326.941,497.815,529.364,385.246,463.314,612.956,453.253
385.717,561.952,514.811,801.994,743.154,363.720,276.547
407.509,428.012,604.094,817.680,650.110,374.769,686.082
536.550,488.595,598.224,468.780,488.225,469.419,554.093
444.543,232.478,709.831,382.171,852.406,382.166,436.060
519.939,458.005,686.073,385.776,649.359,509.137,595.013
503.718,554.796,700.338,607.323,345.739,618.271,700.469
515.196,309.403,704.274,172.010,528.085,720.417,752.364
619.592,771.379,754.504,588.602,753.919,674.962,529.756
696.695,501.864,757.828,519.685,322.904,426.072,284.627
405.080,225.685,578.456,430.227,452.286,614.163,763.125
711.080,251.514,385.932,632.888,561.492,595.237,520.781
652.878,444.813,489.350,503.402,529.101,334.795,610.022
744.118,649.686,465.257,514.387,800.121,529.192,543.158
586.264,301.703,442.909,533.174,812.357,417.520,700.270
473.296,512.253,382.397,496.888,604.968,631.814,510.212
749.088,232.334,295.315,353.088,686.695,791.373,494.698
315.817,654.697,256.797,467.406,584.879,229.749,460.756
534.787,418.219,259.452,1066.724,527.057,504.737,696.045
150.941,535.727,320.315,274.924,597.626,570.229,415.082
378.918,661.120,389.562,531.649,437.379,465.892,556.181
520.480,286.641,490.508,683.577,595.426,551.609,607.376
282.458,213.097,445.539,245.867,577.074,552.494,685.804
550.319,91.857,445.304,373.550,509.956,193.130,725.529
803.323,116.751,545.570,369.727,83.468,633.205,318.258
76.028,1049.880,529.833,525.686,359.894,614.739,350.917
393.727,566.795,454.422,369.008,508.180,555.257,366.704
378.562,696.320,426.334,215.659,435.076,484.010,656.060
385.340,396.267,438.555,560.543,523.728,382.673,333.240
423.703,417.517,281.314,597.175,438.621,515.938,395.106
210.340,390.127,434.370,330.383,276.595,246.656,676.386
716.537,607.491,486.449,332.307,717.002,427.154,420.987
533.469,278.822,615.799,279.798,267.664,248.437,980.545
451.931,477.963,581.050,337.734,543.213,751.187,729.705
841.402,563.472,574.239,310.292,508.975,668.153,571.959
661.721,520.160,526.281,421.496,548.890,510.251,647.059
351.620,367.507,562.518,399.380,907.146,310.356,600.867
709.385,270.436,675.182,719.645,532.660,497.119,622.866
249.677,171.974,793.391,451.599,698.828,179.656,417.287
519.655,367.427,752.344,811.502,409.494,563.580,663.128
559.268,601.230,688.769,605.919,245.127,354.013,547.742
591.453,431.642,584.792,594.549,555.578,643.336,295.407
664.040,427.013,662.714,688.683,653.000,97.402,261.749
646.208,429.090,653.724,356.681,270.915,689.362,402.267
668.216,508.937,632.915,649.011,386.475,371.053,325.522
390.952,509.231,552.213,276.615,604.061,615.715,597.799
665.616,321.605,620.051,240.405,711.960,434.955,544.855
697.870,621.296,612.758,690.785,313.876,193.110,487.824
555.704,188.386,494.688,595.100,681.253,441.799,547.234
492.159,655.576,594.780,156.490,435.732,313.857,456.370
269.370,349.366,498.443,644.380,494.458,125.982,342.780
508.020,491.418,287.160,625.005,531.528,381.670,603.645
210.209,296.694,307.368,395.746,765.177,558.507,627.203
433.136,178.541,262.234,558.367,512.833,436.708,491.465
286.967,151.735,482.901,228.140,478.137,548.426,406.534
711.173,521.386,462.153,476.257,731.577,423.701,451.630
385.771,367.031,456.233,440.747,214.925,137.605,415.179
437.468,762.636,464.149,700.815,290.873,670.709,736.407
378.537,405.396,463.853,285.820,634.002,928.107,591.913
640.753,194.283,541.913,325.361,218.005,502.466,267.161
293.951,732.179,482.309,435.621,408.524,429.215,431.389
735.052,523.974,470.253,829.655,492.632,642.059,721.328
211.385,291.763,499.807,365.012,164.549,877.432,153.674
299.279,287.191,555.925,406.071,230.328,533.072,516.559
417.427,246.873,464.985,448.264,461.384,609.199,134.540
356.921,899.029,255.388,455.375,116.305,692.372,317.502
498.418,523.307,208.864,380.470,345.246,491.930,163.132
326.383,716.733,279.527,672.821,655.061,272.191,79.299
231.021,396.551,367.781,248.752,453.953,762.230,616.863
359.186,762.801,302.717,564.322,863.379,595.147,202.752
632.275,561.262,325.945,231.487,520.610,150.186,541.488
448.663,297.088,188.515,447.595,627.111,796.810,512.655
969.242,293.438,151.468,460.183,365.559,710.387,487.466
383.497,562.456,213.962,570.191,370.189,528.181,520.189
345.126,855.168,227.660,647.496,360.290,360.687,598.843
138.078,718.163,329.189,184.408,592.124,432.745,668.194
267.600,300.022,413.278,444.105,568.585,534.287,636.643
277.066,708.473,236.292,258.676,324.650,464.357,275.523
464.926,556.316,251.388,715.280,610.488,396.711,698.068
755.364,414.259,460.012,727.583,684.281,998.432,169.217
458.007,214.852,543.979,469.263,497.030,255.530,290.648
147.897,851.895,508.823,604.362,345.255,560.835,743.291
557.259,645.008,464.075,336.002,551.292,312.482,692.721
622.175,562.203,397.177,1062.808,294.471,401.565,697.677
355.953,545.619,578.118,473.454,689.100,208.731,623.005
523.380,620.607,463.741,399.937,603.641,422.387,301.206
799.483,198.864,447.234,270.739,376.777,391.357,573.643
704.169,634.278,621.898,533.270,537.432,104.545,618.398
410.178,576.388,411.002,373.215,545.232,460.901,552.247
314.506,505.543,343.546,235.383,767.389,757.288,748.901
706.200,492.897,281.633,181.329,473.921,466.551,507.320
415.229,414.654,310.624,488.046,380.681,587.554,555.223
978.089,397.042,359.908,607.869,256.038,503.708,49.335
407.361,308.905,189.327,649.753,410.269,815.589,433.276
533.358,392.510,202.055,808.055,86.452,516.224,535.728
318.775,559.201,220.090,696.701,783.710,361.447,189.253
180.498,583.061,196.291,654.180,623.886,505.750,590.651
450.502,714.242,188.317,529.380,260.341,316.136,637.970
444.535,72.911,176.504,653.461,481.647,657.893,463.287
1034.369,416.704,230.270,941.829,561.769,375.709,393.841
435.445,467.788,190.457,167.422,460.847,309.339,443.042
726.353,190.125,278.006,415.357,619.094,339.637,1051.902
731.305,647.328,262.991,286.189,252.655,557.326,683.080
558.339,423.041,172.356,489.357,488.988,566.109,474.520
244.940,199.647,266.936,668.747,326.434,554.394,527.416
439.638,309.125,669.991,479.874,675.892,678.330,365.821
230.082,651.618,742.816,303.456,444.563,238.393,278.527
671.016,547.117,747.739,517.816,395.843,735.415,42.619
600.101,388.479,762.355,382.331,370.609,257.693,623.740
662.099,586.910,743.401,566.630,855.992,67.302,413.708
645.434,533.993,760.775,792.455,473.302,589.045,248.056
620.194,321.525,708.102,696.205,270.217,697.897,391.324
448.919,471.362,477.931,375.397,665.629,279.180,720.579
172.489,529.606,428.741,569.494,54.773,808.222,505.403
407.091,381.078,381.802,437.200,198.045,416.270,411.598
536.628,252.924,360.875,655.339,349.122,409.689,436.331
208.478,688.996,230.394,521.097,70.063,392.517,121.634
538.696,647.142,237.399,846.923,604.512,386.167,530.912
526.272,428.830,331.817,676.773,494.467,523.971,1121.203
460.924,888.022,229.812,496.642,438.327,667.830,757.290
505.255,584.340,197.690,691.575,637.193,499.945,164.667
541.392,103.264,191.462,503.630,607.096,484.812,377.622
290.186,387.108,214.393,266.722,511.218,462.060,94.739
514.010,382.656,134.638,474.567,732.900,425.751,476.696
162.626,354.767,299.938,268.001,660.781,523.963,384.783
501.246,292.125,223.921,380.159,466.031,329.803,548.462
411.307,766.714,179.526,802.111,761.944,692.418,641.902
546.376,544.485,207.346,432.409,782.946,162.078,427.070
596.836,631.420,178.055,352.155,583.143,339.637,269.085
552.244,232.173,199.982,356.607,233.721,545.067,249.053
811.184,585.030,295.410,308.851,577.633,557.035,602.699
149.846,796.508,334.758,524.936,595.679,368.546,338.226
653.755,814.941,306.298,479.448,337.668,731.990,798.829
640.892,380.412,371.753,310.094,565.704,373.839,441.897
562.287,538.243,319.944,550.709,279.411,581.782,494.323
470.437,439.814,291.369,408.367,394.714,657.100,376.774
424.785,354.268,299.940,669.139,500.792,453.992,778.518
768.121,487.761,397.555,301.579,721.802,521.749,512.998
384.448,520.551,378.668,516.875,631.495,205.234,286.726
566.922,301.205,307.055,481.936,588.353,666.863,478.481
275.607,352.162,388.831,678.665,725.683,512.828,286.586
702.599,592.507,423.755,761.187,191.804,659.853,207.878
604.892,593.695,462.290,539.512,475.871,316.565,321.957
317.403,747.578,418.530,539.343,527.529,751.835,484.159
452.758,443.883,332.343,554.806,515.399,472.282,421.142
312.046,494.852,420.845,429.854,390.654,612.264,385.222
726.912,489.304,501.914,296.941,418.497,824.656,546.677
492.322,305.841,517.893,667.612,217.358,622.510,692.727
368.068,401.352,650.525,336.446,31.250,538.842,598.280
448.039,597.298,583.143,171.890,202.599,603.703,511.090
827.806,551.307,527.549,347.455,620.643,63.860,561.390
546.671,934.358,528.104,687.387,143.493,370.333,565.434
421.732,445.192,592.482,198.603,407.797,718.871,582.743
382.804,723.334,553.786,481.630,682.707,635.256,608.628
258.195,756.351,539.655,671.674,683.089,779.736,500.794
495.257,777.385,538.662,290.212,122.166,429.932,539.957
595.609,779.909,522.729,496.409,482.814,284.969,454.295
507.817,600.255,543.048,397.354,585.833,449.341,280.191
435.879,791.400,629.496,365.117,104.132,489.752,229.802
185.920,477.465,650.424,651.513,278.270,606.649,520.655
822.474,199.844,756.824,827.240,370.551,254.217,285.997
542.133,921.601,787.993,466.077,399.868,817.907,49.576
707.326,693.914,694.132,416.285,654.003,893.031,582.795
379.575,300.461,747.707,343.792,726.288,550.931,681.039
190.408,424.099,749.835,449.527,785.698,31.250,585.646
241.495,770.845,562.209,433.950,31.250,409.960,390.952
791.275,543.249,589.026,560.114,431.723,485.061,665.616
377.841,413.345,830.535,302.354,359.926,831.935,697.870
490.992,698.610,766.988,876.014,349.790,572.070,555.704
401.538,770.313,586.178,395.831,425.072,31.250,492.159
367.565,275.926,442.137,576.588,514.491,699.263,269.370
442.659,492.792,476.802,1154.576,177.477,408.229,508.020
846.731,665.122,357.819,631.830,716.032,625.792,210.209
607.601,353.421,422.889,610.392,629.148,632.729,433.136
631.153,204.804,314.856,508.644,590.999,443.110,286.967
713.769,467.136,331.918,543.008,37.718,867.019,711.173
445.286,573.472,606.976,490.577,547.002,425.513,385.771
453.199,504.166,704.854,456.849,328.590,319.856,437.468
342.892,495.362,759.749,384.100,386.335,402.915,378.537
381.672,432.189,678.595,269.435,263.835,602.289,640.753
385.246,348.598,607.562,595.232,647.624,709.906,293.951
801.994,386.000,608.830,316.410,527.328,338.814,735.052
817.680,588.796,483.163,621.650,310.884,388.331,211.385
468.780,608.122,461.224,589.885,266.828,772.478,299.279
382.171,473.288,363.740,678.001,449.339,616.421,417.427
385.776,691.814,386.896,303.223,786.782,333.255,356.921
607.323,420.769,340.235,586.241,444.360,524.691,498.418
172.010,587.962,428.577,516.057,584.320,554.023,326.383
588.602,630.922,499.064,332.130,641.377,675.785,231.021
519.685,376.807,575.196,326.811,566.417,575.728,359.186
430.227,397.858,472.373,557.965,421.120,360.970,632.275
632.888,354.679,548.939,584.833,505.796,440.530,448.663
503.402,526.348,557.940,460.058,504.955,364.306,969.242
514.387,531.175,659.807,427.064,631.522,654.784,383.497
533.174,427.632,614.823,173.945,745.741,665.794,345.126
496.888,302.066,664.005,710.016,207.173,291.637,138.078
353.088,295.169,624.906,463.087,705.015,700.497,267.600
467.406,339.241,804.214,355.356,329.290,438.015,277.066
1066.724,708.339,909.721,365.727,420.508,430.491,464.926
274.924,384.229,831.423,408.751,476.649,632.871,755.364
531.649,400.022,864.666,283.380,493.725,515.490,458.007
683.577,408.733,863.918,525.914,725.027,256.355,147.897
245.867,587.903,767.881,503.196,451.951,722.339,557.259
373.550,383.020,563.918,480.862,118.252,430.200,622.175
369.727,695.036,598.321,1051.492,719.779,503.674,355.953
525.686,740.631,495.420,578.823,90.561,826.301,523.380
369.008,529.626,436.319,738.299,419.681,545.611,799.483
215.659,548.890,295.648,654.715,560.675,471.519,704.169
560.543,230.169,287.926,558.755,344.127,562.384,410.178
597.175,398.269,257.238,531.646,519.444,510.990,314.506
330.383,602.181,272.487,488.952,635.807,692.645,706.200
332.307,652.036,192.448,526.816,635.325,574.581,415.229
279.798,123.850,408.412,367.735,406.298,710.563,978.089
337.734,688.198,501.576,328.825,503.825,712.432,407.361
310.292,130.348,411.857,431.214,744.153,532.541,533.358
421.496,482.212,399.950,383.433,602.044,901.392,318.775
399.380,587.534,595.149,208.018,639.648,317.765,180.498
719.645,497.699,639.206,344.682,616.121,606.744,450.502
451.599,577.804,681.903,493.574,503.218,741.484,444.535
811.502,785.426,746.473,345.803,316.617,361.834,1034.369
605.919,731.347,616.143,553.662,507.934,303.326,435.445
594.549,244.928,596.058,605.353,736.378,722.621,726.353
688.683,278.064,822.664,256.992,299.198,401.331,731.305
356.681,186.483,746.669,632.150,306.263,741.838,558.339
649.011,355.560,737.053,640.170,544.020,676.512,244.940
685.850,68.859,500.215,300.939,562.518,685.850,396.935
125.681,633.796,415.176,752.566,355.085,125.681,729.442
761.488,373.133,464.872,509.255,494.027,761.488,390.738
279.136,711.444,481.037,692.214,461.697,279.136,833.603
641.705,144.553,389.089,523.446,379.382,641.705,876.231
347.418,670.180,503.629,726.487,479.232,347.418,688.846
574.404,96.055,493.445,234.678,437.467,574.404,684.196
250.588,618.100,607.692,783.920,45.402,250.588,736.833
670.481,502.553,577.835,673.015,127.772,670.481,345.555
685.530,468.534,710.538,358.002,484.644,685.530,434.852
594.387,484.730,695.222,340.209,209.529,594.387,440.622
614.991,379.734,749.956,653.052,609.437,614.991,974.429
310.809,671.040,738.875,479.037,422.058,310.809,575.725
464.510,344.829,668.688,412.258,959.959,464.510,362.621
437.697,520.071,655.750,307.821,488.825,437.697,806.718
644.564,404.574,751.006,241.610,791.206,644.564,330.681
130.456,532.946,566.559,619.371,406.323,130.456,501.021
228.304,412.105,629.767,765.886,303.285,228.304,637.992
473.986,316.043,625.499,392.280,168.060,473.986,323.618
561.159,744.145,686.882,474.318,340.135,561.159,540.484
375.938,317.286,853.509,736.256,608.723,375.938,402.515
312.467,540.062,826.719,635.122,409.503,312.467,561.097
767.877,703.000,778.071,481.184,31.250,767.877,903.422
443.650,429.565,915.946,854.065,304.793,443.650,352.369
614.728,453.168,840.821,324.209,440.495,614.728,497.011
371.328,425.319,731.233,395.761,582.845,371.328,98.038
268.498,402.244,593.245,422.551,582.524,268.498,516.319
296.587,786.484,600.729,767.613,559.561,296.587,208.140
426.054,139.924,557.209,228.447,616.555,426.054,467.050
380.213,625.232,558.212,387.837,820.032,380.213,384.824
276.124,864.857,591.841,622.628,401.150,276.124,458.775
653.831,281.135,561.925,300.685,427.362,653.831,557.930
581.189,662.192,519.516,302.516,575.720,581.189,649.031
245.423,562.777,548.953,371.534,609.959,245.423,273.498
363.971,685.653,595.122,603.077,440.073,363.971,550.535
472.552,384.850,643.149,452.329,708.486,472.552,656.947
145.681,792.336,597.351,164.509,620.674,145.681,450.407
456.479,543.234,603.334,658.935,486.070,456.479,629.867
466.787,471.881,667.575,845.894,805.944,466.787,651.707
399.732,762.830,809.610,378.650,385.816,399.732,776.103
766.872,755.952,816.213,723.167,431.008,766.872,732.451
604.951,322.826,794.679,696.767,182.857,604.951,684.036
408.092,569.305,936.525,693.134,438.706,408.092,714.885
602.940,633.623,778.578,274.028,552.597,602.940,495.334
349.744,689.152,725.615,208.811,472.421,349.744,448.952
548.767,341.906,758.907,744.957,533.529,548.767,529.517
650.847,786.961,759.773,771.114,459.673,650.847,542.102
280.333,782.331,684.730,200.500,482.280,280.333,268.852
474.309,693.995,665.559,241.654,404.807,474.309,509.984
753.131,489.464,530.861,398.168,285.163,753.131,518.617
491.920,435.588,539.160,635.885,533.818,491.920,530.503
430.902,575.468,606.659,520.544,443.805,430.902,433.211
508.099,240.294,685.703,812.667,239.252,508.099,469.808
427.962,132.401,698.218,930.040,180.506,427.962,474.848
240.383,535.739,725.521,631.535,597.316,240.383,574.309
273.869,763.333,776.422,658.117,484.120,273.869,361.814
295.850,276.007,663.670,344.998,362.787,295.850,327.219
543.344,325.486,722.092,565.130,716.271,543.344,734.085
532.626,303.683,720.611,714.356,731.566,532.626,761.838
428.741,594.381,546.767,789.442,589.912,428.741,437.558
604.061,645.384,436.129,413.344,647.825,835.419,415.105
711.960,309.200,384.777,386.256,672.559,683.432,414.045
313.876,93.879,420.527,679.823,148.178,171.460,301.733
681.253,302.671,485.215,247.773,716.518,528.038,258.348
435.732,589.483,588.626,355.682,551.095,216.830,769.607
494.458,789.596,678.110,496.371,387.491,362.810,746.664
531.528,322.076,691.294,259.515,708.057,417.867,559.385
765.177,449.939,557.895,535.232,715.720,463.921,702.617
512.833,770.249,497.278,340.052,524.920,618.352,467.588
478.137,704.526,433.859,579.059,819.232,584.795,429.163
731.577,450.559,405.287,803.176,487.432,421.590,578.828
214.925,478.274,326.445,245.269,411.034,403.210,686.902
290.873,445.858,351.407,593.188,535.997,515.778,471.415
634.002,601.126,172.642,518.424,223.348,510.669,286.278
218.005,267.493,195.773,647.768,749.551,377.072,597.568
408.524,542.615,217.015,762.060,249.642,621.983,943.583
492.632,492.492,258.309,507.545,689.786,407.195,309.489
164.549,892.813,325.660,313.079,589.331,511.630,293.269
230.328,307.729,401.692,697.998,529.106,537.624,292.450
461.384,503.367,410.807,388.176,583.409,445.354,420.933
116.305,389.278,346.893,426.008,439.558,546.767,786.285
345.246,470.751,601.166,311.948,373.833,684.242,457.932
655.061,544.551,619.791,608.953,389.312,728.857,916.056
453.953,648.576,749.131,327.917,506.989,31.250,1090.079
863.379,657.724,778.831,498.445,379.676,425.235,896.676
520.610,203.279,591.954,729.040,543.638,272.679,219.682
627.111,381.221,560.399,292.603,331.356,666.541,540.561
365.559,326.024,521.740,225.746,694.986,418.020,817.665
370.189,334.824,589.328,415.205,634.392,745.740,199.114
360.290,650.244,570.769,457.019,316.704,362.541,95.610
592.124,841.417,521.777,724.509,626.188,239.217,452.750
568.585,146.573,649.809,447.987,353.124,383.292,400.088
324.650,543.582,570.643,217.144,810.383,561.508,550.554
610.488,496.823,555.688,361.685,402.372,427.425,493.862
684.281,441.566,557.217,479.485,305.814,605.528,636.014
497.030,669.236,497.920,349.814,306.662,447.513,423.445
345.255,569.497,625.295,467.563,299.912,827.637,389.876
551.292,376.323,852.974,545.037,502.711,513.863,726.565
294.471,811.355,651.671,507.452,424.634,707.749,648.308
689.100,817.518,622.696,145.378,858.483,641.029,761.558
603.641,508.154,738.004,542.725,681.765,31.250,500.827
376.777,736.690,696.097,870.285,311.846,412.881,421.077
537.432,545.967,728.578,457.524,356.544,312.498,280.818
545.232,516.073,639.034,255.214,651.504,697.234,493.758
767.389,515.549,625.400,530.232,435.401,637.618,566.603
473.921,310.130,645.717,782.147,371.907,541.354,483.646
380.681,378.081,645.929,795.118,340.303,670.684,470.767
256.038,473.990,568.846,550.375,129.093,271.714,822.778
410.269,87.099,530.350,558.750,887.790,715.974,742.847
86.452,478.585,513.043,489.099,164.141,312.058,539.143
783.710,406.745,567.111,241.344,115.399,226.136,667.300
623.886,234.690,634.943,206.247,552.588,717.707,305.575
260.341,312.364,675.421,807.701,446.998,378.313,456.170
481.647,360.096,632.990,590.917,504.697,299.456,442.505
561.769,456.233,668.458,709.812,353.131,471.525,1034.716
460.847,545.424,611.451,566.986,917.292,853.637,758.781
619.094,573.625,659.470,460.747,168.583,732.814,820.863
252.655,590.390,594.939,444.004,408.507,622.044,97.437
488.988,413.118,627.464,719.294,796.751,251.645,721.933
326.434,222.917,597.180,428.856,680.234,518.653,473.055
575.475,283.833,660.982,490.558,513.994,443.131,329.814
485.266,536.003,844.878,754.461,604.039,606.038,581.057
541.645,798.096,874.929,495.289,311.839,547.790,636.463
546.421,547.700,777.387,808.445,675.457,176.892,946.804
276.101,97.792,657.099,498.411,586.701,421.796,546.314
448.718,570.277,786.516,543.456,445.738,802.766,632.208
393.516,528.593,711.060,417.107,809.319,341.317,672.764
353.589,367.293,551.420,522.210,450.407,284.425,329.584
390.936,289.667,577.104,484.974,608.464,648.496,383.037
679.310,278.471,612.464,588.905,501.896,157.847,323.496
483.223,129.617,671.256,428.576,357.424,502.965,313.172
649.908,433.960,587.127,331.448,325.810,522.610,537.464
709.389,711.867,483.525,508.943,449.797,510.264,504.742
285.064,601.908,488.941,549.936,142.552,719.350,646.558
612.120,522.896,547.382,31.250,233.773,492.738,560.215
568.623,542.200,536.817,389.246,559.589,838.553,672.200
856.356,221.865,572.986,506.565,610.787,664.861,674.772
725.942,163.247,704.801,475.912,642.725,777.751,674.482
616.820,605.166,816.117,637.195,346.546,258.922,612.529
458.986,411.116,660.178,535.449,807.794,755.725,498.002
425.679,655.449,670.728,731.461,371.738,605.075,680.279
393.582,334.000,696.228,567.074,559.306,713.615,467.141
231.784,503.882,533.470,382.717,836.191,341.929,820.216
180.950,626.661,512.414,458.812,124.236,363.828,693.913
796.794,553.095,607.929,820.224,360.650,371.854,772.103
446.158,223.045,607.972,459.514,550.793,651.414,592.066
532.439,105.553,528.683,552.126,731.969,395.554,427.943
397.466,330.963,494.149,494.061,350.441,467.581,440.350
541.534,728.550,473.821,737.973,516.460,206.031,376.621
623.582,230.417,322.629,523.965,592.255,369.386,687.484
437.176,702.582,401.443,303.867,745.283,526.809,697.330
672.476,500.973,315.911,728.679,505.767,429.617,739.612
220.164,659.376,338.223,762.723,412.198,594.512,487.007
567.745,400.140,369.597,576.863,456.521,503.486,259.480
592.974,673.246,421.612,680.693,466.813,816.073,556.449
360.035,376.985,336.340,900.635,472.822,382.886,350.442
591.312,664.082,358.156,581.183,271.808,224.322,559.327
405.686,285.384,373.970,340.432,291.514,561.006,312.144
405.579,269.110,354.572,307.093,635.755,541.232,409.471
562.876,612.082,346.492,576.501,542.508,387.101,720.573
502.889,256.483,437.908,398.528,290.200,607.897,658.608
547.469,638.155,333.133,684.854,757.412,763.314,352.286
377.566,482.037,339.220,630.920,322.611,330.658,523.240
441.215,587.015,296.632,436.847,337.481,588.542,486.891
540.834,299.069,372.656,301.321,475.206,566.171,736.100
788.733,477.261,268.004,796.346,768.104,607.816,720.767
543.548,517.571,353.608,1036.102,545.701,708.500,459.837
449.109,835.942,492.529,612.791,721.499,796.571,490.857
446.735,401.615,629.162,421.194,710.311,909.316,452.692
312.126,703.923,585.448,381.855,607.706,556.106,301.964
73.090,462.344,459.951,399.808,430.059,133.848,511.489
640.727,612.161,426.329,299.861,542.186,549.411,248.447
438.834,916.172,261.062,648.036,201.975,396.368,634.360
463.783,527.746,356.625,333.896,483.551,342.948,384.971
500.653,570.715,578.393,395.146,891.787,624.962,433.170
166.217,519.432,484.695,371.228,775.731,1061.685,509.355
544.407,417.891,560.088,574.880,853.226,848.889,497.200
273.915,430.632,576.131,402.527,462.591,368.349,418.844
399.396,427.955,630.498,464.382,519.009,916.973,434.503
428.969,79.846,801.605,242.784,76.034,674.697,718.412
318.282,518.050,471.376,128.253,374.926,667.110,576.492
562.746,773.535,507.137,987.950,408.608,589.547,397.601
495.940,508.596,533.594,596.726,796.288,279.004,255.496
317.024,528.687,537.764,748.920,606.150,538.518,563.741
314.745,534.213,487.298,380.181,277.520,353.416,535.039
193.816,688.374,418.387,475.110,415.994,214.271,525.446
487.581,317.061,520.860,438.764,386.968,248.249,336.193
272.425,463.023,520.763,482.946,364.083,31.250,555.488
295.988,397.603,571.674,673.597,669.014,691.245,602.972
352.633,625.090,483.354,292.460,503.075,616.785,656.008
580.119,633.225,422.025,439.576,455.789,509.174,410.056
301.273,642.328,443.419,370.786,510.991,320.199,373.831
473.290,626.983,507.329,672.709,594.569,627.472,683.399
448.640,376.593,378.290,529.465,136.666,522.498,148.311
428.088,721.019,354.532,478.038,477.806,666.315,551.630
528.372,324.405,470.404,547.262,521.556,553.494,443.082
31.250,372.086,414.677,619.268,645.768,736.156,694.323
585.855,431.820,404.563,375.047,665.145,395.402,494.111
250.191,425.169,418.706,31.250,584.823,583.192,405.158
571.514,760.292,371.358,250.637,566.539,584.024,300.913
488.672,730.132,332.700,856.851,196.519,1043.247,289.655
523.010,689.936,405.944,605.995,503.304,428.981,357.641
470.684,531.773,445.887,564.691,526.103,887.870,699.035
545.254,656.067,503.460,673.401,267.521,542.326,705.803
692.803,583.341,522.493,486.195,386.590,318.723,425.179
340.252,584.580,516.969,585.842,342.112,368.278,417.100
720.682,692.424,510.794,542.489,523.808,381.894,504.682
419.715,288.905,577.265,407.165,701.946,527.339,516.813
547.135,421.161,696.663,468.267,396.072,358.654,411.376
795.856,292.385,773.354,468.617,596.767,395.756,496.486
700.326,393.223,892.387,375.242,353.284,672.724,286.422
650.529,368.933,786.006,475.950,479.505,505.102,224.227
387.812,288.013,713.644,547.727,353.361,558.571,670.841
572.161,414.382,761.208,423.923,197.470,740.110,674.312
416.010,501.673,756.009,422.920,533.363,725.722,197.806
254.007,419.103,821.856,665.414,472.072,175.901,537.551
605.132,378.853,748.110,471.294,346.351,569.315,454.686
345.677,498.126,746.605,614.051,217.807,518.601,716.835
491.774,520.002,827.909,312.284,510.597,637.491,796.274
412.032,821.653,731.895,419.950,418.777,558.592,729.373
38.449,483.167,590.198,525.090,648.695,276.799,462.918
497.261,381.076,627.242,651.340,366.364,174.911,165.218
396.932,207.280,694.921,235.793,634.598,434.259,739.525
766.147,604.236,599.095,469.763,473.511,415.712,451.458
551.980,613.546,565.781,538.621,335.005,462.834,666.388
509.500,403.200,451.274,371.636,329.543,400.550,486.172
714.520,353.676,501.685,630.015,709.875,116.563,132.538
477.310,479.823,480.822,149.129,581.804,527.180,309.172
701.263,602.949,474.581,650.566,461.254,498.002,637.348
410.793,524.400,438.769,815.060,322.515,497.714,783.327
557.802,556.952,378.840,695.024,460.961,629.643,436.683
457.534,132.592,487.420,392.495,519.029,582.169,76.975
571.366,520.370,374.091,430.686,192.880,521.202,773.495
425.348,408.793,442.053,346.996,383.087,448.510,463.290
743.882,165.262,454.583,573.905,449.293,809.508,580.352
230.909,493.010,529.803,764.577,557.763,524.451,362.313
545.947,31.250,553.226,400.632,348.986,813.037,680.954
411.699,418.675,535.467,583.605,357.782,405.781,781.107
416.205,701.092,617.550,585.486,200.545,591.805,503.235
537.368,337.701,607.799,334.161,684.652,486.046,437.768
259.880,587.444,363.331,375.182,341.723,286.686,537.532
505.984,634.488,338.033,754.508,445.258,201.028,649.324
563.477,440.523,307.846,692.536,756.525,712.997,775.762
257.405,668.306,282.942,814.632,120.636,444.619,576.501
498.983,402.740,272.704,780.942,762.745,402.194,469.751
202.635,750.443,353.509,399.467,693.910,213.763,921.745
534.445,772.979,368.689,392.655,810.943,365.160,788.451
499.814,541.704,405.957,773.402,586.788,100.186,921.337
1055.219,348.975,454.054,680.656,427.043,640.855,651.331
154.465,705.857,536.591,275.505,510.184,560.545,129.286
872.732,553.414,565.610,840.817,415.476,561.197,585.730
586.919,311.455,476.954,604.890,565.669,604.164,545.836
677.059,610.397,403.076,567.560,548.030,487.606,433.052
369.104,690.173,364.787,500.233,457.330,619.440,548.477
221.171,370.122,381.343,271.544,340.003,365.492,476.452
772.257,593.654,416.561,482.592,514.029,777.281,540.459
478.745,295.786,506.177,361.954,774.946,836.005,319.530
768.076,461.984,491.574,351.327,31.250,236.797,178.364
646.816,443.181,451.101,736.421,625.793,459.882,491.284
178.058,674.358,520.439,547.510,646.738,211.943,167.030
392.987,462.070,434.154,654.772,614.372,522.320,753.485
532.103,488.016,442.509,443.853,550.674,495.471,316.760
696.767,794.407,420.266,416.040,672.006,607.731,518.361
31.250,441.347,393.782,655.048,511.304,291.035,396.131
183.312,454.138,514.623,744.407,735.688,714.666,812.688
599.886,594.493,610.248,348.185,518.685,527.589,427.703
605.582,557.803,628.587,557.564,443.686,732.379,39.175
884.728,201.338,689.711,715.424,558.522,402.731,641.461
493.242,246.437,685.424,442.453,596.113,441.957,728.498
482.438,409.937,682.741,281.552,487.380,280.544,651.800
383.099,206.614,668.207,888.457,359.744,582.374,612.632
413.744,635.276,587.245,332.446,290.356,400.154,474.240
585.025,719.582,668.769,649.780,541.867,505.777,769.228
626.807,496.116,664.203,487.307,448.018,365.087,662.869
642.983,408.979,728.322,512.694,773.660,910.150,474.162
346.567,732.522,705.363,485.858,491.776,586.387,743.355
557.489,638.034,669.232,365.357,529.817,299.179,362.723
640.300,840.494,730.946,382.549,521.979,713.794,341.026
492.829,305.024,798.553,326.872,267.996,522.473,307.306
627.118,430.931,726.339,285.971,475.709,666.330,818.066
709.589,291.598,898.572,679.116,721.883,483.471,687.709
734.143,234.380,946.086,517.668,575.188,320.382,795.716
282.696,853.578,990.623,556.399,634.164,392.409,422.311
522.729,732.437,957.757,574.406,1056.063,457.054,331.262
329.030,335.835,1016.906,522.794,210.522,444.801,511.943
368.062,793.045,970.766,747.106,495.105,501.020,434.446
478.756,408.819,910.934,548.347,345.104,628.522,600.883
551.439,546.856,799.236,618.208,739.043,337.588,475.458
681.560,447.426,588.482,432.567,896.409,754.600,353.849
370.989,164.446,583.826,649.140,468.065,495.595,604.360
802.223,235.901,584.500,567.885,444.358,523.700,353.846
279.522,625.063,622.949,457.606,428.521,627.311,426.297
706.714,344.018,493.027,695.506,450.134,590.287,723.545
468.362,465.691,496.108,333.612,994.007,634.774,579.899
574.424,341.647,451.313,814.780,326.175,89.147,540.385
434.216,690.969,421.208,255.299,435.357,313.260,275.618
676.800,516.378,471.633,657.350,211.520,712.174,490.710
581.254,408.123,413.445,393.059,680.468,485.116,647.192
536.933,653.269,430.828,598.885,306.287,579.215,302.696
333.880,537.716,428.616,581.536,498.351,812.310,513.579
448.330,526.309,475.251,31.250,627.268,768.253,835.419
483.115,519.813,426.988,487.324,419.451,226.099,683.432
370.115,625.974,604.519,214.227,366.536,232.471,171.460
520.471,473.103,584.040,361.127,317.493,542.005,528.038
352.506,31.250,469.567,328.612,701.716,601.455,216.830
521.430,616.878,649.206,482.356,372.454,478.001,362.810
403.601,455.908,559.553,248.428,316.873,769.289,417.867
360.153,703.574,532.707,696.679,251.696,691.159,463.921
533.946,615.834,445.634,565.430,434.947,407.318,618.352
768.720,536.172,488.615,509.672,376.216,244.344,584.795
493.659,527.632,613.302,662.008,518.397,250.579,421.590
611.909,621.138,516.468,443.301,762.444,589.251,403.210
779.348,474.860,558.702,590.493,596.922,607.055,515.778
668.958,324.650,587.129,851.420,325.861,592.185,510.669
512.452,540.253,735.259,737.869,511.962,406.557,377.072
676.068,824.427,762.354,278.546,540.506,502.939,621.983
220.001,418.495,706.445,607.844,625.931,901.307,407.195
602.574,604.047,810.075,661.487,325.092,583.340,511.630
669.032,522.346,802.366,141.758,447.826,640.356,537.624
336.694,654.341,878.643,465.821,449.352,527.434,445.354
592.331,234.745,892.865,600.387,490.587,547.734,546.767
746.374,421.480,881.102,483.202,619.774,377.992,684.242
415.186,589.305,810.004,522.539,120.210,709.958,728.857
725.797,299.994,865.009,383.480,495.081,355.569,31.250
558.720,473.112,783.710,352.473,642.629,505.653,425.235
525.901,599.146,619.169,250.271,448.498,617.292,272.679
406.587,533.052,654.796,441.111,229.579,693.986,666.541
623.943,693.340,650.059,555.971,531.614,402.747,418.020
348.973,544.611,749.712,533.724,935.011,578.132,745.740
447.735,403.136,855.836,206.128,301.100,584.295,362.541
645.182,640.549,721.939,31.250,299.893,493.657,239.217
743.567,671.408,739.359,592.121,72.110,360.884,383.292
700.393,50.293,609.505,103.824,436.280,496.375,561.508
288.710,245.795,518.335,491.651,626.946,671.241,427.425
498.815,471.848,624.292,435.865,349.263,453.426,605.528
326.446,349.115,596.886,243.491,611.285,590.439,447.513
504.956,551.719,614.311,1085.341,520.550,496.186,827.637
458.443,346.992,522.206,609.295,736.327,179.416,513.863
743.472,477.362,457.362,592.927,558.473,435.875,707.749
463.114,677.865,425.253,449.218,944.001,768.644,641.029
633.906,477.144,614.021,520.734,289.010,275.902,31.250
658.623,697.616,468.448,575.674,468.623,464.450,412.881
484.584,623.404,551.560,528.294,556.895,399.135,312.498
413.416,193.268,555.176,326.334,574.747,284.762,697.234
114.039,711.941,782.980,636.710,688.658,284.978,637.618
341.288,459.779,890.191,483.493,301.264,593.930,541.354
520.821,507.335,713.961,338.033,224.218,448.644,670.684
516.296,519.986,735.438,493.685,357.766,657.959,271.714
651.583,346.018,725.554,308.518,672.252,568.568,715.974
543.678,443.579,645.007,781.904,525.168,772.615,312.058
563.578,43.403,545.828,541.644,419.343,406.298,226.136
727.283,457.410,682.484,474.566,437.091,553.946,717.707
789.973,273.947,638.070,668.385,699.927,634.918,378.313
489.421,493.512,436.362,586.798,771.777,435.831,299.456
278.411,300.392,329.517,798.081,775.567,250.032,471.525
458.127,500.191,304.439,650.636,620.786,464.878,853.637
647.605,259.504,311.125,787.183,731.428,757.539,732.814
443.294,346.113,137.244,180.165,401.754,276.202,622.044
333.079,402.215,159.773,633.757,214.020,584.115,251.645
515.669,557.159,31.250,433.462,227.795,484.385,518.653
396.935,687.511,559.047,395.220,532.609,609.915,160.076
729.442,576.784,716.678,507.546,611.202,273.136,287.014
390.738,480.041,673.985,31.250,237.390,685.026,148.556
833.603,452.778,575.183,640.090,253.361,392.931,382.943
876.231,784.928,562.072,655.412,653.820,539.543,330.675
688.846,899.186,534.148,555.959,294.030,530.394,565.715
684.196,464.485,538.847,231.990,658.491,554.857,104.537
736.833,302.212,529.877,448.700,454.823,534.863,715.582
345.555,513.881,480.299,353.981,543.244,683.715,618.587
434.852,977.945,424.563,577.751,597.184,498.918,717.228
440.622,208.850,349.779,382.949,255.906,597.504,458.779
974.429,426.778,392.179,665.278,346.689,629.804,342.083
575.725,397.835,400.566,529.326,600.999,415.746,607.582
362.621,152.752,568.310,336.907,643.121,458.941,459.372
806.718,444.135,636.146,499.436,174.352,353.094,1081.339
330.681,708.176,592.401,350.278,773.106,637.703,624.574
501.021,532.774,683.210,343.712,597.756,488.379,270.556
637.992,528.715,598.789,338.810,474.387,327.679,760.357
323.618,340.942,662.572,659.574,378.893,524.310,378.149
540.484,627.966,640.554,500.885,387.163,1053.815,208.057
402.515,290.428,583.193,281.607,290.601,442.613,507.354
561.097,334.683,478.662,530.827,691.278,181.652,407.214
903.422,670.242,438.932,563.015,572.390,500.238,718.296
352.369,303.307,504.684,757.260,412.445,931.788,671.231
497.011,389.789,383.356,605.440,621.254,552.151,574.135
98.038,479.568,378.685,622.788,682.472,178.886,832.891
516.319,622.243,338.048,668.321,773.829,117.442,410.529
208.140,285.122,321.449,293.611,365.461,689.632,954.665
467.050,467.274,389.093,243.713,588.487,747.047,365.271
384.824,549.773,340.334,461.454,486.850,244.675,397.462
458.775,470.670,360.243,863.928,220.190,513.946,921.562
557.930,856.232,420.535,334.509,658.550,661.856,532.335
649.031,624.359,560.060,655.588,244.854,415.721,690.367
273.498,419.819,556.714,460.851,508.190,574.046,541.900
550.535,303.245,641.532,435.089,607.367,675.774,348.421
656.947,506.641,687.067,314.656,364.454,312.595,536.741
450.407,379.060,659.577,707.725,699.505,367.034,568.998
629.867,233.489,591.377,406.233,699.835,478.876,444.609
651.707,641.548,495.257,806.472,593.268,527.629,796.673
776.103,255.654,507.576,509.031,326.996,816.214,428.689
732.451,805.496,661.567,233.901,247.984,564.918,418.747
684.036,642.447,651.152,499.142,783.059,159.564,618.255
714.885,518.928,528.354,836.090,671.375,298.555,347.559
495.334,551.775,522.394,489.745,805.091,526.497,269.245
448.952,443.246,571.639,528.706,541.839,579.027,797.056
529.517,205.718,257.124,433.224,138.799,704.375,166.580
542.102,636.583,126.256,436.076,596.650,307.658,567.616
268.852,182.083,79.801,751.240,332.265,669.519,449.043
509.984,322.183,228.796,718.742,466.627,401.581,853.512
518.617,370.644,257.148,589.250,225.322,903.243,579.864
530.503,594.324,266.046,999.400,525.442,375.329,1056.940
433.211,560.389,250.497,522.606,762.237,361.175,437.514
469.808,555.351,349.376,805.841,533.809,725.208,272.365
474.848,718.776,178.429,590.872,216.687,319.707,689.622
574.309,426.674,256.246,339.757,621.523,552.267,610.545
361.814,587.211,400.383,517.597,528.640,279.393,537.027
327.219,296.682,363.785,878.833,586.561,329.727,624.985
734.085,493.530,393.908,309.260,513.413,918.387,590.693
761.838,538.004,463.839,293.544,589.375,872.900,126.748
437.558,470.125,673.536,501.405,317.466,306.379,839.359
409.960,734.088,650.367,428.208,388.016,362.559,705.059
485.061,529.139,693.351,245.564,645.961,457.027,454.556
831.935,254.030,629.333,686.899,445.219,326.097,773.765
572.070,274.590,585.526,456.084,711.428,461.260,365.455
31.250,461.132,559.085,542.720,494.276,572.802,732.958
699.263,772.356,522.897,429.859,510.787,403.310,465.327
408.229,234.936,422.626,312.130,704.118,355.993,263.033
625.792,626.603,389.284,447.438,578.667,602.206,424.163
632.729,803.812,419.000,626.240,405.020,303.690,463.783
443.110,351.024,340.294,281.930,424.425,605.862,411.311
867.019,589.723,475.373,489.201,743.100,1001.215,730.565
425.513,626.681,458.726,557.298,588.800,301.912,182.380
319.856,705.687,343.487,214.078,774.298,532.906,856.378
402.915,480.968,448.134,598.181,632.686,606.257,289.297
602.289,180.420,485.712,160.575,435.285,147.197,183.324
709.906,414.957,400.099,700.951,453.796,453.122,409.463
338.814,645.432,366.170,488.269,797.867,818.707,434.046
388.331,669.618,324.121,662.953,588.447,337.271,673.792
772.478,437.396,259.268,433.662,846.450,289.265,467.011
616.421,607.824,198.593,251.095,524.922,693.347,270.254
333.255,640.218,309.396,559.479,284.324,656.112,540.181
524.691,736.988,339.001,375.508,318.038,531.749,720.209
554.023,510.720,349.792,626.935,691.836,344.460,744.933
675.785,248.861,258.663,387.472,454.474,308.553,445.076
575.728,359.032,348.982,635.944,386.365,588.642,638.688
360.970,143.917,302.050,264.394,497.307,506.559,159.143
440.530,354.384,273.726,647.133,96.736,284.316,419.479
364.306,448.084,163.725,670.616,516.576,251.694,31.250
654.784,195.339,200.364,357.688,483.329,638.277,464.335
665.794,534.984,181.390,550.571,277.399,748.864,520.645
291.637,585.040,224.455,562.737,616.443,640.784,255.783
700.497,478.126,195.297,691.822,591.265,138.127,704.276
438.015,347.579,251.028,515.869,516.960,427.914,576.195
430.491,681.349,345.458,679.483,553.605,510.562,512.349
632.871,1050.706,353.754,166.023,676.884,834.635,391.318
515.490,463.248,255.075,791.023,678.183,406.675,578.659
256.355,738.882,222.192,859.344,434.842,644.946,202.147
722.339,416.363,153.261,641.346,335.028,399.861,649.130
430.200,472.954,225.466,682.488,482.788,457.218,788.930
503.674,645.823,191.091,675.926,611.254,355.529,490.550
826.301,341.821,279.576,558.964,774.018,298.836,623.669
545.611,471.626,259.927,436.264,543.580,424.857,658.218
471.519,340.024,294.854,219.452,721.762,478.368,455.372
562.384,386.677,394.838,227.276,726.914,329.927,412.639
510.990,676.413,399.190,624.254,347.302,507.962,638.088
692.645,151.326,422.728,730.345,450.911,542.901,168.192
574.581,460.661,431.049,576.690,526.729,610.727,473.197
710.563,229.860,427.211,352.875,720.210,491.686,512.024
712.432,183.858,553.990,662.495,378.868,698.516,335.481
532.541,681.632,478.173,562.576,744.802,404.501,346.727
901.392,446.565,467.503,757.664,751.797,327.745,440.490
317.765,825.613,600.040,445.396,246.386,514.499,466.244
606.744,625.998,547.533,296.400,873.674,536.299,572.763
741.484,470.664,517.774,595.205,423.735,773.947,656.296
361.834,407.243,587.416,361.933,531.766,315.791,562.528
303.326,447.636,524.843,171.885,331.363,572.463,607.832
722.621,549.690,526.362,637.400,406.586,369.601,529.394
401.331,452.628,624.054,389.269,771.859,338.122,602.211
741.838,628.196,602.132,559.143,368.869,843.165,448.063
676.512,757.090,545.203,468.635,605.258,741.949,785.675
588.154,571.548,298.942,494.764,803.012,388.016,510.385
533.712,605.779,370.590,393.169,304.442,645.961,494.926
375.897,502.122,391.945,561.445,597.154,445.219,372.277
668.384,345.198,329.683,378.859,730.839,711.428,548.782
423.174,361.670,473.563,453.994,603.981,494.276,649.003
246.733,300.839,377.943,419.092,520.510,510.787,902.018
266.248,536.975,386.977,588.135,154.984,704.118,453.170
626.474,472.308,456.953,424.870,194.178,578.667,812.011
833.870,412.409,403.121,380.981,465.332,405.020,503.699
324.889,526.074,448.162,634.012,688.202,424.425,512.881
353.001,199.574,394.601,607.763,688.811,743.100,590.333
292.676,400.409,446.221,539.099,644.185,588.800,51.958
181.657,587.756,357.105,473.195,819.471,774.298,418.411
459.200,299.383,425.453,722.094,619.273,632.686,659.377
650.273,420.528,387.811,594.643,618.931,435.285,154.946
506.216,537.138,319.488,357.933,584.804,453.796,385.884
567.946,474.437,388.049,398.819,204.512,797.867,826.878
482.163,673.434,424.525,598.036,629.984,588.447,564.458
560.564,383.308,433.570,539.186,646.393,846.450,676.545
689.174,483.124,506.097,546.328,442.421,524.922,449.227
554.821,239.711,488.366,334.773,824.155,284.324,616.779
906.986,549.777,432.676,546.469,280.434,318.038,259.199
297.396,297.874,423.905,603.268,488.203,691.836,697.140
542.740,575.738,391.590,637.051,456.150,454.474,526.946
506.035,506.714,450.218,214.178,588.399,386.365,809.419
440.536,348.434,484.080,418.835,401.163,497.307,553.308
646.370,712.741,433.165,556.452,703.422,96.736,501.809
499.130,499.988,260.256,392.665,719.845,516.576,202.309
660.389,592.526,280.511,347.979,336.063,483.329,643.300
557.172,388.868,415.557,359.769,599.215,277.399,225.875
537.236,442.136,351.710,563.846,578.942,616.443,770.359
685.875,645.107,215.907,545.062,280.641,591.265,372.198
733.697,585.136,334.123,394.981,701.876,516.960,546.916
345.169,410.195,275.818,729.534,277.060,553.605,565.180
465.829,636.347,301.358,407.914,559.140,676.884,419.077
293.103,432.248,363.320,679.011,392.251,678.183,556.122
503.470,735.223,469.689,571.989,236.141,434.842,493.291
407.458,457.055,589.363,639.171,499.690,335.028,603.714
741.335,466.392,535.173,595.449,633.328,482.788,554.997
526.330,151.310,482.455,148.142,602.794,611.254,457.796
510.447,595.549,469.044,578.086,620.615,774.018,151.280
620.576,628.327,483.207,564.221,540.490,543.580,545.759
744.542,515.569,467.691,425.149,327.464,721.762,284.553
440.880,379.219,516.682,550.737,711.007,726.914,442.572
375.399,814.729,622.185,499.404,443.824,347.302,863.199
342.945,518.083,391.040,156.182,396.408,450.911,239.980
517.847,394.536,415.711,568.198,147.332,526.729,726.384
880.348,255.266,448.794,522.181,299.733,720.210,624.817
527.125,627.300,555.427,746.066,627.913,378.868,569.436
548.153,398.780,572.615,440.298,401.422,744.802,581.568
782.231,535.463,574.003,510.884,332.482,751.797,438.855
545.875,878.434,589.233,157.593,508.431,246.386,588.440
338.068,330.741,548.231,792.182,613.243,873.674,298.921
336.546,274.790,601.400,812.916,215.198,423.735,514.997
275.495,397.199,593.635,392.699,361.175,531.766,616.180
267.568,411.919,506.030,600.282,537.652,331.363,396.667
547.224,735.800,451.873,472.422,274.452,406.586,369.154
357.716,516.926,331.472,283.450,183.801,771.859,366.717
510.889,565.210,501.651,783.778,641.647,368.869,430.922
487.516,477.685,716.727,543.250,463.953,605.258,502.164
678.330,858.112,648.999,618.555,645.384,501.341,573.158
238.393,596.604,419.916,305.416,309.200,408.148,268.886
735.415,500.876,523.408,362.850,93.879,358.020,375.196
257.693,538.336,585.827,559.270,302.671,500.798,373.320
67.302,461.847,514.896,558.897,589.483,609.380,333.807
589.045,502.244,674.787,542.557,789.596,537.309,453.250
697.897,474.049,812.075,425.721,322.076,457.854,488.913
279.180,540.265,820.914,564.003,449.939,824.808,496.693
808.222,535.743,838.255,301.489,770.249,641.762,208.321
416.270,836.152,990.434,283.235,704.526,441.765,900.618
409.689,690.719,870.153,284.574,450.559,344.031,258.301
392.517,430.198,890.188,407.736,478.274,265.049,282.318
386.167,268.783,805.437,523.368,445.858,628.282,543.767
523.971,750.878,855.515,606.089,601.126,465.696,923.893
667.830,602.473,595.660,564.570,267.493,365.681,329.700
499.945,536.554,500.946,525.292,542.615,397.899,561.770
484.812,420.014,599.352,759.344,492.492,410.712,368.649
462.060,565.578,570.620,429.108,892.813,529.776,371.466
425.751,441.158,368.960,229.036,307.729,613.852,144.613
523.963,713.007,321.222,764.663,503.367,434.123,536.113
329.803,468.484,185.343,371.762,389.278,348.620,755.025
692.418,600.022,131.075,344.193,470.751,588.223,518.405
162.078,764.950,189.089,552.020,544.551,366.293,410.106
339.637,778.936,256.843,443.914,648.576,763.211,773.686
545.067,516.556,124.576,425.127,657.724,504.162,877.100
557.035,483.334,143.570,464.788,203.279,646.977,821.950
368.546,565.610,203.897,184.704,381.221,412.746,227.215
731.990,497.851,227.063,594.901,326.024,455.217,180.728
373.839,507.818,404.698,394.740,334.824,443.495,581.785
581.782,320.341,429.994,420.626,650.244,363.827,627.806
657.100,494.911,415.604,31.250,841.417,540.174,252.599
453.992,549.404,445.495,590.396,146.573,657.686,723.102
521.749,533.464,343.493,469.327,543.582,115.645,846.600
205.234,430.692,388.133,153.388,496.823,69.819,768.227
666.863,578.948,367.945,492.925,441.566,462.063,669.142
512.828,669.908,358.567,364.503,669.236,861.703,742.387
659.853,423.209,440.643,570.152,569.497,749.044,417.492
316.565,312.576,540.125,195.072,376.323,826.525,534.374
751.835,487.814,658.367,450.594,811.355,415.939,754.993
472.282,345.222,815.992,1036.653,817.518,531.201,494.390
612.264,724.079,814.211,790.602,508.154,612.863,467.296
824.656,349.065,819.713,632.074,736.690,603.577,504.175
622.510,831.258,804.262,514.848,545.967,505.883,694.416
538.842,547.451,770.293,587.617,516.073,444.799,564.663
603.703,595.849,591.970,576.802,515.549,747.623,197.917
63.860,518.063,576.445,461.136,310.130,578.493,467.612
370.333,365.787,616.025,573.511,378.081,590.694,516.255
718.871,654.715,630.885,424.643,473.990,535.793,181.362
635.256,484.769,634.627,326.809,87.099,399.399,493.720
779.736,638.624,630.578,809.719,478.585,499.733,289.466
429.932,198.517,548.959,576.333,406.745,567.254,664.825
284.969,464.901,602.592,352.345,234.690,566.223,717.562
449.341,499.874,647.207,672.403,312.364,208.246,483.051
489.752,698.032,468.771,265.964,360.096,387.880,31.250
606.649,665.253,428.091,503.454,456.233,476.289,792.674
254.217,274.605,433.146,391.542,545.424,895.610,833.051
817.907,293.479,552.894,324.287,573.625,560.083,429.401
893.031,222.309,708.766,704.778,590.390,103.427,486.045
550.931,710.048,741.022,475.195,413.118,217.821,590.830
31.250,442.246,811.828,836.469,222.917,257.285,715.481
622.299,887.394,394.507,378.655,654.608,836.057,366.556
154.679,516.109,533.291,520.439,505.572,280.641,518.476
325.815,635.791,467.305,799.808,308.940,289.729,249.919
602.562,579.600,469.063,528.449,462.079,317.138,247.028
31.250,610.645,618.091,568.439,339.906,396.401,724.244
522.111,701.002,675.589,801.886,712.985,233.873,522.458
715.858,277.177,641.420,389.274,404.369,618.117,834.323
404.339,706.047,709.031,312.885,551.174,625.390,503.885
511.251,439.560,637.388,606.599,780.059,237.423,576.486
516.616,685.998,663.804,618.345,395.582,542.891,629.974
390.994,540.134,710.439,447.170,737.393,233.610,408.108
810.871,489.521,661.646,31.250,446.299,367.088,617.137
445.790,382.253,593.796,471.078,707.138,404.278,762.577
700.390,428.621,637.123,534.982,566.664,489.216,769.634
560.147,345.427,700.280,544.592,619.578,944.820,441.794
760.928,359.204,792.248,433.422,666.478,587.683,677.791
739.286,601.742,905.945,626.266,259.418,832.240,474.843
428.329,518.275,918.157,478.103,651.128,338.336,251.677
658.220,618.166,938.762,233.621,408.318,482.089,514.251
436.590,319.713,851.217,567.571,633.137,317.873,512.080
571.329,896.809,757.866,556.676,414.438,636.572,441.374
604.441,370.630,581.004,601.850,632.071,496.824,377.413
419.742,600.774,579.959,704.627,437.271,738.523,703.828
614.092,477.686,570.894,550.844,460.167,357.396,329.236
366.644,593.995,529.385,348.289,289.594,614.720,344.522
107.721,184.334,538.455,510.994,548.994,519.017,485.849
567.787,547.077,428.969,460.544,427.656,607.299,734.607
666.714,469.900,380.924,330.917,424.043,368.680,390.288
613.781,303.517,468.160,252.654,509.952,539.254,462.190
463.577,357.750,483.494,311.485,635.542,696.355,1040.258
463.013,422.252,361.946,172.784,591.274,470.805,532.944
682.585,596.116,286.804,536.989,679.977,827.250,471.165
515.794,485.235,382.723,664.272,519.151,366.513,598.749
178.241,826.069,478.041,430.623,480.242,603.357,180.416
475.302,535.412,541.976,272.261,518.792,664.288,245.987
484.307,259.252,595.329,789.610,625.653,519.499,889.520
207.077,512.776,562.017,613.286,321.748,544.735,509.090
345.947,343.510,490.866,321.220,696.457,550.199,387.013
399.522,962.853,529.540,679.273,184.459,655.447,591.445
669.644,650.409,565.637,429.606,425.999,660.912,640.397
544.335,272.681,546.239,365.488,360.967,665.378,371.584
470.505,801.056,553.980,627.090,480.550,538.991,520.434
447.272,504.645,563.052,666.350,646.384,416.967,270.286
418.649,495.329,646.391,612.447,412.809,478.223,488.960
670.832,591.581,682.921,260.397,627.268,623.087,543.325
420.038,669.211,664.061,667.044,174.884,499.759,601.573
526.816,410.671,711.626,706.653,477.147,40.616,77.225
363.746,704.772,702.006,720.887,128.634,529.650,460.725
592.733,623.286,722.292,708.099,321.856,684.231,570.159
462.763,543.149,811.691,663.747,357.303,314.467,577.814
208.849,384.734,707.147,540.729,616.713,499.744,617.285
532.845,540.547,694.768,401.018,151.586,488.053,383.248
278.014,297.574,625.855,502.041,353.316,192.527,437.959
658.665,448.874,602.451,456.502,560.368,218.196,604.019
750.242,451.233,602.289,164.585,535.844,427.383,561.464
656.160,770.924,672.787,315.773,285.058,379.012,342.485
559.635,343.025,721.330,921.030,636.013,453.611,822.095
298.418,682.307,705.102,268.641,328.292,815.882,442.253
430.271,560.351,695.418,261.190,600.288,724.196,535.150
447.670,514.911,643.836,353.317,398.915,426.862,831.868
645.384,353.962,453.519,366.556,309.125,494.764,355.249
309.200,738.353,329.436,518.476,651.618,393.169,267.499
93.879,293.671,227.639,249.919,547.117,561.445,468.261
302.671,416.479,454.643,247.028,388.479,378.859,251.789
589.483,360.921,462.838,724.244,586.910,453.994,506.720
789.596,62.943,543.292,522.458,533.993,419.092,685.500
322.076,526.549,516.898,834.323,321.525,588.135,821.856
449.939,790.954,486.894,503.885,471.362,424.870,402.886
770.249,516.496,563.128,576.486,529.606,380.981,586.526
704.526,172.600,664.776,629.974,381.078,634.012,544.315
450.559,755.878,613.948,408.108,252.924,607.763,172.992
478.274,442.687,634.446,617.137,688.996,539.099,601.001
445.858,403.594,671.808,762.577,647.142,473.195,288.689
601.126,441.176,626.746,769.634,428.830,722.094,826.594
267.493,571.787,575.840,441.794,888.022,594.643,458.209
542.615,384.387,654.857,677.791,584.340,357.933,360.834
492.492,405.117,818.306,474.843,103.264,398.819,543.461
892.813,433.440,950.238,251.677,387.108,598.036,655.614
307.729,905.711,960.222,514.251,382.656,539.186,420.123
503.367,451.939,792.918,512.080,354.767,546.328,487.875
389.278,243.490,827.253,441.374,292.125,334.773,548.720
470.751,337.586,660.129,377.413,766.714,546.469,313.479
544.551,551.569,636.598,703.828,544.485,603.268,590.611
648.576,619.542,569.850,329.236,631.420,637.051,571.219
657.724,372.353,516.324,344.522,232.173,214.178,779.476
203.279,333.970,445.433,485.849,585.030,418.835,585.083
381.221,537.026,538.633,734.607,796.508,556.452,643.407
326.024,382.843,323.276,390.288,814.941,392.665,52.032
334.824,114.990,172.363,462.190,380.412,347.979,588.548
650.244,356.603,164.384,1040.258,538.243,359.769,796.062
841.417,921.921,332.073,532.944,439.814,563.846,705.613
146.573,727.424,379.400,471.165,354.268,545.062,231.549
543.582,686.875,315.936,598.749,487.761,394.981,586.529
496.823,551.009,584.687,180.416,520.551,729.534,643.416
441.566,363.478,472.585,245.987,301.205,407.914,456.327
669.236,214.167,556.016,889.520,352.162,679.011,642.263
569.497,377.551,522.657,509.090,592.507,571.989,530.728
376.323,516.896,479.332,387.013,593.695,639.171,597.734
811.355,547.856,525.494,591.445,747.578,595.449,409.667
817.518,360.889,444.921,640.397,443.883,148.142,528.012
508.154,752.196,438.477,371.584,494.852,578.086,525.006
736.690,557.391,456.917,520.434,489.304,564.221,222.873
545.967,483.103,629.199,270.286,305.841,425.149,481.967
516.073,310.191,668.311,488.960,401.352,550.737,226.344
515.549,698.568,525.070,543.325,597.298,499.404,498.542
310.130,477.516,668.643,601.573,551.307,156.182,642.914
378.081,259.295,560.166,77.225,934.358,568.198,280.877
473.990,526.742,580.169,460.725,445.192,522.181,836.627
87.099,309.929,693.447,570.159,723.334,746.066,576.628
478.585,548.696,678.695,577.814,756.351,440.298,214.534
406.745,562.275,844.879,617.285,777.385,510.884,682.811
234.690,388.095,838.284,383.248,779.909,157.593,185.505
312.364,723.666,866.553,437.959,600.255,792.182,528.534
360.096,282.780,943.380,604.019,791.400,812.916,446.867
456.233,721.010,869.707,561.464,477.465,392.699,933.464
545.424,500.629,805.669,342.485,199.844,600.282,105.063
573.625,507.257,882.701,822.095,921.601,472.422,607.800
590.390,600.115,823.410,442.253,693.914,283.450,740.460
413.118,265.154,860.118,535.150,300.461,783.778,491.164
222.917,641.096,883.320,831.868,424.099,543.250,418.844
701.573,573.054,458.600,517.544,587.444,601.710,858.112
629.204,472.645,573.977,362.598,634.488,478.990,596.604
356.732,290.415,578.916,69.318,440.523,315.442,500.876
251.180,502.385,541.250,296.514,668.306,386.084,538.336
592.037,558.487,467.528,506.505,402.740,574.878,461.847
443.612,329.973,494.228,294.950,750.443,577.785,502.244
699.170,524.982,566.061,385.098,772.979,644.794,474.049
823.778,624.040,562.342,556.664,541.704,526.321,540.265
121.016,494.567,644.092,520.326,348.975,393.315,535.743
607.747,579.531,643.548,634.102,705.857,437.852,836.152
394.364,487.036,443.794,638.620,553.414,273.259,690.719
742.333,416.619,475.942,101.083,311.455,272.003,430.198
31.250,461.689,521.956,639.917,610.397,531.358,268.783
137.649,716.896,429.109,794.931,690.173,265.911,750.878
454.694,463.732,389.478,252.553,370.122,429.388,602.473
565.983,938.156,487.876,645.387,593.654,561.190,536.554
585.681,440.680,423.619,210.504,295.786,385.544,420.014
316.833,338.017,334.170,404.591,461.984,549.402,565.578
773.569,797.359,469.493,706.129,443.181,210.893,441.158
81.406,849.202,558.590,34.457,674.358,31.250,713.007
622.548,593.337,548.126,261.642,462.070,278.794,468.484
400.083,337.611,364.408,31.250,488.016,468.004,600.022
445.994,463.918,381.186,914.010,794.407,212.902,764.950
823.878,480.664,611.462,394.674,441.347,660.901,778.936
332.380,245.247,506.000,350.912,454.138,803.184,516.556
504.090,496.860,448.296,672.328,594.493,651.924,483.334
349.828,400.500,541.564,977.906,557.803,888.897,565.610
525.470,363.633,531.533,497.148,201.338,675.415,497.851
168.749,508.485,438.953,669.968,246.437,371.871,507.818
731.141,246.880,496.209,594.229,409.937,376.023,320.341
579.036,725.529,387.138,533.344,206.614,573.285,494.911
713.908,563.235,606.971,397.656,635.276,487.879,549.404
567.182,603.435,592.959,271.422,719.582,485.827,533.464
491.913,263.601,673.043,922.577,496.116,761.509,430.692
543.548,622.415,724.471,227.895,408.979,672.134,578.948
356.463,326.861,737.906,339.845,732.522,539.002,669.908
366.026,639.228,762.399,634.779,638.034,575.475,423.209
281.987,495.057,822.298,573.037,840.494,515.089,312.576
549.574,650.730,775.189,834.742,305.024,361.362,487.814
316.225,729.404,701.391,446.446,430.931,392.517,345.222
310.648,695.477,662.579,440.296,291.598,731.309,724.079
671.301,362.415,615.476,453.188,234.380,560.330,349.065
612.943,514.913,819.123,533.968,853.578,414.752,831.258
715.182,528.900,762.225,540.602,732.437,656.420,547.451
522.162,375.239,652.766,446.537,335.835,329.693,595.849
512.576,154.373,642.803,407.113,793.045,572.102,518.063
496.895,612.920,603.743,576.555,408.819,562.471,365.787
352.625,322.766,698.825,632.979,546.856,642.359,654.715
645.871,379.613,622.528,406.681,447.426,427.993,484.769
790.690,966.729,706.228,458.042,164.446,835.412,638.624
389.980,462.660,525.924,278.580,235.901,574.955,198.517
252.024,177.544,527.099,145.466,625.063,538.757,464.901
958.878,407.363,635.945,595.257,344.018,565.956,499.874
307.151,302.762,665.512,262.486,465.691,174.459,698.032
567.037,524.146,485.233,413.257,341.647,377.361,665.253
531.529,181.294,480.657,467.621,690.969,537.064,274.605
518.188,395.947,427.936,604.870,516.378,919.034,293.479
568.615,252.898,288.513,453.525,408.123,355.804,222.309
293.312,603.808,314.053,297.370,653.269,414.450,710.048
505.771,754.167,346.063,317.423,537.716,765.565,442.246
388.016,604.882,227.250,597.799,229.805,701.573,730.163
645.961,185.282,121.461,544.855,361.544,629.204,307.022
445.219,650.137,32.460,487.824,367.891,356.732,480.399
711.428,537.852,31.250,547.234,390.468,251.180,584.901
494.276,801.711,31.250,456.370,382.559,592.037,482.655
510.787,296.745,62.235,342.780,587.306,443.612,873.045
704.118,622.779,31.250,603.645,472.615,699.170,599.041
578.667,614.483,210.039,627.203,306.857,823.778,206.656
405.020,464.649,219.623,491.465,181.295,121.016,391.451
424.425,587.414,332.861,406.534,582.245,607.747,592.583
743.100,528.472,415.455,451.630,543.175,394.364,449.214
588.800,855.980,558.424,415.179,666.081,742.333,725.989
774.298,863.086,562.341,736.407,728.303,31.250,355.595
632.686,800.380,535.754,591.913,407.117,137.649,506.431
435.285,394.383,463.289,267.161,234.134,454.694,130.739
453.796,763.522,350.062,431.389,407.433,565.983,689.197
797.867,146.737,263.474,721.328,764.603,585.681,591.878
588.447,468.054,218.352,153.674,199.593,316.833,404.002
846.450,480.951,238.713,516.559,530.314,773.569,578.473
524.922,493.607,368.487,134.540,654.066,81.406,171.402
284.324,487.990,202.809,317.502,503.874,622.548,477.091
318.038,548.424,413.796,163.132,442.884,400.083,582.053
691.836,623.132,417.989,79.299,387.563,445.994,635.239
454.474,520.334,358.312,616.863,625.284,823.878,672.493
386.365,458.297,365.375,202.752,400.059,332.380,141.621
497.307,522.329,267.175,541.488,388.706,504.090,376.410
96.736,515.655,332.985,512.655,479.183,349.828,548.409
516.576,388.311,329.716,487.466,507.367,525.470,431.941
483.329,365.601,315.698,520.189,234.847,168.749,263.536
277.399,656.875,408.199,598.843,534.455,731.141,810.309
616.443,391.371,500.552,668.194,264.218,579.036,245.200
591.265,570.008,358.203,636.643,283.386,713.908,607.254
516.960,616.778,347.585,275.523,298.089,567.182,224.251
553.605,609.473,431.298,698.068,549.587,491.913,551.036
676.884,479.350,316.401,169.217,347.189,543.548,450.935
678.183,360.417,603.374,290.648,183.307,356.463,310.274
434.842,600.171,539.888,743.291,546.871,366.026,766.477
335.028,407.827,549.375,692.721,343.072,281.987,555.595
482.788,627.482,489.758,697.677,518.134,549.574,509.312
611.254,291.424,522.102,623.005,605.426,316.225,689.236
774.018,821.926,520.816,301.206,354.499,310.648,422.165
543.580,356.575,718.736,573.643,679.515,671.301,237.516
721.762,832.436,736.834,618.398,257.459,612.943,286.615
726.914,432.557,730.550,552.247,443.208,715.182,813.406
347.302,420.789,755.228,748.901,689.150,522.162,742.555
450.911,743.419,804.228,507.320,737.736,512.576,165.094
526.729,339.041,654.614,555.223,509.914,496.895,427.488
720.210,540.847,526.542,49.335,344.757,352.625,459.583
378.868,542.247,557.262,433.276,464.819,645.871,615.440
744.802,306.344,542.502,535.728,678.904,790.690,451.136
751.797,301.093,572.638,189.253,389.931,389.980,181.635
246.386,800.453,537.404,590.651,499.608,252.024,617.713
873.674,779.869,520.891,637.970,438.876,958.878,437.645
423.735,989.483,248.820,463.287,355.962,307.151,425.615
531.766,589.936,330.165,393.841,561.031,567.037,729.861
331.363,533.692,288.582,443.042,680.274,531.529,635.444
406.586,182.085,442.170,1051.902,799.795,518.188,690.935
771.859,477.362,383.030,683.080,513.589,568.615,363.209
368.869,506.651,428.062,474.520,412.033,293.312,795.335
605.258,166.807,340.980,527.416,382.229,505.771,406.790
428.792,31.250,611.614,757.163,643.559,329.814,626.239
460.750,431.723,618.220,458.783,406.881,581.057,664.976
564.793,359.926,647.899,456.122,115.489,636.463,641.049
125.253,349.790,447.596,473.845,498.832,946.804,631.581
595.834,425.072,407.603,518.374,598.754,546.314,568.292
726.482,514.491,426.353,383.604,403.846,632.208,297.147
654.821,177.477,447.040,589.405,444.900,672.764,357.099
568.056,716.032,408.785,885.596,369.426,329.584,557.783
549.668,629.148,567.226,284.961,587.591,383.037,317.372
294.269,590.999,596.393,449.644,285.146,323.496,378.869
512.502,37.718,519.489,663.503,771.033,313.172,583.135
353.555,547.002,466.096,439.722,606.248,537.464,571.730
303.093,328.590,513.147,247.324,524.161,504.742,607.000
395.189,386.335,505.955,314.708,477.710,646.558,715.611
288.439,263.835,433.123,455.799,814.954,560.215,630.116
328.274,647.624,450.352,616.726,587.404,672.200,1075.972
808.453,527.328,416.311,493.817,384.675,674.772,511.926
443.290,310.884,469.038,627.659,526.622,674.482,537.504
482.493,266.828,432.611,711.594,626.956,612.529,745.271
643.324,449.339,430.072,552.257,331.899,498.002,451.904
500.793,786.782,421.809,444.640,661.653,680.279,640.961
588.564,444.360,432.948,314.756,459.389,467.141,176.226
451.290,584.320,342.433,835.977,563.939,820.216,505.869
349.640,641.377,295.276,451.647,528.202,693.913,547.327
727.594,566.417,485.994,797.199,167.128,772.103,402.048
249.268,421.120,381.983,457.185,401.742,592.066,461.117
768.320,505.796,272.841,438.733,622.193,427.943,852.722
674.102,504.955,363.696,583.231,126.695,440.350,611.023
742.505,631.522,350.553,389.410,249.542,376.621,228.669
620.105,745.741,296.217,739.686,596.555,687.484,382.609
286.760,207.173,395.852,416.400,424.168,697.330,417.498
314.908,705.015,476.635,275.095,505.753,739.612,731.892
559.687,329.290,522.462,417.367,227.467,487.007,544.901
619.709,420.508,397.291,539.346,455.529,259.480,545.327
660.639,476.649,412.141,407.566,541.146,556.449,568.389
575.411,493.725,368.936,539.263,506.495,350.442,247.018
749.886,725.027,349.397,241.072,315.319,559.327,427.036
416.114,451.951,270.333,332.165,743.471,312.144,730.363
584.279,118.252,349.043,695.448,310.026,409.471,380.530
713.349,719.779,328.419,225.115,355.588,720.573,665.527
367.679,90.561,476.778,510.804,810.290,658.608,445.970
214.061,419.681,308.156,489.450,242.477,352.286,519.456
554.736,560.675,493.476,303.039,595.275,523.240,544.315
634.663,344.127,527.196,431.148,472.623,486.891,665.149
431.118,519.444,556.947,577.014,286.578,736.100,354.006
367.972,635.807,520.452,706.114,620.265,720.767,506.596
291.821,635.325,421.472,841.644,734.303,459.837,537.228
536.250,406.298,459.767,478.049,664.903,490.857,577.785
438.801,503.825,344.663,163.755,592.321,452.692,628.484
549.723,744.153,491.649,382.644,469.047,301.964,431.306
555.141,602.044,539.229,497.922,591.760,511.489,873.915
484.199,639.648,457.402,539.509,141.676,248.447,517.893
690.492,616.121,391.976,292.163,523.364,634.360,437.750
433.512,503.218,354.209,240.197,142.231,384.971,573.795
546.034,316.617,180.781,355.125,406.612,433.170,425.549
254.046,507.934,159.294,607.556,703.627,509.355,781.609
281.754,736.378,276.115,745.156,697.901,497.200,607.388
458.453,299.198,263.877,651.192,542.553,418.844,319.281
578.015,306.263,382.811,298.312,678.138,434.503,561.834
456.915,544.020,495.174,644.519,423.643,718.412,763.874
505.768,374.926,541.773,353.962,661.670,472.200,389.180
604.604,408.608,572.985,738.353,509.124,513.890,210.749
411.694,796.288,536.953,293.671,426.812,460.111,881.249
257.169,606.150,504.729,416.479,631.676,463.169,504.269
358.135,277.520,538.215,360.921,95.216,700.333,169.615
596.203,415.994,590.907,62.943,737.116,543.470,461.286
251.916,386.968,641.375,526.549,460.645,303.118,577.147
602.440,364.083,626.173,790.954,507.818,435.671,644.075
767.866,669.014,755.368,516.496,224.164,176.942,574.895
572.837,503.075,743.364,172.600,301.916,448.277,899.632
592.917,455.789,857.516,755.878,387.362,631.660,379.941
418.007,510.991,772.594,442.687,669.719,168.652,257.736
536.289,594.569,736.059,403.594,655.794,516.877,423.927
122.998,136.666,764.025,441.176,741.877,522.353,194.476
192.059,477.806,740.539,571.787,374.524,706.932,347.681
561.223,521.556,815.957,384.387,504.458,865.840,903.539
803.353,645.768,699.408,405.117,282.046,353.398,221.261
432.367,665.145,755.067,433.440,433.338,614.810,620.650
340.848,584.823,682.066,905.711,356.209,679.677,260.338
582.924,566.539,623.221,451.939,596.979,593.201,471.009
294.139,196.519,646.692,243.490,508.785,296.041,386.711
492.926,503.304,714.989,337.586,536.594,433.073,31.250
119.343,526.103,745.214,551.569,605.873,640.704,377.706
886.866,267.521,649.287,619.542,386.485,478.155,625.144
31.250,386.590,569.272,372.353,278.251,561.743,369.914
222.604,342.112,603.128,333.970,526.578,310.706,769.679
338.454,523.808,452.095,537.026,208.718,374.551,418.089
771.139,701.946,532.374,382.843,386.471,735.943,526.371
780.648,396.072,368.506,114.990,642.188,31.250,516.764
705.629,596.767,392.131,356.603,552.258,471.845,193.550
311.066,353.284,476.446,921.921,440.670,210.881,370.515
759.986,479.505,527.793,727.424,992.736,384.221,281.045
315.339,353.361,584.891,686.875,566.297,533.436,493.969
651.604,197.470,650.746,551.009,398.724,506.438,937.082
508.620,533.363,644.593,363.478,436.685,330.215,566.086
276.023,472.072,652.010,214.167,867.499,546.308,518.359
675.493,346.351,620.355,377.551,922.921,350.403,525.764
617.754,217.807,490.034,516.896,243.709,660.799,687.191
240.220,510.597,579.344,547.856,433.233,31.250,317.422
712.183,418.777,628.195,360.889,782.706,163.204,574.308
591.021,648.695,649.800,752.196,267.389,417.582,734.724
670.385,366.364,676.971,557.391,567.719,459.757,256.912
560.539,634.598,766.385,483.103,190.804,614.694,814.579
493.397,473.511,768.438,310.191,523.352,421.201,445.571
592.932,335.005,652.562,698.568,417.731,880.472,504.305
710.513,329.543,709.690,477.516,333.017,594.653,339.104
485.248,709.875,742.631,259.295,685.676,167.772,544.997
387.730,581.804,720.625,526.742,608.935,812.939,256.033
502.775,461.254,745.867,309.929,580.910,474.093,506.944
413.288,322.515,711.113,548.696,292.757,132.096,422.977
301.804,460.961,675.300,562.275,556.257,718.716,705.998
464.708,519.029,583.660,388.095,521.825,884.975,31.250
592.216,192.880,670.177,723.666,440.278,328.453,693.298
796.067,383.087,580.450,282.780,561.814,553.900,431.392
476.789,449.293,620.350,721.010,303.115,506.517,31.250
437.742,557.763,550.434,500.629,156.229,568.719,342.983
429.759,348.986,569.360,507.257,500.961,517.228,216.359
402.089,357.782,596.011,600.115,814.306,430.641,197.836
573.999,200.545,466.395,265.154,248.594,598.282,643.994
441.527,684.652,376.089,641.096,619.670,613.911,475.397
664.722,229.805,468.960,661.670,589.857,517.544,343.895
650.747,361.544,521.637,509.124,476.158,362.598,646.019
486.898,367.891,546.215,426.812,353.064,69.318,73.744
571.749,390.468,396.255,631.676,287.884,296.514,305.191
519.347,382.559,374.905,95.216,719.883,506.505,31.250
221.060,587.306,415.395,737.116,447.334,294.950,261.433
227.714,472.615,448.154,460.645,463.747,385.098,765.327
108.265,306.857,422.673,507.818,468.616,556.664,620.122
405.046,181.295,585.288,224.164,300.778,520.326,177.660
681.256,582.245,512.642,301.916,826.459,634.102,883.628
544.218,543.175,401.360,387.362,564.941,638.620,483.329
441.456,666.081,352.621,669.719,516.458,101.083,673.902
151.727,728.303,387.943,655.794,386.805,639.917,453.567
622.895,407.117,353.902,741.877,31.250,794.931,605.006
890.058,234.134,280.273,374.524,459.470,252.553,412.719
435.146,407.433,159.820,504.458,634.597,645.387,466.738
264.700,764.603,70.679,282.046,485.879,210.504,502.180
303.438,199.593,112.229,433.338,646.157,404.591,628.709
232.915,530.314,102.614,356.209,756.299,706.129,405.284
226.998,654.066,200.174,596.979,837.395,34.457,590.287
441.384,503.874,123.111,508.785,620.347,261.642,442.590
610.196,442.884,94.208,536.594,338.822,31.250,626.440
261.923,387.563,33.017,605.873,949.932,914.010,609.074
668.862,625.284,131.739,386.485,561.974,394.674,237.465
475.093,400.059,110.191,278.251,530.503,350.912,494.524
649.331,388.706,85.706,526.578,226.586,672.328,368.289
133.653,479.183,154.445,208.718,346.387,977.906,413.492
647.271,507.367,132.749,386.471,266.362,497.148,746.044
517.022,234.847,178.452,642.188,166.160,669.968,261.126
558.475,534.455,155.072,552.258,448.306,594.229,467.048
282.759,264.218,183.987,440.670,334.884,533.344,275.996
449.186,283.386,252.001,992.736,532.949,397.656,407.208
435.968,298.089,244.630,566.297,466.111,271.422,601.511
505.644,549.587,322.069,398.724,618.566,922.577,771.844
675.198,347.189,355.304,436.685,597.400,227.895,418.693
746.926,183.307,300.941,867.499,211.613,339.845,657.730
468.300,546.871,227.950,922.921,136.809,634.779,863.697
773.030,343.072,244.645,243.709,477.573,573.037,745.769
388.907,518.134,198.881,433.233,592.441,834.742,229.598
191.828,605.426,251.250,782.706,790.123,446.446,448.244
942.441,354.499,327.481,267.389,526.737,440.296,439.561
257.690,679.515,285.926,567.719,374.271,453.188,793.698
527.264,257.459,310.379,190.804,487.251,533.968,432.137
173.649,443.208,339.506,523.352,450.914,540.602,618.753
618.210,689.150,293.982,417.731,696.968,446.537,430.454
465.531,737.736,352.597,333.017,534.073,407.113,273.551
162.074,509.914,348.044,685.676,540.439,576.555,64.240
301.924,344.757,357.820,608.935,555.517,632.979,94.480
418.726,464.819,326.107,580.910,522.252,406.681,498.372
795.403,678.904,294.885,292.757,433.239,458.042,409.711
401.675,389.931,322.539,556.257,842.735,278.580,710.521
420.235,499.608,330.500,521.825,366.964,145.466,815.192
398.374,438.876,420.898,440.278,609.743,595.257,590.908
708.192,355.962,399.444,561.814,163.330,262.486,747.445
507.021,561.031,393.339,303.115,404.421,413.257,581.298
721.580,680.274,448.683,156.229,784.406,467.621,579.677
350.089,799.795,494.971,500.961,181.063,604.870,527.116
445.856,513.589,517.131,814.306,270.534,453.525,570.195
321.624,412.033,579.207,248.594,450.036,297.370,697.269
216.004,382.229,601.233,619.670,553.021,317.423,579.218
770.845,517.544,512.019,95.333,443.131,573.158,456.982
543.249,362.598,520.526,230.828,606.038,268.886,208.815
413.345,69.318,571.155,436.085,547.790,375.196,411.930
698.610,296.514,741.809,338.058,176.892,373.320,254.322
770.313,506.505,640.633,277.384,421.796,333.807,533.429
275.926,294.950,689.869,694.903,802.766,453.250,530.110
492.792,385.098,580.199,387.752,341.317,488.913,374.238
665.122,556.664,596.579,197.141,284.425,496.693,510.230
353.421,520.326,560.850,503.451,648.496,208.321,237.712
204.804,634.102,636.905,419.994,157.847,900.618,474.006
467.136,638.620,578.245,365.816,502.965,258.301,420.574
573.472,101.083,605.247,167.928,522.610,282.318,509.167
504.166,639.917,524.008,803.375,510.264,543.767,342.477
495.362,794.931,393.507,602.442,719.350,923.893,623.170
432.189,252.553,425.103,357.820,492.738,329.700,538.622
348.598,645.387,532.776,727.087,838.553,561.770,149.633
386.000,210.504,562.196,838.060,664.861,368.649,693.626
588.796,404.591,498.952,335.650,777.751,371.466,353.399
608.122,706.129,515.070,625.743,258.922,144.613,655.207
473.288,34.457,560.204,638.150,755.725,536.113,465.969
691.814,261.642,628.363,667.968,605.075,755.025,371.338
420.769,31.250,552.363,302.727,713.615,518.405,482.226
587.962,914.010,591.302,496.471,341.929,410.106,692.065
630.922,394.674,607.558,111.492,363.828,773.686,502.156
376.807,350.912,599.989,202.085,371.854,877.100,538.944
397.858,672.328,595.546,423.535,651.414,821.950,492.958
354.679,977.906,549.886,726.963,395.554,227.215,527.356
526.348,497.148,510.131,205.909,467.581,180.728,643.187
531.175,669.968,589.287,515.310,206.031,581.785,684.802
427.632,594.229,600.108,465.768,369.386,627.806,302.487
302.066,533.344,566.048,527.281,526.809,252.599,401.295
295.169,397.656,413.434,202.752,429.617,723.102,721.510
339.241,271.422,365.493,485.653,594.512,846.600,609.516
708.339,922.577,342.272,324.333,503.486,768.227,248.602
384.229,227.895,273.719,335.942,816.073,669.142,420.590
400.022,339.845,205.927,305.931,382.886,742.387,533.987
408.733,634.779,270.759,727.440,224.322,417.492,745.380
587.903,573.037,267.957,305.404,561.006,534.374,380.737
383.020,834.742,178.356,344.576,541.232,754.993,296.325
695.036,446.446,115.266,744.186,387.101,494.390,352.411
740.631,440.296,117.463,864.774,607.897,467.296,738.880
529.626,453.188,204.213,776.485,763.314,504.175,282.646
548.890,533.968,129.518,629.310,330.658,694.416,473.820
230.169,540.602,244.089,501.938,588.542,564.663,633.733
398.269,446.537,228.310,819.328,566.171,197.917,371.440
602.181,407.113,140.102,349.694,607.816,467.612,392.568
652.036,576.555,189.648,515.035,708.500,516.255,512.567
123.850,632.979,291.913,323.405,796.571,181.362,674.965
688.198,406.681,289.525,603.069,909.316,493.720,372.416
130.348,458.042,339.377,554.872,556.106,289.466,412.048
482.212,278.580,328.754,475.597,133.848,664.825,142.087
587.534,145.466,337.058,401.886,549.411,717.562,368.135
497.699,595.257,445.276,121.324,396.368,483.051,553.375
577.804,262.486,501.761,443.193,342.948,31.250,105.276
785.426,413.257,429.682,463.199,624.962,792.674,108.052
731.347,467.621,600.946,242.095,1061.685,833.051,462.519
244.928,604.870,534.535,723.613,848.889,429.401,698.645
278.064,453.525,583.495,467.320,368.349,486.045,421.637
186.483,297.370,608.941,391.864,916.973,590.830,685.956
355.560,317.423,598.186,623.618,674.697,715.481,757.595
775.066,584.075,461.027,277.722,305.398,675.892,259.880
383.293,513.161,534.742,808.042,496.664,444.563,505.984
601.799,495.104,610.274,567.200,484.727,395.843,563.477
649.485,341.900,606.553,459.896,547.656,370.609,257.405
377.654,692.553,497.578,31.250,454.296,855.992,498.983
427.745,483.645,578.620,618.014,318.750,473.302,202.635
723.042,278.361,463.982,438.663,570.584,270.217,534.445
723.342,481.791,455.808,472.988,497.339,665.629,499.814
358.146,629.328,476.882,286.370,240.384,54.773,1055.219
429.560,534.549,401.331,261.840,398.452,198.045,154.465
794.976,508.740,439.965,420.407,309.970,349.122,872.732
410.770,293.004,389.018,567.273,471.622,70.063,586.919
638.179,539.743,467.189,308.137,425.892,604.512,677.059
620.258,640.971,544.573,876.501,718.372,494.467,369.104
380.269,919.328,660.425,248.432,269.101,438.327,221.171
84.168,666.443,602.192,196.304,662.337,637.193,772.257
612.380,446.293,580.347,275.723,648.110,607.096,478.745
396.093,428.158,468.381,764.856,646.552,511.218,768.076
446.156,31.250,518.405,569.719,494.778,732.900,646.816
745.203,538.006,490.600,247.087,301.169,660.781,178.058
661.356,724.917,501.268,286.136,413.835,466.031,392.987
351.289,368.457,507.909,624.318,386.997,761.944,532.103
280.824,365.980,457.803,640.942,478.975,782.946,696.767
599.645,203.188,551.034,661.462,331.836,583.143,31.250
581.865,437.107,389.044,780.793,543.765,233.721,183.312
425.300,723.838,337.075,498.821,758.171,577.633,599.886
660.129,396.474,391.326,517.341,640.075,595.679,605.582
601.377,238.288,454.527,493.386,577.927,337.668,884.728
377.155,240.996,406.751,373.149,393.251,565.704,493.242
183.730,368.404,383.332,354.402,689.043,279.411,482.438
551.502,703.858,420.322,650.545,427.206,394.714,383.099
512.983,696.342,410.861,606.415,762.024,500.792,413.744
604.452,469.133,484.088,547.164,374.210,721.802,585.025
376.930,759.033,606.992,653.327,586.123,631.495,626.807
358.414,208.217,640.866,518.457,715.257,588.353,642.983
219.074,604.552,641.558,501.606,160.515,725.683,346.567
290.975,238.732,653.717,216.334,272.356,191.804,557.489
340.678,857.004,639.116,890.260,724.485,475.871,640.300
287.111,445.049,706.596,529.295,153.375,527.529,492.829
590.889,31.250,658.181,596.667,539.808,515.399,627.118
524.499,648.811,618.459,553.597,435.681,390.654,709.589
511.916,565.951,604.474,324.135,572.680,418.497,734.143
606.480,666.792,656.586,329.093,518.639,217.358,282.696
534.141,632.693,677.597,381.920,562.464,31.250,522.729
110.195,419.801,529.970,269.373,222.606,202.599,329.030
372.115,182.276,570.670,423.819,850.216,620.643,368.062
558.906,238.110,600.412,838.776,538.660,143.493,478.756
541.100,625.482,588.780,644.481,387.403,407.797,551.439
434.759,446.154,506.337,568.349,222.659,682.707,681.560
304.068,420.556,483.653,745.892,460.201,683.089,370.989
52.540,412.302,688.052,458.403,816.087,122.166,802.223
920.966,410.344,750.773,428.075,69.307,482.814,279.522
711.973,537.194,811.732,624.230,522.269,585.833,706.714
431.094,434.051,775.007,360.429,905.931,104.132,468.362
598.706,387.343,799.684,831.053,122.377,278.270,574.424
467.834,669.658,903.447,644.775,512.710,370.551,434.216
557.925,225.757,869.717,612.008,320.789,399.868,676.800
501.820,558.894,796.611,168.255,589.711,654.003,581.254
378.467,323.187,793.893,456.308,368.047,726.288,536.933
459.522,350.592,601.886,368.028,587.736,785.698,333.880
456.982,568.457,418.872,439.638,540.141,775.066,517.544
208.815,442.199,445.585,230.082,563.593,383.293,362.598
411.930,475.974,360.769,671.016,376.801,601.799,69.318
254.322,574.625,281.281,600.101,672.153,649.485,296.514
533.429,667.866,499.683,662.099,683.348,377.654,506.505
530.110,496.656,538.933,645.434,328.895,427.745,294.950
374.238,482.623,461.349,620.194,519.740,723.042,385.098
510.230,715.141,318.745,448.919,661.911,723.342,556.664
237.712,459.931,321.553,172.489,605.608,358.146,520.326
474.006,487.284,300.762,407.091,440.965,429.560,634.102
420.574,618.413,352.168,536.628,677.044,794.976,638.620
509.167,548.264,390.444,208.478,532.143,410.770,101.083
342.477,254.771,361.587,538.696,354.310,638.179,639.917
623.170,618.289,465.950,526.272,472.709,620.258,794.931
538.622,212.531,346.587,460.924,500.368,380.269,252.553
149.633,558.790,391.431,505.255,326.475,84.168,645.387
693.626,702.277,403.306,541.392,551.847,612.380,210.504
353.399,815.449,392.947,290.186,463.542,396.093,404.591
655.207,720.107,466.733,514.010,373.602,446.156,706.129
465.969,902.683,600.293,162.626,766.165,745.203,34.457
371.338,598.372,568.533,501.246,527.942,661.356,261.642
482.226,283.965,593.400,411.307,915.861,351.289,31.250
692.065,337.336,601.796,546.376,388.855,280.824,914.010
502.156,683.099,539.056,596.836,480.576,599.645,394.674
538.944,778.835,570.367,552.244,898.187,581.865,350.912
492.958,527.705,612.240,811.184,411.218,425.300,672.328
527.356,352.545,579.312,149.846,150.858,660.129,977.906
643.187,214.565,683.704,653.755,741.818,601.377,497.148
684.802,884.605,742.413,640.892,358.954,377.155,669.968
302.487,719.287,834.830,562.287,661.463,183.730,594.229
401.295,525.076,837.974,470.437,269.058,551.502,533.344
721.510,370.610,799.302,424.785,537.203,512.983,397.656
609.516,665.230,746.652,768.121,106.600,604.452,271.422
248.602,836.029,783.273,384.448,548.809,376.930,922.577
420.590,676.262,712.293,566.922,455.663,358.414,227.895
533.987,346.769,616.560,275.607,405.758,219.074,339.845
745.380,345.363,440.887,702.599,31.250,290.975,634.779
380.737,612.350,524.920,604.892,375.791,340.678,573.037
296.325,624.160,673.432,317.403,182.833,287.111,834.742
352.411,468.302,618.033,452.758,591.984,590.889,446.446
738.880,807.744,592.677,312.046,685.781,524.499,440.296
282.646,269.533,628.281,726.912,345.176,511.916,453.188
473.820,456.978,587.161,492.322,338.338,606.480,533.968
633.733,805.998,623.058,368.068,497.206,534.141,540.602
371.440,467.354,589.159,448.039,242.388,110.195,446.537
392.568,390.025,567.582,827.806,481.823,372.115,407.113
512.567,220.248,606.693,546.671,607.744,558.906,576.555
674.965,513.126,658.739,421.732,206.580,541.100,632.979
372.416,319.178,533.384,382.804,602.823,434.759,406.681
412.048,675.098,422.772,258.195,579.422,304.068,458.042
142.087,585.425,470.508,495.257,620.910,52.540,278.580
368.135,434.376,621.283,595.609,645.499,920.966,145.466
553.375,393.404,680.803,507.817,638.050,711.973,595.257
105.276,346.539,773.348,435.879,537.265,431.094,262.486
108.052,815.384,618.288,185.920,682.514,598.706,413.257
462.519,426.867,611.340,822.474,554.877,467.834,467.621
698.645,398.074,616.427,542.133,390.034,557.925,604.870
421.637,537.500,684.862,707.326,658.869,501.820,453.525
685.956,568.800,695.147,379.575,780.312,378.467,297.370
757.595,515.098,638.554,190.408,562.472,459.522,317.423
647.825,497.227,373.584,510.385,234.320,168.951,95.333
672.559,521.343,292.994,494.926,403.135,458.381,230.828
148.178,251.160,248.152,372.277,387.686,356.383,436.085
716.518,552.401,329.278,548.782,520.273,409.800,338.058
551.095,415.016,207.307,649.003,391.662,417.819,277.384
387.491,526.794,323.123,902.018,674.510,664.191,694.903
708.057,389.146,473.719,453.170,608.866,302.368,387.752
715.720,607.298,596.469,812.011,762.293,413.331,197.141
524.920,493.947,562.096,503.699,454.691,562.209,503.451
819.232,466.470,560.990,512.881,736.833,277.684,419.994
487.432,218.706,479.626,590.333,236.011,614.196,365.816
411.034,523.304,424.547,51.958,529.706,691.750,167.928
535.997,653.327,484.100,418.411,76.431,562.735,803.375
223.348,710.200,562.831,659.377,522.352,186.673,602.442
749.551,243.051,439.806,154.946,529.948,477.929,357.820
249.642,762.020,339.778,385.884,591.945,326.941,727.087
689.786,188.604,399.180,826.878,301.459,385.717,838.060
589.331,760.789,452.498,564.458,427.788,407.509,335.650
529.106,296.130,422.297,676.545,118.761,536.550,625.743
583.409,480.511,476.549,449.227,486.510,444.543,638.150
439.558,377.401,346.445,616.779,652.847,519.939,667.968
373.833,382.204,329.611,259.199,448.686,503.718,302.727
389.312,219.936,472.811,697.140,262.110,515.196,496.471
506.989,211.328,431.211,526.946,580.097,619.592,111.492
379.676,570.954,527.698,809.419,805.960,696.695,202.085
543.638,69.518,445.941,553.308,502.468,405.080,423.535
331.356,371.618,514.467,501.809,31.250,711.080,726.963
694.986,557.878,658.830,202.309,244.263,652.878,205.909
634.392,317.667,636.184,643.300,219.162,744.118,515.310
316.704,334.872,744.292,225.875,482.272,586.264,465.768
626.188,619.024,799.400,770.359,647.654,473.296,527.281
353.124,393.127,881.620,372.198,525.821,749.088,202.752
810.383,241.308,739.639,546.916,575.833,315.817,485.653
402.372,31.250,703.738,565.180,324.666,534.787,324.333
305.814,687.719,575.237,419.077,712.931,150.941,335.942
306.662,446.723,605.042,556.122,403.129,378.918,305.931
299.912,291.937,618.221,493.291,316.464,520.480,727.440
502.711,581.213,677.432,603.714,363.125,282.458,305.404
424.634,346.995,636.639,554.997,546.811,550.319,344.576
858.483,428.760,577.060,457.796,589.488,803.323,744.186
681.765,190.323,562.198,151.280,503.458,76.028,864.774
311.846,459.296,472.796,545.759,737.559,393.727,776.485
356.544,322.123,566.479,284.553,467.834,378.562,629.310
651.504,676.766,643.600,442.572,459.010,385.340,501.938
435.401,572.213,572.356,863.199,314.205,423.703,819.328
371.907,491.145,391.905,239.980,320.377,210.340,349.694
340.303,314.816,435.935,726.384,598.993,716.537,515.035
129.093,468.211,327.583,624.817,620.470,533.469,323.405
887.790,704.807,257.389,569.436,560.567,451.931,603.069
164.141,320.599,303.864,581.568,587.077,841.402,554.872
115.399,645.799,440.552,438.855,500.395,661.721,475.597
552.588,628.572,458.337,588.440,439.361,351.620,401.886
446.998,384.041,445.773,298.921,619.644,709.385,121.324
504.697,848.600,256.396,514.997,457.956,249.677,443.193
353.131,758.840,264.555,616.180,1015.381,519.655,463.199
917.292,442.213,209.955,396.667,918.115,559.268,242.095
168.583,650.657,127.387,369.154,382.656,591.453,723.613
408.507,589.309,270.577,366.717,352.140,664.040,467.320
796.751,328.246,222.258,430.922,756.226,646.208,391.864
680.234,598.623,258.412,502.164,412.051,668.216,623.618
