887.394,396.935,604.952,601.710,754.127,803.012,587.444
516.109,729.442,421.603,478.990,298.381,304.442,634.488
635.791,390.738,544.801,315.442,518.061,597.154,440.523
579.600,833.603,377.987,386.084,598.136,730.839,668.306
610.645,876.231,422.795,574.878,409.895,603.981,402.740
701.002,688.846,530.889,577.785,506.771,520.510,750.443
277.177,684.196,504.884,644.794,487.984,154.984,772.979
706.047,736.833,577.207,526.321,503.895,194.178,541.704
439.560,345.555,527.690,393.315,580.861,465.332,348.975
685.998,434.852,666.996,437.852,724.282,688.202,705.857
540.134,440.622,805.311,273.259,447.294,688.811,553.414
489.521,974.429,642.356,272.003,31.885,644.185,311.455
382.253,575.725,713.264,531.358,611.904,819.471,610.397
428.621,362.621,642.791,265.911,371.308,619.273,690.173
345.427,806.718,466.622,429.388,436.200,618.931,370.122
359.204,330.681,644.766,561.190,579.093,584.804,593.654
601.742,501.021,657.670,385.544,460.704,204.512,295.786
518.275,637.992,455.983,549.402,360.509,629.984,461.984
618.166,323.618,456.872,210.893,760.649,646.393,443.181
319.713,540.484,229.643,31.250,360.278,442.421,674.358
896.809,402.515,470.758,278.794,574.399,824.155,462.070
370.630,561.097,864.378,468.004,319.318,280.434,488.016
600.774,903.422,515.316,212.902,715.644,488.203,794.407
477.686,352.369,375.153,660.901,550.775,456.150,441.347
593.995,497.011,653.380,803.184,181.649,588.399,454.138
184.334,98.038,559.977,651.924,509.731,401.163,594.493
547.077,516.319,506.147,888.897,239.643,703.422,557.803
469.900,208.140,595.753,675.415,874.156,719.845,201.338
303.517,467.050,435.231,371.871,789.464,336.063,246.437
357.750,384.824,628.053,376.023,142.258,599.215,409.937
422.252,458.775,261.000,573.285,424.400,578.942,206.614
596.116,557.930,585.058,487.879,722.373,280.641,635.276
485.235,649.031,379.527,485.827,605.606,701.876,719.582
826.069,273.498,560.734,761.509,500.687,277.060,496.116
535.412,550.535,387.599,672.134,256.184,559.140,408.979
259.252,656.947,240.080,539.002,789.721,392.251,732.522
512.776,450.407,597.344,575.475,600.295,236.141,638.034
343.510,629.867,310.752,515.089,666.421,499.690,840.494
962.853,651.707,31.250,361.362,256.481,633.328,305.024
650.409,776.103,452.380,392.517,321.711,602.794,430.931
272.681,732.451,850.666,731.309,718.289,620.615,291.598
801.056,684.036,920.103,560.330,775.192,540.490,234.380
504.645,714.885,730.174,414.752,950.801,327.464,853.578
495.329,495.334,134.914,656.420,485.061,711.007,732.437
591.581,448.952,480.700,329.693,431.655,443.824,335.835
669.211,529.517,338.297,572.102,660.116,396.408,793.045
410.671,542.102,518.790,562.471,394.991,147.332,408.819
704.772,268.852,75.207,642.359,205.126,299.733,546.856
623.286,509.984,578.022,427.993,446.904,627.913,447.426
543.149,518.617,505.156,835.412,458.727,401.422,164.446
384.734,530.503,664.570,574.955,286.686,332.482,235.901
540.547,433.211,645.111,538.757,341.010,508.431,625.063
297.574,469.808,476.248,565.956,477.192,613.243,344.018
448.874,474.848,253.857,174.459,550.477,215.198,465.691
451.233,574.309,562.791,377.361,252.317,361.175,341.647
770.924,361.814,368.881,537.064,392.080,537.652,690.969
343.025,327.219,470.093,919.034,527.241,274.452,516.378
682.307,734.085,642.798,355.804,575.895,183.801,408.123
560.351,761.838,49.245,414.450,225.133,641.647,653.269
514.911,437.558,429.423,765.565,648.015,463.953,537.716
241.495,730.163,671.120,378.655,589.857,412.456,775.066
791.275,307.022,626.268,520.439,476.158,464.706,383.293
377.841,480.399,583.971,799.808,353.064,313.634,601.799
490.992,584.901,568.488,528.449,287.884,246.007,649.485
401.538,482.655,325.915,568.439,719.883,322.722,377.654
367.565,873.045,367.789,801.886,447.334,427.090,427.745
442.659,599.041,422.938,389.274,463.747,333.655,723.042
846.731,206.656,351.941,312.885,468.616,157.337,723.342
607.601,391.451,444.462,606.599,300.778,431.501,358.146
631.153,592.583,797.935,618.345,826.459,716.069,429.560
713.769,449.214,532.176,447.170,564.941,724.624,794.976
445.286,725.989,417.212,31.250,516.458,520.783,410.770
453.199,355.595,386.936,471.078,386.805,216.886,638.179
342.892,506.431,493.850,534.982,31.250,562.540,620.258
381.672,130.739,698.576,544.592,459.470,362.765,380.269
385.246,689.197,494.347,433.422,634.597,100.128,84.168
801.994,591.878,412.258,626.266,485.879,748.719,612.380
817.680,404.002,715.845,478.103,646.157,292.624,396.093
468.780,578.473,415.106,233.621,756.299,442.272,446.156
382.171,171.402,304.556,567.571,837.395,693.410,745.203
385.776,477.091,356.359,556.676,620.347,366.407,661.356
607.323,582.053,370.846,601.850,338.822,691.737,351.289
172.010,635.239,283.543,704.627,949.932,580.775,280.824
588.602,672.493,490.478,550.844,561.974,356.381,599.645
519.685,141.621,878.247,348.289,530.503,287.034,581.865
430.227,376.410,406.560,510.994,226.586,571.746,425.300
632.888,548.409,31.250,460.544,346.387,848.338,660.129
503.402,431.941,542.262,330.917,266.362,618.964,601.377
514.387,263.536,576.749,252.654,166.160,291.848,377.155
533.174,810.309,330.162,311.485,448.306,618.123,183.730
496.888,245.200,297.189,172.784,334.884,645.398,551.502
353.088,607.254,580.038,536.989,532.949,339.959,512.983
467.406,224.251,824.886,664.272,466.111,462.367,604.452
1066.724,551.036,360.095,430.623,618.566,292.747,376.930
274.924,450.935,784.667,272.261,597.400,378.143,358.414
531.649,310.274,703.114,789.610,211.613,585.161,219.074
683.577,766.477,504.752,613.286,136.809,748.656,290.975
245.867,555.595,372.828,321.220,477.573,691.302,340.678
373.550,509.312,200.505,679.273,592.441,729.020,287.111
369.727,689.236,521.076,429.606,790.123,565.940,590.889
525.686,422.165,302.028,365.488,526.737,745.988,524.499
369.008,237.516,685.271,627.090,374.271,483.166,511.916
215.659,286.615,417.417,666.350,487.251,504.035,606.480
560.543,813.406,654.034,612.447,450.914,548.941,534.141
597.175,742.555,369.400,260.397,696.968,219.941,110.195
330.383,165.094,582.789,667.044,534.073,437.708,372.115
332.307,427.488,410.944,706.653,540.439,288.486,558.906
279.798,459.583,624.940,720.887,555.517,499.922,541.100
337.734,615.440,246.687,708.099,522.252,559.335,434.759
310.292,451.136,380.388,663.747,433.239,369.894,304.068
421.496,181.635,348.171,540.729,842.735,756.898,52.540
399.380,617.713,463.104,401.018,366.964,391.395,920.966
719.645,437.645,850.592,502.041,609.743,889.668,711.973
451.599,425.615,546.677,456.502,163.330,278.556,431.094
811.502,729.861,453.980,164.585,404.421,633.273,598.706
605.919,635.444,377.257,315.773,784.406,559.058,467.834
594.549,690.935,946.439,921.030,181.063,863.879,557.925
688.683,363.209,924.290,268.641,270.534,544.772,501.820
356.681,795.335,583.581,261.190,450.036,312.992,378.467
649.011,406.790,384.718,353.317,553.021,740.731,459.522
615.715,571.912,444.861,518.050,835.419,540.846,604.061
434.955,335.520,610.444,773.535,683.432,537.393,711.960
193.110,644.432,369.318,508.596,171.460,637.899,313.876
441.799,794.616,557.985,528.687,528.038,580.094,681.253
313.857,357.244,356.623,534.213,216.830,815.285,435.732
125.982,432.868,299.044,688.374,362.810,360.530,494.458
381.670,758.687,50.425,317.061,417.867,580.105,531.528
558.507,608.513,520.272,463.023,463.921,577.397,765.177
436.708,708.673,291.959,397.603,618.352,747.018,512.833
548.426,639.250,814.068,625.090,584.795,764.850,478.137
423.701,1097.012,226.418,633.225,421.590,242.685,731.577
137.605,334.261,368.758,642.328,403.210,406.633,214.925
670.709,347.340,412.375,626.983,515.778,414.039,290.873
928.107,266.549,657.504,376.593,510.669,513.843,634.002
502.466,434.528,802.375,721.019,377.072,739.258,218.005
429.215,839.446,431.656,324.405,621.983,461.559,408.524
642.059,513.364,377.775,372.086,407.195,487.391,492.632
877.432,255.815,233.193,431.820,511.630,196.647,164.549
533.072,433.836,749.316,425.169,537.624,608.398,230.328
609.199,208.995,520.453,760.292,445.354,521.662,461.384
692.372,463.421,432.550,730.132,546.767,513.817,116.305
491.930,743.041,523.546,689.936,684.242,591.799,345.246
272.191,647.283,140.161,531.773,728.857,681.453,655.061
762.230,473.418,31.250,656.067,31.250,378.366,453.953
595.147,438.296,915.608,583.341,425.235,748.277,863.379
150.186,455.627,500.225,584.580,272.679,619.577,520.610
796.810,127.181,471.923,692.424,666.541,449.962,627.111
710.387,659.124,251.753,288.905,418.020,441.469,365.559
528.181,453.875,511.708,421.161,745.740,549.064,370.189
360.687,662.148,939.496,292.385,362.541,773.024,360.290
432.745,172.521,335.562,393.223,239.217,676.654,592.124
534.287,552.631,503.551,368.933,383.292,387.449,568.585
464.357,525.270,430.982,288.013,561.508,790.924,324.650
396.711,553.116,550.890,414.382,427.425,210.424,610.488
998.432,666.411,511.268,501.673,605.528,465.334,684.281
255.530,471.519,492.136,419.103,447.513,634.874,497.030
560.835,241.858,369.839,378.853,827.637,662.324,345.255
312.482,274.423,492.293,498.126,513.863,604.641,551.292
401.565,395.414,398.093,520.002,707.749,563.899,294.471
208.731,630.974,461.919,821.653,641.029,203.451,689.100
422.387,456.372,476.305,483.167,31.250,554.498,603.641
391.357,227.189,599.159,381.076,412.881,611.818,376.777
104.545,629.784,418.326,207.280,312.498,601.801,537.432
460.901,453.927,442.737,604.236,697.234,796.420,545.232
757.288,183.738,672.137,613.546,637.618,464.580,767.389
466.551,553.918,494.630,403.200,541.354,699.560,473.921
587.554,670.268,486.546,353.676,670.684,581.276,380.681
503.708,585.457,673.079,479.823,271.714,466.350,256.038
815.589,481.820,608.969,602.949,715.974,759.665,410.269
516.224,662.177,593.281,524.400,312.058,492.434,86.452
361.447,746.914,621.693,556.952,226.136,787.634,783.710
505.750,468.713,452.910,132.592,717.707,542.504,623.886
316.136,528.790,666.946,520.370,378.313,332.963,260.341
657.893,395.615,867.827,408.793,299.456,729.701,481.647
375.709,589.283,813.562,165.262,471.525,788.763,561.769
309.339,430.845,469.423,493.010,853.637,268.929,460.847
339.637,286.835,646.127,31.250,732.814,193.058,619.094
557.326,376.730,471.612,418.675,622.044,513.838,252.655
566.109,690.063,553.933,701.092,251.645,648.789,488.988
554.394,543.885,611.224,337.701,518.653,562.346,326.434
609.915,443.827,379.663,424.093,509.231,686.096,375.182
273.136,844.848,536.479,420.534,321.605,387.894,754.508
685.026,492.851,31.250,605.381,621.296,568.644,692.536
392.931,305.869,421.501,469.034,188.386,181.918,814.632
539.543,474.855,552.508,434.134,655.576,507.410,780.942
530.394,779.020,351.946,501.826,349.366,540.688,399.467
554.857,441.284,544.745,753.717,491.418,485.596,392.655
534.863,387.330,255.773,434.416,296.694,883.798,773.402
683.715,692.676,468.488,911.764,178.541,752.983,680.656
498.918,372.011,320.652,966.436,151.735,604.673,275.505
597.504,603.939,836.265,415.991,521.386,627.135,840.817
629.804,441.992,385.256,692.246,367.031,492.132,604.890
415.746,579.748,382.097,159.151,762.636,304.671,567.560
458.941,534.415,517.619,436.539,405.396,737.811,500.233
353.094,556.702,344.954,651.159,194.283,722.523,271.544
637.703,332.296,407.280,489.275,732.179,76.941,482.592
488.379,386.736,506.957,424.036,523.974,367.588,361.954
327.679,506.426,614.244,490.048,291.763,662.147,351.327
524.310,226.410,338.060,707.518,287.191,626.291,736.421
1053.815,574.388,459.672,858.769,246.873,415.824,547.510
442.613,633.727,414.756,1165.432,899.029,443.271,654.772
181.652,574.803,582.014,548.522,523.307,484.629,443.853
500.238,470.199,607.871,479.377,716.733,658.434,416.040
931.788,477.155,529.602,869.778,396.551,780.426,655.048
552.151,410.589,497.436,558.124,762.801,403.512,744.407
178.886,224.834,913.048,562.208,561.262,376.630,348.185
117.442,429.469,327.383,134.734,297.088,560.149,557.564
689.632,540.524,785.414,417.310,293.438,444.416,715.424
747.047,563.424,591.641,116.014,562.456,633.886,442.453
244.675,751.557,402.775,605.542,855.168,217.081,281.552
513.946,258.706,502.428,594.083,718.163,302.603,888.457
661.856,268.004,190.725,586.872,300.022,438.834,332.446
415.721,749.617,433.309,347.143,708.473,246.561,649.780
574.046,742.138,31.250,533.906,556.316,713.242,487.307
675.774,547.614,610.128,463.527,414.259,597.318,512.694
312.595,519.418,323.772,532.075,214.852,685.214,485.858
367.034,480.625,803.510,601.878,851.895,444.768,365.357
478.876,463.585,365.013,268.157,645.008,493.741,382.549
527.629,700.135,512.032,503.869,562.203,565.182,326.872
816.214,466.480,236.659,693.997,545.619,450.509,285.971
564.918,608.196,449.712,915.024,620.607,633.399,679.116
159.564,286.483,477.618,767.734,198.864,524.589,517.668
298.555,380.509,566.994,627.775,634.278,531.379,556.399
526.497,141.554,907.474,493.743,576.388,487.986,574.406
579.027,239.235,803.270,569.032,505.543,465.129,522.794
704.375,646.557,649.825,291.458,492.897,611.234,747.106
307.658,587.668,462.124,497.939,414.654,387.232,548.347
669.519,428.285,470.335,358.544,397.042,737.612,618.208
401.581,674.982,464.657,475.994,308.905,476.918,432.567
903.243,441.931,359.655,675.914,392.510,298.218,649.140
375.329,415.980,629.007,490.865,559.201,508.876,567.885
361.175,632.022,503.808,304.937,583.061,736.507,457.606
725.208,228.997,612.723,604.944,714.242,533.003,695.506
319.707,661.980,484.325,644.086,72.911,378.977,333.612
552.267,770.346,604.625,385.840,416.704,473.708,814.780
279.393,227.954,911.003,564.826,467.788,337.231,255.299
329.727,989.135,651.746,157.812,190.125,964.814,657.350
918.387,544.406,778.906,365.719,647.328,484.953,393.059
872.900,671.196,409.567,282.715,423.041,529.345,598.885
306.379,748.198,486.482,405.657,199.647,434.436,581.536
419.206,265.310,576.816,506.148,320.894,68.859,283.833
754.229,854.134,620.594,534.725,470.506,633.796,536.003
854.739,662.616,502.799,174.418,508.604,373.133,798.096
584.236,1219.393,347.927,460.190,440.456,711.444,547.700
243.459,557.683,684.972,389.068,451.481,144.553,97.792
356.087,588.986,540.856,768.874,563.703,670.180,570.277
426.323,608.636,288.613,519.950,871.850,96.055,528.593
692.587,364.212,31.250,548.575,381.415,618.100,367.293
446.285,617.241,161.811,549.467,601.324,502.553,289.667
536.504,562.651,431.643,308.460,698.849,468.534,278.471
587.609,465.350,737.418,284.382,417.121,484.730,129.617
230.419,569.401,620.540,897.212,290.895,379.734,433.960
860.542,688.011,178.552,429.811,538.015,671.040,711.867
321.987,609.934,225.781,805.485,439.174,344.829,601.908
495.631,645.895,542.594,331.190,762.301,520.071,522.896
667.790,403.769,572.345,502.340,475.718,404.574,542.200
324.174,670.062,511.227,630.367,548.073,532.946,221.865
499.897,382.290,652.091,621.562,682.031,412.105,163.247
622.779,377.587,455.335,570.552,236.853,316.043,605.166
767.834,103.793,546.355,535.346,315.159,744.145,411.116
528.900,694.813,596.893,444.891,335.014,317.286,655.449
677.667,666.378,298.575,433.640,467.804,540.062,334.000
649.434,321.235,635.174,203.197,582.726,703.000,503.882
534.408,768.994,387.537,517.653,620.493,429.565,626.661
249.558,422.306,567.975,703.444,289.224,453.168,553.095
543.320,613.708,122.123,419.520,237.176,425.319,223.045
270.976,313.519,630.119,539.864,695.650,402.244,105.553
304.474,637.369,982.219,678.158,711.465,786.484,330.963
642.997,322.383,590.441,658.301,454.098,139.924,728.550
440.519,560.532,795.126,745.458,544.698,625.232,230.417
162.819,576.501,474.403,550.567,31.250,864.857,702.582
456.928,418.208,1063.968,364.815,562.540,281.135,500.973
291.488,128.383,455.156,447.740,159.595,662.192,659.376
518.390,943.545,432.027,726.859,140.161,562.777,400.140
727.120,645.906,379.776,674.967,541.621,685.653,673.246
584.789,416.068,729.325,766.363,385.131,384.850,376.985
855.933,727.385,332.220,458.880,556.070,792.336,664.082
292.775,510.830,468.790,107.137,347.298,543.234,285.384
361.690,672.231,662.167,745.574,619.758,471.881,269.110
507.372,336.444,583.205,435.418,714.241,762.830,612.082
967.883,372.144,420.498,722.610,556.379,755.952,256.483
725.044,385.236,518.405,394.334,506.972,322.826,638.155
797.154,639.763,334.248,329.506,640.729,569.305,482.037
362.716,713.389,525.602,174.168,440.520,633.623,587.015
388.344,572.532,558.222,848.802,689.196,689.152,299.069
690.174,493.984,518.782,857.403,731.307,341.906,477.261
719.965,185.031,686.866,313.792,586.588,786.961,517.571
367.018,489.792,452.834,513.723,342.251,782.331,835.942
212.700,346.435,404.364,629.836,492.031,693.995,401.615
516.446,326.047,469.510,828.702,707.956,489.464,703.923
222.350,559.477,539.679,279.760,810.080,435.588,462.344
300.454,335.179,345.365,557.497,539.746,575.468,612.161
436.431,581.705,505.688,413.524,507.979,240.294,916.172
640.716,327.329,561.518,636.424,803.932,132.401,527.746
572.935,758.300,480.503,778.630,635.135,535.739,570.715
637.422,295.714,409.790,393.235,466.373,763.333,519.432
919.984,727.350,276.449,750.766,470.653,276.007,417.891
456.196,375.615,610.440,444.224,31.250,325.486,430.632
654.151,541.671,244.258,472.732,611.304,303.683,427.955
544.000,500.449,720.242,635.405,332.722,594.381,79.846
213.180,259.880,675.647,499.076,383.919,419.206,396.984
473.209,505.984,515.554,454.590,870.115,754.229,558.320
689.386,563.477,259.643,699.689,291.406,854.739,401.740
709.120,257.405,379.033,348.951,429.560,584.236,503.580
298.040,498.983,713.985,390.151,445.126,243.459,396.641
444.150,202.635,459.309,471.340,962.665,356.087,844.229
618.338,534.445,670.958,498.340,711.025,426.323,648.674
414.701,499.814,607.890,668.643,266.491,692.587,385.070
282.892,1055.219,567.149,306.800,415.607,446.285,767.951
522.415,154.465,503.492,906.988,819.919,536.504,487.641
473.037,872.732,505.126,937.921,575.096,587.609,474.031
478.930,586.919,447.745,681.281,718.028,230.419,672.050
437.790,677.059,351.486,625.214,366.979,860.542,768.995
733.271,369.104,449.893,338.724,646.261,321.987,440.950
373.585,221.171,641.839,786.217,492.675,495.631,332.921
612.514,772.257,595.002,439.419,388.414,667.790,751.487
633.149,478.745,179.241,566.889,640.144,324.174,635.590
368.805,768.076,536.249,315.417,433.334,499.897,264.549
555.485,646.816,509.229,31.250,657.125,622.779,237.450
357.423,178.058,319.595,369.583,455.140,767.834,665.192
446.516,392.987,578.963,499.136,654.014,528.900,335.488
265.481,532.103,494.784,727.499,627.160,677.667,305.797
455.552,696.767,981.590,540.313,387.472,649.434,257.614
625.114,31.250,31.250,553.502,357.064,534.408,391.542
354.976,183.312,640.574,533.847,488.113,249.558,699.447
561.760,599.886,301.150,584.122,335.565,543.320,686.603
599.214,605.582,493.815,769.807,564.434,270.976,557.482
601.655,884.728,571.742,539.113,625.856,304.474,626.575
393.283,493.242,834.287,583.816,513.262,642.997,532.541
429.788,482.438,645.561,296.252,609.772,440.519,819.426
519.759,383.099,474.563,687.363,529.011,162.819,942.940
479.610,413.744,751.237,519.522,268.632,456.928,623.447
565.938,585.025,750.380,210.402,570.267,291.488,590.309
671.323,626.807,945.191,516.838,707.695,518.390,301.969
676.712,642.983,380.744,815.089,574.738,727.120,527.157
725.115,346.567,492.973,921.235,431.101,584.789,634.206
487.147,557.489,170.460,472.251,486.078,855.933,227.716
557.819,640.300,483.865,633.724,930.435,292.775,801.571
597.581,492.829,444.456,857.972,642.607,361.690,225.808
564.026,627.118,283.570,664.549,216.905,507.372,865.141
309.701,709.589,388.863,484.455,518.467,967.883,565.845
495.398,734.143,373.776,500.135,669.287,725.044,271.458
659.002,282.696,539.011,749.481,601.791,797.154,473.536
621.658,522.729,796.551,411.975,389.079,362.716,414.335
235.253,329.030,534.261,618.564,536.335,388.344,268.870
834.946,368.062,481.880,31.250,501.308,690.174,715.616
565.283,478.756,363.125,674.850,241.773,719.965,592.184
571.975,551.439,713.683,629.605,663.763,367.018,540.213
427.007,681.560,524.524,359.581,290.467,212.700,418.750
672.430,370.989,491.524,650.779,630.546,516.446,299.281
262.402,802.223,634.464,454.552,424.383,222.350,585.987
209.184,279.522,442.128,537.054,512.630,300.454,425.436
629.304,706.714,478.498,342.694,692.463,436.431,612.110
441.872,468.362,512.125,260.042,708.474,640.716,251.366
75.104,574.424,710.744,406.751,266.689,572.935,682.607
605.790,434.216,372.375,666.682,808.599,637.422,587.779
633.026,676.800,279.357,103.252,804.777,919.984,752.811
400.999,581.254,321.944,650.862,395.481,456.196,616.099
472.315,536.933,252.251,875.940,545.420,654.151,265.083
481.501,333.880,149.697,737.303,662.061,544.000,926.172
510.385,114.648,432.291,510.385,283.833,95.333,608.953
494.926,349.815,578.007,494.926,536.003,230.828,785.902
372.277,358.148,770.351,372.277,798.096,436.085,495.267
548.782,246.204,578.321,548.782,547.700,338.058,395.394
649.003,516.580,438.844,649.003,97.792,277.384,72.742
902.018,366.890,594.683,902.018,570.277,694.903,571.759
453.170,1069.858,547.362,453.170,528.593,387.752,796.358
812.011,589.424,641.325,812.011,367.293,197.141,325.083
503.699,830.277,419.252,503.699,289.667,503.451,525.329
512.881,447.533,530.765,512.881,278.471,419.994,931.924
590.333,667.432,788.408,590.333,129.617,365.816,299.509
51.958,632.796,513.522,51.958,433.960,167.928,447.876
418.411,856.815,674.684,418.411,711.867,803.375,537.351
659.377,604.268,516.514,659.377,601.908,602.442,356.696
154.946,652.918,535.874,154.946,522.896,357.820,600.517
385.884,97.004,432.630,385.884,542.200,727.087,657.384
826.878,422.457,1054.422,826.878,221.865,838.060,136.757
564.458,516.728,753.743,564.458,163.247,335.650,378.531
676.545,659.161,772.979,676.545,605.166,625.743,261.536
449.227,381.200,799.880,449.227,411.116,638.150,704.681
616.779,459.426,466.773,616.779,655.449,667.968,401.579
259.199,573.144,426.129,259.199,334.000,302.727,352.129
697.140,410.894,480.999,697.140,503.882,496.471,689.890
526.946,428.752,223.565,526.946,626.661,111.492,510.517
809.419,447.400,371.444,809.419,553.095,202.085,750.968
553.308,629.764,638.441,553.308,223.045,423.535,885.931
501.809,624.754,44.413,501.809,105.553,726.963,679.900
202.309,362.755,377.367,202.309,330.963,205.909,708.941
643.300,718.189,496.778,643.300,728.550,515.310,680.922
225.875,683.127,495.453,225.875,230.417,465.768,596.633
770.359,379.827,499.840,770.359,702.582,527.281,224.396
372.198,411.947,371.120,372.198,500.973,202.752,222.595
546.916,167.018,640.349,546.916,659.376,485.653,761.143
565.180,660.768,31.250,565.180,400.140,324.333,342.543
419.077,805.861,562.289,419.077,673.246,335.942,317.919
556.122,629.701,218.449,556.122,376.985,305.931,873.561
493.291,632.481,355.761,493.291,664.082,727.440,498.399
603.714,708.504,449.830,603.714,285.384,305.404,409.393
554.997,546.818,856.231,554.997,269.110,344.576,448.897
457.796,612.019,377.249,457.796,612.082,744.186,187.417
151.280,467.248,284.711,151.280,256.483,864.774,479.443
545.759,715.326,675.153,545.759,638.155,776.485,601.926
284.553,287.654,495.587,284.553,482.037,629.310,290.070
442.572,612.046,506.825,442.572,587.015,501.938,316.149
863.199,341.351,592.445,863.199,299.069,819.328,220.833
239.980,237.879,664.040,239.980,477.261,349.694,571.415
726.384,735.825,527.904,726.384,517.571,515.035,494.136
624.817,776.909,138.527,624.817,835.942,323.405,864.026
569.436,691.176,489.479,569.436,401.615,603.069,440.230
581.568,395.575,524.396,581.568,703.923,554.872,971.207
438.855,778.780,330.824,438.855,462.344,475.597,429.231
588.440,233.865,351.379,588.440,612.161,401.886,699.064
298.921,74.580,611.935,298.921,916.172,121.324,406.620
514.997,397.716,547.157,514.997,527.746,443.193,333.563
616.180,577.598,358.973,616.180,570.715,463.199,507.831
396.667,880.295,600.971,396.667,519.432,242.095,608.244
369.154,168.199,526.331,369.154,417.891,723.613,607.017
366.717,94.488,285.386,366.717,430.632,467.320,562.903
430.922,282.602,455.398,430.922,427.955,391.864,405.975
502.164,415.374,274.994,502.164,79.846,623.618,502.773
68.859,31.250,506.370,390.952,858.112,584.075,647.825
633.796,642.575,427.768,665.616,596.604,513.161,672.559
373.133,432.663,425.031,697.870,500.876,495.104,148.178
711.444,619.653,437.688,555.704,538.336,341.900,716.518
144.553,448.490,91.157,492.159,461.847,692.553,551.095
670.180,350.402,617.268,269.370,502.244,483.645,387.491
96.055,493.015,496.550,508.020,474.049,278.361,708.057
618.100,684.354,490.094,210.209,540.265,481.791,715.720
502.553,819.500,772.784,433.136,535.743,629.328,524.920
468.534,594.622,742.364,286.967,836.152,534.549,819.232
484.730,791.407,809.038,711.173,690.719,508.740,487.432
379.734,737.770,971.103,385.771,430.198,293.004,411.034
671.040,257.773,662.664,437.468,268.783,539.743,535.997
344.829,463.705,478.952,378.537,750.878,640.971,223.348
520.071,457.125,599.103,640.753,602.473,919.328,749.551
404.574,421.973,505.786,293.951,536.554,666.443,249.642
532.946,224.148,506.271,735.052,420.014,446.293,689.786
412.105,405.589,397.769,211.385,565.578,428.158,589.331
316.043,359.815,318.240,299.279,441.158,31.250,529.106
744.145,754.459,670.887,417.427,713.007,538.006,583.409
317.286,363.521,695.065,356.921,468.484,724.917,439.558
540.062,166.439,241.353,498.418,600.022,368.457,373.833
703.000,759.832,609.560,326.383,764.950,365.980,389.312
429.565,529.630,457.918,231.021,778.936,203.188,506.989
453.168,693.362,406.990,359.186,516.556,437.107,379.676
425.319,171.507,616.860,632.275,483.334,723.838,543.638
402.244,568.751,464.151,448.663,565.610,396.474,331.356
786.484,695.131,350.962,969.242,497.851,238.288,694.986
139.924,579.443,473.184,383.497,507.818,240.996,634.392
625.232,320.253,31.250,345.126,320.341,368.404,316.704
864.857,577.048,380.425,138.078,494.911,703.858,626.188
281.135,188.454,410.878,267.600,549.404,696.342,353.124
662.192,504.244,144.741,277.066,533.464,469.133,810.383
562.777,690.642,533.037,464.926,430.692,759.033,402.372
685.653,489.369,548.125,755.364,578.948,208.217,305.814
384.850,546.068,362.375,458.007,669.908,604.552,306.662
792.336,581.211,452.151,147.897,423.209,238.732,299.912
543.234,535.593,627.731,557.259,312.576,857.004,502.711
471.881,576.869,710.038,622.175,487.814,445.049,424.634
762.830,564.955,331.275,355.953,345.222,31.250,858.483
755.952,520.379,559.338,523.380,724.079,648.811,681.765
322.826,183.930,707.442,799.483,349.065,565.951,311.846
569.305,234.890,486.422,704.169,831.258,666.792,356.544
633.623,296.318,332.032,410.178,547.451,632.693,651.504
689.152,623.427,332.186,314.506,595.849,419.801,435.401
341.906,630.632,425.546,706.200,518.063,182.276,371.907
786.961,748.161,268.578,415.229,365.787,238.110,340.303
782.331,279.415,862.387,978.089,654.715,625.482,129.093
693.995,782.106,365.438,407.361,484.769,446.154,887.790
489.464,443.194,554.658,533.358,638.624,420.556,164.141
435.588,407.427,509.479,318.775,198.517,412.302,115.399
575.468,538.967,594.753,180.498,464.901,410.344,552.588
240.294,815.158,390.195,450.502,499.874,537.194,446.998
132.401,440.569,165.825,444.535,698.032,434.051,504.697
535.739,380.285,902.516,1034.369,665.253,387.343,353.131
763.333,161.034,452.432,435.445,274.605,669.658,917.292
276.007,186.753,488.017,726.353,293.479,225.757,168.583
325.486,696.676,499.607,731.305,222.309,558.894,408.507
303.683,272.413,717.449,558.339,710.048,323.187,796.751
594.381,934.493,610.741,244.940,442.246,350.592,680.234
320.894,31.250,624.303,734.088,234.320,245.759,505.768
470.506,431.723,384.653,529.139,403.135,453.358,604.604
508.604,359.926,467.143,254.030,387.686,584.856,411.694
440.456,349.790,316.703,274.590,520.273,328.307,257.169
451.481,425.072,463.343,461.132,391.662,261.198,358.135
563.703,514.491,205.485,772.356,674.510,321.148,596.203
871.850,177.477,187.461,234.936,608.866,562.679,251.916
381.415,716.032,445.622,626.603,762.293,689.062,602.440
601.324,629.148,201.547,803.812,454.691,559.539,767.866
698.849,590.999,800.315,351.024,736.833,575.057,572.837
417.121,37.718,660.664,589.723,236.011,493.343,592.917
290.895,547.002,584.745,626.681,529.706,489.728,418.007
538.015,328.590,614.657,705.687,76.431,769.085,536.289
439.174,386.335,576.336,480.968,522.352,430.087,122.998
762.301,263.835,265.098,180.420,529.948,329.005,192.059
475.718,647.624,342.818,414.957,591.945,476.971,561.223
548.073,527.328,587.152,645.432,301.459,824.995,803.353
682.031,310.884,367.988,669.618,427.788,809.324,432.367
236.853,266.828,438.915,437.396,118.761,228.370,340.848
315.159,449.339,513.474,607.824,486.510,559.211,582.924
335.014,786.782,590.520,640.218,652.847,642.921,294.139
467.804,444.360,31.250,736.988,448.686,303.190,492.926
582.726,584.320,506.757,510.720,262.110,695.595,119.343
620.493,641.377,948.189,248.861,580.097,55.161,886.866
289.224,566.417,520.954,359.032,805.960,306.180,31.250
237.176,421.120,785.014,143.917,502.468,745.523,222.604
695.650,505.796,413.349,354.384,31.250,254.221,338.454
711.465,504.955,691.487,448.084,244.263,512.434,771.139
454.098,631.522,907.673,195.339,219.162,264.426,780.648
544.698,745.741,636.262,534.984,482.272,823.800,705.629
31.250,207.173,695.445,585.040,647.654,247.637,311.066
562.540,705.015,715.835,478.126,525.821,634.052,759.986
159.595,329.290,407.398,347.579,575.833,441.516,315.339
140.161,420.508,367.443,681.349,324.666,372.162,651.604
541.621,476.649,598.085,1050.706,712.931,735.718,508.620
385.131,493.725,307.490,463.248,403.129,621.499,276.023
556.070,725.027,513.527,738.882,316.464,814.630,675.493
347.298,451.951,551.139,416.363,363.125,528.773,617.754
619.758,118.252,671.363,472.954,546.811,616.893,240.220
714.241,719.779,450.274,645.823,589.488,459.119,712.183
556.379,90.561,604.973,341.821,503.458,219.294,591.021
506.972,419.681,468.782,471.626,737.559,368.281,670.385
640.729,560.675,741.482,340.024,467.834,915.132,560.539
440.520,344.127,371.390,386.677,459.010,642.236,493.397
689.196,519.444,385.414,676.413,314.205,585.648,592.932
731.307,635.807,527.287,151.326,320.377,486.279,710.513
586.588,635.325,886.006,460.661,598.993,420.383,485.248
342.251,406.298,515.218,229.860,620.470,361.889,387.730
492.031,503.825,474.053,183.858,560.567,277.899,502.775
707.956,744.153,381.255,681.632,587.077,372.881,413.288
810.080,602.044,633.539,446.565,500.395,352.480,301.804
539.746,639.648,371.041,825.613,439.361,594.701,464.708
507.979,616.121,438.764,625.998,619.644,638.918,592.216
803.932,503.218,433.605,470.664,457.956,474.750,796.067
635.135,316.617,660.208,407.243,1015.381,683.888,476.789
466.373,507.934,338.817,447.636,918.115,796.558,437.742
470.653,736.378,338.301,549.690,382.656,346.882,429.759
31.250,299.198,503.034,452.628,352.140,340.546,402.089
611.304,306.263,474.556,628.196,756.226,394.554,573.999
332.722,544.020,94.398,757.090,412.051,664.388,441.527
606.757,476.638,605.456,258.605,428.792,580.575,497.227
451.540,420.567,467.489,541.819,460.750,672.700,521.343
609.474,260.782,647.452,715.410,564.793,346.989,251.160
507.656,405.133,720.228,311.525,125.253,203.617,552.401
326.400,438.268,676.549,484.668,595.834,493.665,415.016
206.052,988.354,554.570,696.736,726.482,640.946,526.794
562.456,362.759,505.004,647.261,654.821,564.566,389.146
296.517,434.769,923.512,200.976,568.056,631.629,607.298
710.942,254.717,617.603,741.689,549.668,733.074,493.947
295.681,791.883,661.196,674.450,294.269,304.340,466.470
540.750,445.885,434.200,316.007,512.502,674.440,218.706
682.524,601.921,670.364,459.603,353.555,227.639,523.304
611.368,437.311,612.762,538.924,303.093,509.091,653.327
142.046,102.403,459.397,507.125,395.189,601.269,710.200
477.750,536.892,773.440,484.186,288.439,47.532,243.051
850.999,119.464,575.792,334.734,328.274,331.492,762.020
494.358,248.272,620.299,536.669,808.453,571.918,188.604
382.902,378.696,595.269,729.319,443.290,574.593,760.789
582.077,529.279,443.280,432.596,482.493,532.058,296.130
487.865,436.192,564.256,189.607,643.324,491.527,480.511
738.393,501.356,745.295,576.371,500.793,377.258,377.401
401.042,759.014,392.636,244.158,588.564,199.522,382.204
653.769,762.695,365.930,571.714,451.290,507.209,219.936
505.527,782.391,367.613,77.688,349.640,511.895,211.328
518.666,639.690,611.977,378.881,727.594,512.636,570.954
550.353,361.392,428.601,520.059,249.268,485.184,69.518
389.604,543.674,530.067,453.610,768.320,487.677,371.618
361.449,704.740,649.881,31.250,674.102,223.854,557.878
205.691,661.287,328.089,454.104,742.505,828.221,317.667
670.442,527.234,702.635,590.614,620.105,573.907,334.872
332.699,388.343,493.808,637.627,286.760,475.267,619.024
209.096,223.857,455.367,433.471,314.908,297.469,393.127
540.413,196.714,696.092,424.695,559.687,587.069,241.308
508.912,589.223,544.813,318.129,619.709,685.518,31.250
555.984,625.230,329.008,463.067,660.639,540.061,687.719
452.799,328.017,472.985,451.639,575.411,368.537,446.723
815.068,1095.112,363.389,471.692,749.886,762.480,291.937
450.680,636.742,511.582,510.182,416.114,218.778,581.213
125.450,663.297,405.616,688.782,584.279,828.621,346.995
628.716,373.618,421.906,643.728,713.349,240.603,428.760
690.515,495.285,611.133,415.328,367.679,729.343,190.323
379.201,550.068,122.249,189.380,214.061,253.994,459.296
575.581,500.242,500.712,596.472,554.736,503.932,322.123
540.267,135.225,423.605,512.999,634.663,510.101,676.766
566.616,458.645,501.344,778.720,431.118,536.762,572.213
422.621,256.626,31.250,571.942,367.972,456.073,491.145
591.718,642.118,265.789,837.524,291.821,338.519,314.816
693.054,136.233,351.977,505.441,536.250,393.644,468.211
483.848,918.124,744.770,806.852,438.801,837.486,704.807
481.378,805.889,257.480,648.448,549.723,504.216,320.599
172.806,500.869,276.012,502.775,555.141,300.662,645.799
646.921,334.816,389.473,903.061,484.199,594.521,628.572
339.718,661.093,445.065,831.068,690.492,422.929,384.041
349.688,330.920,298.929,406.612,433.512,783.784,848.600
666.475,417.805,399.083,584.252,546.034,564.314,758.840
727.707,806.442,31.250,379.265,254.046,643.450,442.213
600.071,632.700,851.796,348.167,281.754,864.647,650.657
629.853,373.989,298.564,170.813,458.453,407.898,589.309
659.430,320.797,357.090,201.114,578.015,676.860,328.246
416.313,611.680,897.023,704.745,456.915,417.390,598.623
443.131,506.148,571.281,448.330,375.060,591.213,433.950
606.038,534.725,253.681,483.115,472.535,819.541,560.114
547.790,174.418,463.924,370.115,419.712,511.651,302.354
176.892,460.190,951.076,520.471,711.605,341.447,876.014
421.796,389.068,525.578,352.506,181.049,572.859,395.831
802.766,768.874,535.504,521.430,531.148,450.902,576.588
341.317,519.950,675.007,403.601,738.627,758.721,1154.576
284.425,548.575,491.750,360.153,265.010,812.344,631.830
648.496,549.467,533.761,533.946,519.474,644.960,610.392
157.847,308.460,543.773,768.720,704.136,808.386,508.644
502.965,284.382,682.268,493.659,637.995,509.589,543.008
522.610,897.212,238.004,611.909,592.003,615.133,490.577
510.264,429.811,361.715,779.348,112.508,581.873,456.849
719.350,805.485,426.069,668.958,280.402,189.191,384.100
492.738,331.190,528.566,512.452,700.483,215.839,269.435
838.553,502.340,321.293,676.068,505.525,716.114,595.232
664.861,630.367,436.636,220.001,740.735,388.859,316.410
777.751,621.562,290.081,602.574,679.642,352.802,621.650
258.922,570.552,279.423,669.032,484.139,406.613,589.885
755.725,535.346,509.187,336.694,383.179,844.181,678.001
605.075,444.891,301.765,592.331,281.107,687.858,303.223
713.615,433.640,903.052,746.374,132.247,586.611,586.241
341.929,203.197,586.938,415.186,459.374,598.426,516.057
363.828,517.653,681.379,725.797,644.764,426.907,332.130
371.854,703.444,643.116,558.720,670.917,814.310,326.811
651.414,419.520,203.770,525.901,691.695,712.741,557.965
395.554,539.864,31.250,406.587,596.310,507.571,584.833
467.581,678.158,559.470,623.943,442.242,189.572,460.058
206.031,658.301,184.799,348.973,495.779,659.176,427.064
369.386,745.458,426.565,447.735,867.609,606.425,173.945
526.809,550.567,498.426,645.182,468.362,376.780,710.016
429.617,364.815,318.202,743.567,582.627,328.541,463.087
594.512,447.740,507.752,700.393,836.340,322.592,355.356
503.486,726.859,637.214,288.710,620.719,701.749,365.727
816.073,674.967,584.035,498.815,372.098,300.666,408.751
382.886,766.363,642.306,326.446,834.953,278.811,283.380
224.322,458.880,451.433,504.956,244.610,543.452,525.914
561.006,107.137,702.375,458.443,476.419,652.324,503.196
541.232,745.574,497.248,743.472,593.283,472.295,480.862
387.101,435.418,848.906,463.114,572.066,336.553,1051.492
607.897,722.610,556.342,633.906,700.738,464.893,578.823
763.314,394.334,588.512,658.623,580.382,484.125,738.299
330.658,329.506,367.739,484.584,394.285,685.939,654.715
588.542,174.168,516.696,413.416,422.222,353.627,558.755
566.171,848.802,235.835,114.039,403.009,677.451,531.646
607.816,857.403,500.589,341.288,197.697,437.286,488.952
708.500,313.792,430.222,520.821,497.230,506.534,526.816
796.571,513.723,427.346,516.296,738.377,769.393,367.735
909.316,629.836,492.542,651.583,500.310,587.171,328.825
556.106,828.702,495.301,543.678,488.045,710.212,431.214
133.848,279.760,538.020,563.578,604.914,761.552,383.433
549.411,557.497,477.002,727.283,826.724,427.020,208.018
396.368,413.524,453.831,789.973,281.585,215.697,344.682
342.948,636.424,391.350,489.421,464.227,448.769,493.574
624.962,778.630,543.995,278.411,1044.958,341.225,345.803
1061.685,393.235,224.020,458.127,705.832,241.275,553.662
848.889,750.766,797.484,647.605,367.826,394.031,605.353
368.349,444.224,890.687,443.294,607.998,345.109,256.992
916.973,472.732,862.332,333.079,480.922,602.197,632.150
674.697,635.405,381.576,515.669,444.005,308.204,640.170
835.419,540.141,443.069,608.953,395.220,283.833,532.609
683.432,563.593,487.813,785.902,507.546,536.003,611.202
171.460,376.801,599.767,495.267,31.250,798.096,237.390
528.038,672.153,277.940,395.394,640.090,547.700,253.361
216.830,683.348,703.616,72.742,655.412,97.792,653.820
362.810,328.895,651.208,571.759,555.959,570.277,294.030
417.867,519.740,592.608,796.358,231.990,528.593,658.491
463.921,661.911,395.761,325.083,448.700,367.293,454.823
618.352,605.608,628.289,525.329,353.981,289.667,543.244
584.795,440.965,616.131,931.924,577.751,278.471,597.184
421.590,677.044,259.538,299.509,382.949,129.617,255.906
403.210,532.143,926.122,447.876,665.278,433.960,346.689
515.778,354.310,445.461,537.351,529.326,711.867,600.999
510.669,472.709,555.835,356.696,336.907,601.908,643.121
377.072,500.368,415.902,600.517,499.436,522.896,174.352
621.983,326.475,566.732,657.384,350.278,542.200,773.106
407.195,551.847,699.455,136.757,343.712,221.865,597.756
511.630,463.542,393.734,378.531,338.810,163.247,474.387
537.624,373.602,219.844,261.536,659.574,605.166,378.893
445.354,766.165,455.507,704.681,500.885,411.116,387.163
546.767,527.942,301.976,401.579,281.607,655.449,290.601
684.242,915.861,388.323,352.129,530.827,334.000,691.278
728.857,388.855,494.883,689.890,563.015,503.882,572.390
31.250,480.576,501.646,510.517,757.260,626.661,412.445
425.235,898.187,925.909,750.968,605.440,553.095,621.254
272.679,411.218,321.069,885.931,622.788,223.045,682.472
666.541,150.858,567.939,679.900,668.321,105.553,773.829
418.020,741.818,429.742,708.941,293.611,330.963,365.461
745.740,358.954,743.061,680.922,243.713,728.550,588.487
362.541,661.463,1022.503,596.633,461.454,230.417,486.850
239.217,269.058,606.294,224.396,863.928,702.582,220.190
383.292,537.203,844.462,222.595,334.509,500.973,658.550
561.508,106.600,413.866,761.143,655.588,659.376,244.854
427.425,548.809,376.602,342.543,460.851,400.140,508.190
605.528,455.663,301.473,317.919,435.089,673.246,607.367
447.513,405.758,168.096,873.561,314.656,376.985,364.454
827.637,31.250,328.028,498.399,707.725,664.082,699.505
513.863,375.791,450.023,409.393,406.233,285.384,699.835
707.749,182.833,682.486,448.897,806.472,269.110,593.268
641.029,591.984,600.707,187.417,509.031,612.082,326.996
31.250,685.781,564.365,479.443,233.901,256.483,247.984
412.881,345.176,422.961,601.926,499.142,638.155,783.059
312.498,338.338,369.117,290.070,836.090,482.037,671.375
697.234,497.206,488.196,316.149,489.745,587.015,805.091
637.618,242.388,499.099,220.833,528.706,299.069,541.839
541.354,481.823,513.629,571.415,433.224,477.261,138.799
670.684,607.744,528.593,494.136,436.076,517.571,596.650
271.714,206.580,445.708,864.026,751.240,835.942,332.265
715.974,602.823,31.250,440.230,718.742,401.615,466.627
312.058,579.422,275.348,971.207,589.250,703.923,225.322
226.136,620.910,328.035,429.231,999.400,462.344,525.442
717.707,645.499,770.144,699.064,522.606,612.161,762.237
378.313,638.050,415.260,406.620,805.841,916.172,533.809
299.456,537.265,589.765,333.563,590.872,527.746,216.687
471.525,682.514,733.809,507.831,339.757,570.715,621.523
853.637,554.877,536.843,608.244,517.597,519.432,528.640
732.814,390.034,420.326,607.017,878.833,417.891,586.561
622.044,658.869,434.103,562.903,309.260,430.632,513.413
251.645,780.312,304.579,405.975,293.544,427.955,589.375
518.653,562.472,525.450,502.773,501.405,79.846,317.466
443.827,375.182,211.254,687.511,506.286,353.826,409.960
844.848,754.508,185.444,576.784,436.776,602.536,485.061
492.851,692.536,808.616,480.041,255.981,293.847,831.935
305.869,814.632,125.365,452.778,214.936,413.208,572.070
474.855,780.942,488.937,784.928,499.837,630.888,31.250
779.020,399.467,216.607,899.186,453.412,639.721,699.263
441.284,392.655,343.856,464.485,448.206,643.768,408.229
387.330,773.402,387.253,302.212,295.142,267.375,625.792
692.676,680.656,251.700,513.881,447.874,671.650,632.729
372.011,275.505,169.948,977.945,428.432,162.586,443.110
603.939,840.817,762.038,208.850,380.921,254.625,867.019
441.992,604.890,633.300,426.778,482.344,446.325,425.513
579.748,567.560,204.045,397.835,888.795,651.059,319.856
534.415,500.233,350.729,152.752,406.419,386.620,402.915
556.702,271.544,473.278,444.135,878.224,530.511,602.289
332.296,482.592,689.874,708.176,303.327,373.607,709.906
386.736,361.954,764.723,532.774,529.602,581.631,338.814
506.426,351.327,396.181,528.715,430.367,221.440,388.331
226.410,736.421,591.740,340.942,568.493,494.731,772.478
574.388,547.510,640.950,627.966,712.520,298.679,616.421
633.727,654.772,371.998,290.428,536.329,786.503,333.255
574.803,443.853,466.505,334.683,514.278,612.275,524.691
470.199,416.040,388.504,670.242,609.083,322.377,554.023
477.155,655.048,577.497,303.307,580.376,258.287,675.785
410.589,744.407,447.746,389.789,497.094,363.305,575.728
224.834,348.185,564.397,479.568,489.042,797.805,360.970
429.469,557.564,363.178,622.243,558.141,428.115,440.530
540.524,715.424,291.380,285.122,618.166,784.979,364.306
563.424,442.453,493.777,467.274,379.051,226.591,654.784
751.557,281.552,452.891,549.773,739.943,144.517,665.794
258.706,888.457,786.420,470.670,377.666,250.051,291.637
268.004,332.446,608.842,856.232,319.541,445.426,700.497
749.617,649.780,741.014,624.359,540.808,616.191,438.015
742.138,487.307,685.117,419.819,270.677,269.246,430.491
547.614,512.694,726.924,303.245,340.318,560.472,632.871
519.418,485.858,497.596,506.641,336.127,438.210,515.490
480.625,365.357,445.532,379.060,71.583,479.661,256.355
463.585,382.549,369.587,233.489,753.814,745.709,722.339
700.135,326.872,458.450,641.548,301.196,196.642,430.200
466.480,285.971,493.875,255.654,656.112,590.898,503.674
608.196,679.116,558.878,805.496,572.384,433.317,826.301
286.483,517.668,464.201,642.447,545.505,426.753,545.611
380.509,556.399,31.348,518.928,365.784,601.925,471.519
141.554,574.406,1001.765,551.775,318.593,684.487,562.384
239.235,522.794,506.509,443.246,444.843,131.664,510.990
646.557,747.106,554.854,205.718,284.510,604.123,692.645
587.668,548.347,459.167,636.583,724.744,416.352,574.581
428.285,618.208,649.190,182.083,153.562,571.347,710.563
674.982,432.567,616.145,322.183,607.578,753.331,712.432
441.931,649.140,395.187,370.644,457.765,525.136,532.541
415.980,567.885,476.771,594.324,201.642,739.831,901.392
632.022,457.606,610.414,560.389,539.654,105.140,317.765
228.997,695.506,619.963,555.351,621.257,98.503,606.744
661.980,333.612,720.003,718.776,538.962,751.802,741.484
770.346,814.780,512.628,426.674,491.800,874.515,361.834
227.954,255.299,594.169,587.211,390.228,858.975,303.326
989.135,657.350,539.636,296.682,31.250,344.611,722.621
544.406,393.059,575.709,493.530,493.364,772.159,401.331
671.196,598.885,487.481,538.004,568.530,396.538,741.838
748.198,581.536,698.914,470.125,523.103,481.641,676.512
587.444,366.556,669.627,509.513,512.022,795.165,589.857
634.488,518.476,444.551,370.922,491.936,602.550,476.158
440.523,249.919,408.806,243.372,750.100,693.516,353.064
668.306,247.028,520.447,519.219,736.163,495.256,287.884
402.740,724.244,452.357,556.022,513.530,235.846,719.883
750.443,522.458,691.555,382.687,357.755,446.055,447.334
772.979,834.323,615.742,479.749,693.034,294.586,463.747
541.704,503.885,780.977,448.357,756.956,605.938,468.616
348.975,576.486,1016.932,700.002,136.448,1123.961,300.778
705.857,629.974,441.171,693.327,440.195,274.163,826.459
553.414,408.108,383.430,499.047,500.054,538.182,564.941
311.455,617.137,537.039,344.260,448.905,718.574,516.458
610.397,762.577,517.057,599.870,586.940,551.807,386.805
690.173,769.634,394.235,787.870,268.828,272.843,31.250
370.122,441.794,274.917,570.431,226.742,611.801,459.470
593.654,677.791,899.268,557.866,382.623,884.670,634.597
295.786,474.843,487.072,631.923,489.299,119.214,485.879
461.984,251.677,357.265,307.080,210.810,564.382,646.157
443.181,514.251,139.951,686.736,560.059,751.763,756.299
674.358,512.080,763.217,493.336,413.792,773.711,837.395
462.070,441.374,574.791,499.025,302.506,536.375,620.347
488.016,377.413,529.203,288.123,415.092,590.824,338.822
794.407,703.828,364.962,531.908,612.627,595.360,949.932
441.347,329.236,518.124,553.898,644.599,434.798,561.974
454.138,344.522,473.535,193.965,454.642,405.386,530.503
594.493,485.849,31.250,584.158,599.606,385.542,226.586
557.803,734.607,912.551,88.942,699.711,48.849,346.387
201.338,390.288,578.033,522.309,644.992,659.554,266.362
246.437,462.190,460.168,551.400,178.231,561.147,166.160
409.937,1040.258,359.653,538.805,349.124,570.085,448.306
206.614,532.944,412.142,460.671,797.295,432.069,334.884
635.276,471.165,886.328,597.446,206.338,314.234,532.949
719.582,598.749,554.514,736.591,382.057,416.218,466.111
496.116,180.416,303.180,679.744,585.288,550.554,618.566
408.979,245.987,631.208,682.997,285.924,311.411,597.400
732.522,889.520,572.999,247.838,584.729,268.136,211.613
638.034,509.090,579.857,392.115,453.324,795.131,136.809
840.494,387.013,486.004,625.136,665.792,441.980,477.573
305.024,591.445,484.599,31.250,522.972,317.510,592.441
430.931,640.397,545.535,384.223,234.130,866.424,790.123
291.598,371.584,487.619,511.679,263.424,525.670,526.737
234.380,520.434,300.863,378.954,271.354,429.448,374.271
853.578,270.286,368.629,619.587,399.736,268.625,487.251
732.437,488.960,520.185,657.028,717.965,541.880,450.914
335.835,543.325,264.717,479.341,643.580,619.583,696.968
793.045,601.573,495.370,606.886,350.920,445.034,534.073
408.819,77.225,468.255,648.082,257.059,445.202,540.439
546.856,460.725,626.912,110.645,515.211,406.263,555.517
447.426,570.159,539.574,434.670,204.353,329.411,522.252
164.446,577.814,468.883,408.664,443.646,682.879,433.239
235.901,617.285,465.405,475.979,358.680,536.499,842.735
625.063,383.248,568.225,425.290,566.896,311.313,366.964
344.018,437.959,644.032,473.779,423.328,496.525,609.743
465.691,604.019,351.451,717.960,411.823,637.618,163.330
341.647,561.464,273.920,647.267,337.627,475.698,404.421
690.969,342.485,401.448,568.872,293.795,656.905,784.406
516.378,822.095,41.553,618.430,498.697,228.123,181.063
408.123,442.253,386.002,331.840,520.549,295.615,270.534
653.269,535.150,625.963,537.367,765.490,598.185,450.036
537.716,831.868,646.743,352.488,539.438,673.136,553.021
374.926,389.180,292.902,627.901,341.723,661.670,232.757
408.608,210.749,437.086,681.993,445.258,509.124,925.433
796.288,881.249,903.434,396.937,756.525,426.812,488.663
606.150,504.269,476.995,399.090,120.636,631.676,631.510
277.520,169.615,592.332,954.768,762.745,95.216,502.728
415.994,461.286,536.380,573.378,693.910,737.116,416.670
386.968,577.147,433.485,496.773,810.943,460.645,681.704
364.083,644.075,351.142,458.322,586.788,507.818,699.294
669.014,574.895,517.866,630.659,427.043,224.164,226.721
503.075,899.632,538.984,578.323,510.184,301.916,787.261
455.789,379.941,562.554,485.795,415.476,387.362,830.096
510.991,257.736,599.234,391.428,565.669,669.719,479.931
594.569,423.927,267.737,672.057,548.030,655.794,452.907
136.666,194.476,296.085,651.814,457.330,741.877,148.813
477.806,347.681,573.266,529.680,340.003,374.524,288.641
521.556,903.539,471.698,552.565,514.029,504.458,611.521
645.768,221.261,231.285,561.979,774.946,282.046,687.308
665.145,620.650,324.792,591.874,31.250,433.338,504.401
584.823,260.338,889.689,556.150,625.793,356.209,373.577
566.539,471.009,428.693,277.357,646.738,596.979,642.436
196.519,386.711,444.703,337.912,614.372,508.785,436.585
503.304,31.250,551.532,690.746,550.674,536.594,581.081
526.103,377.706,575.531,717.150,672.006,605.873,537.517
267.521,625.144,104.766,360.136,511.304,386.485,455.398
386.590,369.914,380.747,578.017,735.688,278.251,331.896
342.112,769.679,803.643,291.431,518.685,526.578,345.541
523.808,418.089,303.765,351.088,443.686,208.718,878.966
701.946,526.371,493.949,384.892,558.522,386.471,706.103
396.072,516.764,716.663,653.944,596.113,642.188,473.937
596.767,193.550,474.347,933.484,487.380,552.258,345.037
353.284,370.515,481.126,561.657,359.744,440.670,405.222
479.505,281.045,342.734,460.031,290.356,992.736,715.290
353.361,493.969,371.232,109.953,541.867,566.297,383.911
197.470,937.082,679.350,295.545,448.018,398.724,570.497
533.363,566.086,599.310,579.283,773.660,436.685,639.035
472.072,518.359,562.154,409.804,491.776,867.499,440.639
346.351,525.764,459.872,534.323,529.817,922.921,456.415
217.807,687.191,830.491,714.254,521.979,243.709,393.184
510.597,317.422,877.833,329.161,267.996,433.233,462.230
418.777,574.308,649.637,568.742,475.709,782.706,466.832
648.695,734.724,439.009,601.822,721.883,267.389,163.760
366.364,256.912,310.980,352.810,575.188,567.719,479.059
634.598,814.579,781.783,398.715,634.164,190.804,418.301
473.511,445.571,826.790,699.508,1056.063,523.352,537.667
335.005,504.305,291.503,952.565,210.522,417.731,759.389
329.543,339.104,413.670,680.230,495.105,333.017,442.434
709.875,544.997,31.250,498.642,345.104,685.676,620.905
581.804,256.033,332.199,398.412,739.043,608.935,801.227
461.254,506.944,775.626,369.612,896.409,580.910,592.439
322.515,422.977,585.594,731.877,468.065,292.757,175.047
460.961,705.998,589.496,565.093,444.358,556.257,516.678
519.029,31.250,408.761,595.687,428.521,521.825,712.954
192.880,693.298,301.855,554.169,450.134,440.278,541.730
383.087,431.392,411.057,660.120,994.007,561.814,544.289
449.293,31.250,638.960,768.955,326.175,303.115,652.308
557.763,342.983,519.736,889.195,435.357,156.229,683.530
348.986,216.359,557.750,214.425,211.520,500.961,175.436
357.782,197.836,554.690,376.625,680.468,814.306,624.093
200.545,643.994,331.066,673.344,306.287,248.594,360.732
684.652,475.397,469.201,678.108,498.351,619.670,619.421
286.686,283.833,449.877,730.163,770.845,734.088,513.994
201.028,536.003,31.250,307.022,543.249,529.139,604.039
712.997,798.096,226.126,480.399,413.345,254.030,311.839
444.619,547.700,309.639,584.901,698.610,274.590,675.457
402.194,97.792,548.663,482.655,770.313,461.132,586.701
213.763,570.277,132.653,873.045,275.926,772.356,445.738
365.160,528.593,855.002,599.041,492.792,234.936,809.319
100.186,367.293,249.508,206.656,665.122,626.603,450.407
640.855,289.667,370.872,391.451,353.421,803.812,608.464
560.545,278.471,589.552,592.583,204.804,351.024,501.896
561.197,129.617,408.549,449.214,467.136,589.723,357.424
604.164,433.960,291.145,725.989,573.472,626.681,325.810
487.606,711.867,418.271,355.595,504.166,705.687,449.797
619.440,601.908,528.142,506.431,495.362,480.968,142.552
365.492,522.896,36.684,130.739,432.189,180.420,233.773
777.281,542.200,412.644,689.197,348.598,414.957,559.589
836.005,221.865,445.376,591.878,386.000,645.432,610.787
236.797,163.247,399.301,404.002,588.796,669.618,642.725
459.882,605.166,570.161,578.473,608.122,437.396,346.546
211.943,411.116,343.627,171.402,473.288,607.824,807.794
522.320,655.449,365.438,477.091,691.814,640.218,371.738
495.471,334.000,432.877,582.053,420.769,736.988,559.306
607.731,503.882,560.199,635.239,587.962,510.720,836.191
291.035,626.661,395.226,672.493,630.922,248.861,124.236
714.666,553.095,921.359,141.621,376.807,359.032,360.650
527.589,223.045,249.672,376.410,397.858,143.917,550.793
732.379,105.553,673.768,548.409,354.679,354.384,731.969
402.731,330.963,301.806,431.941,526.348,448.084,350.441
441.957,728.550,421.656,263.536,531.175,195.339,516.460
280.544,230.417,511.606,810.309,427.632,534.984,592.255
582.374,702.582,995.000,245.200,302.066,585.040,745.283
400.154,500.973,679.913,607.254,295.169,478.126,505.767
505.777,659.376,472.557,224.251,339.241,347.579,412.198
365.087,400.140,776.614,551.036,708.339,681.349,456.521
910.150,673.246,472.634,450.935,384.229,1050.706,466.813
586.387,376.985,434.531,310.274,400.022,463.248,472.822
299.179,664.082,574.636,766.477,408.733,738.882,271.808
713.794,285.384,518.260,555.595,587.903,416.363,291.514
522.473,269.110,675.007,509.312,383.020,472.954,635.755
666.330,612.082,447.092,689.236,695.036,645.823,542.508
483.471,256.483,586.214,422.165,740.631,341.821,290.200
320.382,638.155,638.254,237.516,529.626,471.626,757.412
392.409,482.037,583.876,286.615,548.890,340.024,322.611
457.054,587.015,531.582,813.406,230.169,386.677,337.481
444.801,299.069,410.336,742.555,398.269,676.413,475.206
501.020,477.261,685.326,165.094,602.181,151.326,768.104
628.522,517.571,559.212,427.488,652.036,460.661,545.701
337.588,835.942,623.845,459.583,123.850,229.860,721.499
754.600,401.615,482.302,615.440,688.198,183.858,710.311
495.595,703.923,532.744,451.136,130.348,681.632,607.706
523.700,462.344,390.538,181.635,482.212,446.565,430.059
627.311,612.161,533.544,617.713,587.534,825.613,542.186
590.287,916.172,653.739,437.645,497.699,625.998,201.975
634.774,527.746,550.975,425.615,577.804,470.664,483.551
89.147,570.715,696.367,729.861,785.426,407.243,891.787
313.260,519.432,612.585,635.444,731.347,447.636,775.731
712.174,417.891,825.576,690.935,244.928,549.690,853.226
485.116,430.632,566.608,363.209,278.064,452.628,462.591
579.215,427.955,434.518,795.335,186.483,628.196,519.009
812.310,79.846,604.964,406.790,355.560,757.090,76.034
701.573,494.764,741.843,389.180,685.850,589.540,1036.837
629.204,393.169,595.510,210.749,125.681,340.479,597.152
356.732,561.445,561.453,881.249,761.488,460.588,443.614
251.180,378.859,603.609,504.269,279.136,300.738,322.108
592.037,453.994,464.403,169.615,641.705,292.555,167.922
443.612,419.092,695.578,461.286,347.418,708.879,634.870
699.170,588.135,869.998,577.147,574.404,777.815,521.987
823.778,424.870,861.168,644.075,250.588,283.065,357.870
121.016,380.981,367.020,574.895,670.481,351.613,288.459
607.747,634.012,791.232,899.632,685.530,623.664,260.633
394.364,607.763,485.687,379.941,594.387,357.048,605.438
742.333,539.099,295.407,257.736,614.991,453.410,442.875
31.250,473.195,389.481,423.927,310.809,612.303,579.253
137.649,722.094,416.032,194.476,464.510,634.993,539.690
454.694,594.643,545.935,347.681,437.697,576.131,218.971
565.983,357.933,389.295,903.539,644.564,540.200,731.546
585.681,398.819,282.741,221.261,130.456,240.650,616.991
316.833,598.036,479.329,620.650,228.304,502.327,672.834
773.569,539.186,676.140,260.338,473.986,408.331,719.767
81.406,546.328,378.671,471.009,561.159,365.660,715.516
622.548,334.773,579.183,386.711,375.938,554.309,711.149
400.083,546.469,508.051,31.250,312.467,64.529,624.029
445.994,603.268,981.388,377.706,767.877,726.759,598.888
823.878,637.051,217.495,625.144,443.650,359.870,264.234
332.380,214.178,681.143,369.914,614.728,732.231,593.445
504.090,418.835,311.230,769.679,371.328,595.202,92.946
349.828,556.452,418.802,418.089,268.498,610.007,37.430
525.470,392.665,480.932,526.371,296.587,86.224,368.966
168.749,347.979,907.546,516.764,426.054,285.447,617.064
731.141,359.769,401.185,193.550,380.213,542.224,356.165
579.036,563.846,85.065,370.515,276.124,682.468,373.673
713.908,545.062,714.448,281.045,653.831,463.476,616.248
567.182,394.981,396.004,493.969,581.189,510.269,143.966
491.913,729.534,474.187,937.082,245.423,478.162,31.250
543.548,407.914,500.753,566.086,363.971,672.030,746.764
356.463,679.011,516.422,518.359,472.552,450.279,722.565
366.026,571.989,476.919,525.764,145.681,811.239,120.301
281.987,639.171,539.300,687.191,456.479,170.224,864.342
549.574,595.449,558.449,317.422,466.787,246.830,744.017
316.225,148.142,632.176,574.308,399.732,469.226,428.934
310.648,578.086,453.871,734.724,766.872,595.692,630.362
671.301,564.221,400.695,256.912,604.951,749.529,629.895
612.943,425.149,339.000,814.579,408.092,480.779,447.912
715.182,550.737,578.379,445.571,602.940,354.710,281.706
522.162,499.404,483.414,504.305,349.744,508.095,422.818
512.576,156.182,567.580,339.104,548.767,435.272,510.218
496.895,568.198,567.470,544.997,650.847,397.847,263.841
352.625,522.181,758.958,256.033,280.333,303.028,568.989
645.871,746.066,537.141,506.944,474.309,272.297,345.225
790.690,440.298,611.746,422.977,753.131,417.921,703.802
389.980,510.884,334.146,705.998,491.920,797.345,404.259
252.024,157.593,340.700,31.250,430.902,578.111,588.798
958.878,792.182,445.391,693.298,508.099,170.428,430.497
307.151,812.916,293.259,431.392,427.962,763.583,734.212
567.037,392.699,579.873,31.250,240.383,454.905,352.559
531.529,600.282,248.103,342.983,273.869,781.909,91.297
518.188,472.422,494.327,216.359,295.850,512.903,556.366
568.615,283.450,31.250,197.836,543.344,821.278,327.616
293.312,783.778,252.812,643.994,532.626,608.169,375.439
505.771,543.250,410.675,475.397,428.741,473.779,125.679
803.012,329.814,386.940,661.670,229.805,366.556,727.324
304.442,581.057,433.921,509.124,361.544,518.476,674.219
597.154,636.463,614.161,426.812,367.891,249.919,793.421
730.839,946.804,31.250,631.676,390.468,247.028,402.404
603.981,546.314,351.739,95.216,382.559,724.244,375.895
520.510,632.208,360.494,737.116,587.306,522.458,467.991
154.984,672.764,891.097,460.645,472.615,834.323,556.729
194.178,329.584,439.180,507.818,306.857,503.885,430.095
465.332,383.037,381.077,224.164,181.295,576.486,508.099
688.202,323.496,606.321,301.916,582.245,629.974,471.003
688.811,313.172,280.163,387.362,543.175,408.108,486.408
644.185,537.464,580.808,669.719,666.081,617.137,383.064
819.471,504.742,105.150,655.794,728.303,762.577,257.651
619.273,646.558,785.131,741.877,407.117,769.634,587.623
618.931,560.215,466.903,374.524,234.134,441.794,477.134
584.804,672.200,401.146,504.458,407.433,677.791,402.568
204.512,674.772,215.028,282.046,764.603,474.843,375.520
629.984,674.482,440.266,433.338,199.593,251.677,391.120
646.393,612.529,477.176,356.209,530.314,514.251,202.607
442.421,498.002,326.685,596.979,654.066,512.080,650.394
824.155,680.279,663.761,508.785,503.874,441.374,1001.513
280.434,467.141,401.801,536.594,442.884,377.413,245.712
488.203,820.216,470.789,605.873,387.563,703.828,264.378
456.150,693.913,497.457,386.485,625.284,329.236,405.982
588.399,772.103,848.504,278.251,400.059,344.522,460.301
401.163,592.066,409.903,526.578,388.706,485.849,770.456
703.422,427.943,479.444,208.718,479.183,734.607,444.650
719.845,440.350,510.042,386.471,507.367,390.288,378.617
336.063,376.621,557.184,642.188,234.847,462.190,169.575
599.215,687.484,255.620,552.258,534.455,1040.258,721.707
578.942,697.330,680.656,440.670,264.218,532.944,430.362
280.641,739.612,465.446,992.736,283.386,471.165,824.627
701.876,487.007,351.242,566.297,298.089,598.749,598.603
277.060,259.480,455.899,398.724,549.587,180.416,345.705
559.140,556.449,97.703,436.685,347.189,245.987,710.586
392.251,350.442,354.399,867.499,183.307,889.520,162.829
236.141,559.327,516.907,922.921,546.871,509.090,668.227
499.690,312.144,735.166,243.709,343.072,387.013,366.498
633.328,409.471,491.583,433.233,518.134,591.445,82.713
602.794,720.573,575.751,782.706,605.426,640.397,362.282
620.615,658.608,469.040,267.389,354.499,371.584,744.602
540.490,352.286,666.490,567.719,679.515,520.434,857.986
327.464,523.240,465.314,190.804,257.459,270.286,597.892
711.007,486.891,610.876,523.352,443.208,488.960,279.971
443.824,736.100,487.258,417.731,689.150,543.325,538.349
396.408,720.767,384.082,333.017,737.736,601.573,390.052
147.332,459.837,380.473,685.676,509.914,77.225,599.358
299.733,490.857,446.173,608.935,344.757,460.725,704.945
627.913,452.692,769.202,580.910,464.819,570.159,564.810
401.422,301.964,1037.792,292.757,678.904,577.814,402.486
332.482,511.489,589.429,556.257,389.931,617.285,479.306
508.431,248.447,453.259,521.825,499.608,383.248,558.373
613.243,634.360,577.630,440.278,438.876,437.959,474.670
215.198,384.971,577.043,561.814,355.962,604.019,221.144
361.175,433.170,415.039,303.115,561.031,561.464,448.978
537.652,509.355,852.458,156.229,680.274,342.485,530.666
274.452,497.200,661.419,500.961,799.795,822.095,482.481
183.801,418.844,678.368,814.306,513.589,442.253,395.509
641.647,434.503,537.776,248.594,412.033,535.150,579.441
463.953,718.412,546.988,619.670,382.229,831.868,634.994
435.723,757.163,342.834,533.487,775.066,413.344,325.671
451.114,458.783,620.637,553.444,383.293,386.256,660.147
226.261,456.122,616.633,342.380,601.799,679.823,250.936
499.282,473.845,645.836,704.956,649.485,247.773,510.162
446.128,518.374,608.598,494.285,377.654,355.682,416.093
181.247,383.604,587.109,613.587,427.745,496.371,516.787
453.923,589.405,626.808,619.511,723.042,259.515,468.484
553.622,885.596,674.110,471.276,723.342,535.232,344.603
542.325,284.961,660.297,435.993,358.146,340.052,547.407
433.206,449.644,676.880,618.546,429.560,579.059,215.761
430.349,663.503,590.871,418.906,794.976,803.176,165.324
493.658,439.722,578.327,700.983,410.770,245.269,342.778
754.265,247.324,736.648,551.583,638.179,593.188,403.326
652.752,314.708,608.051,103.632,620.258,518.424,578.482
432.223,455.799,649.367,413.687,380.269,647.768,570.344
202.766,616.726,664.426,380.852,84.168,762.060,463.314
614.310,493.817,704.146,838.946,612.380,507.545,743.154
833.456,627.659,140.076,72.927,396.093,313.079,650.110
314.422,711.594,593.625,389.760,446.156,697.998,488.225
286.005,552.257,596.091,577.862,745.203,388.176,852.406
371.433,444.640,603.690,544.241,661.356,426.008,649.359
490.011,314.756,179.566,641.104,351.289,311.948,345.739
361.313,835.977,617.268,894.884,280.824,608.953,528.085
461.491,451.647,102.020,485.072,599.645,327.917,753.919
407.225,797.199,628.408,614.675,581.865,498.445,322.904
471.672,457.185,642.922,684.330,425.300,729.040,452.286
886.606,438.733,621.777,659.819,660.129,292.603,561.492
841.465,583.231,418.349,335.206,601.377,225.746,529.101
258.585,389.410,666.517,398.018,377.155,415.205,800.121
631.409,739.686,563.868,637.658,183.730,457.019,812.357
673.365,416.400,544.242,562.801,551.502,724.509,604.968
461.504,275.095,557.077,333.749,512.983,447.987,686.695
237.081,417.367,563.551,723.830,604.452,217.144,584.879
316.063,539.346,621.287,414.469,376.930,361.685,527.057
422.071,407.566,660.892,474.453,358.414,479.485,597.626
360.594,539.263,497.693,509.042,219.074,349.814,437.379
554.626,241.072,583.568,471.288,290.975,467.563,595.426
613.809,332.165,234.818,205.896,340.678,545.037,577.074
471.536,695.448,255.854,486.249,287.111,507.452,509.956
484.817,225.115,268.888,308.678,590.889,145.378,83.468
350.033,510.804,170.949,339.770,524.499,542.725,359.894
610.368,489.450,297.823,400.870,511.916,870.285,508.180
700.801,303.039,150.336,433.923,606.480,457.524,435.076
485.744,431.148,218.866,326.832,534.141,255.214,523.728
388.158,577.014,266.325,536.009,110.195,530.232,438.621
308.888,706.114,735.780,224.899,372.115,782.147,276.595
600.668,841.644,451.434,438.422,558.906,795.118,717.002
222.188,478.049,593.681,353.451,541.100,550.375,267.664
559.932,163.755,388.860,531.490,434.759,558.750,543.213
523.559,382.644,385.093,454.260,304.068,489.099,508.975
341.680,497.922,758.735,193.548,52.540,241.344,548.890
447.183,539.509,401.850,399.405,920.966,206.247,907.146
623.499,292.163,382.832,705.185,711.973,807.701,532.660
261.103,240.197,342.377,343.813,431.094,590.917,698.828
536.991,355.125,352.791,793.598,598.706,709.812,409.494
877.519,607.556,424.922,496.008,467.834,566.986,245.127
430.718,745.156,299.785,340.268,557.925,460.747,555.578
384.855,651.192,292.985,468.641,501.820,444.004,653.000
297.538,298.312,951.158,31.250,378.467,719.294,270.915
872.612,644.519,379.796,276.119,459.522,428.856,386.475
660.977,435.723,533.364,589.857,618.231,490.558,526.309
366.431,451.114,31.250,476.158,686.973,754.461,519.813
754.951,226.261,863.464,353.064,623.760,495.289,625.974
475.595,499.282,640.598,287.884,462.679,808.445,473.103
327.139,446.128,518.176,719.883,294.645,498.411,31.250
618.077,181.247,435.179,447.334,593.752,543.456,616.878
243.644,453.923,357.142,463.747,235.275,417.107,455.908
422.302,553.622,323.987,468.616,121.034,522.210,703.574
546.658,542.325,309.440,300.778,572.593,484.974,615.834
421.047,433.206,654.606,826.459,31.250,588.905,536.172
215.501,430.349,223.460,564.941,580.763,428.576,527.632
586.536,493.658,586.329,516.458,618.857,331.448,621.138
587.601,754.265,719.446,386.805,644.300,508.943,474.860
511.240,652.752,469.308,31.250,519.211,549.936,324.650
333.416,432.223,668.504,459.470,492.492,31.250,540.253
630.676,202.766,581.382,634.597,322.086,389.246,824.427
282.785,614.310,470.756,485.879,508.996,506.565,418.495
275.379,833.456,458.081,646.157,579.774,475.912,604.047
651.874,314.422,742.635,756.299,405.032,637.195,522.346
342.356,286.005,746.815,837.395,291.936,535.449,654.341
569.886,371.433,300.780,620.347,739.444,731.461,234.745
636.961,490.011,491.023,338.822,650.914,567.074,421.480
291.669,361.313,87.520,949.932,644.096,382.717,589.305
720.177,461.491,431.970,561.974,270.008,458.812,299.994
430.847,407.225,841.529,530.503,34.626,820.224,473.112
489.418,471.672,541.617,226.586,509.803,459.514,599.146
603.681,886.606,395.834,346.387,393.836,552.126,533.052
500.602,841.465,624.913,266.362,503.479,494.061,693.340
227.279,258.585,615.714,166.160,567.117,737.973,544.611
582.733,631.409,604.260,448.306,651.534,523.965,403.136
411.579,673.365,657.727,334.884,495.154,303.867,640.549
610.239,461.504,551.326,532.949,578.386,728.679,671.408
897.736,237.081,549.700,466.111,257.862,762.723,50.293
529.657,316.063,590.126,618.566,661.879,576.863,245.795
524.855,422.071,618.324,597.400,202.892,680.693,471.848
689.878,360.594,1019.087,211.613,496.696,900.635,349.115
543.950,554.626,438.740,136.809,455.668,581.183,551.719
31.250,613.809,367.824,477.573,332.916,340.432,346.992
660.402,471.536,356.276,592.441,595.512,307.093,477.362
317.618,484.817,176.094,790.123,413.749,576.501,677.865
574.553,350.033,379.239,526.737,626.369,398.528,477.144
470.535,610.368,348.326,374.271,537.543,684.854,697.616
548.978,700.801,589.604,487.251,350.163,630.920,623.404
473.468,485.744,650.200,450.914,440.642,436.847,193.268
818.378,388.158,272.725,696.968,204.894,301.321,711.941
737.266,308.888,487.498,534.073,351.262,796.346,459.779
799.917,600.668,278.961,540.439,273.522,1036.102,507.335
537.319,222.188,394.974,555.517,666.256,612.791,519.986
524.673,559.932,538.318,522.252,411.103,421.194,346.018
712.795,523.559,464.878,433.239,402.151,381.855,443.579
158.998,341.680,467.354,842.735,220.183,399.808,43.403
626.568,447.183,681.847,366.964,513.438,299.861,457.410
563.009,623.499,558.474,609.743,325.572,648.036,273.947
467.539,261.103,379.129,163.330,340.243,333.896,493.512
712.313,536.991,367.496,404.421,483.265,395.146,300.392
766.494,877.519,222.435,784.406,987.830,371.228,500.191
160.889,430.718,461.406,181.063,415.887,574.880,259.504
720.083,384.855,798.326,270.534,337.495,402.527,346.113
711.565,297.538,634.813,450.036,373.911,464.382,402.215
414.986,872.612,429.694,553.021,557.492,242.784,557.159
562.518,686.096,574.533,490.558,379.756,400.581,645.384
355.085,387.894,31.250,754.461,863.243,400.274,309.200
494.027,568.644,348.271,495.289,562.994,319.609,93.879
461.697,181.918,498.836,808.445,354.198,148.427,302.671
379.382,507.410,438.029,498.411,479.146,458.931,589.483
479.232,540.688,655.048,543.456,431.486,751.043,789.596
437.467,485.596,311.972,417.107,541.489,360.853,322.076
45.402,883.798,727.156,522.210,331.832,448.328,449.939
127.772,752.983,640.513,484.974,262.452,357.836,770.249
484.644,604.673,561.186,588.905,800.482,769.476,704.526
209.529,627.135,469.055,428.576,566.060,1111.057,450.559
609.437,492.132,377.963,331.448,619.194,441.783,478.274
422.058,304.671,369.810,508.943,448.959,768.052,445.858
959.959,737.811,434.816,549.936,694.511,358.622,601.126
488.825,722.523,523.873,31.250,685.242,719.779,267.493
791.206,76.941,611.327,389.246,392.662,612.956,542.615
406.323,367.588,615.124,506.565,471.422,363.720,492.492
303.285,662.147,666.652,475.912,352.468,374.769,892.813
168.060,626.291,656.451,637.195,623.900,469.419,307.729
340.135,415.824,427.915,535.449,495.505,382.166,503.367
608.723,443.271,449.799,731.461,510.067,509.137,389.278
409.503,484.629,676.976,567.074,670.784,618.271,470.751
31.250,658.434,417.924,382.717,59.430,720.417,544.551
304.793,780.426,663.062,458.812,690.796,674.962,648.576
440.495,403.512,525.479,820.224,209.725,426.072,657.724
582.845,376.630,321.867,459.514,297.043,614.163,203.279
582.524,560.149,562.506,552.126,726.019,595.237,381.221
559.561,444.416,526.889,494.061,482.226,334.795,326.024
616.555,633.886,385.083,737.973,457.563,529.192,334.824
820.032,217.081,214.619,523.965,467.360,417.520,650.244
401.150,302.603,571.177,303.867,701.810,631.814,841.417
427.362,438.834,589.423,728.679,322.151,791.373,146.573
575.720,246.561,637.384,762.723,169.924,229.749,543.582
609.959,713.242,578.948,576.863,592.698,504.737,496.823
440.073,597.318,434.172,680.693,511.544,570.229,441.566
708.486,685.214,309.440,900.635,476.517,465.892,669.236
620.674,444.768,516.222,581.183,545.048,551.609,569.497
486.070,493.741,681.540,340.432,587.932,552.494,376.323
805.944,565.182,530.124,307.093,516.122,193.130,811.355
385.816,450.509,393.417,576.501,693.929,633.205,817.518
431.008,633.399,334.084,398.528,580.502,614.739,508.154
182.857,524.589,56.629,684.854,475.897,555.257,736.690
438.706,531.379,514.521,630.920,431.206,484.010,545.967
552.597,487.986,570.989,436.847,919.953,382.673,516.073
472.421,465.129,142.612,301.321,399.316,515.938,515.549
533.529,611.234,406.613,796.346,749.230,246.656,310.130
459.673,387.232,833.433,1036.102,365.169,427.154,378.081
482.280,737.612,33.603,612.791,734.423,248.437,473.990
404.807,476.918,872.446,421.194,187.420,751.187,87.099
285.163,298.218,703.088,381.855,586.915,668.153,478.585
533.818,508.876,657.642,399.808,479.707,510.251,406.745
443.805,736.507,617.329,299.861,465.249,310.356,234.690
239.252,533.003,634.269,648.036,855.472,497.119,312.364
180.506,378.977,675.879,333.896,534.953,179.656,360.096
597.316,473.708,874.528,395.146,507.646,563.580,456.233
484.120,337.231,409.514,371.228,423.624,354.013,545.424
362.787,964.814,304.460,574.880,390.562,643.336,573.625
716.271,484.953,236.435,402.527,626.058,97.402,590.390
731.566,529.345,541.862,464.382,538.726,689.362,413.118
589.912,434.436,654.235,242.784,478.131,371.053,222.917
412.456,533.487,435.200,643.746,540.846,562.518,466.386
464.706,553.444,487.338,530.473,537.393,355.085,500.665
313.634,342.380,473.000,358.777,637.899,494.027,703.276
246.007,704.956,366.175,479.121,580.094,461.697,486.560
322.722,494.285,235.908,402.983,815.285,379.382,243.085
427.090,613.587,445.259,309.870,360.530,479.232,584.370
333.655,619.511,905.357,378.096,580.105,437.467,684.915
157.337,471.276,619.743,693.019,577.397,45.402,678.866
431.501,435.993,394.469,518.822,747.018,127.772,301.996
716.069,618.546,643.404,787.322,764.850,484.644,553.753
724.624,418.906,745.771,396.651,242.685,209.529,466.202
520.783,700.983,344.358,638.761,406.633,609.437,561.525
216.886,551.583,493.809,521.766,414.039,422.058,895.094
562.540,103.632,604.147,531.715,513.843,959.959,515.209
362.765,413.687,459.464,516.125,739.258,488.825,666.695
100.128,380.852,425.617,549.356,461.559,791.206,497.069
748.719,838.946,623.271,464.187,487.391,406.323,436.569
292.624,72.927,472.295,628.626,196.647,303.285,599.858
442.272,389.760,438.007,447.864,608.398,168.060,524.020
693.410,577.862,427.197,493.759,521.662,340.135,615.649
366.407,544.241,560.468,453.987,513.817,608.723,307.263
691.737,641.104,654.528,516.654,591.799,409.503,567.712
580.775,894.884,400.099,505.550,681.453,31.250,585.366
356.381,485.072,713.988,468.776,378.366,304.793,164.171
287.034,614.675,31.250,386.973,748.277,440.495,315.617
571.746,684.330,582.800,280.913,619.577,582.845,699.577
848.338,659.819,706.619,272.877,449.962,582.524,618.763
618.964,335.206,994.898,340.635,441.469,559.561,615.870
291.848,398.018,916.098,700.077,549.064,616.555,927.628
618.123,637.658,449.908,269.810,773.024,820.032,256.318
645.398,562.801,493.169,130.244,676.654,401.150,375.178
339.959,333.749,534.993,627.088,387.449,427.362,481.768
462.367,723.830,278.858,512.564,790.924,575.720,552.142
292.747,414.469,282.212,503.047,210.424,609.959,514.791
378.143,474.453,375.357,430.580,465.334,440.073,661.295
585.161,509.042,413.123,601.730,634.874,708.486,621.067
748.656,471.288,610.422,666.742,662.324,620.674,312.126
691.302,205.896,564.572,833.092,604.641,486.070,151.926
729.020,486.249,243.643,246.026,563.899,805.944,576.730
565.940,308.678,406.186,361.968,203.451,385.816,467.686
745.988,339.770,234.608,534.392,554.498,431.008,395.688
483.166,400.870,825.248,778.444,611.818,182.857,737.835
504.035,433.923,424.213,377.385,601.801,438.706,730.024
548.941,326.832,448.742,689.054,796.420,552.597,493.779
219.941,536.009,511.160,497.448,464.580,472.421,359.872
437.708,224.899,408.765,659.786,699.560,533.529,480.566
288.486,438.422,745.943,494.655,581.276,459.673,473.516
499.922,353.451,579.576,647.485,466.350,482.280,614.131
559.335,531.490,643.700,936.097,759.665,404.807,419.284
369.894,454.260,455.956,459.031,492.434,285.163,380.601
756.898,193.548,596.014,536.931,787.634,533.818,692.695
391.395,399.405,373.591,648.043,542.504,443.805,383.235
889.668,705.185,613.176,490.743,332.963,239.252,273.658
278.556,343.813,525.279,771.597,729.701,180.506,463.180
633.273,793.598,672.077,479.245,788.763,597.316,104.038
559.058,496.008,394.986,328.160,268.929,484.120,545.050
863.879,340.268,526.688,463.475,193.058,362.787,373.261
544.772,468.641,31.250,490.485,513.838,716.271,399.016
312.992,31.250,229.161,500.269,648.789,731.566,326.252
740.731,276.119,506.919,257.387,562.346,589.912,189.958
566.598,466.210,450.472,678.330,515.202,588.154,627.901
667.552,602.435,529.251,238.393,623.292,533.712,681.993
527.202,360.843,411.283,735.415,571.545,375.897,396.937
148.456,664.227,541.197,257.693,537.442,668.384,399.090
609.096,669.678,418.334,67.302,434.943,423.174,954.768
359.482,229.780,448.248,589.045,95.109,246.733,573.378
690.238,420.194,524.898,697.897,510.305,266.248,496.773
449.102,381.674,466.353,279.180,790.144,626.474,458.322
189.440,398.853,189.092,808.222,448.086,833.870,630.659
295.989,331.882,469.099,416.270,453.233,324.889,578.323
497.375,308.406,266.447,409.689,557.935,353.001,485.795
432.290,653.890,354.977,392.517,315.054,292.676,391.428
540.538,333.145,334.336,386.167,263.298,181.657,672.057
457.280,380.526,156.756,523.971,499.801,459.200,651.814
582.181,622.248,902.121,667.830,586.616,650.273,529.680
497.815,650.726,64.800,499.945,557.020,506.216,552.565
561.952,247.686,625.704,484.812,301.243,567.946,561.979
428.012,699.589,211.595,462.060,404.370,482.163,591.874
488.595,563.614,327.391,425.751,705.455,560.564,556.150
232.478,682.528,549.408,523.963,423.497,689.174,277.357
458.005,373.185,423.880,329.803,562.634,554.821,337.912
554.796,650.165,459.757,692.418,521.803,906.986,690.746
309.403,192.474,905.822,162.078,553.533,297.396,717.150
771.379,598.314,659.616,339.637,637.248,542.740,360.136
501.864,556.389,801.253,545.067,585.948,506.035,578.017
225.685,508.434,659.393,557.035,452.949,440.536,291.431
251.514,442.727,649.791,368.546,928.126,646.370,351.088
444.813,319.540,655.874,731.990,615.431,499.130,384.892
649.686,286.656,985.714,373.839,311.342,660.389,653.944
301.703,653.753,506.914,581.782,453.772,557.172,933.484
512.253,555.331,666.422,657.100,515.950,537.236,561.657
232.334,505.526,698.158,453.992,758.325,685.875,460.031
654.697,511.497,398.172,521.749,268.486,733.697,109.953
418.219,889.259,625.167,205.234,272.577,345.169,295.545
535.727,461.408,560.388,666.863,394.747,465.829,579.283
661.120,705.925,435.496,512.828,559.023,293.103,409.804
286.641,650.562,601.296,659.853,583.507,503.470,534.323
213.097,615.217,385.500,316.565,674.750,407.458,714.254
91.857,424.047,827.104,751.835,773.282,741.335,329.161
116.751,523.758,397.743,472.282,673.105,526.330,568.742
1049.880,871.733,365.299,612.264,395.755,510.447,601.822
566.795,659.036,459.206,824.656,683.565,620.576,352.810
696.320,804.484,519.222,622.510,434.925,744.542,398.715
396.267,317.972,640.302,538.842,587.798,440.880,699.508
417.517,157.030,608.570,603.703,459.571,375.399,952.565
390.127,733.101,587.113,63.860,660.111,342.945,680.230
607.491,406.330,31.381,370.333,378.396,517.847,498.642
278.822,434.174,411.515,718.871,557.362,880.348,398.412
477.963,464.121,462.694,635.256,627.622,527.125,369.612
563.472,284.239,641.513,779.736,178.688,548.153,731.877
520.160,491.656,332.145,429.932,438.206,782.231,565.093
367.507,620.589,545.620,284.969,741.377,545.875,595.687
270.436,396.066,431.418,449.341,337.428,338.068,554.169
171.974,379.372,346.178,489.752,472.204,336.546,660.120
367.427,299.237,458.132,606.649,635.314,275.495,768.955
601.230,79.505,425.118,254.217,379.708,267.568,889.195
431.642,416.531,478.832,817.907,203.165,547.224,214.425
427.013,465.021,449.583,893.031,604.198,357.716,376.625
429.090,604.510,618.366,550.931,279.692,510.889,673.344
508.937,525.809,642.573,31.250,840.537,487.516,678.108
265.310,512.022,245.550,573.054,505.768,396.984,515.202
854.134,491.936,255.430,472.645,604.604,558.320,623.292
662.616,750.100,31.250,290.415,411.694,401.740,571.545
1219.393,736.163,322.767,502.385,257.169,503.580,537.442
557.683,513.530,269.645,558.487,358.135,396.641,434.943
588.986,357.755,825.454,329.973,596.203,844.229,95.109
608.636,693.034,244.499,524.982,251.916,648.674,510.305
364.212,756.956,727.717,624.040,602.440,385.070,790.144
617.241,136.448,360.519,494.567,767.866,767.951,448.086
562.651,440.195,551.951,579.531,572.837,487.641,453.233
465.350,500.054,554.823,487.036,592.917,474.031,557.935
569.401,448.905,262.374,416.619,418.007,672.050,315.054
688.011,586.940,471.873,461.689,536.289,768.995,263.298
609.934,268.828,629.442,716.896,122.998,440.950,499.801
645.895,226.742,278.170,463.732,192.059,332.921,586.616
403.769,382.623,717.044,938.156,561.223,751.487,557.020
670.062,489.299,337.516,440.680,803.353,635.590,301.243
382.290,210.810,594.154,338.017,432.367,264.549,404.370
377.587,560.059,400.777,797.359,340.848,237.450,705.455
103.793,413.792,396.185,849.202,582.924,665.192,423.497
694.813,302.506,650.283,593.337,294.139,335.488,562.634
666.378,415.092,705.701,337.611,492.926,305.797,521.803
321.235,612.627,694.130,463.918,119.343,257.614,553.533
768.994,644.599,563.390,480.664,886.866,391.542,637.248
422.306,454.642,699.132,245.247,31.250,699.447,585.948
613.708,599.606,622.308,496.860,222.604,686.603,452.949
313.519,699.711,812.526,400.500,338.454,557.482,928.126
637.369,644.992,553.040,363.633,771.139,626.575,615.431
322.383,178.231,593.937,508.485,780.648,532.541,311.342
560.532,349.124,763.647,246.880,705.629,819.426,453.772
576.501,797.295,532.184,725.529,311.066,942.940,515.950
418.208,206.338,510.718,563.235,759.986,623.447,758.325
128.383,382.057,437.573,603.435,315.339,590.309,268.486
943.545,585.288,567.263,263.601,651.604,301.969,272.577
645.906,285.924,508.113,622.415,508.620,527.157,394.747
416.068,584.729,681.035,326.861,276.023,634.206,559.023
727.385,453.324,441.527,639.228,675.493,227.716,583.507
510.830,665.792,622.410,495.057,617.754,801.571,674.750
672.231,522.972,492.621,650.730,240.220,225.808,773.282
336.444,234.130,416.463,729.404,712.183,865.141,673.105
372.144,263.424,420.669,695.477,591.021,565.845,395.755
385.236,271.354,270.622,362.415,670.385,271.458,683.565
639.763,399.736,56.139,514.913,560.539,473.536,434.925
713.389,717.965,391.471,528.900,493.397,414.335,587.798
572.532,643.580,942.241,375.239,592.932,268.870,459.571
493.984,350.920,385.773,154.373,710.513,715.616,660.111
185.031,257.059,548.526,612.920,485.248,592.184,378.396
489.792,515.211,446.838,322.766,387.730,540.213,557.362
346.435,204.353,306.870,379.613,502.775,418.750,627.622
326.047,443.646,539.641,966.729,413.288,299.281,178.688
559.477,358.680,211.346,462.660,301.804,585.987,438.206
335.179,566.896,633.597,177.544,464.708,425.436,741.377
581.705,423.328,333.750,407.363,592.216,612.110,337.428
327.329,411.823,762.772,302.762,796.067,251.366,472.204
758.300,337.627,662.890,524.146,476.789,682.607,635.314
295.714,293.795,585.053,181.294,437.742,587.779,379.708
727.350,498.697,534.853,395.947,429.759,752.811,203.165
375.615,520.549,506.619,252.898,402.089,616.099,604.198
541.671,765.490,517.297,603.808,573.999,265.083,279.692
500.449,539.438,597.891,754.167,441.527,926.172,840.537
318.282,345.250,573.181,705.059,727.324,576.492,510.385
562.746,562.846,809.473,454.556,674.219,397.601,494.926
495.940,933.204,440.746,773.765,793.421,255.496,372.277
317.024,726.009,693.577,365.455,402.404,563.741,548.782
314.745,401.850,383.633,732.958,375.895,535.039,649.003
193.816,509.923,363.724,465.327,467.991,525.446,902.018
487.581,800.991,411.865,263.033,556.729,336.193,453.170
272.425,532.546,335.387,424.163,430.095,555.488,812.011
295.988,602.087,725.489,463.783,508.099,602.972,503.699
352.633,435.084,694.359,411.311,471.003,656.008,512.881
580.119,575.860,785.180,730.565,486.408,410.056,590.333
301.273,315.228,522.327,182.380,383.064,373.831,51.958
473.290,805.215,576.301,856.378,257.651,683.399,418.411
448.640,890.692,429.810,289.297,587.623,148.311,659.377
428.088,563.194,346.358,183.324,477.134,551.630,154.946
528.372,386.779,620.807,409.463,402.568,443.082,385.884
31.250,370.790,589.518,434.046,375.520,694.323,826.878
585.855,1090.736,359.865,673.792,391.120,494.111,564.458
250.191,490.122,662.169,467.011,202.607,405.158,676.545
571.514,505.264,211.010,270.254,650.394,300.913,449.227
488.672,296.169,546.939,540.181,1001.513,289.655,616.779
523.010,472.243,452.734,720.209,245.712,357.641,259.199
470.684,468.638,476.418,744.933,264.378,699.035,697.140
545.254,162.863,360.042,445.076,405.982,705.803,526.946
692.803,468.447,928.871,638.688,460.301,425.179,809.419
340.252,407.051,678.775,159.143,770.456,417.100,553.308
720.682,362.714,808.315,419.479,444.650,504.682,501.809
419.715,724.791,630.403,31.250,378.617,516.813,202.309
547.135,615.203,445.530,464.335,169.575,411.376,643.300
795.856,598.256,466.697,520.645,721.707,496.486,225.875
700.326,529.065,312.471,255.783,430.362,286.422,770.359
650.529,471.996,604.104,704.276,824.627,224.227,372.198
387.812,548.272,755.555,576.195,598.603,670.841,546.916
572.161,301.819,575.448,512.349,345.705,674.312,565.180
416.010,868.595,418.050,391.318,710.586,197.806,419.077
254.007,391.414,458.961,578.659,162.829,537.551,556.122
605.132,407.814,561.076,202.147,668.227,454.686,493.291
345.677,523.485,261.070,649.130,366.498,716.835,603.714
491.774,379.723,556.111,788.930,82.713,796.274,554.997
412.032,179.095,565.162,490.550,362.282,729.373,457.796
38.449,277.601,438.548,623.669,744.602,462.918,151.280
497.261,413.491,458.498,658.218,857.986,165.218,545.759
396.932,487.259,556.762,455.372,597.892,739.525,284.553
766.147,284.306,377.333,412.639,279.971,451.458,442.572
551.980,565.504,369.768,638.088,538.349,666.388,863.199
509.500,661.940,654.637,168.192,390.052,486.172,239.980
714.520,505.761,538.385,473.197,599.358,132.538,726.384
477.310,417.016,832.681,512.024,704.945,309.172,624.817
701.263,751.452,344.268,335.481,564.810,637.348,569.436
410.793,421.610,229.523,346.727,402.486,783.327,581.568
557.802,345.468,700.013,440.490,479.306,436.683,438.855
457.534,632.542,694.459,466.244,558.373,76.975,588.440
571.366,793.156,400.475,572.763,474.670,773.495,298.921
425.348,538.160,280.315,656.296,221.144,463.290,514.997
743.882,617.920,531.768,562.528,448.978,580.352,616.180
230.909,202.405,173.653,607.832,530.666,362.313,396.667
545.947,491.616,477.977,529.394,482.481,680.954,369.154
411.699,386.601,31.250,602.211,395.509,781.107,366.717
416.205,660.461,480.968,448.063,579.441,503.235,430.922
537.368,462.632,31.250,785.675,634.994,437.768,502.164
552.282,419.206,549.547,584.075,389.180,900.338,300.939
476.184,754.229,641.158,513.161,210.749,688.432,752.566
296.424,854.739,777.993,495.104,881.249,629.657,509.255
149.119,584.236,492.854,341.900,504.269,469.057,692.214
722.270,243.459,745.883,692.553,169.615,504.437,523.446
314.987,356.087,378.186,483.645,461.286,165.165,726.487
941.031,426.323,429.770,278.361,577.147,652.511,234.678
325.761,692.587,767.926,481.791,644.075,528.520,783.920
595.767,446.285,526.915,629.328,574.895,565.405,673.015
643.548,536.504,610.195,534.549,899.632,35.801,358.002
611.201,587.609,501.838,508.740,379.941,922.801,340.209
865.380,230.419,347.293,293.004,257.736,627.522,653.052
467.441,860.542,670.504,539.743,423.927,456.432,479.037
456.558,321.987,486.126,640.971,194.476,566.101,412.258
491.741,495.631,675.245,919.328,347.681,346.720,307.821
618.796,667.790,552.537,666.443,903.539,746.407,241.610
713.273,324.174,669.260,446.293,221.261,327.526,619.371
676.250,499.897,1029.232,428.158,620.650,437.160,765.886
349.278,622.779,684.193,31.250,260.338,571.209,392.280
288.149,767.834,727.471,538.006,471.009,282.279,474.318
667.301,528.900,456.061,724.917,386.711,695.803,736.256
330.534,677.667,627.343,368.457,31.250,279.731,635.122
219.955,649.434,420.673,365.980,377.706,461.388,481.184
752.536,534.408,450.396,203.188,625.144,217.014,854.065
441.133,249.558,464.554,437.107,369.914,669.008,324.209
643.014,543.320,536.627,723.838,769.679,400.454,395.761
425.715,270.976,365.312,396.474,418.089,718.668,422.551
813.888,304.474,584.256,238.288,526.371,362.675,767.613
449.033,642.997,332.660,240.996,516.764,457.740,228.447
250.204,440.519,709.929,368.404,193.550,476.019,387.837
456.700,162.819,529.965,703.858,370.515,551.059,622.628
557.438,456.928,487.433,696.342,281.045,540.022,300.685
613.998,291.488,499.398,469.133,493.969,745.039,302.516
655.782,518.390,454.401,759.033,937.082,462.736,371.534
325.903,727.120,491.792,208.217,566.086,503.986,603.077
415.527,584.789,308.593,604.552,518.359,840.714,452.329
611.787,855.933,477.620,238.732,525.764,379.302,164.509
471.158,292.775,579.889,857.004,687.191,338.411,658.935
711.380,361.690,47.841,445.049,317.422,453.062,845.894
558.661,507.372,120.225,31.250,574.308,789.538,378.650
527.788,967.883,838.785,648.811,734.724,499.446,723.167
779.810,725.044,565.449,565.951,256.912,362.089,696.767
587.462,797.154,385.640,666.792,814.579,728.174,693.134
587.413,362.716,390.188,632.693,445.571,275.310,274.028
381.195,388.344,390.138,419.801,504.305,436.386,208.811
521.671,690.174,357.022,182.276,339.104,831.936,744.957
31.250,719.965,561.647,238.110,544.997,600.744,771.114
830.074,367.018,420.007,625.482,256.033,528.321,200.500
718.460,212.700,337.740,446.154,506.944,525.827,241.654
536.222,516.446,248.955,420.556,422.977,535.685,398.168
587.291,222.350,419.746,412.302,705.998,374.907,635.885
663.608,300.454,453.055,410.344,31.250,428.825,520.544
611.917,436.431,871.571,537.194,693.298,857.910,812.667
812.332,640.716,187.299,434.051,431.392,511.771,930.040
439.579,572.935,491.997,387.343,31.250,469.488,631.535
463.760,637.422,267.872,669.658,342.983,733.702,658.117
415.441,919.984,598.737,225.757,216.359,445.123,344.998
684.085,456.196,31.250,558.894,197.836,435.225,565.130
586.178,654.151,452.011,323.187,643.994,521.339,714.356
589.072,544.000,521.796,350.592,475.397,776.060,789.442
432.902,353.826,627.768,432.902,441.395,276.615,320.894
445.598,602.536,633.111,445.598,616.320,240.405,470.506
481.320,293.847,473.803,481.320,845.419,690.785,508.604
358.914,413.208,504.593,358.914,174.092,595.100,440.456
494.936,630.888,683.850,494.936,642.208,156.490,451.481
633.370,639.721,716.764,633.370,463.285,644.380,563.703
315.956,643.768,355.652,315.956,673.839,625.005,871.850
748.208,267.375,478.930,748.208,432.320,395.746,381.415
502.895,671.650,709.116,502.895,749.770,558.367,601.324
259.616,162.586,449.505,259.616,616.827,228.140,698.849
439.831,254.625,569.821,439.831,466.576,476.257,417.121
666.141,446.325,385.263,666.141,614.914,440.747,290.895
703.052,651.059,798.758,703.052,552.563,700.815,538.015
346.440,386.620,485.881,346.440,688.946,285.820,439.174
539.186,530.511,451.921,539.186,227.579,325.361,762.301
615.670,373.607,609.574,615.670,298.984,435.621,475.718
511.268,581.631,499.635,511.268,470.854,829.655,548.073
657.665,221.440,569.260,657.665,686.174,365.012,682.031
661.678,494.731,794.875,661.678,512.483,406.071,236.853
203.924,298.679,537.621,203.924,622.669,448.264,315.159
572.112,786.503,555.907,572.112,657.951,455.375,335.014
725.362,612.275,923.865,725.362,334.158,380.470,467.804
440.693,322.377,560.098,440.693,533.957,672.821,582.726
767.265,258.287,558.458,767.265,334.349,248.752,620.493
477.334,363.305,766.146,477.334,388.775,564.322,289.224
454.667,797.805,418.139,454.667,730.257,231.487,237.176
406.481,428.115,836.220,406.481,490.075,447.595,695.650
287.513,784.979,620.693,287.513,668.436,460.183,711.465
384.827,226.591,424.257,384.827,509.730,570.191,454.098
311.305,144.517,424.199,311.305,587.756,647.496,544.698
455.711,250.051,352.844,455.711,669.933,184.408,31.250
419.937,445.426,592.583,419.937,370.453,444.105,562.540
418.935,616.191,343.200,418.935,277.420,258.676,159.595
552.398,269.246,31.250,552.398,412.242,715.280,140.161
194.572,560.472,391.668,194.572,477.479,727.583,541.621
458.691,438.210,603.796,458.691,610.770,469.263,385.131
31.250,479.661,456.479,31.250,617.397,604.362,556.070
478.069,745.709,378.165,478.069,480.169,336.002,347.298
78.664,196.642,265.044,78.664,681.177,1062.808,619.758
307.890,590.898,854.525,307.890,340.459,473.454,714.241
157.925,433.317,387.947,157.925,479.480,399.937,556.379
761.152,426.753,593.433,761.152,641.628,270.739,506.972
534.464,601.925,31.250,534.464,556.272,533.270,640.729
616.373,684.487,403.667,616.373,668.361,373.215,440.520
824.596,131.664,276.605,824.596,591.565,235.383,689.196
234.191,604.123,385.095,234.191,584.108,181.329,731.307
687.652,416.352,455.445,687.652,469.002,488.046,586.588
214.559,571.347,347.927,214.559,426.599,607.869,342.251
257.072,753.331,479.757,257.072,915.629,649.753,492.031
606.577,525.136,801.957,606.577,394.255,808.055,707.956
742.562,739.831,477.655,742.562,88.387,696.701,810.080
206.944,105.140,215.267,206.944,164.644,654.180,539.746
285.006,98.503,639.782,285.006,152.525,529.380,507.979
485.960,751.802,321.534,485.960,607.074,653.461,803.932
331.738,874.515,440.659,331.738,309.641,941.829,635.135
518.394,858.975,658.387,518.394,387.454,167.422,466.373
552.349,344.611,472.152,552.349,306.744,415.357,470.653
597.244,772.159,421.715,597.244,152.469,286.189,31.250
306.084,396.538,405.905,306.084,361.193,489.357,611.304
510.120,481.641,90.654,510.120,840.514,668.747,332.722
685.850,562.518,691.100,622.299,378.655,472.471,656.473
125.681,355.085,623.466,154.679,520.439,409.408,447.160
761.488,494.027,305.848,325.815,799.808,372.384,512.781
279.136,461.697,154.719,602.562,528.449,371.555,365.933
641.705,379.382,506.920,31.250,568.439,550.309,647.856
347.418,479.232,466.819,522.111,801.886,547.215,659.744
574.404,437.467,618.712,715.858,389.274,840.266,555.233
250.588,45.402,497.298,404.339,312.885,426.273,153.966
670.481,127.772,754.174,511.251,606.599,684.222,419.784
685.530,484.644,706.421,516.616,618.345,546.079,300.902
594.387,209.529,523.424,390.994,447.170,683.301,571.187
614.991,609.437,516.140,810.871,31.250,535.079,539.312
310.809,422.058,774.877,445.790,471.078,406.709,263.890
464.510,959.959,582.572,700.390,534.982,649.879,751.523
437.697,488.825,588.291,560.147,544.592,567.828,376.791
644.564,791.206,679.894,760.928,433.422,160.554,346.160
130.456,406.323,716.709,739.286,626.266,611.514,1031.837
228.304,303.285,925.937,428.329,478.103,270.560,617.029
473.986,168.060,398.572,658.220,233.621,478.860,663.442
561.159,340.135,349.787,436.590,567.571,713.308,614.827
375.938,608.723,309.008,571.329,556.676,353.196,502.373
312.467,409.503,882.393,604.441,601.850,534.999,484.833
767.877,31.250,551.312,419.742,704.627,707.179,735.615
443.650,304.793,451.484,614.092,550.844,714.896,494.329
614.728,440.495,585.499,366.644,348.289,576.590,416.444
371.328,582.845,33.310,107.721,510.994,541.586,908.955
268.498,582.524,484.646,567.787,460.544,734.303,641.037
296.587,559.561,470.191,666.714,330.917,620.586,566.622
426.054,616.555,186.090,613.781,252.654,436.488,455.918
380.213,820.032,479.835,463.577,311.485,813.481,251.607
276.124,401.150,357.253,463.013,172.784,674.736,403.819
653.831,427.362,384.240,682.585,536.989,122.716,600.363
581.189,575.720,628.920,515.794,664.272,360.193,468.905
245.423,609.959,668.240,178.241,430.623,635.681,750.505
363.971,440.073,520.106,475.302,272.261,569.829,680.161
472.552,708.486,568.197,484.307,789.610,444.692,216.582
145.681,620.674,384.083,207.077,613.286,849.097,485.712
456.479,486.070,630.207,345.947,321.220,568.657,484.589
466.787,805.944,577.719,399.522,679.273,231.781,509.353
399.732,385.816,398.530,669.644,429.606,310.232,404.369
766.872,431.008,303.504,544.335,365.488,221.130,52.800
604.951,182.857,619.569,470.505,627.090,673.433,525.537
408.092,438.706,419.758,447.272,666.350,368.464,383.589
602.940,552.597,463.788,418.649,612.447,358.928,263.893
349.744,472.421,628.213,670.832,260.397,384.635,485.481
548.767,533.529,459.351,420.038,667.044,261.515,277.238
650.847,459.673,755.377,526.816,706.653,365.486,456.900
280.333,482.280,440.239,363.746,720.887,206.540,382.734
474.309,404.807,47.006,592.733,708.099,585.990,394.321
753.131,285.163,671.535,462.763,663.747,504.588,600.852
491.920,533.818,471.668,208.849,540.729,638.982,523.225
430.902,443.805,248.677,532.845,401.018,124.390,769.681
508.099,239.252,507.239,278.014,502.041,238.055,303.111
427.962,180.506,463.188,658.665,456.502,624.411,683.903
240.383,597.316,450.753,750.242,164.585,347.677,340.228
273.869,484.120,844.289,656.160,315.773,277.403,668.141
295.850,362.787,252.746,559.635,921.030,556.051,627.737
543.344,716.271,413.764,298.418,268.641,523.921,602.935
532.626,731.566,320.733,430.271,261.190,587.429,351.995
428.741,589.912,285.659,447.670,353.317,780.119,423.929
353.826,467.978,358.828,300.939,300.939,494.764,277.722
602.536,696.424,496.751,752.566,752.566,393.169,808.042
293.847,593.992,376.833,509.255,509.255,561.445,567.200
413.208,212.317,463.588,692.214,692.214,378.859,459.896
630.888,403.329,678.857,523.446,523.446,453.994,31.250
639.721,582.618,385.612,726.487,726.487,419.092,618.014
643.768,521.653,580.814,234.678,234.678,588.135,438.663
267.375,370.615,31.250,783.920,783.920,424.870,472.988
671.650,232.771,677.233,673.015,673.015,380.981,286.370
162.586,492.988,469.918,358.002,358.002,634.012,261.840
254.625,181.764,396.966,340.209,340.209,607.763,420.407
446.325,648.188,340.663,653.052,653.052,539.099,567.273
651.059,651.677,734.496,479.037,479.037,473.195,308.137
386.620,376.568,346.504,412.258,412.258,722.094,876.501
530.511,489.096,690.029,307.821,307.821,594.643,248.432
373.607,453.253,353.196,241.610,241.610,357.933,196.304
581.631,276.547,458.706,619.371,619.371,398.819,275.723
221.440,686.082,514.186,765.886,765.886,598.036,764.856
494.731,554.093,899.558,392.280,392.280,539.186,569.719
298.679,436.060,507.583,474.318,474.318,546.328,247.087
786.503,595.013,508.418,736.256,736.256,334.773,286.136
612.275,700.469,452.833,635.122,635.122,546.469,624.318
322.377,752.364,402.036,481.184,481.184,603.268,640.942
258.287,529.756,319.893,854.065,854.065,637.051,661.462
363.305,284.627,960.787,324.209,324.209,214.178,780.793
797.805,763.125,748.242,395.761,395.761,418.835,498.821
428.115,520.781,352.612,422.551,422.551,556.452,517.341
784.979,610.022,511.904,767.613,767.613,392.665,493.386
226.591,543.158,233.720,228.447,228.447,347.979,373.149
144.517,700.270,661.240,387.837,387.837,359.769,354.402
250.051,510.212,614.163,622.628,622.628,563.846,650.545
445.426,494.698,508.060,300.685,300.685,545.062,606.415
616.191,460.756,329.253,302.516,302.516,394.981,547.164
269.246,696.045,618.026,371.534,371.534,729.534,653.327
560.472,415.082,592.603,603.077,603.077,407.914,518.457
438.210,556.181,451.375,452.329,452.329,679.011,501.606
479.661,607.376,621.803,164.509,164.509,571.989,216.334
745.709,685.804,209.145,658.935,658.935,639.171,890.260
196.642,725.529,376.687,845.894,845.894,595.449,529.295
590.898,318.258,298.868,378.650,378.650,148.142,596.667
433.317,350.917,502.079,723.167,723.167,578.086,553.597
426.753,366.704,851.833,696.767,696.767,564.221,324.135
601.925,656.060,506.729,693.134,693.134,425.149,329.093
684.487,333.240,717.274,274.028,274.028,550.737,381.920
131.664,395.106,501.571,208.811,208.811,499.404,269.373
604.123,676.386,437.701,744.957,744.957,156.182,423.819
416.352,420.987,707.336,771.114,771.114,568.198,838.776
571.347,980.545,630.414,200.500,200.500,522.181,644.481
753.331,729.705,809.865,241.654,241.654,746.066,568.349
525.136,571.959,740.385,398.168,398.168,440.298,745.892
739.831,647.059,404.153,635.885,635.885,510.884,458.403
105.140,600.867,346.223,520.544,520.544,157.593,428.075
98.503,622.866,535.148,812.667,812.667,792.182,624.230
751.802,417.287,297.381,930.040,930.040,812.916,360.429
874.515,663.128,230.553,631.535,631.535,392.699,831.053
858.975,547.742,196.564,658.117,658.117,600.282,644.775
344.611,295.407,367.317,344.998,344.998,472.422,612.008
772.159,261.749,422.416,565.130,565.130,283.450,168.255
396.538,402.267,465.664,714.356,714.356,783.778,456.308
481.641,325.522,796.163,789.442,789.442,543.250,368.028
538.379,428.792,423.045,412.456,128.253,479.874,757.163
234.936,460.750,621.774,464.706,987.950,303.456,458.783
505.423,564.793,504.206,313.634,596.726,517.816,456.122
742.530,125.253,458.251,246.007,748.920,382.331,473.845
518.725,595.834,373.267,322.722,380.181,566.630,518.374
487.130,726.482,414.060,427.090,475.110,792.455,383.604
697.234,654.821,31.250,333.655,438.764,696.205,589.405
493.161,568.056,722.124,157.337,482.946,375.397,885.596
527.824,549.668,445.196,431.501,673.597,569.494,284.961
429.814,294.269,724.221,716.069,292.460,437.200,449.644
180.549,512.502,387.153,724.624,439.576,655.339,663.503
521.960,353.555,384.785,520.783,370.786,521.097,439.722
481.030,303.093,525.962,216.886,672.709,846.923,247.324
171.401,395.189,473.488,562.540,529.465,676.773,314.708
494.366,288.439,346.144,362.765,478.038,496.642,455.799
642.365,328.274,160.791,100.128,547.262,691.575,616.726
818.942,808.453,406.654,748.719,619.268,503.630,493.817
255.077,443.290,443.588,292.624,375.047,266.722,627.659
555.088,482.493,679.727,442.272,31.250,474.567,711.594
618.560,643.324,659.451,693.410,250.637,268.001,552.257
549.801,500.793,312.112,366.407,856.851,380.159,444.640
767.656,588.564,656.801,691.737,605.995,802.111,314.756
99.810,451.290,307.482,580.775,564.691,432.409,835.977
503.034,349.640,372.947,356.381,673.401,352.155,451.647
356.129,727.594,390.255,287.034,486.195,356.607,797.199
748.334,249.268,294.082,571.746,585.842,308.851,457.185
504.017,768.320,539.142,848.338,542.489,524.936,438.733
556.009,674.102,951.948,618.964,407.165,479.448,583.231
378.488,742.505,310.530,291.848,468.267,310.094,389.410
690.390,620.105,558.422,618.123,468.617,550.709,739.686
405.094,286.760,483.397,645.398,375.242,408.367,416.400
319.757,314.908,562.872,339.959,475.950,669.139,275.095
441.382,559.687,368.927,462.367,547.727,301.579,417.367
660.076,619.709,683.367,292.747,423.923,516.875,539.346
422.593,660.639,571.295,378.143,422.920,481.936,407.566
189.838,575.411,546.335,585.161,665.414,678.665,539.263
417.779,749.886,918.173,748.656,471.294,761.187,241.072
139.119,416.114,407.851,691.302,614.051,539.512,332.165
676.199,584.279,471.364,729.020,312.284,539.343,695.448
308.451,713.349,602.783,565.940,419.950,554.806,225.115
627.952,367.679,661.734,745.988,525.090,429.854,510.804
519.573,214.061,502.508,483.166,651.340,296.941,489.450
433.497,554.736,602.209,504.035,235.793,667.612,303.039
583.284,634.663,747.989,548.941,469.763,336.446,431.148
313.326,431.118,461.064,219.941,538.621,171.890,577.014
435.249,367.972,450.805,437.708,371.636,347.455,706.114
522.637,291.821,508.098,288.486,630.015,687.387,841.644
465.628,536.250,192.720,499.922,149.129,198.603,478.049
663.491,438.801,668.939,559.335,650.566,481.630,163.755
389.805,549.723,672.987,369.894,815.060,671.674,382.644
117.356,555.141,1007.189,756.898,695.024,290.212,497.922
468.568,484.199,450.092,391.395,392.495,496.409,539.509
373.116,690.492,532.800,889.668,430.686,397.354,292.163
63.748,433.512,555.645,278.556,346.996,365.117,240.197
617.251,546.034,607.880,633.273,573.905,651.513,355.125
323.303,254.046,281.500,559.058,764.577,827.240,607.556
681.691,281.754,31.250,863.879,400.632,466.077,745.156
539.595,458.453,498.922,544.772,583.605,416.285,651.192
516.256,578.015,536.476,312.992,585.486,343.792,298.312
740.547,456.915,533.999,740.731,334.161,449.527,644.519
480.127,389.003,545.526,433.950,607.168,609.915,517.544
432.272,396.952,779.348,560.114,713.979,273.136,362.598
488.721,781.078,403.790,302.354,286.445,685.026,69.318
169.225,509.456,637.790,876.014,757.632,392.931,296.514
467.400,639.837,563.591,395.831,629.986,539.543,506.505
559.497,319.826,316.817,576.588,505.108,530.394,294.950
294.588,474.573,874.037,1154.576,184.968,554.857,385.098
277.510,740.798,468.728,631.830,413.928,534.863,556.664
462.581,626.147,488.280,610.392,431.816,683.715,520.326
644.110,531.926,496.325,508.644,374.385,498.918,634.102
505.634,429.276,541.239,543.008,905.543,597.504,638.620
299.502,646.536,597.773,490.577,560.672,629.804,101.083
585.775,512.504,623.037,456.849,461.728,415.746,639.917
762.463,357.485,540.182,384.100,441.619,458.941,794.931
631.337,290.572,507.303,269.435,506.048,353.094,252.553
219.252,543.077,867.290,595.232,436.091,637.703,645.387
766.658,99.987,542.111,316.410,305.981,488.379,210.504
974.871,376.042,480.952,621.650,547.385,327.679,404.591
196.032,550.573,463.841,589.885,430.453,524.310,706.129
227.002,652.852,562.759,678.001,405.405,1053.815,34.457
710.113,383.107,527.951,303.223,627.217,442.613,261.642
665.793,441.287,370.727,586.241,685.816,181.652,31.250
281.727,408.546,414.458,516.057,381.361,500.238,914.010
604.161,575.113,145.069,332.130,391.308,931.788,394.674
635.614,569.927,476.231,326.811,840.217,552.151,350.912
650.949,473.847,533.198,557.965,420.249,178.886,672.328
643.760,356.594,801.507,584.833,565.979,117.442,977.906
394.529,831.334,336.595,460.058,607.746,689.632,497.148
534.614,200.403,472.814,427.064,568.245,747.047,669.968
860.829,510.193,427.654,173.945,800.276,244.675,594.229
490.894,437.200,64.182,710.016,294.857,513.946,533.344
439.328,617.076,721.677,463.087,426.431,661.856,397.656
134.398,544.900,656.172,355.356,306.416,415.721,271.422
533.631,668.790,534.102,365.727,279.652,574.046,922.577
726.933,340.681,512.271,408.751,556.509,675.774,227.895
257.832,394.328,409.367,283.380,789.351,312.595,339.845
807.823,31.250,509.450,525.914,497.352,367.034,634.779
791.434,201.827,485.554,503.196,646.248,478.876,573.037
652.517,597.022,494.377,480.862,335.863,527.629,834.742
31.250,518.782,275.445,1051.492,400.220,816.214,446.446
996.048,647.510,63.858,578.823,146.313,564.918,440.296
301.156,195.945,50.916,738.299,804.582,159.564,453.188
379.779,467.300,853.388,654.715,453.912,298.555,533.968
316.064,535.905,940.383,558.755,857.817,526.497,540.602
415.506,887.602,659.464,531.646,918.327,579.027,446.537
485.505,494.147,454.494,488.952,421.626,704.375,407.113
563.989,625.853,210.175,526.816,486.801,307.658,576.555
527.081,474.719,492.928,367.735,626.262,669.519,632.979
614.213,874.852,329.735,328.825,599.420,401.581,406.681
313.498,585.702,520.496,431.214,536.293,903.243,458.042
490.592,505.850,476.405,383.433,376.197,375.329,278.580
383.637,695.904,211.148,208.018,440.264,361.175,145.466
533.959,734.434,596.053,344.682,354.557,725.208,595.257
432.669,660.460,560.239,493.574,463.191,319.707,262.486
577.384,503.194,620.727,345.803,177.953,552.267,413.257
453.043,448.141,463.588,553.662,344.775,279.393,467.621
299.028,527.188,354.150,605.353,722.214,329.727,604.870
875.504,270.933,651.026,256.992,477.994,918.387,453.525
498.370,819.981,445.961,632.150,553.417,872.900,297.370
643.479,597.648,575.347,640.170,457.614,306.379,317.423
497.227,501.341,497.281,433.875,533.487,538.379,389.180
521.343,408.148,469.604,339.119,553.444,234.936,210.749
251.160,358.020,417.625,214.817,342.380,505.423,881.249
552.401,500.798,581.624,558.932,704.956,742.530,504.269
415.016,609.380,522.945,210.758,494.285,518.725,169.615
526.794,537.309,386.618,452.009,613.587,487.130,461.286
389.146,457.854,656.557,498.645,619.511,697.234,577.147
607.298,824.808,316.717,733.240,471.276,493.161,644.075
493.947,641.762,509.174,446.976,435.993,527.824,574.895
466.470,441.765,530.261,576.065,618.546,429.814,899.632
218.706,344.031,757.021,212.820,418.906,180.549,379.941
523.304,265.049,335.544,99.541,700.983,521.960,257.736
653.327,628.282,841.234,91.853,551.583,481.030,423.927
710.200,465.696,481.413,366.405,103.632,171.401,194.476
243.051,365.681,408.989,362.721,413.687,494.366,347.681
762.020,397.899,383.068,502.563,380.852,642.365,903.539
188.604,410.712,588.665,714.260,838.946,818.942,221.261
760.789,529.776,486.442,356.068,72.927,255.077,620.650
296.130,613.852,166.843,652.760,389.760,555.088,260.338
480.511,434.123,120.113,415.447,577.862,618.560,471.009
377.401,348.620,366.773,533.840,544.241,549.801,386.711
382.204,588.223,325.736,646.923,641.104,767.656,31.250
219.936,366.293,861.373,551.598,894.884,99.810,377.706
211.328,763.211,833.352,329.019,485.072,503.034,625.144
570.954,504.162,645.639,474.186,614.675,356.129,369.914
69.518,646.977,547.961,449.633,684.330,748.334,769.679
371.618,412.746,391.113,640.129,659.819,504.017,418.089
557.878,455.217,497.827,293.824,335.206,556.009,526.371
317.667,443.495,663.020,213.595,398.018,378.488,516.764
334.872,363.827,1015.001,459.097,637.658,690.390,193.550
619.024,540.174,711.271,629.857,562.801,405.094,370.515
393.127,657.686,418.142,494.022,333.749,319.757,281.045
241.308,115.645,437.820,467.730,723.830,441.382,493.969
31.250,69.819,340.908,508.517,414.469,660.076,937.082
687.719,462.063,264.055,588.975,474.453,422.593,566.086
446.723,861.703,388.063,443.871,509.042,189.838,518.359
291.937,749.044,454.846,412.905,471.288,417.779,525.764
581.213,826.525,869.365,596.790,205.896,139.119,687.191
346.995,415.939,447.200,636.755,486.249,676.199,317.422
428.760,531.201,699.485,459.564,308.678,308.451,574.308
190.323,612.863,792.014,31.250,339.770,627.952,734.724
459.296,603.577,447.981,394.868,400.870,519.573,256.912
322.123,505.883,757.543,433.620,433.923,433.497,814.579
676.766,444.799,578.558,326.210,326.832,583.284,445.571
572.213,747.623,367.697,743.203,536.009,313.326,504.305
491.145,578.493,500.993,487.082,224.899,435.249,339.104
314.816,590.694,458.014,387.611,438.422,522.637,544.997
468.211,535.793,408.497,290.677,353.451,465.628,256.033
704.807,399.399,413.710,627.299,531.490,663.491,506.944
320.599,499.733,476.157,692.848,454.260,389.805,422.977
645.799,567.254,522.943,463.591,193.548,117.356,705.998
628.572,566.223,228.271,197.343,399.405,468.568,31.250
384.041,208.246,430.581,807.908,705.185,373.116,693.298
848.600,387.880,31.250,914.456,343.813,63.748,431.392
758.840,476.289,513.408,447.252,793.598,617.251,31.250
442.213,895.610,581.719,877.822,496.008,323.303,342.983
650.657,560.083,486.759,355.227,340.268,681.691,216.359
589.309,103.427,505.883,563.242,468.641,539.595,197.836
328.246,217.821,560.399,703.992,31.250,516.256,643.994
598.623,257.285,300.939,185.221,276.119,740.547,475.397
300.939,656.473,355.781,435.723,687.511,643.559,628.143
752.566,447.160,646.507,451.114,576.784,406.881,459.750
509.255,512.781,311.549,226.261,480.041,115.489,681.581
692.214,365.933,578.925,499.282,452.778,498.832,723.825
523.446,647.856,672.884,446.128,784.928,598.754,31.250
726.487,659.744,596.329,181.247,899.186,403.846,656.491
234.678,555.233,374.304,453.923,464.485,444.900,251.228
783.920,153.966,659.722,553.622,302.212,369.426,675.114
673.015,419.784,319.267,542.325,513.881,587.591,578.865
358.002,300.902,573.122,433.206,977.945,285.146,390.098
340.209,571.187,490.916,430.349,208.850,771.033,398.007
653.052,539.312,661.175,493.658,426.778,606.248,100.227
479.037,263.890,707.958,754.265,397.835,524.161,332.825
412.258,751.523,497.209,652.752,152.752,477.710,135.322
307.821,376.791,345.505,432.223,444.135,814.954,333.943
241.610,346.160,358.056,202.766,708.176,587.404,758.772
619.371,1031.837,430.225,614.310,532.774,384.675,380.965
765.886,617.029,446.766,833.456,528.715,526.622,233.832
392.280,663.442,466.799,314.422,340.942,626.956,361.660
474.318,614.827,475.677,286.005,627.966,331.899,575.997
736.256,502.373,365.261,371.433,290.428,661.653,509.569
635.122,484.833,306.875,490.011,334.683,459.389,214.584
481.184,735.615,31.250,361.313,670.242,563.939,350.620
854.065,494.329,361.163,461.491,303.307,528.202,321.615
324.209,416.444,850.358,407.225,389.789,167.128,350.583
395.761,908.955,216.478,471.672,479.568,401.742,457.046
422.551,641.037,460.479,886.606,622.243,622.193,243.073
767.613,566.622,352.519,841.465,285.122,126.695,299.883
228.447,455.918,146.332,258.585,467.274,249.542,371.704
387.837,251.607,486.295,631.409,549.773,596.555,256.608
622.628,403.819,440.265,673.365,470.670,424.168,701.066
300.685,600.363,557.677,461.504,856.232,505.753,123.139
302.516,468.905,792.426,237.081,624.359,227.467,439.585
371.534,750.505,186.474,316.063,419.819,455.529,730.284
603.077,680.161,954.529,422.071,303.245,541.146,143.776
452.329,216.582,587.030,360.594,506.641,506.495,313.705
164.509,485.712,543.379,554.626,379.060,315.319,456.152
658.935,484.589,614.133,613.809,233.489,743.471,653.690
845.894,509.353,516.012,471.536,641.548,310.026,855.618
378.650,404.369,703.470,484.817,255.654,355.588,629.188
723.167,52.800,350.554,350.033,805.496,810.290,808.189
696.767,525.537,187.543,610.368,642.447,242.477,740.952
693.134,383.589,281.173,700.801,518.928,595.275,761.853
274.028,263.893,490.861,485.744,551.775,472.623,706.003
208.811,485.481,526.109,388.158,443.246,286.578,831.058
744.957,277.238,407.860,308.888,205.718,620.265,655.151
771.114,456.900,769.014,600.668,636.583,734.303,495.751
200.500,382.734,658.375,222.188,182.083,664.903,538.833
241.654,394.321,641.300,559.932,322.183,592.321,312.435
398.168,600.852,647.717,523.559,370.644,469.047,406.829
635.885,523.225,601.459,341.680,594.324,591.760,466.578
520.544,769.681,904.955,447.183,560.389,141.676,488.928
812.667,303.111,443.404,623.499,555.351,523.364,464.019
930.040,683.903,675.462,261.103,718.776,142.231,361.490
631.535,340.228,602.743,536.991,426.674,406.612,823.366
658.117,668.141,267.270,877.519,587.211,703.627,403.270
344.998,627.737,422.747,430.718,296.682,697.901,328.587
565.130,602.935,480.871,384.855,493.530,542.553,257.567
714.356,351.995,713.354,297.538,538.004,678.138,330.256
789.442,423.929,486.145,872.612,470.125,423.643,707.356
413.411,587.444,487.693,168.951,517.544,345.250,234.320
578.856,634.488,588.767,458.381,362.598,562.846,403.135
507.636,440.523,261.733,356.383,69.318,933.204,387.686
272.795,668.306,31.250,409.800,296.514,726.009,520.273
248.692,402.740,624.431,417.819,506.505,401.850,391.662
344.512,750.443,883.255,664.191,294.950,509.923,674.510
518.753,772.979,717.293,302.368,385.098,800.991,608.866
354.801,541.704,353.872,413.331,556.664,532.546,762.293
499.430,348.975,426.587,562.209,520.326,602.087,454.691
814.166,705.857,396.938,277.684,634.102,435.084,736.833
605.213,553.414,564.124,614.196,638.620,575.860,236.011
738.812,311.455,606.198,691.750,101.083,315.228,529.706
818.700,610.397,331.556,562.735,639.917,805.215,76.431
406.191,690.173,568.603,186.673,794.931,890.692,522.352
632.333,370.122,525.152,477.929,252.553,563.194,529.948
38.287,593.654,726.887,326.941,645.387,386.779,591.945
297.055,295.786,435.693,385.717,210.504,370.790,301.459
510.847,461.984,516.891,407.509,404.591,1090.736,427.788
336.330,443.181,126.798,536.550,706.129,490.122,118.761
563.034,674.358,410.746,444.543,34.457,505.264,486.510
335.758,462.070,703.326,519.939,261.642,296.169,652.847
672.747,488.016,224.223,503.718,31.250,472.243,448.686
812.265,794.407,357.908,515.196,914.010,468.638,262.110
658.629,441.347,455.131,619.592,394.674,162.863,580.097
417.782,454.138,396.949,696.695,350.912,468.447,805.960
358.326,594.493,235.650,405.080,672.328,407.051,502.468
427.322,557.803,334.689,711.080,977.906,362.714,31.250
582.969,201.338,473.802,652.878,497.148,724.791,244.263
202.984,246.437,927.604,744.118,669.968,615.203,219.162
603.415,409.937,610.560,586.264,594.229,598.256,482.272
453.623,206.614,497.589,473.296,533.344,529.065,647.654
645.501,635.276,671.395,749.088,397.656,471.996,525.821
314.942,719.582,181.493,315.817,271.422,548.272,575.833
438.770,496.116,664.968,534.787,922.577,301.819,324.666
513.371,408.979,484.694,150.941,227.895,868.595,712.931
452.299,732.522,455.879,378.918,339.845,391.414,403.129
542.097,638.034,362.163,520.480,634.779,407.814,316.464
377.250,840.494,473.903,282.458,573.037,523.485,363.125
355.902,305.024,553.527,550.319,834.742,379.723,546.811
691.658,430.931,366.219,803.323,446.446,179.095,589.488
355.467,291.598,307.277,76.028,440.296,277.601,503.458
378.404,234.380,551.618,393.727,453.188,413.491,737.559
412.544,853.578,764.190,378.562,533.968,487.259,467.834
652.118,732.437,679.188,385.340,540.602,284.306,459.010
294.539,335.835,673.135,423.703,446.537,565.504,314.205
653.115,793.045,376.945,210.340,407.113,661.940,320.377
797.692,408.819,414.775,716.537,576.555,505.761,598.993
794.020,546.856,437.722,533.469,632.979,417.016,620.470
433.864,447.426,961.326,451.931,406.681,751.452,560.567
198.818,164.446,463.473,841.402,458.042,421.610,587.077
430.263,235.901,746.783,661.721,278.580,345.468,500.395
505.178,625.063,707.534,351.620,145.466,632.542,439.361
850.515,344.018,418.375,709.385,595.257,793.156,619.644
749.252,465.691,516.623,249.677,262.486,538.160,457.956
553.317,341.647,679.898,519.655,413.257,617.920,1015.381
395.690,690.969,556.440,559.268,467.621,202.405,918.115
206.668,516.378,481.722,591.453,604.870,491.616,382.656
768.825,408.123,614.573,664.040,453.525,386.601,352.140
506.665,653.269,257.049,646.208,297.370,660.461,756.226
272.419,537.716,375.217,668.216,317.423,462.632,412.051
664.722,618.231,559.208,509.805,318.282,611.971,390.952
650.747,686.973,650.974,437.677,562.746,70.326,665.616
486.898,623.760,591.128,478.931,495.940,529.009,697.870
571.749,462.679,652.825,31.250,317.024,692.458,555.704
519.347,294.645,671.513,593.229,314.745,490.841,492.159
221.060,593.752,525.408,402.560,193.816,429.945,269.370
227.714,235.275,611.300,507.475,487.581,650.155,508.020
108.265,121.034,875.275,1166.284,272.425,452.796,210.209
405.046,572.593,563.339,601.467,295.988,78.599,433.136
681.256,31.250,577.571,457.405,352.633,334.112,286.967
544.218,580.763,499.485,765.661,580.119,299.077,711.173
441.456,618.857,1093.466,249.391,301.273,395.579,385.771
151.727,644.300,500.339,676.587,473.290,858.552,437.468
622.895,519.211,666.334,184.556,448.640,453.972,378.537
890.058,492.492,817.149,386.044,428.088,170.635,640.753
435.146,322.086,481.522,208.894,528.372,512.039,293.951
264.700,508.996,559.723,705.292,31.250,609.020,735.052
303.438,579.774,473.669,872.202,585.855,125.911,211.385
232.915,405.032,355.477,551.338,250.191,551.906,299.279
226.998,291.936,478.067,381.630,571.514,400.089,417.427
441.384,739.444,527.754,685.256,488.672,630.140,356.921
610.196,650.914,395.061,402.582,523.010,544.303,498.418
261.923,644.096,438.004,405.057,470.684,249.355,326.383
668.862,270.008,456.204,369.530,545.254,223.217,231.021
475.093,34.626,985.192,884.355,692.803,424.128,359.186
649.331,509.803,380.578,686.363,340.252,387.909,632.275
133.653,393.836,599.878,610.230,720.682,179.187,448.663
647.271,503.479,446.976,435.175,419.715,44.264,969.242
517.022,567.117,31.290,318.070,547.135,261.113,383.497
558.475,651.534,401.329,415.538,795.856,359.500,345.126
282.759,495.154,444.702,473.769,700.326,607.892,138.078
449.186,578.386,455.950,521.989,650.529,484.072,267.600
435.968,257.862,219.268,180.712,387.812,576.983,277.066
505.644,661.879,750.191,271.385,572.161,355.053,464.926
675.198,202.892,495.422,272.658,416.010,455.893,755.364
746.926,496.696,436.794,388.901,254.007,615.330,458.007
468.300,455.668,364.307,383.662,605.132,778.078,147.897
773.030,332.916,481.858,768.682,345.677,562.570,557.259
388.907,595.512,377.573,535.001,491.774,330.363,622.175
191.828,413.749,693.337,522.792,412.032,633.851,355.953
942.441,626.369,501.114,617.718,38.449,326.899,523.380
257.690,537.543,552.593,484.079,497.261,302.943,799.483
527.264,350.163,439.714,480.976,396.932,517.695,704.169
173.649,440.642,235.720,494.370,766.147,348.149,410.178
618.210,204.894,503.652,641.301,551.980,358.699,314.506
465.531,351.262,297.741,439.515,509.500,232.532,706.200
162.074,273.522,409.209,643.447,714.520,633.135,415.229
301.924,666.256,420.959,361.211,477.310,523.499,978.089
418.726,411.103,307.977,556.000,701.263,625.954,407.361
795.403,402.151,502.167,982.149,410.793,317.737,533.358
401.675,220.183,42.114,659.231,557.802,371.861,318.775
420.235,513.438,756.032,758.638,457.534,154.775,180.498
398.374,325.572,316.648,356.148,571.366,592.585,450.502
708.192,340.243,509.745,924.183,425.348,298.633,444.535
507.021,483.265,619.378,770.061,743.882,810.268,1034.369
721.580,987.830,315.848,345.691,230.909,370.089,435.445
350.089,415.887,308.407,368.867,545.947,602.127,726.353
445.856,337.495,567.936,410.492,411.699,422.984,731.305
321.624,373.911,411.351,288.382,416.205,601.455,558.339
216.004,557.492,396.252,692.723,537.368,863.699,244.940
643.559,229.805,705.701,375.060,573.158,443.827,566.598
406.881,361.544,696.557,472.535,268.886,844.848,667.552
115.489,367.891,640.695,419.712,375.196,492.851,527.202
498.832,390.468,674.648,711.605,373.320,305.869,148.456
598.754,382.559,659.019,181.049,333.807,474.855,609.096
403.846,587.306,661.789,531.148,453.250,779.020,359.482
444.900,472.615,634.000,738.627,488.913,441.284,690.238
369.426,306.857,581.638,265.010,496.693,387.330,449.102
587.591,181.295,699.180,519.474,208.321,692.676,189.440
285.146,582.245,542.668,704.136,900.618,372.011,295.989
771.033,543.175,293.473,637.995,258.301,603.939,497.375
606.248,666.081,566.553,592.003,282.318,441.992,432.290
524.161,728.303,734.876,112.508,543.767,579.748,540.538
477.710,407.117,714.793,280.402,923.893,534.415,457.280
814.954,234.134,719.562,700.483,329.700,556.702,582.181
587.404,407.433,535.532,505.525,561.770,332.296,497.815
384.675,764.603,492.971,740.735,368.649,386.736,561.952
526.622,199.593,385.009,679.642,371.466,506.426,428.012
626.956,530.314,494.600,484.139,144.613,226.410,488.595
331.899,654.066,446.324,383.179,536.113,574.388,232.478
661.653,503.874,677.416,281.107,755.025,633.727,458.005
459.389,442.884,806.881,132.247,518.405,574.803,554.796
563.939,387.563,399.626,459.374,410.106,470.199,309.403
528.202,625.284,493.235,644.764,773.686,477.155,771.379
167.128,400.059,423.764,670.917,877.100,410.589,501.864
401.742,388.706,463.295,691.695,821.950,224.834,225.685
622.193,479.183,470.626,596.310,227.215,429.469,251.514
126.695,507.367,376.614,442.242,180.728,540.524,444.813
249.542,234.847,464.368,495.779,581.785,563.424,649.686
596.555,534.455,149.014,867.609,627.806,751.557,301.703
424.168,264.218,799.621,468.362,252.599,258.706,512.253
505.753,283.386,530.700,582.627,723.102,268.004,232.334
227.467,298.089,574.149,836.340,846.600,749.617,654.697
455.529,549.587,582.160,620.719,768.227,742.138,418.219
541.146,347.189,445.713,372.098,669.142,547.614,535.727
506.495,183.307,105.216,834.953,742.387,519.418,661.120
315.319,546.871,1019.260,244.610,417.492,480.625,286.641
743.471,343.072,272.413,476.419,534.374,463.585,213.097
310.026,518.134,338.674,593.283,754.993,700.135,91.857
355.588,605.426,744.609,572.066,494.390,466.480,116.751
810.290,354.499,500.766,700.738,467.296,608.196,1049.880
242.477,679.515,499.202,580.382,504.175,286.483,566.795
595.275,257.459,634.406,394.285,694.416,380.509,696.320
472.623,443.208,208.039,422.222,564.663,141.554,396.267
286.578,689.150,543.545,403.009,197.917,239.235,417.517
620.265,737.736,155.280,197.697,467.612,646.557,390.127
734.303,509.914,355.278,497.230,516.255,587.668,607.491
664.903,344.757,603.578,738.377,181.362,428.285,278.822
592.321,464.819,486.598,500.310,493.720,674.982,477.963
469.047,678.904,484.004,488.045,289.466,441.931,563.472
591.760,389.931,271.826,604.914,664.825,415.980,520.160
141.676,499.608,435.300,826.724,717.562,632.022,367.507
523.364,438.876,315.154,281.585,483.051,228.997,270.436
142.231,355.962,295.995,464.227,31.250,661.980,171.974
406.612,561.031,540.007,1044.958,792.674,770.346,367.427
703.627,680.274,389.445,705.832,833.051,227.954,601.230
697.901,799.795,424.269,367.826,429.401,989.135,431.642
542.553,513.589,323.486,607.998,486.045,544.406,427.013
678.138,412.033,485.630,480.922,590.830,671.196,429.090
423.643,382.229,31.250,444.005,715.481,748.198,508.937
626.239,388.016,531.898,345.250,232.757,31.250,538.379
664.976,645.961,160.225,562.846,925.433,642.575,234.936
641.049,445.219,538.496,933.204,488.663,432.663,505.423
631.581,711.428,681.722,726.009,631.510,619.653,742.530
568.292,494.276,624.973,401.850,502.728,448.490,518.725
297.147,510.787,423.847,509.923,416.670,350.402,487.130
357.099,704.118,432.682,800.991,681.704,493.015,697.234
557.783,578.667,325.918,532.546,699.294,684.354,493.161
317.372,405.020,635.757,602.087,226.721,819.500,527.824
378.869,424.425,771.281,435.084,787.261,594.622,429.814
583.135,743.100,448.531,575.860,830.096,791.407,180.549
571.730,588.800,221.476,315.228,479.931,737.770,521.960
607.000,774.298,558.386,805.215,452.907,257.773,481.030
715.611,632.686,637.241,890.692,148.813,463.705,171.401
630.116,435.285,227.411,563.194,288.641,457.125,494.366
1075.972,453.796,607.012,386.779,611.521,421.973,642.365
511.926,797.867,982.557,370.790,687.308,224.148,818.942
537.504,588.447,721.901,1090.736,504.401,405.589,255.077
745.271,846.450,698.887,490.122,373.577,359.815,555.088
451.904,524.922,703.737,505.264,642.436,754.459,618.560
640.961,284.324,853.769,296.169,436.585,363.521,549.801
176.226,318.038,434.504,472.243,581.081,166.439,767.656
505.869,691.836,366.083,468.638,537.517,759.832,99.810
547.327,454.474,538.838,162.863,455.398,529.630,503.034
402.048,386.365,351.755,468.447,331.896,693.362,356.129
461.117,497.307,478.520,407.051,345.541,171.507,748.334
852.722,96.736,42.602,362.714,878.966,568.751,504.017
611.023,516.576,646.866,724.791,706.103,695.131,556.009
228.669,483.329,662.170,615.203,473.937,579.443,378.488
382.609,277.399,538.231,598.256,345.037,320.253,690.390
417.498,616.443,554.274,529.065,405.222,577.048,405.094
731.892,591.265,798.026,471.996,715.290,188.454,319.757
544.901,516.960,354.766,548.272,383.911,504.244,441.382
545.327,553.605,390.111,301.819,570.497,690.642,660.076
568.389,676.884,360.153,868.595,639.035,489.369,422.593
247.018,678.183,464.883,391.414,440.639,546.068,189.838
427.036,434.842,374.292,407.814,456.415,581.211,417.779
730.363,335.028,536.422,523.485,393.184,535.593,139.119
380.530,482.788,433.681,379.723,462.230,576.869,676.199
665.527,611.254,296.369,179.095,466.832,564.955,308.451
445.970,774.018,269.273,277.601,163.760,520.379,627.952
519.456,543.580,849.986,413.491,479.059,183.930,519.573
544.315,721.762,521.809,487.259,418.301,234.890,433.497
665.149,726.914,494.367,284.306,537.667,296.318,583.284
354.006,347.302,529.430,565.504,759.389,623.427,313.326
506.596,450.911,511.930,661.940,442.434,630.632,435.249
537.228,526.729,642.565,505.761,620.905,748.161,522.637
577.785,720.210,612.003,417.016,801.227,279.415,465.628
628.484,378.868,442.084,751.452,592.439,782.106,663.491
431.306,744.802,405.635,421.610,175.047,443.194,389.805
873.915,751.797,361.816,345.468,516.678,407.427,117.356
517.893,246.386,330.965,632.542,712.954,538.967,468.568
437.750,873.674,784.151,793.156,541.730,815.158,373.116
573.795,423.735,394.179,538.160,544.289,440.569,63.748
425.549,531.766,79.746,617.920,652.308,380.285,617.251
781.609,331.363,403.394,202.405,683.530,161.034,323.303
607.388,406.586,407.837,491.616,175.436,186.753,681.691
319.281,771.859,569.364,386.601,624.093,696.676,539.595
561.834,368.869,381.084,660.461,360.732,272.413,516.256
763.874,605.258,598.128,462.632,619.421,934.493,740.547
515.202,584.075,665.625,280.013,345.250,784.196,490.558
623.292,513.161,569.120,398.433,562.846,824.029,754.461
571.545,495.104,432.689,514.755,933.204,610.334,495.289
537.442,341.900,519.753,358.329,726.009,539.468,808.445
434.943,692.553,334.452,484.648,401.850,679.015,498.411
95.109,483.645,387.174,1000.656,509.923,522.019,543.456
510.305,278.361,661.812,342.586,800.991,570.271,417.107
790.144,481.791,680.617,766.801,532.546,299.613,522.210
448.086,629.328,460.420,393.989,602.087,442.981,484.974
453.233,534.549,210.223,505.658,435.084,111.085,588.905
557.935,508.740,339.617,753.620,575.860,351.693,428.576
315.054,293.004,717.603,283.132,315.228,435.926,331.448
263.298,539.743,598.529,816.250,805.215,410.752,508.943
499.801,640.971,602.354,273.799,890.692,829.504,549.936
586.616,919.328,323.753,442.001,563.194,496.613,31.250
557.020,666.443,471.355,367.719,386.779,763.220,389.246
301.243,446.293,583.029,152.369,370.790,413.071,506.565
404.370,428.158,616.446,463.476,1090.736,555.414,475.912
705.455,31.250,451.954,449.368,490.122,413.874,637.195
423.497,538.006,483.862,644.863,505.264,380.869,535.449
562.634,724.917,597.357,113.395,296.169,380.175,731.461
521.803,368.457,386.797,468.225,472.243,554.858,567.074
553.533,365.980,322.038,394.537,468.638,866.156,382.717
637.248,203.188,652.796,407.723,162.863,555.070,458.812
585.948,437.107,527.969,431.351,468.447,480.904,820.224
452.949,723.838,86.842,629.648,407.051,623.712,459.514
928.126,396.474,934.923,380.936,362.714,767.651,552.126
615.431,238.288,858.561,513.641,724.791,410.581,494.061
311.342,240.996,664.795,440.324,615.203,538.341,737.973
453.772,368.404,530.555,572.401,598.256,540.173,523.965
515.950,703.858,617.968,380.926,529.065,220.480,303.867
758.325,696.342,688.206,432.514,471.996,625.756,728.679
268.486,469.133,552.862,433.949,548.272,499.126,762.723
272.577,759.033,729.114,377.483,301.819,459.796,576.863
394.747,208.217,408.559,470.153,868.595,621.644,680.693
559.023,604.552,499.544,371.979,391.414,463.354,900.635
583.507,238.732,287.677,494.202,407.814,393.915,581.183
674.750,857.004,430.115,361.599,523.485,549.898,340.432
773.282,445.049,464.517,526.257,379.723,322.178,307.093
673.105,31.250,89.320,247.442,179.095,728.282,576.501
395.755,648.811,495.202,64.229,277.601,739.044,398.528
683.565,565.951,562.609,507.032,413.491,686.970,684.854
434.925,666.792,630.717,341.450,487.259,438.201,630.920
587.798,632.693,593.994,355.659,284.306,589.742,436.847
459.571,419.801,493.224,475.802,565.504,714.717,301.321
660.111,182.276,255.600,667.568,661.940,450.689,796.346
378.396,238.110,756.759,905.086,505.761,643.205,1036.102
557.362,625.482,427.894,210.558,417.016,705.078,612.791
627.622,446.154,86.202,164.603,751.452,725.897,421.194
178.688,420.556,353.097,677.448,421.610,736.633,381.855
438.206,412.302,475.136,475.323,345.468,479.080,399.808
741.377,410.344,560.793,392.073,632.542,387.623,299.861
337.428,537.194,513.739,504.626,793.156,873.185,648.036
472.204,434.051,842.320,468.717,538.160,694.207,333.896
635.314,387.343,267.879,639.522,617.920,548.787,395.146
379.708,669.658,461.912,448.076,202.405,511.960,371.228
203.165,225.757,191.315,291.392,491.616,345.428,574.880
604.198,558.894,271.477,470.320,386.601,618.219,402.527
279.692,323.187,814.397,383.356,660.461,575.960,464.382
840.537,350.592,504.830,580.822,462.632,478.718,242.784
589.540,661.670,657.969,497.227,362.559,512.022,213.180
340.479,509.124,661.893,521.343,457.027,491.936,473.209
460.588,426.812,362.071,251.160,326.097,750.100,689.386
300.738,631.676,31.250,552.401,461.260,736.163,709.120
292.555,95.216,536.119,415.016,572.802,513.530,298.040
708.879,737.116,291.442,526.794,403.310,357.755,444.150
777.815,460.645,644.196,389.146,355.993,693.034,618.338
283.065,507.818,532.915,607.298,602.206,756.956,414.701
351.613,224.164,400.319,493.947,303.690,136.448,282.892
623.664,301.916,283.841,466.470,605.862,440.195,522.415
357.048,387.362,293.266,218.706,1001.215,500.054,473.037
453.410,669.719,813.310,523.304,301.912,448.905,478.930
612.303,655.794,650.002,653.327,532.906,586.940,437.790
634.993,741.877,441.194,710.200,606.257,268.828,733.271
576.131,374.524,532.446,243.051,147.197,226.742,373.585
540.200,504.458,635.280,762.020,453.122,382.623,612.514
240.650,282.046,446.683,188.604,818.707,489.299,633.149
502.327,433.338,183.749,760.789,337.271,210.810,368.805
408.331,356.209,865.839,296.130,289.265,560.059,555.485
365.660,596.979,459.257,480.511,693.347,413.792,357.423
554.309,508.785,416.793,377.401,656.112,302.506,446.516
64.529,536.594,539.114,382.204,531.749,415.092,265.481
726.759,605.873,369.020,219.936,344.460,612.627,455.552
359.870,386.485,350.777,211.328,308.553,644.599,625.114
732.231,278.251,479.910,570.954,588.642,454.642,354.976
595.202,526.578,333.005,69.518,506.559,599.606,561.760
610.007,208.718,504.616,371.618,284.316,699.711,599.214
86.224,386.471,500.270,557.878,251.694,644.992,601.655
285.447,642.188,896.481,317.667,638.277,178.231,393.283
542.224,552.258,434.215,334.872,748.864,349.124,429.788
682.468,440.670,490.547,619.024,640.784,797.295,519.759
463.476,992.736,376.068,393.127,138.127,206.338,479.610
510.269,566.297,667.878,241.308,427.914,382.057,565.938
478.162,398.724,537.741,31.250,510.562,585.288,671.323
672.030,436.685,515.285,687.719,834.635,285.924,676.712
450.279,867.499,840.793,446.723,406.675,584.729,725.115
811.239,922.921,515.855,291.937,644.946,453.324,487.147
170.224,243.709,516.156,581.213,399.861,665.792,557.819
246.830,433.233,256.730,346.995,457.218,522.972,597.581
469.226,782.706,74.750,428.760,355.529,234.130,564.026
595.692,267.389,423.406,190.323,298.836,263.424,309.701
749.529,567.719,542.054,459.296,424.857,271.354,495.398
480.779,190.804,329.853,322.123,478.368,399.736,659.002
354.710,523.352,358.538,676.766,329.927,717.965,621.658
508.095,417.731,583.210,572.213,507.962,643.580,235.253
435.272,333.017,405.697,491.145,542.901,350.920,834.946
397.847,685.676,405.687,314.816,610.727,257.059,565.283
303.028,608.935,450.914,468.211,491.686,515.211,571.975
272.297,580.910,316.495,704.807,698.516,204.353,427.007
417.921,292.757,617.265,320.599,404.501,443.646,672.430
797.345,556.257,858.143,645.799,327.745,358.680,262.402
578.111,521.825,708.874,628.572,514.499,566.896,209.184
170.428,440.278,826.007,384.041,536.299,423.328,629.304
763.583,561.814,352.713,848.600,773.947,411.823,441.872
454.905,303.115,617.216,758.840,315.791,337.627,75.104
781.909,156.229,439.782,442.213,572.463,293.795,605.790
512.903,500.961,705.713,650.657,369.601,498.697,633.026
821.278,814.306,352.478,589.309,338.122,520.549,400.999
608.169,248.594,591.389,328.246,843.165,765.490,472.315
473.779,619.670,775.520,598.623,741.949,539.438,481.501
533.487,532.609,610.829,770.845,497.227,472.200,435.723
553.444,611.202,587.989,543.249,521.343,513.890,451.114
342.380,237.390,533.172,413.345,251.160,460.111,226.261
704.956,253.361,639.600,698.610,552.401,463.169,499.282
494.285,653.820,515.639,770.313,415.016,700.333,446.128
613.587,294.030,303.789,275.926,526.794,543.470,181.247
619.511,658.491,590.526,492.792,389.146,303.118,453.923
471.276,454.823,956.881,665.122,607.298,435.671,553.622
435.993,543.244,612.254,353.421,493.947,176.942,542.325
618.546,597.184,747.104,204.804,466.470,448.277,433.206
418.906,255.906,814.710,467.136,218.706,631.660,430.349
700.983,346.689,604.439,573.472,523.304,168.652,493.658
551.583,600.999,584.927,504.166,653.327,516.877,754.265
103.632,643.121,453.203,495.362,710.200,522.353,652.752
413.687,174.352,616.523,432.189,243.051,706.932,432.223
380.852,773.106,672.680,348.598,762.020,865.840,202.766
838.946,597.756,464.875,386.000,188.604,353.398,614.310
72.927,474.387,367.141,588.796,760.789,614.810,833.456
389.760,378.893,903.572,608.122,296.130,679.677,314.422
577.862,387.163,369.094,473.288,480.511,593.201,286.005
544.241,290.601,660.411,691.814,377.401,296.041,371.433
641.104,691.278,530.482,420.769,382.204,433.073,490.011
894.884,572.390,392.949,587.962,219.936,640.704,361.313
485.072,412.445,740.108,630.922,211.328,478.155,461.491
614.675,621.254,592.445,376.807,570.954,561.743,407.225
684.330,682.472,471.510,397.858,69.518,310.706,471.672
659.819,773.829,485.025,354.679,371.618,374.551,886.606
335.206,365.461,525.328,526.348,557.878,735.943,841.465
398.018,588.487,539.373,531.175,317.667,31.250,258.585
637.658,486.850,525.935,427.632,334.872,471.845,631.409
562.801,220.190,567.830,302.066,619.024,210.881,673.365
333.749,658.550,347.070,295.169,393.127,384.221,461.504
723.830,244.854,701.447,339.241,241.308,533.436,237.081
414.469,508.190,411.351,708.339,31.250,506.438,316.063
474.453,607.367,373.142,384.229,687.719,330.215,422.071
509.042,364.454,757.513,400.022,446.723,546.308,360.594
471.288,699.505,619.431,408.733,291.937,350.403,554.626
205.896,699.835,227.107,587.903,581.213,660.799,613.809
486.249,593.268,442.245,383.020,346.995,31.250,471.536
308.678,326.996,580.619,695.036,428.760,163.204,484.817
339.770,247.984,545.046,740.631,190.323,417.582,350.033
400.870,783.059,31.250,529.626,459.296,459.757,610.368
433.923,671.375,320.333,548.890,322.123,614.694,700.801
326.832,805.091,286.305,230.169,676.766,421.201,485.744
536.009,541.839,412.778,398.269,572.213,880.472,388.158
224.899,138.799,533.768,602.181,491.145,594.653,308.888
438.422,596.650,450.689,652.036,314.816,167.772,600.668
353.451,332.265,382.917,123.850,468.211,812.939,222.188
531.490,466.627,31.250,688.198,704.807,474.093,559.932
454.260,225.322,844.811,130.348,320.599,132.096,523.559
193.548,525.442,116.280,482.212,645.799,718.716,341.680
399.405,762.237,460.185,587.534,628.572,884.975,447.183
705.185,533.809,477.803,497.699,384.041,328.453,623.499
343.813,216.687,441.014,577.804,848.600,553.900,261.103
793.598,621.523,396.606,785.426,758.840,506.517,536.991
496.008,528.640,411.076,731.347,442.213,568.719,877.519
340.268,586.561,487.449,244.928,650.657,517.228,430.718
468.641,513.413,186.192,278.064,589.309,430.641,384.855
31.250,589.375,446.101,186.483,328.246,598.282,297.538
276.119,317.466,297.877,355.560,598.623,613.911,872.612
