11.745,5.999,10.249,6.926,9.892,4.444,3.724
8.466,6.538,10.777,7.130,10.992,12.929,14.807
4.064,12.741,11.870,7.701,9.980,9.075,7.819
4.393,9.698,14.332,5.743,7.403,7.358,10.104
7.378,4.440,13.127,7.919,4.714,0.500,8.044
12.358,6.656,15.606,10.134,9.500,9.888,6.667
3.759,6.191,13.853,5.055,3.764,7.019,10.907
10.026,5.825,13.127,11.971,1.937,7.568,11.189
12.861,10.704,12.062,8.046,9.161,4.582,3.628
5.616,8.049,9.992,4.154,0.500,4.189,12.596
9.436,7.293,10.464,7.037,9.292,6.727,13.282
10.027,8.176,10.176,10.658,9.902,9.076,7.679
11.291,9.513,9.424,11.249,10.309,4.930,7.247
7.695,2.187,11.855,5.543,8.307,14.024,2.381
2.887,7.645,10.320,8.627,7.880,3.975,4.618
6.639,8.345,6.650,9.851,5.153,3.141,9.784
10.327,10.332,6.048,8.180,8.144,4.412,10.997
10.714,10.642,6.175,10.523,9.276,12.238,8.070
6.998,9.357,3.285,10.587,6.481,9.116,5.977
9.725,9.065,5.290,3.263,4.671,3.953,10.279
10.243,3.144,3.730,9.154,11.831,4.578,6.985
11.792,8.053,7.975,11.606,10.415,9.989,9.297
8.172,8.418,9.042,7.051,10.306,10.255,8.600
3.982,4.280,9.049,12.276,4.320,10.583,7.286
5.745,6.185,7.265,7.637,0.554,12.493,5.310
2.303,5.474,8.158,7.275,8.157,7.981,5.529
5.670,8.381,9.174,6.504,6.301,8.277,14.063
7.169,11.231,10.964,4.600,8.056,7.894,11.298
3.125,6.337,9.873,6.157,9.074,5.970,7.583
8.560,9.548,7.982,4.981,10.425,5.670,5.521
9.361,5.653,10.787,7.291,7.922,10.409,6.484
7.650,7.672,8.229,6.719,9.254,9.703,11.445
5.561,5.654,6.930,6.703,4.126,8.755,6.143
10.902,3.160,6.927,8.838,10.590,10.453,9.128
16.811,8.534,9.465,3.113,3.246,8.295,10.225
7.412,7.553,10.703,7.339,7.947,8.026,7.050
11.822,5.542,10.719,0.500,7.291,3.461,7.303
6.662,3.485,11.880,7.649,5.327,14.244,6.291
7.567,8.170,10.043,1.259,9.528,8.469,7.396
10.333,6.700,12.328,4.926,6.620,9.547,7.469
5.469,10.379,12.459,2.527,10.022,8.858,2.620
7.546,5.862,9.192,12.178,8.601,5.186,7.665
5.440,10.154,10.684,8.551,5.603,5.265,6.693
6.187,7.576,12.554,9.862,7.050,6.111,8.603
10.823,5.360,12.256,13.194,3.278,4.310,12.150
2.421,5.273,13.286,3.747,5.620,6.781,7.079
7.371,11.358,11.857,11.002,4.376,13.420,9.934
3.678,9.309,11.087,3.433,10.660,10.312,12.820
2.942,7.380,11.000,4.113,6.578,9.094,9.479
10.906,5.160,9.685,9.705,6.434,11.934,2.801
7.145,7.375,11.322,11.881,3.523,7.334,8.267
13.210,8.304,12.095,3.311,8.215,6.849,11.407
10.016,3.086,10.509,4.560,5.209,9.988,8.668
7.531,6.129,9.213,7.775,5.444,5.767,8.709
6.516,7.189,10.857,5.308,7.732,13.297,10.437
7.162,8.924,9.332,8.294,15.805,10.316,10.936
8.795,5.584,6.410,8.838,6.654,9.792,2.807
7.242,5.725,5.868,9.556,5.400,2.692,9.985
10.051,3.209,5.158,4.897,5.983,7.301,5.772
12.113,10.954,7.161,8.162,8.920,5.888,9.911
9.892,9.892,3.651,5.865,6.034,7.173,7.956
10.992,10.992,5.525,8.296,8.713,7.730,8.341
9.980,9.980,5.454,3.999,9.883,5.922,4.019
7.403,7.403,5.124,3.952,5.328,8.328,8.838
4.714,4.714,5.920,11.588,7.068,5.640,6.640
9.500,9.500,6.336,8.359,7.901,8.343,8.429
3.764,3.764,7.158,13.349,4.142,6.458,6.226
1.937,1.937,7.662,8.062,0.500,5.762,9.717
9.161,9.161,6.082,9.224,4.142,8.543,7.903
0.500,0.500,6.413,10.080,9.151,12.300,7.464
9.292,9.292,7.596,6.530,8.556,7.899,3.499
9.902,9.902,7.106,9.874,8.437,9.791,8.373
10.309,10.309,6.015,12.201,7.000,12.470,10.453
8.307,8.307,7.589,12.314,7.182,10.703,11.363
7.880,7.880,6.713,7.069,12.943,8.199,3.889
5.153,5.153,8.150,10.845,2.667,10.817,12.192
8.144,8.144,7.483,7.597,3.749,3.520,3.018
9.276,9.276,8.099,4.027,8.953,9.641,12.173
6.481,6.481,9.689,8.228,6.464,10.705,4.738
4.671,4.671,10.461,8.193,7.405,5.387,7.688
11.831,11.831,10.410,7.062,3.854,9.477,6.038
10.415,10.415,9.714,6.039,7.125,11.942,6.115
10.306,10.306,8.245,11.261,8.761,6.643,3.519
4.320,4.320,7.569,5.268,7.493,11.613,3.381
0.554,0.554,7.299,5.512,9.160,8.940,9.135
8.157,8.157,8.256,7.774,4.792,8.414,1.112
6.301,6.301,10.661,11.754,13.280,6.505,5.946
8.056,8.056,10.255,6.245,11.104,9.983,8.926
9.074,9.074,10.400,7.395,11.625,5.584,5.083
10.425,10.425,11.875,16.644,9.316,7.164,5.358
7.922,7.922,10.544,8.527,11.777,10.323,9.904
9.254,9.254,10.771,7.539,6.408,11.897,6.290
4.126,4.126,9.218,9.580,8.163,11.206,3.861
10.590,10.590,8.026,2.887,10.128,4.619,0.500
3.246,3.246,8.322,3.936,14.178,7.981,11.004
7.947,7.947,9.642,14.232,8.570,5.223,7.148
7.291,7.291,11.202,8.145,7.883,8.079,4.671
5.327,5.327,12.710,6.192,9.704,7.335,9.299
9.528,9.528,13.509,9.463,14.038,11.896,5.552
6.620,6.620,12.879,10.246,8.570,7.410,6.860
10.022,10.022,14.952,5.945,4.117,10.142,3.045
8.601,8.601,13.499,8.327,0.500,10.538,7.349
5.603,5.603,12.616,4.325,10.456,7.753,5.154
7.050,7.050,12.557,7.823,8.804,6.615,10.828
3.278,3.278,10.434,8.693,5.022,1.825,9.155
5.620,5.620,9.874,9.625,7.774,5.461,7.858
4.376,4.376,10.396,1.236,8.492,8.333,5.037
10.660,10.660,9.309,7.372,4.918,8.261,7.491
6.578,6.578,10.969,9.123,5.621,10.425,11.277
6.434,6.434,11.927,9.245,12.647,8.699,5.130
3.523,3.523,12.409,9.877,4.853,9.017,10.333
8.215,8.215,13.598,6.132,8.942,11.637,10.057
5.209,5.209,14.630,7.007,10.403,12.640,6.145
5.444,5.444,12.261,9.664,4.042,7.831,13.578
7.732,7.732,11.202,8.983,9.672,4.455,12.141
15.805,15.805,9.988,5.480,4.472,7.330,7.075
6.654,6.654,12.229,13.154,9.617,10.362,10.411
5.400,5.400,10.416,7.076,10.842,7.093,9.429
5.983,5.983,11.023,8.562,9.346,5.329,5.252
8.920,8.920,13.499,13.310,10.104,8.251,9.578
0.500,14.198,8.124,9.438,10.504,6.707,6.559
7.797,8.258,9.305,7.619,7.155,12.068,7.761
3.428,10.173,10.285,5.649,8.204,13.676,13.311
5.778,9.274,9.854,4.606,5.855,9.348,9.153
5.258,9.770,10.136,11.518,10.366,3.895,0.500
7.718,11.216,10.503,7.157,10.556,5.697,11.188
3.975,4.435,9.700,7.420,8.884,6.821,6.532
11.147,11.297,9.703,7.498,2.463,11.081,10.013
9.047,7.033,8.394,4.812,6.717,7.141,10.124
8.155,10.976,8.659,13.223,4.814,8.584,7.090
10.592,8.642,8.732,9.039,9.139,9.402,13.872
7.093,7.832,9.722,8.263,8.629,3.687,6.808
9.448,6.116,11.310,6.189,4.222,13.769,5.118
13.623,6.858,13.565,0.500,12.024,5.152,6.447
11.806,5.527,13.040,7.352,6.029,7.930,9.637
4.457,5.747,11.772,10.154,5.539,10.685,11.359
9.726,9.628,12.894,7.774,16.509,5.187,5.421
10.584,8.292,14.272,10.339,9.872,7.998,6.213
2.268,9.891,14.137,12.101,10.615,9.964,12.360
7.453,5.115,13.648,13.398,9.837,12.285,9.863
9.606,14.349,13.576,9.926,8.038,8.462,5.332
7.731,5.930,14.292,5.421,7.757,10.843,8.395
8.361,9.612,12.882,15.199,11.770,10.391,8.864
6.136,7.643,13.893,8.992,7.909,8.551,10.813
5.640,9.504,12.424,8.488,6.663,3.993,9.212
4.004,2.949,11.314,3.625,14.543,8.693,5.776
7.058,8.753,11.417,5.542,10.257,4.336,7.048
8.896,7.518,10.571,4.262,9.066,4.872,5.829
8.540,4.856,12.344,2.659,7.295,10.288,10.477
3.298,5.724,11.738,7.173,4.026,7.048,10.653
0.500,6.756,11.326,5.358,6.461,2.605,4.666
9.474,9.538,10.266,8.527,9.606,7.311,11.208
1.661,7.764,9.383,7.458,7.502,4.664,7.008
7.866,13.217,10.557,9.897,12.008,8.294,6.888
6.974,8.567,11.900,9.558,10.883,11.634,10.126
3.896,4.148,11.788,3.386,3.465,9.357,8.248
17.365,8.204,12.386,2.189,7.771,13.695,4.102
9.749,5.496,11.573,7.641,7.753,4.684,11.557
9.487,15.406,11.138,9.479,8.150,5.787,6.883
7.187,10.407,12.333,12.642,6.470,8.118,8.059
8.332,4.363,11.201,8.428,0.845,15.486,13.221
9.211,12.817,11.771,5.988,8.409,11.601,8.730
8.453,8.074,12.156,7.796,6.137,12.754,7.544
5.221,7.925,11.921,7.215,4.222,5.803,8.998
10.187,9.465,12.928,11.151,7.768,6.214,8.176
7.736,10.707,14.873,8.545,4.436,11.043,11.082
5.409,6.571,13.322,8.647,7.310,11.519,9.193
7.899,11.276,14.573,8.888,6.124,5.872,11.369
4.936,9.973,13.797,8.356,6.309,3.403,11.399
12.510,8.690,11.417,6.932,9.614,8.263,8.521
8.666,6.156,10.786,13.484,8.372,3.558,14.422
7.593,8.649,9.888,5.871,12.315,4.807,5.084
10.694,4.761,7.433,9.756,4.850,6.983,9.708
9.389,7.182,5.999,2.613,10.942,10.251,11.864
12.769,7.220,5.839,6.471,5.444,9.167,5.789
10.410,12.335,5.901,12.550,10.690,10.199,4.853
12.595,5.488,4.459,2.897,10.044,14.720,11.562
2.883,10.917,6.286,4.329,9.647,7.299,6.421
10.140,8.966,6.510,7.201,5.632,10.466,11.869
6.935,8.239,4.942,8.848,6.783,8.704,10.824
8.654,3.932,11.585,9.786,9.095,7.034,6.614
8.598,7.254,12.597,8.006,7.075,3.681,6.180
10.206,9.358,10.519,5.033,7.616,10.736,10.877
9.282,5.253,11.539,11.333,9.194,9.602,3.964
13.045,4.179,8.204,6.209,10.686,10.594,5.691
5.768,5.138,9.753,6.938,7.946,10.327,7.942
9.282,9.003,10.428,6.818,7.722,9.923,4.152
9.238,11.025,9.752,8.632,11.442,7.183,8.564
11.952,8.953,10.239,11.526,7.359,2.760,5.441
12.238,9.201,12.865,5.204,7.797,6.513,9.265
3.883,7.893,11.939,4.222,9.895,8.586,12.851
6.506,7.836,11.544,12.938,8.772,3.336,3.924
6.625,12.305,10.080,9.694,4.076,8.619,9.491
8.221,6.881,10.007,7.840,9.893,8.420,8.295
11.828,5.264,9.535,7.359,3.400,7.375,10.364
7.385,7.632,10.828,12.044,8.941,8.084,12.193
7.798,13.200,12.158,4.193,11.236,8.662,8.121
3.146,12.949,12.143,4.309,13.047,4.643,5.009
9.734,3.654,11.916,5.797,11.522,8.224,11.168
8.347,8.947,9.689,6.106,14.443,2.602,6.211
8.221,10.287,9.558,8.091,9.574,8.020,6.816
9.469,4.851,8.354,7.585,4.543,6.581,4.991
10.903,11.130,6.921,8.304,5.397,8.742,9.743
6.054,0.883,6.404,4.343,10.930,9.549,5.247
11.972,4.899,6.340,5.432,12.461,8.836,7.975
9.913,11.928,6.905,11.591,8.443,12.979,11.665
7.199,4.068,6.631,10.348,5.641,2.398,4.682
7.063,8.199,5.015,8.382,3.433,10.460,3.612
8.785,4.231,6.205,4.671,14.154,10.254,6.643
12.368,13.181,8.256,6.093,11.509,8.997,7.312
10.826,3.962,7.592,11.992,8.401,7.527,11.592
6.199,10.145,6.062,9.911,5.930,6.797,7.168
12.655,7.064,6.614,4.729,10.644,12.290,3.474
3.367,5.955,5.399,6.104,13.376,6.151,5.787
7.445,11.771,7.391,6.968,10.820,9.071,7.672
10.158,9.944,8.547,10.298,5.548,4.410,5.597
10.597,13.034,9.419,9.928,5.526,11.242,7.481
9.674,8.460,8.299,10.913,9.798,9.678,8.721
9.022,9.870,9.773,13.113,9.987,5.078,8.119
3.255,7.346,8.942,9.360,7.493,7.244,2.326
8.872,3.509,11.527,6.948,12.924,4.993,8.684
9.789,5.892,10.653,3.344,4.313,11.631,13.925
9.629,14.642,11.165,9.891,7.312,7.877,7.320
12.743,10.276,10.760,4.339,12.896,5.889,4.083
7.433,9.370,9.981,7.772,7.478,7.169,8.484
11.193,7.780,10.435,8.644,6.240,13.245,12.514
9.300,6.726,11.024,1.974,3.524,8.747,12.722
7.462,5.790,11.339,11.827,8.210,6.748,8.806
12.155,4.446,12.203,7.065,5.107,6.125,8.940
7.879,5.966,10.528,11.780,10.802,4.131,7.826
12.602,5.640,8.059,11.717,9.367,7.924,3.862
8.680,9.515,8.758,10.767,6.950,9.530,3.300
5.327,10.223,9.307,8.817,6.294,8.125,12.923
11.675,7.596,10.677,5.927,5.545,6.974,9.455
12.620,10.942,9.987,9.719,13.046,2.975,11.357
4.303,12.745,9.897,7.314,6.830,13.160,9.072
3.089,5.550,8.517,7.544,6.369,8.674,7.372
8.221,5.449,9.752,7.396,8.600,11.317,7.104
10.381,6.313,9.250,4.938,9.101,6.073,11.509
8.998,10.630,9.691,7.315,8.242,3.047,6.862
4.138,5.661,7.604,9.000,3.893,3.677,12.066
8.669,9.641,6.832,5.681,9.379,5.785,4.774
11.447,4.702,9.672,7.904,6.875,5.886,8.289
4.984,6.611,9.345,7.387,14.481,6.247,9.570
7.755,10.094,7.513,6.070,10.260,6.121,6.558
11.148,10.236,10.387,7.668,7.882,9.397,8.108
10.356,10.300,8.953,6.999,13.000,7.562,7.808
3.216,4.278,8.523,0.726,12.663,4.910,8.062
11.867,10.746,7.130,2.044,5.558,2.901,9.294
10.791,2.601,7.818,7.754,15.071,9.316,11.589
5.056,4.074,9.813,3.352,8.523,8.691,7.157
7.354,7.141,8.263,9.751,5.016,10.657,0.510
8.623,10.417,8.939,6.753,3.732,11.653,9.790
8.114,6.186,9.394,15.359,6.659,6.514,5.941
7.747,8.488,11.764,7.821,9.555,3.746,6.979
5.356,5.978,12.198,12.659,11.262,6.519,9.265
8.587,9.306,11.303,6.501,0.500,12.234,7.371
11.669,3.543,12.961,4.853,7.919,3.193,5.768
6.922,7.916,12.838,2.689,9.942,8.485,12.170
3.034,4.779,14.058,5.442,7.166,10.465,5.764
9.222,12.584,14.286,9.740,10.207,8.062,9.190
3.907,9.796,14.098,6.552,10.708,7.086,5.109
9.147,5.158,12.960,0.500,3.789,6.201,11.450
1.243,4.133,13.840,4.877,7.355,10.005,8.812
6.062,5.813,12.539,7.048,7.217,6.401,2.906
8.321,12.765,9.907,9.326,8.636,6.219,8.156
7.258,6.850,10.477,9.320,9.839,7.667,3.834
0.500,12.560,10.401,8.953,8.705,8.118,13.986
7.266,3.625,11.995,9.865,3.414,3.758,12.631
9.450,2.312,13.693,13.121,9.022,8.551,2.276
10.202,4.001,11.551,6.418,17.612,4.227,6.790
6.936,7.127,11.830,6.838,7.714,4.534,11.558
6.795,9.859,9.752,9.212,8.661,4.769,9.690
5.090,4.308,8.293,9.759,10.844,8.793,8.011
7.409,8.968,9.989,7.041,7.211,5.555,4.099
7.226,7.011,9.550,11.336,10.309,2.933,12.636
7.547,7.675,9.829,9.931,7.244,8.750,9.605
8.163,11.931,8.355,7.777,4.116,5.489,10.663
11.021,3.146,7.318,12.895,11.512,8.290,4.104
10.300,9.454,6.804,6.173,12.421,9.687,5.147
6.645,6.933,9.824,6.896,4.600,5.672,11.493
3.030,6.828,7.495,2.926,6.135,10.872,12.403
9.544,9.631,8.825,7.019,7.614,4.119,15.213
8.208,10.952,8.883,8.842,0.790,7.091,7.761
12.460,2.107,12.528,7.559,5.821,11.026,6.906
9.151,9.666,14.243,8.536,5.398,11.804,10.562
13.400,6.662,11.423,7.355,5.039,8.159,6.320
8.087,9.142,11.767,7.716,10.683,5.516,3.282
12.910,12.053,11.609,6.477,2.210,7.437,7.150
10.375,8.402,10.320,4.563,5.850,10.862,7.340
8.044,11.837,8.733,8.541,6.615,6.239,4.587
14.449,1.682,10.920,7.101,4.053,7.994,5.456
13.297,1.576,10.209,3.828,10.698,7.022,7.635
6.506,12.029,6.982,2.888,6.115,5.695,8.808
9.348,13.992,5.272,9.557,7.626,8.976,4.037
6.068,13.744,4.871,7.746,10.535,10.884,6.273
5.571,5.514,4.978,5.805,9.037,12.797,8.436
2.733,12.355,2.196,11.460,9.138,8.217,9.214
3.218,6.345,2.556,11.705,12.000,6.593,3.602
11.276,7.706,0.500,9.439,11.074,6.116,10.368
4.042,5.211,5.956,16.589,8.848,6.003,8.848
10.915,10.562,7.616,9.554,6.160,12.072,6.160
0.500,4.015,6.945,7.098,10.909,11.081,10.909
9.037,8.163,6.071,5.154,5.619,13.034,5.619
5.898,6.657,3.853,2.687,7.805,12.495,7.805
8.503,8.269,5.059,10.158,13.104,6.391,13.104
4.844,7.496,6.951,8.352,8.674,6.282,8.674
11.487,5.514,5.419,5.726,6.141,12.374,6.141
5.098,8.759,5.204,4.615,5.965,10.891,5.965
8.407,3.452,8.574,4.170,6.266,4.408,6.266
6.752,2.645,7.675,9.687,6.740,13.453,6.740
7.577,5.484,10.237,7.086,4.203,9.678,4.203
6.363,6.453,10.849,9.268,8.327,9.081,8.327
12.958,9.256,14.158,8.635,9.899,8.004,9.899
5.956,9.126,13.748,3.504,4.837,4.345,4.837
9.450,7.413,13.456,11.705,16.717,7.721,16.717
14.905,11.890,11.907,9.872,8.428,5.791,8.428
9.355,10.402,9.366,10.765,9.732,5.621,9.732
5.237,7.812,11.505,11.516,3.718,11.783,3.718
10.315,13.638,8.789,11.448,9.566,8.760,9.566
10.337,10.390,9.279,11.378,13.311,10.476,13.311
10.049,5.532,7.591,9.984,15.520,7.102,15.520
11.176,8.449,4.385,9.582,15.258,6.657,15.258
6.821,12.063,3.025,4.228,12.920,10.481,12.920
10.717,5.166,1.756,9.495,1.720,11.911,1.720
7.494,7.237,4.007,1.487,9.463,5.571,9.463
8.177,8.984,6.838,0.599,8.589,8.921,8.589
7.320,8.466,4.240,5.903,4.413,11.447,4.413
10.492,12.802,1.948,9.873,13.390,7.079,13.390
3.052,12.998,1.598,5.699,8.404,4.505,8.404
5.462,9.679,2.785,5.979,5.555,14.215,5.555
6.305,10.987,3.160,9.860,4.937,5.319,4.937
6.512,9.358,3.100,2.303,12.759,10.396,12.759
7.894,8.433,1.898,0.500,8.018,7.797,8.018
2.688,9.562,3.233,11.948,5.680,8.203,5.680
5.953,6.998,2.218,11.561,5.470,7.774,5.470
7.975,9.527,1.620,1.925,10.080,5.846,10.080
7.285,9.233,2.229,13.829,4.978,6.121,4.978
5.570,8.159,1.545,11.904,6.435,5.230,6.435
5.079,1.335,3.085,6.863,10.618,4.576,10.618
10.333,5.758,5.618,10.086,9.956,10.866,9.956
9.574,8.131,7.234,10.078,7.774,8.283,7.774
7.701,6.961,8.211,7.167,10.104,8.902,10.104
6.820,8.380,7.829,4.507,11.141,9.191,11.141
6.747,7.018,3.365,6.765,14.680,8.365,14.680
7.468,4.426,6.621,8.163,11.213,11.954,11.213
10.522,11.472,8.183,4.221,6.893,8.774,6.893
6.391,4.283,10.267,9.104,9.468,9.891,9.468
11.965,8.691,7.197,5.524,6.505,6.921,6.505
6.726,8.144,8.930,11.261,5.163,10.386,5.163
2.597,8.782,9.252,6.468,7.529,9.086,7.529
12.695,14.514,10.119,9.421,7.184,7.322,7.184
3.545,8.523,11.980,6.888,9.559,11.128,9.559
10.885,11.181,11.319,11.747,8.093,5.338,8.093
4.434,6.552,11.620,5.641,11.141,13.036,11.141
4.471,3.922,11.849,1.461,4.076,4.085,4.076
6.097,8.889,10.989,8.902,14.826,10.518,14.826
7.418,10.448,11.590,5.242,4.436,6.289,4.436
4.709,4.335,11.510,6.007,1.770,9.582,1.770
3.674,6.184,11.705,2.011,6.962,9.305,6.962
2.561,3.749,11.369,14.405,10.587,6.324,10.576
4.592,6.450,12.646,11.015,8.146,8.121,13.775
2.377,6.203,12.791,10.075,6.829,0.500,3.636
6.127,8.324,10.550,7.505,10.107,10.241,8.699
5.291,6.267,10.579,8.071,1.523,10.487,6.745
9.051,10.792,13.084,2.643,11.794,8.895,8.259
1.673,9.742,11.465,10.440,7.370,3.712,6.968
11.449,12.197,12.202,8.456,8.125,7.179,7.416
9.897,7.275,11.647,9.046,3.587,5.664,7.760
11.476,11.789,11.169,0.573,4.831,9.244,5.760
7.340,3.776,9.858,14.765,6.198,6.127,4.857
5.473,8.475,9.907,10.040,10.715,10.644,8.729
9.721,1.223,9.782,7.303,10.493,8.469,5.043
7.350,8.358,9.598,9.058,11.870,5.391,11.927
17.301,8.479,8.432,5.548,5.992,7.991,5.902
9.993,9.471,8.452,11.943,8.071,5.604,4.151
4.329,4.823,7.585,5.240,4.513,5.499,5.379
12.166,6.845,7.909,6.995,6.933,5.421,6.107
6.050,1.900,7.570,9.139,5.699,10.553,2.427
3.329,7.784,7.695,4.516,9.552,8.014,6.434
8.118,10.446,6.516,11.133,8.141,4.506,5.530
6.515,7.179,7.287,4.476,8.586,8.493,5.510
11.493,4.194,6.917,7.382,9.694,9.008,9.234
10.740,9.282,8.080,3.472,6.184,12.116,6.929
9.186,12.895,8.200,10.704,4.452,9.687,5.506
13.326,8.039,9.142,6.407,8.425,9.965,9.124
6.568,0.500,8.181,11.499,3.339,10.693,3.237
15.275,3.908,7.478,5.803,6.184,4.698,11.776
5.844,3.507,7.929,7.324,10.275,3.899,9.259
6.359,7.716,6.069,7.616,8.836,7.383,17.371
14.745,10.362,5.377,8.817,7.051,13.823,10.919
8.517,8.413,4.816,8.640,15.884,5.352,14.842
11.046,9.213,5.590,11.921,9.061,10.489,10.561
8.670,5.195,5.457,7.404,6.380,7.374,9.461
5.575,11.407,5.397,8.064,6.987,6.961,0.500
8.588,6.450,6.533,13.451,13.880,5.034,8.828
9.104,5.063,6.621,6.069,14.767,11.324,2.620
7.114,5.810,6.052,5.415,3.899,6.500,4.357
12.747,8.749,6.516,7.249,6.932,12.904,8.680
6.859,9.432,6.302,12.633,12.523,8.144,4.453
6.700,8.055,6.091,7.991,4.278,3.742,3.732
9.892,11.801,6.232,5.793,9.084,7.986,8.185
5.561,7.485,7.143,11.651,3.053,13.377,0.741
4.308,7.344,9.241,4.405,8.374,7.836,6.144
12.753,5.027,9.181,6.982,6.684,8.459,11.085
2.665,5.126,8.811,13.311,5.328,6.932,11.868
9.082,9.584,8.509,9.612,10.971,6.977,10.148
7.185,9.928,9.273,8.453,9.743,12.020,8.434
13.656,8.969,8.799,8.413,9.295,11.500,3.066
9.278,9.393,8.565,8.571,4.684,9.428,8.471
16.911,8.006,8.438,5.999,8.900,15.990,10.123
7.000,7.030,7.548,6.861,8.349,8.362,9.191
4.358,9.914,6.204,13.727,7.044,12.893,2.927
11.034,7.327,5.233,8.188,8.989,9.454,8.689
9.769,16.246,3.706,7.512,4.850,5.436,1.198
8.592,14.690,1.903,11.739,2.500,8.282,11.501
10.000,6.122,1.650,7.122,8.015,14.061,7.939
9.451,5.634,0.947,6.964,13.029,4.948,7.776
2.028,12.100,0.979,8.341,3.978,4.697,5.427
13.430,6.593,1.051,12.417,9.915,8.022,9.317
9.000,11.281,6.642,13.730,8.021,4.426,7.678
5.681,7.273,5.674,9.546,6.530,3.846,4.855
7.904,12.380,4.565,8.014,5.728,11.053,8.285
7.387,5.847,5.226,8.613,8.013,9.522,6.117
6.070,11.727,4.523,7.390,9.750,2.504,9.066
7.668,7.445,3.749,8.036,8.597,10.310,12.679
6.999,4.209,3.095,7.585,7.326,10.000,11.139
0.726,6.787,3.452,8.644,13.197,6.332,6.006
2.044,7.421,2.602,8.572,10.268,8.934,9.112
7.754,6.581,1.085,13.378,7.068,3.650,6.995
3.352,11.689,0.500,11.052,5.505,7.620,10.485
9.751,2.918,0.500,6.883,4.241,7.052,8.338
6.753,13.702,0.882,4.301,10.053,11.213,13.551
15.359,4.629,2.387,12.014,7.451,4.573,10.828
7.821,2.933,3.541,9.640,5.851,5.206,7.946
12.659,6.551,5.067,8.585,6.366,6.970,11.065
6.501,6.945,4.290,6.720,6.571,13.274,8.058
4.853,10.781,2.500,9.049,8.476,5.840,4.268
2.689,7.472,3.069,7.059,9.822,6.497,7.593
5.442,4.324,5.138,11.408,6.946,7.172,4.288
9.740,8.643,5.776,7.496,5.578,7.286,6.083
6.552,11.523,6.506,9.600,9.412,6.088,12.834
0.500,11.919,5.516,12.239,5.861,10.765,6.919
4.877,7.121,6.539,12.463,12.211,3.980,5.634
7.048,10.219,6.960,8.265,8.067,9.029,5.706
9.326,2.546,7.466,7.733,10.352,3.704,4.942
9.320,6.712,7.151,9.050,6.604,7.162,8.399
8.953,0.500,8.596,7.966,7.283,7.363,7.671
9.865,7.429,10.032,8.125,7.096,9.123,4.961
13.121,8.330,8.746,5.125,5.821,10.360,8.811
6.418,4.093,9.441,7.919,8.643,2.951,6.534
6.838,11.268,6.428,8.790,10.523,7.106,10.706
9.212,9.219,6.007,8.535,1.850,4.139,4.825
9.759,8.198,5.666,6.891,1.117,11.444,8.270
7.041,6.261,5.059,9.263,7.393,11.641,7.711
11.336,9.259,4.299,10.719,13.787,7.508,10.859
9.931,3.234,4.109,6.771,11.985,9.670,12.179
7.777,10.386,6.070,5.001,13.224,5.376,8.632
12.895,12.623,6.925,7.805,6.655,17.005,8.629
6.173,7.849,7.696,5.524,8.499,7.575,8.877
6.896,9.979,7.474,11.585,9.806,6.399,6.878
2.926,10.531,5.454,5.585,9.657,4.332,4.751
7.019,7.286,6.208,13.300,8.094,8.532,10.682
8.842,6.602,7.793,8.759,7.117,5.971,5.383
7.559,10.209,10.971,9.534,11.962,3.766,2.750
8.536,2.691,9.692,8.289,9.256,2.901,5.559
7.355,7.571,10.049,5.853,9.451,7.809,10.998
7.716,8.192,11.819,10.475,8.573,9.726,3.178
6.477,5.368,11.289,7.756,6.390,10.396,7.706
4.563,5.548,11.904,10.218,7.996,12.929,10.747
8.541,7.048,11.831,3.176,9.076,11.147,4.643
7.101,7.460,10.124,7.438,9.060,10.467,7.943
3.828,9.164,10.292,7.998,3.332,8.470,6.358
2.888,10.501,11.726,11.169,6.206,10.455,5.842
9.557,9.000,11.735,10.644,7.621,15.069,10.424
7.746,9.725,11.168,4.394,14.330,2.679,13.236
5.805,8.470,11.100,4.696,8.961,6.646,7.457
11.460,9.635,10.349,3.557,1.655,4.579,6.661
11.705,7.169,9.864,11.361,3.485,7.830,5.501
9.439,12.571,9.590,7.076,4.117,10.700,7.192
9.245,9.897,10.576,9.151,10.853,0.654,10.326
7.178,4.887,13.518,5.368,3.814,3.804,4.947
9.629,5.806,13.999,10.311,11.767,10.405,1.502
3.203,8.948,12.438,12.714,4.123,7.588,4.843
6.156,8.942,10.514,5.716,1.077,9.902,9.432
8.061,8.681,12.584,6.926,9.425,8.967,12.634
10.050,6.812,11.377,12.139,11.166,5.460,5.153
9.389,9.024,8.823,9.736,4.467,5.468,7.199
8.736,4.824,9.234,11.339,12.932,5.075,12.324
3.706,4.532,9.799,10.228,6.660,9.733,11.272
5.315,4.553,10.740,17.552,6.555,8.806,7.209
4.986,6.524,9.394,5.348,6.280,8.142,7.652
7.047,8.374,7.736,5.557,6.179,11.005,7.134
6.925,9.697,7.823,4.265,8.384,4.462,9.618
7.054,9.033,8.758,6.952,10.685,9.050,4.280
7.399,8.405,8.589,13.431,7.999,12.432,8.682
4.251,12.150,9.168,8.214,7.757,14.800,7.880
11.622,6.866,11.277,4.093,7.393,11.510,14.285
8.675,3.665,13.058,6.941,6.812,5.366,4.924
5.139,12.235,10.563,3.344,8.383,3.072,8.054
7.567,5.948,10.732,7.415,5.277,8.165,6.228
6.487,5.507,11.140,11.889,11.079,10.342,7.532
10.181,8.832,8.536,10.357,2.593,10.644,8.713
3.373,7.103,8.199,7.575,5.434,3.707,10.377
6.010,6.802,9.727,7.013,8.721,12.670,10.524
7.675,7.437,9.728,7.290,8.913,5.300,3.252
5.894,2.955,8.459,2.035,5.897,6.365,6.100
9.760,9.518,7.906,10.546,11.712,8.562,5.216
6.131,6.316,7.581,7.262,5.981,10.671,5.357
11.825,6.730,5.162,10.594,9.309,11.451,10.404
6.014,0.500,6.423,2.760,10.514,7.718,13.463
5.964,9.446,5.055,8.842,7.264,7.620,2.345
9.926,7.509,5.412,8.404,8.348,11.171,8.697
5.468,2.454,5.914,8.850,3.284,11.088,7.949
11.373,7.887,6.746,10.663,10.670,5.424,7.065
10.394,5.832,5.381,7.544,8.205,15.042,10.708
11.346,9.122,5.730,3.870,10.558,4.990,9.112
10.489,3.121,5.984,4.391,5.065,3.158,6.021
2.065,7.210,5.673,6.327,12.029,2.994,12.982
7.021,16.586,5.544,10.096,7.557,2.541,13.080
8.100,12.650,7.007,7.302,9.796,4.013,8.130
7.605,10.113,5.330,3.635,13.194,10.490,11.787
12.536,8.238,5.428,10.077,9.960,9.959,8.735
10.207,9.402,4.746,7.263,8.621,8.642,8.257
12.798,9.229,5.962,2.940,9.659,8.824,8.249
13.300,7.378,4.288,8.863,1.022,7.843,4.962
8.805,9.176,5.658,10.724,5.925,6.035,6.049
12.543,6.794,7.880,9.367,11.502,8.337,7.584
8.829,5.229,10.067,7.709,10.164,11.188,1.394
5.271,12.956,9.367,10.595,12.476,6.023,7.657
2.163,9.221,7.359,11.951,6.879,6.300,6.508
5.942,5.638,6.821,7.499,4.560,9.457,3.755
12.981,10.758,4.177,8.461,7.189,9.302,4.998
7.609,4.255,5.706,6.330,7.836,17.905,5.762
9.043,8.055,9.254,9.429,9.706,5.595,7.300
5.596,6.265,7.755,6.894,4.067,4.668,8.727
9.910,5.189,8.961,4.589,13.087,5.454,9.178
8.164,11.276,9.218,6.028,14.288,7.599,9.446
8.575,7.603,10.088,11.041,8.815,1.155,6.610
6.286,13.384,12.826,8.702,0.500,8.701,3.567
3.749,9.851,6.372,8.601,8.281,10.576,12.115
6.450,6.959,7.100,10.389,5.802,5.863,7.341
6.203,3.090,7.331,12.412,1.109,12.079,7.298
8.324,7.069,5.626,9.224,4.744,7.610,7.582
6.267,5.022,6.403,7.516,8.104,5.234,8.294
10.792,2.016,5.560,14.748,4.719,9.889,6.138
9.742,6.107,6.848,12.615,6.162,3.898,9.430
12.197,8.936,7.172,14.741,8.907,6.757,14.170
7.275,6.987,10.226,10.421,8.325,8.747,4.559
11.789,8.775,10.130,2.069,10.146,6.737,7.194
3.776,6.779,9.893,9.372,10.218,3.448,10.616
8.475,2.202,8.925,8.733,1.617,9.385,7.036
1.223,10.731,8.864,6.929,10.239,9.402,3.957
8.358,14.850,9.692,8.776,12.719,8.180,5.035
8.479,8.039,10.799,7.623,4.041,5.335,7.293
9.471,6.867,12.087,8.647,10.326,10.091,9.868
4.823,10.273,11.797,5.112,3.368,4.525,7.901
6.845,14.039,10.100,2.854,6.473,4.406,10.043
1.900,8.529,10.658,7.861,11.298,10.430,11.386
7.784,9.747,10.283,2.672,0.551,5.478,8.836
10.446,11.078,9.480,12.056,4.186,9.118,7.114
7.179,7.871,11.206,5.068,0.500,10.191,5.036
4.194,4.355,10.363,8.294,14.624,4.667,13.376
9.282,12.196,9.692,6.338,6.315,11.523,7.226
12.895,9.522,9.817,13.003,5.615,6.894,12.755
8.039,2.403,13.097,6.843,10.757,7.831,7.315
0.500,12.749,9.623,0.627,15.646,9.659,7.020
3.908,11.366,10.043,10.263,7.954,8.010,9.332
3.507,8.451,10.172,11.656,10.719,3.636,6.231
7.716,5.771,8.970,10.429,9.508,9.324,11.835
10.362,6.924,7.302,9.802,8.534,6.585,6.662
8.413,8.549,5.695,7.588,6.362,9.764,4.402
9.213,7.430,7.161,12.308,4.343,14.364,6.678
5.195,6.347,7.603,10.606,14.761,8.475,8.630
11.407,15.975,7.636,7.587,3.646,8.398,6.521
6.450,4.088,6.463,11.894,5.438,11.038,8.628
5.063,8.973,6.660,5.804,10.156,8.703,3.857
5.810,5.000,6.972,5.456,9.169,0.500,5.315
8.749,6.425,6.408,4.917,13.356,10.566,11.127
9.432,3.340,5.949,13.089,7.143,5.082,3.602
8.055,6.758,5.989,11.003,7.045,9.193,8.173
11.801,6.262,6.267,12.731,7.251,7.529,7.831
7.485,1.673,8.006,6.757,8.543,8.784,4.849
7.344,7.374,7.413,5.300,8.650,7.575,6.898
5.027,12.117,7.790,8.191,7.145,13.094,9.232
5.126,7.465,5.975,6.951,6.514,11.796,11.298
9.584,9.401,5.966,9.614,9.225,12.799,13.466
9.928,8.059,4.015,7.607,10.128,8.597,7.649
8.969,13.049,5.176,5.662,6.507,8.395,2.620
9.393,8.260,3.215,9.670,7.329,11.405,6.122
8.006,5.783,4.211,5.662,4.457,2.544,7.967
7.030,8.092,7.324,6.821,2.327,10.025,8.632
9.914,5.058,7.450,11.577,9.524,9.008,4.675
7.327,10.526,8.169,9.278,4.200,7.481,3.843
16.246,6.011,6.424,8.646,6.612,11.397,5.682
14.690,4.949,5.746,4.410,7.482,12.264,9.721
6.122,5.434,6.582,7.851,9.678,2.574,11.922
5.634,8.917,4.492,10.355,7.256,11.521,10.419
12.100,9.058,6.951,4.843,4.758,11.385,4.773
6.593,8.870,4.042,8.217,5.079,6.640,10.312
5.857,7.034,10.114,9.433,5.134,4.886,7.312
7.993,3.681,10.630,5.448,7.528,7.947,3.341
12.001,10.736,11.366,7.369,8.138,7.756,6.591
6.526,9.602,12.537,4.812,7.047,8.762,4.069
6.157,10.594,12.780,4.681,7.224,7.269,8.535
9.903,10.327,11.653,11.342,9.019,5.100,8.482
9.673,9.923,13.130,12.445,13.950,9.129,5.988
5.547,7.183,11.155,4.529,6.103,7.957,8.164
7.842,2.760,12.199,5.626,9.621,3.846,3.803
5.643,6.513,10.131,9.979,11.182,6.375,7.584
9.254,8.586,11.324,5.713,6.674,4.960,6.729
6.179,3.336,9.364,7.255,4.654,7.546,8.147
14.843,8.619,9.140,9.797,8.608,6.814,5.480
10.734,8.420,8.003,10.160,7.027,11.494,9.971
7.045,7.375,9.830,9.218,12.197,4.306,8.618
7.454,8.084,10.911,8.643,7.611,10.597,2.394
11.683,8.662,13.644,3.850,8.769,10.370,11.098
5.327,4.643,14.574,8.037,10.913,10.345,5.654
9.191,8.224,14.404,6.533,3.790,7.916,10.483
5.282,2.602,13.703,5.851,5.043,4.819,7.456
11.913,8.020,14.038,8.869,5.360,6.621,5.941
7.418,6.581,13.177,1.032,7.485,6.192,7.716
10.398,8.742,12.877,11.628,9.324,7.664,11.073
6.819,9.549,10.717,5.758,9.928,5.309,8.034
11.519,8.836,10.704,11.716,4.628,8.700,8.623
11.237,12.979,11.185,9.523,3.795,12.131,7.887
7.409,2.398,11.781,9.760,11.130,10.241,8.438
9.421,10.460,13.345,1.380,11.383,9.247,10.291
11.547,10.254,13.627,4.567,7.266,6.292,10.957
7.964,8.997,12.780,8.676,8.715,11.025,4.840
5.099,7.527,10.544,10.919,0.500,6.835,6.421
7.533,6.797,12.865,7.416,9.001,12.192,11.544
6.465,12.290,15.230,8.164,2.554,5.987,9.752
4.564,6.151,13.919,7.651,2.243,9.378,3.978
8.916,9.071,13.232,10.752,8.666,11.444,6.729
7.905,4.410,11.335,7.204,6.162,2.568,8.544
6.056,11.242,7.463,12.980,8.897,4.358,11.926
10.791,9.678,8.858,2.724,5.557,11.592,6.092
11.424,5.078,8.697,3.949,9.916,2.454,4.741
10.782,7.244,8.489,7.508,11.428,8.637,5.639
7.601,4.993,10.098,9.531,8.902,6.971,11.822
12.151,11.631,9.388,11.992,8.112,9.163,4.522
12.144,7.877,6.164,7.692,10.252,8.298,7.581
10.169,5.889,6.142,5.675,7.048,8.999,10.140
9.586,7.169,6.337,8.130,11.027,3.562,5.943
10.256,13.245,5.254,6.964,11.701,13.603,6.281
9.032,8.747,5.978,6.366,9.385,8.619,8.201
9.323,6.748,4.477,4.848,5.476,6.198,10.799
11.004,6.125,6.377,4.357,7.872,3.563,5.959
7.290,4.131,6.827,6.687,11.327,7.363,6.593
11.277,7.924,8.365,12.758,12.961,13.057,2.273
12.955,9.530,10.384,9.250,8.636,1.109,5.890
6.490,8.125,12.152,2.727,8.128,8.356,8.854
5.950,6.974,10.712,12.217,12.863,14.495,1.684
7.842,2.975,11.985,7.278,10.162,1.958,1.729
5.261,13.160,12.535,12.511,7.462,8.203,7.400
11.569,8.674,12.558,8.206,7.530,5.133,11.178
11.223,11.317,12.032,13.140,0.500,9.435,6.746
4.680,6.073,13.563,9.731,9.781,5.889,10.975
9.363,3.047,13.233,7.580,5.324,9.404,12.122
0.654,8.243,8.814,8.289,0.500,6.851,7.462
3.804,9.973,7.213,12.377,6.908,3.929,8.011
10.405,9.145,7.738,8.138,5.759,10.990,11.252
7.588,8.599,9.164,8.459,5.597,7.297,7.785
9.902,6.959,6.100,8.547,6.801,8.684,3.889
8.967,1.522,6.755,11.014,8.232,6.878,9.350
5.460,8.165,8.931,5.073,2.840,4.994,10.959
5.468,12.642,9.919,7.408,11.457,7.159,10.862
5.075,7.169,8.488,6.362,10.066,10.020,4.832
9.733,7.252,7.585,10.001,9.456,4.511,8.860
8.806,8.927,9.169,10.132,0.603,7.827,7.459
8.142,5.041,8.993,10.277,8.752,8.917,8.984
11.005,4.213,8.155,10.032,5.257,3.425,14.321
4.462,7.997,4.414,6.025,6.181,9.571,8.243
9.050,9.386,6.129,11.536,4.221,2.569,10.667
12.432,8.912,8.037,5.190,10.362,11.215,7.953
14.800,4.820,7.314,5.953,8.437,7.812,6.985
11.510,6.470,7.181,6.909,4.974,10.607,9.598
5.366,11.287,9.217,6.803,4.269,6.939,8.384
3.072,6.776,9.291,12.165,7.189,4.018,9.850
8.165,9.002,7.695,11.682,12.589,8.952,4.916
10.342,8.349,7.338,11.039,7.110,6.008,9.083
10.644,8.857,7.855,8.508,9.349,10.031,9.366
3.707,10.196,8.155,10.497,10.262,6.200,2.627
12.670,9.375,10.456,9.333,9.063,10.175,5.050
5.300,7.247,8.778,9.353,6.738,4.230,11.193
6.365,14.850,7.553,11.079,8.093,10.354,9.900
8.562,9.847,8.762,4.622,8.079,10.730,9.854
10.671,4.981,9.303,6.739,10.104,5.723,14.842
11.451,7.260,9.395,4.678,11.932,8.809,4.101
7.718,8.255,9.731,6.292,3.315,9.004,6.003
7.620,12.133,8.203,5.903,11.280,11.069,7.708
11.171,4.296,8.162,4.608,5.269,8.254,8.834
11.088,4.361,6.966,6.630,6.728,10.872,8.237
5.424,6.316,6.191,8.027,7.626,2.656,10.581
15.042,8.944,3.810,6.706,7.900,12.656,9.937
4.990,9.336,3.398,6.062,11.600,13.750,4.994
3.158,10.796,4.130,7.970,7.231,10.262,2.431
2.994,12.373,4.218,8.320,1.892,10.920,9.228
2.541,10.770,5.087,13.146,11.516,10.815,7.483
4.013,6.332,4.585,7.731,1.449,8.943,6.331
10.490,10.937,5.674,6.097,6.715,6.980,11.805
9.959,6.959,4.571,3.316,8.971,3.511,11.680
8.642,9.405,3.933,9.668,5.506,3.636,7.900
8.824,7.353,4.774,9.817,8.311,9.988,5.758
7.843,10.562,4.535,6.451,10.173,11.686,7.689
6.035,6.054,8.384,5.659,10.165,9.227,7.576
8.337,8.918,10.459,7.677,6.501,5.646,9.826
11.188,10.042,12.345,9.647,8.061,10.600,6.709
6.023,2.859,11.312,8.390,11.906,9.001,6.090
6.300,7.011,6.746,8.911,9.633,12.123,11.083
9.457,11.862,7.676,2.121,10.234,7.126,6.132
9.302,5.399,7.704,8.326,9.858,4.742,4.379
17.905,7.555,5.898,6.541,8.051,9.523,7.411
5.595,10.165,4.866,2.644,5.066,5.791,1.665
4.668,6.075,6.768,7.888,8.127,2.750,8.721
5.454,3.251,8.255,0.500,11.782,10.198,5.972
7.599,9.667,6.157,6.699,4.787,6.228,6.384
1.155,4.475,8.549,11.217,4.900,8.946,5.220
8.701,13.449,7.968,5.403,8.704,7.498,3.039
9.459,3.864,7.781,9.537,3.411,6.001,10.013
13.113,12.660,7.781,5.956,7.571,7.561,7.988
8.186,6.045,8.731,8.546,11.030,6.715,8.509
5.463,7.856,9.091,7.207,11.346,11.386,7.396
9.166,6.425,6.423,6.994,4.769,2.897,6.313
7.214,5.881,10.353,6.593,7.106,8.498,14.162
12.140,7.083,11.075,16.373,9.893,11.818,11.664
12.997,13.548,11.251,11.634,6.635,4.240,9.464
10.319,9.722,12.390,5.703,4.526,8.312,10.234
12.934,10.098,11.828,6.187,8.359,11.266,9.353
8.153,11.420,11.476,4.198,7.569,10.208,7.124
9.842,7.125,11.405,6.991,7.663,9.472,6.398
9.310,7.251,9.002,5.814,7.005,1.800,10.498
3.027,5.486,9.869,9.709,11.732,4.486,4.776
3.453,6.107,10.426,3.650,5.977,11.208,11.895
11.458,6.164,9.991,9.970,9.800,8.088,5.905
6.222,12.832,9.478,3.465,10.130,11.852,9.330
5.645,13.083,10.005,5.938,5.901,10.874,3.938
6.506,7.500,10.447,9.342,8.888,7.746,8.572
13.507,6.115,8.703,11.347,5.719,6.131,7.488
11.006,6.172,9.611,3.121,7.144,4.498,11.784
9.386,9.717,8.097,7.394,4.248,2.116,5.922
9.575,2.752,9.329,1.792,7.289,7.350,6.823
6.831,9.418,8.962,6.585,10.002,10.316,9.204
13.029,8.315,8.965,11.897,5.680,10.735,4.625
11.404,6.884,7.804,12.038,8.988,11.067,5.846
8.121,10.126,8.102,12.097,9.587,9.541,10.742
3.033,8.054,6.194,11.352,9.626,7.076,6.277
10.547,8.230,6.822,8.364,6.293,7.932,6.759
9.703,8.531,7.363,5.281,6.877,13.882,8.786
6.028,7.950,6.431,10.926,8.316,7.494,14.234
5.257,5.649,5.823,7.694,7.674,9.322,12.627
5.161,7.479,5.359,9.282,9.055,13.381,7.760
11.228,17.068,4.886,7.148,10.741,9.932,10.354
4.811,4.399,4.569,2.880,10.827,5.954,12.457
4.461,8.506,5.532,10.300,11.602,13.359,10.250
8.695,10.937,6.446,10.039,7.794,3.914,9.869
10.437,3.934,5.687,6.756,8.925,7.623,4.606
7.557,5.977,5.288,11.618,9.561,9.493,13.074
5.385,5.916,7.727,4.233,9.024,9.153,11.884
7.438,8.411,7.292,5.545,4.955,11.212,8.199
7.746,5.904,8.277,9.600,7.926,9.286,8.969
10.975,3.451,7.457,11.195,10.544,6.309,3.491
5.658,8.969,7.861,5.920,9.947,6.756,2.205
10.839,9.555,8.392,8.195,3.764,6.448,12.725
6.997,5.286,9.438,8.961,13.359,3.163,9.776
8.105,5.317,10.371,10.080,9.045,7.956,17.759
12.310,4.477,9.886,0.500,9.152,11.814,12.755
9.395,5.404,6.773,5.113,6.832,8.005,8.511
11.363,4.965,7.243,11.490,10.759,7.809,6.994
12.185,6.744,7.012,7.303,4.198,9.679,7.904
6.832,6.390,9.072,3.598,3.347,13.228,6.792
3.451,11.514,10.114,8.475,10.069,4.505,12.443
7.180,7.226,12.299,12.957,7.070,7.428,14.889
5.460,12.984,13.756,4.292,1.202,16.719,8.857
3.860,9.695,11.603,9.423,9.693,11.293,4.582
6.304,9.513,12.833,9.149,10.128,5.885,6.452
5.522,11.019,12.173,4.148,6.416,9.728,5.984
9.635,5.707,12.300,8.001,7.557,7.695,9.096
4.931,10.384,13.288,5.344,7.704,7.104,12.267
9.537,11.683,2.777,2.459,7.555,12.848,12.292
5.956,4.912,5.038,5.448,8.222,4.871,3.618
8.546,7.686,6.003,8.288,7.362,9.554,3.720
7.207,9.358,5.294,8.711,7.411,11.693,8.672
6.994,7.722,4.597,10.920,11.205,9.664,9.623
6.593,13.969,7.229,6.618,8.696,8.328,7.648
16.373,9.585,5.696,10.608,4.850,2.480,12.309
11.634,3.307,6.571,9.251,6.971,3.107,11.059
5.703,6.263,9.281,5.580,2.831,7.445,6.517
6.187,9.481,8.321,6.409,7.172,11.011,3.910
4.198,7.187,9.241,5.913,10.107,11.021,4.009
6.991,11.616,7.588,3.169,2.698,10.307,9.428
5.814,5.690,4.427,10.444,8.270,13.112,9.713
9.709,8.103,3.760,3.521,8.358,9.908,9.475
3.650,2.092,2.828,3.887,11.311,9.903,6.505
9.970,11.027,2.507,6.614,13.853,9.357,8.047
3.465,9.470,3.878,4.500,5.654,3.272,14.421
5.938,6.464,6.813,10.258,9.837,10.080,9.333
9.342,9.256,7.952,7.311,10.875,10.342,10.246
11.347,2.742,5.117,4.684,9.491,7.079,8.439
3.121,7.633,4.757,8.322,4.737,13.186,8.764
7.394,9.313,6.396,10.689,6.929,4.487,6.048
1.792,10.164,6.111,9.017,10.251,7.811,11.359
6.585,10.760,5.075,4.545,7.650,7.298,5.689
11.897,2.266,6.088,7.590,8.988,9.414,8.090
12.038,6.023,7.875,0.778,4.971,6.419,9.877
12.097,8.775,5.796,9.666,5.993,11.255,11.104
11.352,6.911,8.907,5.918,11.775,11.518,6.444
8.364,4.217,7.176,11.703,0.500,5.377,9.250
5.281,12.965,7.103,5.336,7.550,9.587,9.349
10.926,3.923,4.854,6.029,3.374,9.263,7.899
7.694,9.716,5.174,3.478,6.148,4.490,5.774
9.282,3.588,7.502,8.914,8.535,11.230,7.942
7.148,8.817,4.898,14.073,8.103,4.433,10.740
2.880,7.215,1.954,9.104,5.283,8.946,7.255
10.300,4.964,4.137,11.863,8.741,6.276,9.447
10.039,12.264,4.371,7.004,5.606,3.778,7.939
6.756,8.890,6.763,9.132,10.573,7.995,2.871
11.618,8.149,9.739,10.096,0.500,10.133,6.974
4.233,11.028,7.290,7.781,2.611,9.645,12.298
5.545,6.755,6.756,11.533,6.681,9.930,4.414
9.600,3.800,9.485,11.166,7.356,8.648,7.431
11.195,4.586,10.421,6.744,9.835,5.239,6.386
5.920,13.014,11.762,1.980,6.739,11.376,4.556
8.195,11.881,12.781,4.080,14.088,7.101,4.560
8.961,2.642,9.702,7.437,9.514,6.343,9.503
10.080,6.840,6.981,17.098,2.684,2.357,7.178
0.500,7.353,6.896,6.231,13.007,4.796,10.527
5.113,9.847,10.807,9.623,7.585,10.047,9.097
11.490,7.218,10.301,11.383,2.114,6.423,12.362
7.303,2.906,10.734,6.453,11.499,5.320,6.501
3.598,9.883,11.712,13.708,14.160,8.135,8.863
8.475,7.002,10.269,12.115,5.255,9.812,10.159
12.957,6.810,9.535,4.955,8.862,3.443,6.973
4.292,11.678,9.213,14.415,8.104,5.779,4.001
9.423,10.167,6.353,12.495,9.100,8.602,7.438
9.149,11.055,5.083,9.199,8.276,4.391,12.121
4.148,5.811,6.901,2.768,6.890,2.941,4.419
8.001,12.725,8.446,10.038,9.573,10.266,9.346
5.344,6.509,7.051,7.381,9.823,7.423,7.750
7.916,8.152,6.619,10.365,4.245,7.916,8.152
6.291,5.935,5.570,10.761,13.666,6.291,5.935
8.983,3.894,5.684,2.371,10.602,8.983,3.894
6.062,8.308,6.852,11.464,19.510,6.062,8.308
7.264,8.896,5.222,8.818,8.923,7.264,8.896
6.705,6.123,8.502,6.200,9.424,6.705,6.123
9.410,7.676,9.123,11.329,9.738,9.410,7.676
6.798,7.174,8.852,11.452,5.827,6.798,7.174
6.096,11.200,8.600,8.399,9.876,6.096,11.200
10.144,11.093,9.550,13.108,9.002,10.144,11.093
9.724,7.985,8.948,7.799,7.446,9.724,7.985
8.626,5.508,6.703,6.577,9.110,8.626,5.508
7.571,9.598,5.550,8.576,11.008,7.571,9.598
11.554,12.606,4.230,3.574,9.759,11.554,12.606
9.514,9.127,4.923,11.993,10.334,9.514,9.127
5.727,8.926,4.923,3.994,6.460,5.727,8.926
6.381,10.111,5.858,11.037,10.721,6.381,10.111
9.569,4.913,5.155,9.429,6.117,9.569,4.913
8.627,10.988,6.845,8.466,6.041,8.627,10.988
8.741,7.893,7.077,9.335,1.661,8.741,7.893
5.356,7.984,6.524,7.033,11.117,5.356,7.984
8.744,4.610,6.064,5.981,10.662,8.744,4.610
9.652,8.511,5.162,6.229,5.140,9.652,8.511
10.193,8.862,4.957,8.112,12.304,10.193,8.862
3.427,3.103,5.634,6.075,6.757,3.427,3.103
6.701,9.347,4.036,8.698,9.819,6.701,9.347
8.903,1.423,3.977,5.302,5.016,8.903,1.423
6.283,8.357,3.307,11.120,10.198,6.283,8.357
5.568,8.822,2.764,10.150,5.158,5.568,8.822
5.756,8.621,3.794,5.067,8.969,5.756,8.621
9.022,7.371,4.430,10.019,9.224,9.022,7.371
8.721,9.559,5.671,5.650,6.691,8.721,9.559
6.320,11.785,6.182,12.966,2.054,6.320,11.785
11.673,10.876,6.017,6.438,15.097,11.673,10.876
6.527,10.928,5.825,4.893,10.334,6.527,10.928
10.864,3.965,8.824,4.907,6.657,10.864,3.965
9.152,6.274,8.751,4.799,11.638,9.152,6.274
10.227,10.002,8.425,8.043,8.173,10.227,10.002
9.527,0.500,8.270,6.794,10.756,9.527,0.500
2.370,6.148,7.947,13.736,5.383,2.370,6.148
9.249,8.187,7.473,10.908,5.954,9.249,8.187
9.028,6.063,12.270,4.990,6.164,9.028,6.063
6.802,9.913,13.704,5.705,10.236,6.802,9.913
8.812,10.512,14.599,10.424,11.414,8.812,10.512
7.990,7.669,13.159,6.966,9.161,7.990,7.669
2.499,9.710,12.153,5.951,7.904,2.499,9.710
9.091,10.369,12.261,5.445,2.960,9.091,10.369
8.355,1.770,12.818,2.065,7.837,8.355,1.770
11.937,6.955,12.635,14.205,5.543,11.937,6.955
7.045,6.539,10.681,2.626,5.217,7.045,6.539
8.174,7.616,9.834,1.846,8.952,8.174,7.616
2.521,6.805,10.223,8.841,5.363,2.521,6.805
12.675,7.580,8.324,7.152,9.307,12.675,7.580
13.007,11.487,11.391,8.075,5.237,13.007,11.487
6.283,10.356,11.354,5.650,12.133,6.283,10.356
9.605,9.102,11.234,14.677,4.731,9.605,9.102
7.559,9.895,10.446,2.697,11.638,7.559,9.895
4.535,5.309,11.356,6.536,6.010,4.535,5.309
12.540,8.598,10.554,12.748,8.667,12.540,8.598
8.692,5.640,9.476,10.884,8.007,8.692,5.640
7.062,6.143,12.051,4.886,8.926,9.496,4.480
9.861,13.922,12.457,7.947,1.725,7.872,6.375
13.527,4.662,10.169,7.756,13.487,6.479,8.236
2.785,6.873,9.223,8.762,10.115,10.495,5.733
10.275,7.122,9.326,7.269,3.456,6.357,7.754
7.413,15.403,10.470,5.100,6.343,4.077,16.010
10.781,11.376,9.870,9.129,9.200,7.510,5.481
6.917,4.264,11.725,7.957,5.663,9.554,12.269
11.996,6.650,9.394,3.846,9.672,4.600,6.304
9.869,13.119,7.724,6.375,10.569,4.917,8.091
7.465,9.202,6.513,4.960,4.539,12.060,12.058
9.839,11.488,7.175,7.546,6.681,9.437,4.530
8.841,5.872,7.522,6.814,7.711,6.229,13.060
11.023,10.340,7.586,11.494,10.392,12.493,4.381
3.641,7.883,7.409,4.306,3.839,11.124,7.072
4.784,6.215,6.124,10.597,10.366,7.725,5.884
7.534,10.242,3.732,10.370,4.791,7.499,2.438
10.979,6.933,3.058,10.345,11.058,6.592,7.416
8.200,10.514,3.356,7.916,8.755,12.749,7.190
9.963,7.282,3.900,4.819,11.750,7.534,10.318
10.527,10.464,5.685,6.621,1.470,11.230,1.814
5.347,10.035,7.170,6.192,5.391,8.175,7.492
8.543,6.200,6.344,7.664,11.551,9.849,6.313
5.350,5.713,7.077,5.309,12.380,8.727,6.524
6.220,7.810,6.133,8.700,11.346,3.465,6.902
11.684,5.369,6.706,12.131,6.166,1.164,10.074
7.841,9.031,8.117,10.241,9.566,11.217,6.095
10.695,10.014,6.302,9.247,7.267,10.266,8.218
8.156,8.212,8.703,6.292,7.693,9.528,7.045
9.404,9.756,8.096,11.025,9.420,9.447,9.158
10.719,8.464,8.033,6.835,10.026,11.328,6.095
5.927,4.298,6.416,12.192,3.398,10.984,6.920
4.439,9.124,7.770,5.987,5.459,12.596,6.943
6.596,11.323,7.476,9.378,6.257,5.712,6.040
7.640,9.196,7.577,11.444,12.598,13.267,7.522
9.772,6.898,7.608,2.568,7.214,5.616,5.952
9.878,7.777,10.126,4.358,9.819,8.656,7.907
7.683,14.887,8.923,11.592,7.184,12.537,5.786
10.899,10.282,10.484,2.454,8.294,9.499,8.420
5.447,3.470,11.574,8.637,9.629,10.367,3.959
7.672,8.295,10.412,6.971,3.969,7.280,1.028
10.266,10.709,10.046,9.163,11.649,7.838,8.113
8.900,9.629,10.472,8.298,10.292,11.419,5.463
10.694,6.225,11.098,8.999,6.803,8.619,5.691
9.465,8.581,11.126,3.562,4.308,8.582,7.613
9.346,8.021,11.589,13.603,6.295,10.669,10.681
7.504,3.868,12.323,8.619,7.748,3.899,14.481
6.826,10.620,12.338,6.198,5.703,8.337,3.369
14.650,4.647,13.093,3.563,7.017,3.710,2.634
6.308,10.089,10.847,7.363,13.813,15.042,10.839
1.414,6.790,9.311,13.057,7.333,4.005,7.605
2.634,8.202,10.806,1.109,9.303,6.233,6.273
2.440,11.079,11.194,8.356,5.198,4.915,8.074
9.713,11.336,10.226,14.495,12.468,9.910,7.499
4.954,4.267,11.514,1.958,10.607,7.579,10.232
6.199,12.938,9.502,8.203,5.383,11.807,7.169
4.908,12.876,9.508,5.133,8.335,7.965,4.662
2.439,6.328,10.776,9.435,7.381,9.924,7.525
5.779,8.727,9.096,5.889,11.134,13.465,6.134
13.448,10.593,8.485,9.404,5.242,7.881,9.293
10.974,7.062,8.945,8.098,6.559,4.138,5.277
2.011,9.861,11.467,8.556,7.761,8.669,9.297
12.184,13.527,10.784,2.791,13.311,11.447,10.183
4.466,2.785,9.203,7.363,9.153,4.984,15.149
10.267,10.275,8.993,6.225,0.500,7.755,8.741
5.559,7.413,8.546,12.302,11.188,11.148,10.115
9.190,10.781,8.622,8.319,6.532,10.356,10.764
4.009,6.917,8.478,8.777,10.013,3.216,5.273
10.728,11.996,7.685,8.791,10.124,11.867,6.129
10.968,9.869,6.793,4.935,7.090,10.791,5.176
9.510,7.465,5.596,4.550,13.872,5.056,5.011
9.840,9.839,6.275,14.355,6.808,7.354,8.599
4.973,8.841,6.409,6.877,5.118,8.623,8.076
7.432,11.023,9.093,12.888,6.447,8.114,10.345
7.003,3.641,10.178,5.299,9.637,7.747,8.963
10.313,4.784,9.478,8.037,11.359,5.356,10.755
2.087,7.534,10.931,10.086,5.421,8.587,10.796
3.653,10.979,9.581,9.945,6.213,11.669,10.792
7.584,8.200,10.601,9.129,12.360,6.922,9.800
8.979,9.963,10.249,8.566,9.863,3.034,7.968
6.015,10.527,9.331,7.118,5.332,9.222,10.884
4.999,5.347,7.659,6.938,8.395,3.907,7.474
12.286,8.543,7.023,3.251,8.864,9.147,13.123
7.098,5.350,8.075,8.282,10.813,1.243,11.103
9.836,6.220,6.134,11.255,9.212,6.062,12.354
5.941,11.684,6.059,6.712,5.776,8.321,9.473
4.296,7.841,5.409,8.638,7.048,7.258,6.847
4.745,10.695,5.143,10.851,5.829,0.500,7.046
6.817,8.156,6.225,10.533,10.477,7.266,6.026
6.083,9.404,5.445,11.927,10.653,9.450,11.000
4.418,10.719,5.764,8.809,4.666,10.202,11.157
10.461,5.927,6.729,5.837,11.208,6.936,11.834
9.299,4.439,8.961,7.164,7.008,6.795,7.792
3.927,6.596,8.907,11.630,6.888,5.090,4.152
5.824,7.640,10.265,10.799,10.126,7.409,8.903
7.561,9.772,10.993,12.262,8.248,7.226,5.607
2.331,9.878,10.553,7.342,4.102,7.547,8.949
7.304,7.683,9.462,1.714,11.557,8.163,4.994
7.469,10.899,7.924,11.929,6.883,11.021,6.552
6.396,5.447,8.121,6.967,8.059,10.300,11.529
12.270,7.672,10.585,11.562,13.221,6.645,10.538
9.679,10.266,10.418,6.309,8.730,3.030,5.637
6.529,8.900,8.454,5.272,7.544,9.544,8.372
9.647,10.694,8.358,2.787,8.998,8.208,7.790
5.596,9.465,9.146,13.581,8.176,12.460,11.778
8.780,9.346,4.114,13.718,11.082,9.151,11.532
10.414,7.504,2.020,5.021,9.193,13.400,7.357
4.485,6.826,1.277,8.220,11.369,8.087,7.854
7.589,14.650,3.661,10.077,11.399,12.910,7.243
12.050,6.308,4.114,13.259,8.521,10.375,4.831
7.871,1.414,4.257,4.476,14.422,8.044,8.184
6.894,2.634,4.008,8.920,5.084,14.449,3.975
8.130,2.440,5.590,6.616,9.708,13.297,10.150
6.847,9.713,2.855,10.183,11.864,6.506,6.160
3.846,4.954,4.100,12.458,5.789,9.348,6.931
4.382,6.199,6.406,6.292,4.853,6.068,8.150
4.734,4.908,5.821,12.012,11.562,5.571,7.955
8.694,2.439,6.303,7.108,6.421,2.733,6.701
8.522,5.779,7.421,7.564,11.869,3.218,6.952
6.860,13.448,10.777,10.166,10.824,11.276,11.495
13.730,9.957,6.204,9.169,8.289,9.410,9.759
9.546,2.475,6.055,7.562,12.377,8.539,4.370
8.014,5.213,8.874,4.647,8.138,6.014,10.960
8.613,9.641,7.635,8.038,8.459,10.694,6.287
7.390,0.500,8.734,8.936,8.547,6.771,8.633
8.036,8.354,8.664,5.280,11.014,3.948,8.486
7.585,11.454,4.828,8.400,5.073,4.260,8.878
8.644,6.469,6.406,9.985,7.408,10.024,8.558
8.572,8.180,3.865,7.913,6.362,13.342,10.939
13.378,8.266,3.156,9.273,10.001,5.198,7.983
11.052,6.256,4.649,7.793,10.132,5.648,9.560
6.883,12.974,3.115,6.666,10.277,4.683,10.077
4.301,7.133,4.499,7.387,10.032,2.907,6.652
12.014,11.206,3.694,11.470,6.025,7.347,7.343
9.640,8.962,3.527,7.420,11.536,10.404,5.650
8.585,12.175,5.556,15.010,5.190,8.099,10.203
6.720,11.829,3.474,7.051,5.953,9.087,7.814
9.049,6.853,5.160,5.408,6.909,7.715,5.243
7.059,10.532,4.895,12.758,6.803,8.969,8.389
11.408,6.985,5.494,13.587,12.165,11.027,16.861
7.496,9.141,5.700,9.493,11.682,8.877,7.082
9.600,9.671,6.929,5.402,11.039,14.512,2.906
12.239,6.716,9.200,7.423,8.508,4.758,8.004
12.463,9.825,9.540,7.691,10.497,8.684,14.909
8.265,5.866,8.510,3.924,9.333,8.097,8.834
7.733,1.724,9.768,7.950,9.353,7.049,2.862
9.050,9.085,10.738,6.408,11.079,10.342,1.879
7.966,10.667,10.678,5.818,4.622,7.986,11.034
8.125,9.821,9.254,8.136,6.739,10.566,11.953
5.125,7.417,9.877,3.950,4.678,8.915,3.915
7.919,7.408,10.462,11.608,6.292,8.596,8.223
8.790,10.921,8.919,9.012,5.903,10.974,10.590
8.535,8.253,7.628,9.655,4.608,11.739,6.652
6.891,2.852,9.616,4.218,6.630,5.523,9.185
9.263,7.605,10.171,9.959,8.027,7.453,10.812
10.719,7.749,8.319,5.230,6.706,4.690,5.002
6.771,3.313,12.434,10.228,6.062,8.056,5.873
5.001,5.535,14.006,7.921,7.970,6.519,7.662
7.805,6.392,12.297,10.412,8.320,11.861,8.442
5.524,10.714,11.156,11.670,13.146,8.421,13.059
11.585,8.709,11.673,11.128,7.731,8.167,9.039
5.585,7.528,10.094,5.799,6.097,9.929,2.553
13.300,7.156,9.570,8.239,3.316,11.913,4.777
8.759,6.698,11.529,8.462,9.668,7.054,8.424
9.534,10.733,10.748,6.004,9.817,6.006,9.264
8.289,6.721,8.646,2.470,6.451,5.487,11.270
5.853,8.429,8.549,9.807,5.659,8.286,4.923
10.475,5.820,8.234,5.164,7.677,14.086,10.712
7.756,9.484,8.868,6.074,9.647,8.434,6.425
10.218,7.404,9.179,15.468,8.390,8.770,14.452
3.176,3.342,9.995,7.403,8.911,12.516,6.005
7.438,8.526,10.557,2.841,2.121,8.734,5.779
7.998,4.448,10.835,6.518,8.326,5.409,11.603
11.169,10.539,12.008,4.844,6.541,5.385,5.115
10.644,12.004,13.014,8.386,2.644,4.408,8.836
4.394,10.499,11.760,2.901,7.888,4.281,4.470
4.696,8.954,10.983,6.335,0.500,8.756,5.276
3.557,4.775,14.168,4.046,6.699,5.723,14.694
11.361,6.884,16.833,9.661,11.217,8.174,13.966
7.076,7.163,17.195,12.067,5.403,7.800,4.902
7.836,7.985,8.103,8.243,9.565,10.050,9.957
8.432,7.273,9.158,9.973,8.718,7.356,2.475
5.505,11.195,9.589,9.145,7.805,10.905,5.213
13.616,5.583,8.486,8.599,8.756,11.581,9.641
11.748,6.242,7.263,6.959,7.302,0.500,0.500
7.997,7.541,5.508,1.522,5.484,10.504,8.354
8.504,7.973,7.878,8.165,9.658,4.020,11.454
7.249,10.698,6.716,12.642,10.035,10.802,6.469
11.360,4.909,6.550,7.169,7.863,9.262,8.180
11.736,14.512,7.599,7.252,6.505,6.242,8.266
11.093,15.007,7.745,8.927,7.226,6.368,6.256
7.686,10.900,6.270,5.041,6.643,1.604,12.974
9.045,10.003,9.062,4.213,11.783,5.325,7.133
8.514,5.420,8.538,7.997,9.471,2.165,11.206
9.603,12.579,12.291,9.386,4.275,5.343,8.962
11.311,7.031,13.484,8.912,6.902,12.140,12.175
10.828,9.070,9.346,4.820,11.541,6.095,11.829
7.456,5.047,6.048,6.470,2.459,3.741,6.853
6.794,0.500,7.459,11.287,8.265,5.787,10.532
11.381,5.913,7.891,6.776,2.153,9.216,6.985
6.532,7.986,6.128,9.002,5.080,8.153,9.141
6.545,11.640,6.749,8.349,2.610,3.433,9.671
10.309,8.645,8.706,8.857,1.269,5.610,6.716
10.557,8.856,4.293,10.196,9.870,5.146,9.825
1.460,8.542,7.625,9.375,3.244,5.609,5.866
4.789,9.346,7.993,7.247,8.664,7.313,1.724
9.732,12.317,8.036,14.850,8.202,3.889,9.085
13.443,8.626,7.087,9.847,7.799,4.798,10.667
11.305,9.341,8.416,4.981,8.323,5.947,9.821
8.622,4.740,8.816,7.260,9.581,4.106,7.417
10.391,10.998,11.525,8.255,10.691,11.217,7.408
5.161,8.312,11.275,12.133,10.186,1.970,10.921
10.526,3.366,10.481,4.296,4.408,7.033,8.253
9.562,8.269,11.162,4.361,11.169,11.685,2.852
4.357,13.041,8.210,6.316,2.707,2.300,7.605
4.548,14.740,8.812,8.944,4.650,5.019,7.749
8.370,7.556,9.261,9.336,11.893,7.298,3.313
4.959,10.140,12.064,10.796,11.084,10.459,5.535
8.023,13.728,13.111,12.373,11.163,13.690,6.392
5.623,10.633,12.750,10.770,9.968,10.067,10.714
8.525,7.751,11.707,6.332,4.819,12.931,8.709
11.244,8.002,10.648,10.937,9.178,11.855,7.528
0.894,11.992,8.409,6.959,9.894,12.190,7.156
8.818,6.592,6.781,9.405,8.836,11.296,6.698
12.047,9.897,5.563,7.353,11.982,13.297,10.733
15.640,0.500,3.155,10.562,8.117,10.482,6.721
14.504,10.798,4.376,6.054,8.884,7.932,8.429
8.011,10.074,5.621,8.918,0.789,8.621,5.820
8.258,5.753,6.145,10.042,6.932,4.999,9.484
6.948,10.412,7.624,2.859,8.572,6.509,7.404
10.199,7.273,6.934,7.011,3.028,7.465,3.342
7.807,8.593,9.011,11.862,9.450,7.823,8.526
8.496,5.483,8.302,5.399,10.208,7.424,4.448
9.634,4.161,7.643,7.555,7.413,5.784,10.539
8.762,6.508,5.595,10.165,6.301,13.174,12.004
8.522,10.667,7.920,6.075,7.089,6.452,10.499
13.339,1.652,8.507,3.251,16.830,5.257,8.954
6.201,10.414,9.203,9.667,10.929,4.121,4.775
13.790,14.015,10.604,4.475,7.592,5.284,6.884
11.796,11.797,10.017,13.449,8.439,11.318,7.163
9.410,6.785,6.243,7.682,9.665,11.225,8.092
8.539,6.729,5.704,6.916,11.391,10.067,9.674
6.014,9.686,5.580,7.820,5.022,5.708,6.587
10.694,7.505,5.723,2.708,10.900,4.019,4.115
6.771,6.946,4.061,7.478,6.972,9.473,5.730
3.948,8.029,3.567,8.952,7.911,7.098,9.539
4.260,12.059,3.821,4.713,8.504,11.187,4.031
10.024,6.951,4.953,4.440,12.243,13.180,9.639
13.342,14.588,4.740,7.401,8.205,1.936,12.286
5.198,15.463,4.156,10.306,7.650,9.724,9.165
5.648,6.656,3.850,8.090,11.705,6.310,9.487
4.683,11.076,4.483,4.792,3.439,11.877,6.688
2.907,2.546,2.603,9.372,4.654,0.500,8.581
7.347,6.985,2.701,12.199,10.144,2.202,1.968
10.404,10.419,4.720,10.101,3.488,7.275,3.073
8.099,7.828,6.504,3.508,6.536,9.056,8.980
9.087,6.785,6.124,12.267,7.882,9.371,12.854
7.715,7.841,5.848,15.598,2.633,5.069,6.918
8.969,11.320,7.770,3.137,3.685,12.377,5.454
11.027,13.740,7.954,3.632,7.382,1.302,9.327
8.877,18.647,7.924,11.362,1.861,9.961,4.706
14.512,8.776,6.784,10.653,5.524,6.401,7.887
4.758,7.670,6.752,4.508,10.481,7.136,1.909
8.684,13.916,8.548,9.667,7.263,13.182,14.190
8.097,8.930,8.224,10.170,13.814,5.318,0.500
7.049,8.995,9.536,10.415,8.330,8.065,3.562
10.342,2.156,11.184,10.300,10.034,5.597,5.415
7.986,6.677,10.149,6.312,5.849,8.408,12.338
10.566,1.856,8.158,8.554,5.923,2.700,12.490
8.915,9.689,7.368,13.773,5.765,11.698,11.290
8.596,9.505,8.177,7.854,9.474,9.265,4.977
10.974,9.390,8.920,7.029,9.097,11.423,12.160
11.739,5.554,8.942,2.150,5.194,9.075,5.045
5.523,8.542,8.844,8.538,9.768,7.871,10.426
7.453,7.416,7.246,11.631,10.948,8.697,8.138
4.690,8.513,7.278,4.125,7.952,5.703,4.416
8.056,9.630,4.851,12.925,5.524,5.856,10.808
6.519,4.291,3.670,12.663,8.821,4.512,9.884
11.861,8.062,5.312,10.440,4.712,8.793,3.844
8.421,11.104,5.030,0.500,11.026,5.060,11.395
8.167,14.640,5.530,15.937,9.658,4.970,9.456
9.929,12.284,7.204,4.819,6.028,10.741,10.726
11.913,10.044,5.860,6.076,8.599,9.807,8.969
7.054,7.900,5.045,5.057,8.724,11.443,7.894
6.006,9.105,6.366,6.648,12.278,8.355,9.487
5.487,4.663,6.304,7.768,7.583,8.201,11.368
8.286,7.967,5.981,9.024,6.091,7.950,7.764
14.086,5.737,5.083,8.433,4.097,5.642,6.204
8.434,7.616,6.676,9.827,6.564,10.334,8.044
8.770,10.815,5.072,5.016,1.383,12.651,6.613
12.516,7.854,5.424,7.849,12.539,6.240,4.829
8.734,4.879,6.669,6.138,9.982,4.032,7.435
5.409,9.679,7.513,8.543,4.165,15.342,9.475
5.385,10.305,7.525,6.923,7.706,4.914,12.737
4.408,6.173,7.158,9.238,8.988,9.073,7.629
4.281,9.037,7.405,7.249,7.374,8.504,7.004
8.756,2.525,8.631,4.784,9.905,8.291,6.876
5.723,5.852,8.310,14.008,4.042,9.098,6.433
8.174,4.523,8.611,7.974,7.824,4.693,9.184
7.800,6.491,8.375,10.296,5.223,8.092,7.064
7.849,5.853,8.835,6.352,9.759,6.599,5.502
12.071,4.456,9.921,8.933,4.370,7.435,10.336
7.925,0.682,9.804,6.428,10.960,5.018,1.180
12.935,9.980,7.915,8.057,6.287,3.936,4.883
7.975,6.619,9.516,6.346,8.633,5.164,0.500
8.695,3.969,7.975,13.508,8.486,6.833,4.183
6.674,6.261,4.595,10.379,8.878,5.338,12.245
8.355,11.529,4.918,6.161,8.558,2.517,9.922
7.760,8.086,4.196,12.287,10.939,6.904,2.843
9.422,6.586,7.726,7.802,7.983,11.457,14.138
6.857,6.981,7.394,7.584,9.560,11.594,7.733
5.303,1.946,7.300,10.753,10.077,8.333,10.782
8.143,8.495,7.426,12.304,6.652,3.470,7.257
8.799,17.939,7.422,7.055,7.343,9.001,9.680
0.500,12.117,8.671,5.327,5.650,5.804,6.604
6.228,2.635,7.717,12.024,10.203,1.602,7.468
8.105,6.042,7.524,10.169,7.814,11.979,8.035
7.615,1.516,7.997,4.233,5.243,4.682,10.059
10.195,7.627,8.895,3.799,8.389,7.076,6.485
8.567,6.157,7.440,10.643,16.861,11.095,9.445
11.703,8.775,4.086,5.368,7.082,5.863,7.081
9.073,10.270,3.342,4.893,2.906,11.068,10.023
6.123,6.833,4.472,4.122,8.004,9.292,9.745
7.341,4.305,5.885,6.265,14.909,5.702,3.799
13.124,3.985,4.843,11.191,8.834,4.593,7.912
7.352,9.643,5.215,10.986,2.862,9.148,5.893
8.834,5.412,3.016,8.920,1.879,13.573,6.616
7.905,12.781,2.423,10.025,11.034,9.903,11.937
11.808,7.070,3.423,8.521,11.953,4.670,4.178
8.383,7.909,3.643,13.111,3.915,9.890,7.473
4.862,6.028,5.267,15.087,8.223,10.326,4.416
11.659,12.456,6.612,9.975,10.590,5.439,6.515
12.204,8.208,3.781,9.445,6.652,7.398,9.624
9.230,4.588,4.022,4.831,9.185,4.684,12.349
10.891,7.656,7.360,8.435,10.812,6.050,6.699
14.410,4.585,8.704,10.147,5.002,9.363,10.524
9.299,3.326,8.141,3.643,5.873,11.978,13.819
5.447,5.151,7.425,12.825,7.662,11.061,11.932
4.913,7.747,6.355,3.613,8.442,11.664,3.674
9.224,6.738,9.250,13.842,13.059,9.055,7.172
6.376,6.164,7.420,9.054,9.039,11.936,7.033
10.958,8.747,7.156,4.343,2.553,7.731,12.699
10.095,11.084,9.950,7.577,4.777,8.065,6.914
6.990,9.572,6.576,6.629,8.424,8.783,9.900
4.821,8.177,5.497,4.302,9.264,3.519,6.887
12.742,8.982,4.506,11.450,11.270,7.003,4.377
16.578,9.047,4.970,9.475,4.923,4.616,1.028
9.805,9.324,5.759,8.643,10.712,7.999,1.512
6.739,9.738,3.029,6.700,6.425,8.949,7.974
6.110,8.013,3.233,4.788,14.452,5.918,6.555
6.397,8.639,3.521,9.376,6.005,12.110,11.368
4.798,7.269,3.141,6.807,5.779,6.262,13.043
10.369,4.483,3.013,9.794,11.603,14.235,9.455
5.342,3.677,2.824,4.022,5.115,4.457,11.959
6.322,8.330,3.684,10.922,8.836,10.132,9.301
5.940,4.576,3.047,9.404,4.470,8.945,9.275
9.198,0.793,4.448,12.045,5.276,13.822,8.434
6.440,9.325,4.208,9.858,14.694,8.716,9.123
7.430,10.897,2.758,4.241,13.966,5.008,11.156
3.885,9.370,4.271,14.819,4.902,11.852,9.267
6.642,10.036,7.905,8.021,5.661,10.504,5.801
6.625,6.711,7.894,6.530,9.641,7.155,7.312
4.828,5.865,6.803,5.728,4.702,8.204,5.218
4.134,5.080,8.439,8.013,6.611,5.855,7.380
12.314,11.227,8.354,9.750,10.094,10.366,9.165
11.947,5.959,8.976,8.597,10.236,10.556,6.453
8.950,5.070,8.773,7.326,10.300,8.884,5.696
11.242,4.027,9.832,13.197,4.278,2.463,9.635
7.481,6.959,9.423,10.268,10.746,6.717,4.859
6.867,6.019,10.058,7.068,2.601,4.814,9.694
9.261,8.294,10.483,5.505,4.074,9.139,16.019
10.990,12.199,10.681,4.241,7.141,8.629,4.831
7.543,9.551,10.255,10.053,10.417,4.222,8.526
4.580,5.214,11.079,7.451,6.186,12.024,9.700
9.561,8.191,9.320,5.851,8.488,6.029,2.355
15.097,8.648,8.884,6.366,5.978,5.539,7.250
4.952,10.015,8.500,6.571,9.306,16.509,13.099
4.692,5.201,9.005,8.476,3.543,9.872,5.396
4.679,7.165,8.976,9.822,7.916,10.615,4.628
6.735,7.190,8.889,6.946,4.779,9.837,11.094
12.581,7.849,9.530,5.578,12.584,8.038,10.498
7.327,9.916,10.745,9.412,9.796,7.757,8.508
14.657,1.923,7.924,5.861,5.158,11.770,5.511
17.441,7.921,7.018,12.211,4.133,7.909,4.937
14.347,10.282,7.018,8.067,5.813,6.663,9.418
3.515,7.176,9.973,10.352,12.765,14.543,8.105
8.649,3.673,9.460,6.604,6.850,10.257,4.549
13.083,8.506,9.326,7.283,12.560,9.066,4.027
3.186,14.960,8.733,7.096,3.625,7.295,10.212
1.530,4.818,9.514,5.821,2.312,4.026,11.982
7.244,4.798,8.239,8.643,4.001,6.461,10.253
6.401,1.154,6.906,10.523,7.127,9.606,2.210
8.809,6.980,7.701,1.850,9.859,7.502,6.847
7.902,10.031,9.156,1.117,4.308,12.008,8.169
10.176,5.588,9.083,7.393,8.968,10.883,13.354
6.775,9.781,8.556,13.787,7.011,3.465,6.507
6.238,8.329,10.338,11.985,7.675,7.771,10.319
11.625,11.781,8.328,13.224,11.931,7.753,6.398
10.373,8.936,8.930,6.655,3.146,8.150,7.315
12.185,15.104,6.606,8.499,9.454,6.470,5.688
8.013,4.624,7.808,9.806,6.933,0.845,4.781
6.737,7.498,8.168,9.657,6.828,8.409,6.798
4.493,8.910,6.949,8.094,9.631,6.137,7.654
7.900,9.196,6.726,7.117,10.952,4.222,5.279
9.066,11.019,6.880,11.962,2.107,7.768,8.127
7.738,4.820,7.008,9.256,9.666,4.436,8.686
7.532,3.587,5.998,9.451,6.662,7.310,9.772
13.164,5.724,4.917,8.573,9.142,6.124,7.867
11.886,10.756,5.322,6.390,12.053,6.309,11.176
8.626,8.403,6.814,7.996,8.402,9.614,6.472
10.677,6.709,7.317,9.076,11.837,8.372,5.244
4.889,6.993,6.363,9.060,1.682,12.315,8.232
7.299,11.199,5.630,3.332,1.576,4.850,8.581
7.080,12.348,6.948,6.206,12.029,10.942,12.383
16.555,12.409,6.656,7.621,13.992,5.444,5.053
12.140,9.933,10.041,14.330,13.744,10.690,9.159
13.134,11.703,9.226,8.961,5.514,10.044,5.914
1.559,6.428,8.094,1.655,12.355,9.647,5.410
11.551,3.424,7.035,3.485,6.345,5.632,13.491
7.569,3.645,5.321,4.117,7.706,6.783,11.871
6.351,4.541,10.172,8.848,12.547,8.148,16.589
11.671,8.576,9.195,6.160,13.184,5.146,9.554
6.252,12.770,7.561,10.909,9.765,9.941,7.098
13.338,8.763,7.521,5.619,8.631,3.014,5.154
14.020,1.565,8.735,7.805,10.864,10.489,2.687
11.022,9.124,8.431,13.104,8.352,5.590,10.158
10.947,8.457,8.032,8.674,9.124,7.863,8.352
11.789,5.877,6.378,6.141,4.794,4.747,5.726
5.529,4.635,4.402,5.965,7.088,2.857,4.615
6.958,4.456,5.145,6.266,1.777,2.428,4.170
7.050,2.074,1.604,6.740,5.627,8.342,9.687
15.591,6.943,3.953,4.203,6.975,5.873,7.086
9.212,11.390,4.324,8.327,6.572,12.202,9.268
5.802,9.631,3.008,9.899,13.272,6.486,8.635
12.907,8.366,6.871,4.837,7.946,3.109,3.504
5.291,8.675,7.990,16.717,12.212,11.715,11.705
8.016,3.550,8.058,8.428,6.609,8.384,9.872
10.208,2.612,10.681,9.732,8.887,4.668,10.765
5.178,9.683,10.134,3.718,6.622,4.595,11.516
8.648,6.578,9.996,9.566,6.094,3.950,11.448
6.440,10.487,8.973,13.311,6.083,14.384,11.378
8.978,5.344,8.757,15.520,8.878,8.373,9.984
14.455,8.062,9.047,15.258,13.859,11.468,9.582
5.638,10.027,8.795,12.920,8.881,6.345,4.228
7.952,8.850,9.867,1.720,7.694,12.205,9.495
1.569,3.569,10.820,9.463,9.979,8.980,1.487
8.261,1.689,10.620,8.589,12.282,4.753,0.599
3.330,5.295,9.128,4.413,6.569,4.695,5.903
7.473,11.657,10.884,13.390,8.613,8.999,9.873
6.157,3.687,10.811,8.404,8.643,13.683,5.699
7.340,11.241,12.604,5.555,3.528,11.491,5.979
8.927,8.016,13.751,4.937,10.012,4.800,9.860
10.384,10.550,12.305,12.759,7.986,11.336,2.303
4.376,6.402,12.058,8.018,7.357,8.901,0.500
8.809,10.772,13.049,5.680,9.946,6.628,11.948
10.511,6.032,12.583,5.470,7.414,3.438,11.561
7.207,10.625,11.295,10.080,6.303,13.630,1.925
10.078,4.566,9.039,4.978,8.798,10.320,13.829
10.427,4.306,6.294,6.435,5.155,8.995,11.904
12.418,9.793,6.923,10.618,11.653,8.730,6.863
11.719,4.104,6.408,9.956,11.825,9.930,10.086
10.945,10.210,8.268,7.774,10.992,3.182,10.078
11.438,7.713,6.954,10.104,7.011,10.148,7.167
7.925,9.392,5.670,11.141,9.436,9.222,4.507
7.183,4.785,9.214,14.680,11.435,8.089,6.765
8.472,7.636,10.054,11.213,7.211,7.886,8.163
8.674,8.281,9.485,6.893,10.291,6.634,4.221
4.302,13.375,9.905,9.468,11.281,6.353,9.104
8.160,6.426,10.206,6.505,11.614,4.942,5.524
8.298,11.263,10.562,5.163,11.786,6.280,11.261
8.488,7.398,10.470,7.529,7.665,8.947,6.468
6.931,9.795,10.213,7.184,6.202,9.329,9.421
7.517,14.659,9.955,9.559,13.971,11.428,6.888
7.598,8.444,8.879,8.093,11.107,1.167,11.747
9.189,9.131,10.506,11.141,8.781,6.667,5.641
5.789,8.311,10.946,4.076,8.191,7.485,1.461
5.235,6.686,9.741,14.826,5.527,3.042,8.902
11.745,6.890,10.544,4.436,9.891,10.357,5.242
12.189,6.847,9.951,1.770,9.215,6.769,6.007
7.001,1.278,10.452,6.962,7.659,3.194,2.011
9.169,3.411,11.357,8.716,5.684,8.522,3.411
7.562,7.571,12.368,5.198,4.280,9.779,7.571
4.647,11.030,11.474,6.849,7.492,3.798,11.030
8.038,11.346,9.864,10.743,4.029,4.054,11.346
8.936,4.769,9.264,8.935,8.108,10.461,4.769
5.280,7.106,8.878,1.902,10.968,4.704,7.106
8.400,9.893,7.174,7.513,13.150,10.536,9.893
9.985,6.635,4.930,6.821,6.446,7.277,6.635
7.913,4.526,3.862,6.529,9.384,8.692,4.526
9.273,8.359,4.062,9.178,8.709,9.555,8.359
7.793,7.569,5.393,6.995,2.768,4.094,7.569
6.666,7.663,5.373,7.237,9.616,5.547,7.663
7.387,7.005,4.590,9.199,4.619,9.616,7.005
11.470,11.732,4.703,7.784,13.225,10.290,11.732
7.420,5.977,3.101,12.319,7.331,2.790,5.977
15.010,9.800,3.980,8.505,5.773,12.370,9.800
7.051,10.130,5.571,5.649,8.695,9.564,10.130
5.408,5.901,6.817,11.154,10.490,7.590,5.901
12.758,8.888,5.753,9.441,6.722,6.062,8.888
13.587,5.719,6.824,6.638,7.806,6.195,5.719
9.493,7.144,7.173,12.833,8.780,4.650,7.144
5.402,4.248,8.459,3.000,5.016,11.060,4.248
7.423,7.289,10.282,9.879,9.450,9.158,7.289
7.691,10.002,8.328,10.727,9.140,6.599,10.002
3.924,5.680,7.516,7.041,12.472,9.940,5.680
7.950,8.988,5.937,12.587,9.361,10.920,8.988
6.408,9.587,7.223,6.795,10.295,12.381,9.587
5.818,9.626,8.006,7.379,0.833,5.847,9.626
8.136,6.293,9.215,10.795,9.417,9.416,6.293
3.950,6.877,8.237,9.483,12.737,7.790,6.877
11.608,8.316,7.072,7.469,11.290,3.523,8.316
9.012,7.674,5.109,9.696,3.705,10.537,7.674
9.655,9.055,4.818,0.500,9.384,3.918,9.055
4.218,10.741,4.881,8.132,10.295,8.131,10.741
9.959,10.827,5.546,8.054,7.301,9.718,10.827
5.230,11.602,6.177,6.833,10.276,5.831,11.602
10.228,7.794,4.999,10.827,8.492,11.192,7.794
7.921,8.925,5.930,9.614,9.564,11.197,8.925
10.412,9.561,6.660,8.885,6.555,9.492,9.561
11.670,9.024,7.899,12.311,8.448,5.232,9.024
11.128,4.955,8.570,4.687,8.400,3.968,4.955
5.799,7.926,7.875,3.195,3.566,12.529,7.926
8.239,10.544,8.559,4.861,7.711,10.742,10.544
8.462,9.947,8.034,15.223,3.621,12.881,9.947
6.004,3.764,6.985,9.686,7.977,8.669,3.764
2.470,13.359,6.581,8.203,10.287,2.221,13.359
9.807,9.045,6.068,11.967,4.494,9.546,9.045
5.164,9.152,5.233,10.205,13.386,5.316,9.152
6.074,6.832,4.116,11.117,9.226,7.466,6.832
15.468,10.759,3.301,4.771,3.433,3.605,10.759
7.403,4.198,4.568,8.646,10.925,8.407,4.198
2.841,3.347,3.666,9.956,2.968,12.196,3.347
6.518,10.069,2.940,7.971,8.457,8.541,10.069
4.844,7.070,4.176,5.728,7.150,3.467,7.070
8.386,1.202,3.914,9.915,14.935,9.944,1.202
2.901,9.693,3.259,8.599,1.681,8.458,9.693
6.335,10.128,4.838,10.004,9.725,9.385,10.128
4.046,6.416,3.570,2.339,11.847,8.215,6.416
9.661,7.557,5.287,12.616,7.859,9.430,7.557
12.067,7.704,5.138,8.150,6.702,5.079,7.704
10.978,2.561,4.820,10.636,9.224,6.614,8.716
6.206,4.592,3.976,10.412,6.362,6.180,5.198
9.098,2.377,5.903,7.790,4.088,10.877,6.849
2.911,6.127,4.293,9.148,9.020,3.964,10.743
8.119,5.291,6.281,8.310,8.561,5.691,8.935
8.651,9.051,5.666,3.537,8.407,7.942,1.902
7.770,1.673,5.783,3.643,5.379,4.152,7.513
14.141,11.449,4.578,1.732,8.888,8.564,6.821
12.048,9.897,2.824,6.481,9.648,5.441,6.529
9.675,11.476,2.080,10.900,10.496,9.265,9.178
10.034,7.340,3.655,8.707,6.561,12.851,6.995
7.874,5.473,4.606,7.063,5.981,3.924,7.237
4.875,9.721,2.963,2.428,10.934,9.491,9.199
11.805,7.350,4.210,9.966,2.373,8.295,7.784
11.560,17.301,2.887,14.241,8.826,10.364,12.319
1.231,9.993,1.996,6.962,7.089,12.193,8.505
5.881,4.329,3.990,4.235,11.109,8.121,5.649
10.594,12.166,6.396,4.855,7.906,5.009,11.154
10.021,6.050,6.150,3.727,6.483,11.168,9.441
6.653,3.329,5.581,3.632,4.815,6.211,6.638
7.092,8.118,6.402,7.062,4.634,6.816,12.833
7.754,6.515,7.576,9.763,5.722,4.991,3.000
10.535,11.493,8.285,4.191,11.185,9.743,9.879
12.487,10.740,8.361,10.702,11.293,5.247,10.727
6.456,9.186,6.087,7.601,6.803,7.975,7.041
6.026,13.326,4.608,10.389,6.674,11.665,12.587
8.962,6.568,5.609,2.138,8.075,4.682,6.795
7.111,15.275,5.949,10.356,8.269,3.612,7.379
10.142,5.844,7.499,8.272,6.582,6.643,10.795
3.473,6.359,8.235,8.936,7.944,7.312,9.483
4.842,14.745,7.751,4.524,4.583,11.592,7.469
7.021,8.517,7.422,7.187,3.588,7.168,9.696
3.945,11.046,8.439,6.975,10.733,3.474,0.500
11.412,8.670,10.817,8.090,10.789,5.787,8.132
9.557,5.575,10.690,10.803,3.165,7.672,8.054
10.963,8.588,13.595,11.951,8.601,5.597,6.833
7.116,9.104,13.843,7.493,7.275,7.481,10.827
7.900,7.114,12.520,12.368,11.469,8.721,9.614
9.043,12.747,10.427,6.223,12.740,8.119,8.885
7.208,6.859,7.290,3.069,11.670,2.326,12.311
10.134,6.700,6.640,15.079,7.407,8.684,4.687
8.393,9.892,6.704,4.123,2.643,13.925,3.195
8.502,5.561,8.835,8.436,11.832,7.320,4.861
7.808,4.308,8.941,2.778,7.223,4.083,15.223
7.442,12.753,7.094,9.891,10.662,8.484,9.686
9.780,2.665,6.702,7.448,7.779,12.514,8.203
6.196,9.082,6.586,2.593,2.121,12.722,11.967
11.802,7.185,3.502,4.831,4.947,8.806,10.205
7.631,13.656,4.931,6.700,10.198,8.940,11.117
4.771,9.278,3.717,12.726,12.533,7.826,4.771
8.142,16.911,5.637,6.427,6.987,3.862,8.646
11.784,7.000,5.589,6.724,1.232,3.300,9.956
8.528,4.358,5.192,6.374,12.376,12.923,7.971
6.064,11.034,5.991,11.331,7.413,9.455,5.728
7.579,9.769,7.470,8.112,9.286,11.357,9.915
5.396,8.592,3.383,11.545,5.797,9.072,8.599
15.437,10.000,3.738,5.601,10.895,7.372,10.004
7.759,9.451,5.549,7.134,12.498,7.104,2.339
8.470,2.028,5.978,5.146,8.052,11.509,12.616
6.951,13.430,5.088,3.456,7.004,6.862,8.150
8.157,10.974,5.609,9.759,6.972,8.101,6.926
7.003,2.011,5.397,4.370,7.218,6.988,7.130
7.663,12.184,8.158,10.960,3.620,4.096,7.701
0.500,4.466,7.489,6.287,7.989,3.439,5.743
9.492,10.267,8.709,8.633,7.138,7.997,7.919
6.441,5.559,9.475,8.486,2.900,7.255,10.134
8.120,9.190,8.537,8.878,7.263,7.171,5.055
18.661,4.009,9.879,8.558,8.858,4.722,11.971
9.623,10.728,7.833,10.939,8.677,7.166,8.046
7.318,10.968,6.158,7.983,6.931,6.855,4.154
12.251,9.510,4.021,9.560,6.886,6.095,7.037
3.990,9.840,3.262,10.077,7.899,7.717,10.658
10.825,4.973,3.086,6.652,12.068,14.221,11.249
2.953,7.432,4.573,7.343,10.444,6.503,5.543
6.177,7.003,2.726,5.650,6.916,14.052,8.627
3.342,10.313,1.407,10.203,3.244,4.853,9.851
11.285,2.087,4.490,7.814,9.829,8.474,8.180
13.955,3.653,3.638,5.243,13.335,6.886,10.523
8.821,7.584,2.909,8.389,5.031,9.096,10.587
6.106,8.979,3.243,16.861,4.576,11.400,3.263
10.964,6.015,2.855,7.082,5.943,8.581,9.154
6.441,4.999,4.584,2.906,7.840,8.228,11.606
6.481,12.286,5.933,8.004,5.781,9.745,7.051
5.912,7.098,4.824,14.909,7.384,9.286,12.276
14.150,9.836,4.746,8.834,6.516,7.953,7.637
10.982,5.941,5.375,2.862,7.547,7.825,7.275
9.764,4.296,6.070,1.879,14.186,8.930,6.504
6.963,4.745,6.097,11.034,13.463,9.891,4.600
5.089,6.817,4.693,11.953,4.137,6.065,6.157
6.649,6.083,4.678,3.915,10.103,11.839,4.981
7.580,4.418,6.509,8.223,10.774,6.043,7.291
8.352,10.461,7.605,10.590,7.384,5.113,6.719
2.891,9.299,10.988,6.652,3.793,8.653,6.703
4.342,3.927,10.467,9.185,5.057,4.331,8.838
4.363,5.824,9.012,10.812,6.753,5.445,3.113
6.222,7.561,8.096,5.002,5.769,5.378,7.339
6.139,2.331,5.580,5.873,8.874,1.145,0.500
12.299,7.304,4.224,7.662,9.821,12.061,7.649
8.560,7.469,5.239,8.442,7.545,4.819,1.259
8.365,6.396,7.246,13.059,7.757,10.498,4.926
9.883,12.270,8.594,9.039,5.601,9.158,2.527
7.745,9.679,8.738,2.553,9.766,8.728,12.178
7.696,6.529,8.995,4.777,11.213,5.853,8.551
7.910,9.647,10.247,8.424,7.772,5.097,9.862
10.261,5.596,10.674,9.264,6.211,7.117,13.194
7.032,8.780,8.028,11.270,4.942,4.552,3.747
10.295,10.414,7.761,4.923,9.611,11.596,11.002
5.779,4.485,7.191,10.712,3.555,2.457,3.433
8.896,7.589,7.958,6.425,8.959,9.721,4.113
15.714,12.050,7.047,14.452,8.377,7.324,9.705
10.548,7.871,6.349,6.005,5.467,3.226,11.881
12.138,6.894,7.587,5.779,7.155,8.634,3.311
5.698,8.130,7.199,11.603,9.976,9.940,4.560
14.787,6.847,6.806,5.115,4.178,8.623,7.775
12.321,3.846,5.401,8.836,8.592,7.869,5.308
5.531,4.382,4.543,4.470,14.040,6.244,8.294
5.902,4.734,5.789,5.276,6.891,0.500,8.838
6.568,8.694,6.808,14.694,6.158,7.894,9.556
4.614,8.522,8.390,13.966,4.761,9.096,4.897
11.084,6.860,10.138,4.902,13.962,8.370,8.162
6.352,7.956,8.361,6.707,11.225,4.480,10.814
8.933,8.341,9.105,12.068,10.067,6.375,7.113
6.428,4.019,9.875,13.676,5.708,8.236,6.333
8.057,8.838,8.881,9.348,4.019,5.733,5.930
6.346,6.640,7.710,3.895,9.473,7.754,13.696
13.508,8.429,7.102,5.697,7.098,16.010,7.573
10.379,6.226,6.923,6.821,11.187,5.481,4.323
6.161,9.717,10.409,11.081,13.180,12.269,10.650
12.287,7.903,11.660,7.141,1.936,6.304,0.876
7.802,7.464,10.379,8.584,9.724,8.091,3.169
7.584,3.499,10.007,9.402,6.310,12.058,5.586
10.753,8.373,8.295,3.687,11.877,4.530,1.121
12.304,10.453,7.822,13.769,0.500,13.060,9.672
7.055,11.363,8.613,5.152,2.202,4.381,7.911
5.327,3.889,9.852,7.930,7.275,7.072,7.013
12.024,12.192,10.139,10.685,9.056,5.884,10.195
10.169,3.018,8.976,5.187,9.371,2.438,9.714
4.233,12.173,8.394,7.998,5.069,7.416,8.179
3.799,4.738,9.920,9.964,12.377,7.190,11.726
10.643,7.688,9.900,12.285,1.302,10.318,10.572
5.368,6.038,11.978,8.462,9.961,1.814,7.457
4.893,6.115,11.665,10.843,6.401,7.492,12.191
4.122,3.519,13.417,10.391,7.136,6.313,12.527
6.265,3.381,13.237,8.551,13.182,6.524,9.330
11.191,9.135,12.908,3.993,5.318,6.902,3.740
10.986,1.112,9.753,8.693,8.065,10.074,9.242
8.920,5.946,9.815,4.336,5.597,6.095,9.531
10.025,8.926,10.630,4.872,8.408,8.218,5.403
8.521,5.083,9.997,10.288,2.700,7.045,9.051
13.111,5.358,11.562,7.048,11.698,9.158,4.471
15.087,9.904,10.778,2.605,9.265,6.095,6.315
9.975,6.290,9.581,7.311,11.423,6.920,8.013
9.445,3.861,8.731,4.664,9.075,6.943,11.549
4.831,0.500,7.987,8.294,7.871,6.040,10.104
8.435,11.004,9.690,11.634,8.697,7.522,9.414
10.147,7.148,9.704,9.357,5.703,5.952,11.611
3.643,4.671,7.536,13.695,5.856,7.907,3.069
12.825,9.299,8.164,4.684,4.512,5.786,7.614
3.613,5.552,9.863,5.787,8.793,8.420,8.440
13.842,6.860,8.533,8.118,5.060,3.959,8.246
9.054,3.045,7.342,15.486,4.970,1.028,6.250
4.343,7.349,6.290,11.601,10.741,8.113,6.696
7.577,5.154,7.458,12.754,9.807,5.463,3.478
6.629,10.828,6.796,5.803,11.443,5.691,0.500
4.302,9.155,6.345,6.214,8.355,7.613,3.242
11.450,7.858,7.578,11.043,8.201,10.681,9.930
9.475,5.037,7.724,11.519,7.950,14.481,2.296
8.643,7.491,7.853,5.872,5.642,3.369,6.525
6.700,11.277,9.379,3.403,10.334,2.634,10.923
4.788,5.130,8.387,8.263,12.651,10.839,10.929
9.376,10.333,8.971,3.558,6.240,7.605,1.955
6.807,10.057,9.543,4.807,4.032,6.273,7.725
9.794,6.145,10.387,6.983,15.342,8.074,9.373
4.022,13.578,10.199,10.251,4.914,7.499,1.666
10.922,12.141,10.706,9.167,9.073,10.232,4.452
9.404,7.075,10.197,10.199,8.504,7.169,5.929
12.045,10.411,11.251,14.720,8.291,4.662,6.398
9.858,9.429,11.659,7.299,9.098,7.525,10.464
4.241,5.252,10.932,10.466,4.693,6.134,11.621
14.819,9.578,9.484,8.704,8.092,9.293,12.571
11.225,9.433,8.947,12.334,9.897,7.488,4.444
10.067,5.448,8.051,8.692,4.887,11.143,12.929
5.708,7.369,9.137,6.614,5.806,9.504,9.075
4.019,4.812,9.750,11.178,8.948,3.397,7.358
9.473,4.681,10.859,12.325,8.942,6.453,0.500
7.098,11.342,8.997,4.415,8.681,9.322,9.888
11.187,12.445,9.671,7.885,6.812,8.346,7.019
13.180,4.529,8.040,10.642,9.024,5.930,7.568
1.936,5.626,9.544,5.655,4.824,3.724,4.582
9.724,9.979,9.482,3.277,4.532,7.888,4.189
6.310,5.713,8.819,7.474,4.553,2.908,6.727
11.877,7.255,8.976,9.176,6.524,10.371,9.076
0.500,9.797,6.853,8.067,8.374,10.427,4.930
2.202,10.160,7.533,7.926,9.697,6.025,14.024
7.275,9.218,8.878,6.915,9.033,7.826,3.975
9.056,8.643,7.362,5.578,8.405,7.252,3.141
9.371,3.850,7.153,6.176,12.150,4.425,4.412
5.069,8.037,7.724,9.421,6.866,10.977,12.238
12.377,6.533,8.732,9.730,3.665,8.865,9.116
1.302,5.851,6.601,7.573,12.235,6.977,3.953
9.961,8.869,5.278,11.069,5.948,9.520,4.578
6.401,1.032,7.210,6.732,5.507,11.208,9.989
7.136,11.628,5.694,9.407,8.832,12.038,10.255
13.182,5.758,6.295,10.095,7.103,8.476,10.583
5.318,11.716,4.351,6.029,6.802,4.554,12.493
8.065,9.523,5.114,6.366,7.437,12.210,7.981
5.597,9.760,3.870,5.675,2.955,8.332,8.277
8.408,1.380,3.922,8.422,9.518,9.760,7.894
2.700,4.567,5.938,8.499,6.316,8.691,5.970
11.698,8.676,6.667,6.842,6.730,11.204,5.670
9.265,10.919,8.281,4.833,0.500,8.163,10.409
11.423,7.416,8.031,4.723,9.446,7.915,9.703
9.075,8.164,8.756,5.428,7.509,7.372,8.755
7.871,7.651,7.316,11.333,2.454,11.137,10.453
8.697,10.752,8.947,6.148,7.887,6.641,8.295
5.703,7.204,9.327,6.400,5.832,8.899,8.026
5.856,12.980,8.879,6.540,9.122,9.718,3.461
4.512,2.724,11.201,9.406,3.121,10.973,14.244
8.793,3.949,10.254,6.128,7.210,11.608,8.469
5.060,7.508,8.411,11.121,16.586,5.092,9.547
4.970,9.531,8.279,11.850,12.650,5.615,8.858
10.741,11.992,8.576,8.474,10.113,5.867,5.186
9.807,7.692,9.648,8.782,8.238,10.497,5.265
11.443,5.675,8.417,3.683,9.402,5.332,6.111
8.355,8.130,9.052,6.372,9.229,6.322,4.310
8.201,6.964,8.524,9.635,7.378,10.822,6.781
7.950,6.366,9.076,10.433,9.176,6.736,13.420
5.642,4.848,9.257,1.982,6.794,15.689,10.312
10.334,4.357,9.032,11.011,5.229,11.675,9.094
12.651,6.687,7.244,2.086,12.956,9.151,11.934
6.240,12.758,6.681,7.715,9.221,10.353,7.334
4.032,9.250,5.418,9.401,5.638,9.614,6.849
15.342,2.727,5.282,7.963,10.758,9.966,9.988
4.914,12.217,9.432,9.245,4.255,6.677,5.767
9.073,7.278,8.832,12.567,8.055,10.610,13.297
8.504,12.511,7.813,11.702,6.265,8.764,10.316
8.291,8.206,10.248,3.919,5.189,4.727,9.792
9.098,13.140,9.300,4.449,11.276,4.188,2.692
4.693,9.731,10.605,2.984,7.603,6.436,7.301
8.092,7.580,11.519,5.689,13.384,5.208,5.888
6.003,6.351,5.306,9.627,6.143,12.334,5.524
12.072,11.671,5.515,7.664,13.922,8.692,9.006
11.081,6.252,4.048,5.047,4.662,6.614,14.931
13.034,13.338,3.565,6.177,6.873,11.178,11.616
12.495,14.020,4.989,9.198,7.122,12.325,6.430
6.391,11.022,5.625,9.245,15.403,4.415,8.159
6.282,10.947,5.426,10.317,11.376,7.885,12.816
12.374,11.789,6.521,8.421,4.264,10.642,8.521
10.891,5.529,5.449,6.293,6.650,5.655,9.633
4.408,6.958,4.441,7.006,13.119,3.277,6.961
13.453,7.050,6.855,4.372,9.202,7.474,9.214
9.678,15.591,6.243,4.352,11.488,9.176,5.044
9.081,9.212,7.688,8.502,5.872,8.067,12.883
8.004,5.802,6.999,4.255,10.340,7.926,14.251
4.345,12.907,6.064,6.870,7.883,6.915,9.011
7.721,5.291,7.654,8.979,6.215,5.578,6.188
5.791,8.016,8.557,6.169,10.242,6.176,5.933
5.621,10.208,7.612,8.790,6.933,9.421,17.452
11.783,5.178,8.046,3.374,10.514,9.730,7.842
8.760,8.648,9.129,0.500,7.282,7.573,8.084
10.476,6.440,7.574,4.461,10.464,11.069,4.739
7.102,8.978,11.158,7.488,10.035,6.732,7.556
6.657,14.455,9.906,3.406,6.200,9.407,7.498
10.481,5.638,7.791,10.574,5.713,10.095,2.606
11.911,7.952,8.311,12.851,7.810,6.029,7.495
5.571,1.569,7.270,10.431,5.369,6.366,6.513
8.921,8.261,5.129,14.222,9.031,5.675,5.803
11.447,3.330,5.125,10.807,10.014,8.422,11.597
7.079,7.473,6.024,5.950,8.212,8.499,9.843
4.505,6.157,5.148,6.016,9.756,6.842,9.572
14.215,7.340,3.293,9.173,8.464,4.833,8.465
5.319,8.927,4.211,7.806,4.298,4.723,7.552
10.396,10.384,6.808,7.773,9.124,5.428,8.772
7.797,4.376,5.818,12.184,11.323,11.333,4.829
8.203,8.809,6.917,10.754,9.196,6.148,13.898
7.774,10.511,8.278,8.624,6.898,6.400,6.263
5.846,7.207,8.781,9.208,7.777,6.540,6.525
6.121,10.078,8.517,8.241,14.887,9.406,8.376
5.230,10.427,10.121,5.782,10.282,6.128,6.076
4.576,12.418,10.549,6.280,3.470,11.121,2.866
10.866,11.719,11.582,11.701,8.295,11.850,4.442
8.283,10.945,11.521,8.965,10.709,8.474,6.616
8.902,11.438,9.783,6.636,9.629,8.782,7.796
9.191,7.925,10.279,10.503,6.225,3.683,4.549
8.365,7.183,10.290,5.275,8.581,6.372,9.048
11.954,8.472,7.805,9.154,8.021,9.635,10.591
8.774,8.674,7.725,9.000,3.868,10.433,8.092
9.891,4.302,6.603,10.278,10.620,1.982,6.672
6.921,8.160,4.521,6.848,4.647,11.011,12.023
10.386,8.298,6.755,13.367,10.089,2.086,6.746
9.086,8.488,8.687,9.199,6.790,7.715,5.527
7.322,6.931,8.402,8.620,8.202,9.401,10.121
11.128,7.517,8.983,9.055,11.079,7.963,12.690
5.338,7.598,6.833,2.791,11.336,9.245,8.611
13.036,9.189,6.691,6.038,4.267,12.567,9.887
4.085,5.789,5.750,8.593,12.938,11.702,3.238
10.518,5.235,5.139,14.705,12.876,3.919,7.866
6.289,11.745,4.945,5.693,6.328,4.449,6.186
9.582,12.189,6.530,6.631,8.727,2.984,10.567
9.305,7.001,5.932,12.249,10.593,5.689,7.402
8.421,10.587,11.055,11.000,11.281,10.674,6.034
8.317,8.146,12.791,9.229,7.273,9.433,8.713
10.016,6.829,12.889,7.681,12.380,4.464,9.883
7.570,10.107,11.998,7.244,5.847,8.616,5.328
0.500,1.523,11.045,12.559,11.727,5.655,7.068
9.870,11.794,10.482,14.387,7.445,3.428,7.901
7.295,7.370,10.263,7.432,4.209,3.972,4.142
11.257,8.125,8.787,4.835,6.787,0.500,0.500
9.853,3.587,10.965,8.222,7.421,11.060,4.142
8.579,4.831,11.708,15.647,6.581,9.869,9.151
8.442,6.198,14.594,3.342,11.689,8.147,8.556
9.938,10.715,14.515,6.828,2.918,5.123,8.437
7.598,10.493,12.200,6.365,13.702,10.040,7.000
5.194,11.870,11.345,2.444,4.629,8.360,7.182
8.644,5.992,10.320,7.106,2.933,10.661,12.943
13.191,8.071,8.925,11.331,6.551,8.856,2.667
6.696,4.513,7.690,8.524,6.945,11.778,3.749
9.665,6.933,8.423,8.459,10.781,6.326,8.953
8.358,5.699,9.589,5.455,7.472,9.331,6.464
10.469,9.552,10.676,10.047,4.324,9.344,7.405
3.756,8.141,9.536,4.647,8.643,16.692,3.854
6.744,8.586,9.757,5.355,11.523,6.864,7.125
9.429,9.694,10.702,10.724,11.919,14.206,8.761
4.800,6.184,9.567,4.853,7.121,8.677,7.493
7.570,4.452,10.235,6.237,10.219,5.100,9.160
9.586,8.425,10.281,7.673,2.546,5.892,4.792
8.529,3.339,11.466,9.956,6.712,6.110,13.280
11.093,6.184,10.461,4.562,0.500,8.437,11.104
8.714,10.275,8.806,7.476,7.429,5.738,11.625
6.450,8.836,7.251,8.796,8.330,6.332,9.316
10.249,7.051,6.796,7.531,4.093,10.764,11.777
10.743,15.884,7.741,13.700,11.268,8.082,6.408
0.805,9.061,8.153,9.990,9.219,8.937,8.163
3.933,6.380,4.735,6.717,8.198,11.842,10.128
7.550,6.987,4.735,4.852,6.261,11.612,14.178
5.586,13.880,1.960,8.106,9.259,2.814,8.570
8.827,14.767,1.823,6.065,3.234,9.109,7.883
5.552,3.899,2.646,3.736,10.386,8.298,9.704
7.638,6.932,4.225,10.265,12.623,10.200,14.038
10.846,12.523,5.026,4.090,7.849,8.937,8.570
7.634,4.278,5.277,12.888,9.979,4.429,4.117
11.162,9.084,5.460,10.279,10.531,2.799,0.500
9.974,3.053,8.601,8.303,7.286,6.948,10.456
3.092,8.374,9.282,8.828,6.602,6.651,8.804
11.391,6.684,8.830,7.092,10.209,7.405,5.022
7.356,5.328,8.871,3.291,2.691,6.409,7.774
8.117,10.971,9.413,10.185,7.571,1.865,8.492
8.320,9.743,10.958,2.913,8.192,8.435,4.918
5.536,9.295,10.996,5.155,5.368,7.968,5.621
7.097,4.684,12.577,5.930,5.548,7.963,12.647
0.694,8.900,12.817,9.509,7.048,10.074,4.853
7.319,8.349,13.936,8.966,7.460,9.315,8.942
4.383,7.044,14.329,8.886,9.164,8.339,10.403
7.896,8.989,13.996,11.500,10.501,7.176,4.042
4.806,4.850,16.703,6.827,9.000,12.952,9.672
8.003,2.500,15.797,9.395,9.725,8.391,4.472
4.152,8.015,14.446,4.747,8.470,13.009,9.617
5.538,13.029,11.547,7.896,9.635,6.493,10.842
6.435,3.978,9.475,8.608,7.169,9.469,9.346
8.915,9.915,10.330,7.522,12.571,7.777,10.104
6.001,9.169,8.995,12.547,11.683,6.559,7.626
7.561,7.562,9.424,13.184,4.912,7.761,6.729
6.715,4.647,13.289,9.765,7.686,13.311,4.173
11.386,8.038,12.272,8.631,9.358,9.153,6.482
2.897,8.936,9.379,10.864,7.722,0.500,7.012
8.498,5.280,7.074,8.352,13.969,11.188,15.814
11.818,8.400,7.629,9.124,9.585,6.532,5.804
4.240,9.985,5.725,4.794,3.307,10.013,6.956
8.312,7.913,6.766,7.088,6.263,10.124,4.075
11.266,9.273,5.038,1.777,9.481,7.090,12.670
10.208,7.793,5.311,5.627,7.187,13.872,7.134
9.472,6.666,9.712,6.975,11.616,6.808,9.631
1.800,7.387,11.278,6.572,5.690,5.118,6.997
4.486,11.470,12.156,13.272,8.103,6.447,1.638
11.208,7.420,10.858,7.946,2.092,9.637,8.590
8.088,15.010,9.721,12.212,11.027,11.359,1.911
11.852,7.051,9.741,6.609,9.470,5.421,3.972
10.874,5.408,7.731,8.887,6.464,6.213,6.059
7.746,12.758,7.380,6.622,9.256,12.360,8.468
6.131,13.587,5.820,6.094,2.742,9.863,6.979
4.498,9.493,6.190,6.083,7.633,5.332,8.022
2.116,5.402,5.444,8.878,9.313,8.395,12.144
7.350,7.423,6.857,13.859,10.164,8.864,12.203
10.316,7.691,7.985,8.881,10.760,10.813,12.518
10.735,3.924,9.203,7.694,2.266,9.212,10.235
11.067,7.950,7.558,9.979,6.023,5.776,5.782
9.541,6.408,8.783,12.282,8.775,7.048,8.699
7.076,5.818,8.927,6.569,6.911,5.829,11.276
7.932,8.136,10.557,8.613,4.217,10.477,10.581
13.882,3.950,9.837,8.643,12.965,10.653,8.436
7.494,11.608,10.624,3.528,3.923,4.666,6.213
9.322,9.012,9.998,10.012,9.716,11.208,3.582
13.381,9.655,12.867,7.986,3.588,7.008,3.147
9.932,4.218,14.556,7.357,8.817,6.888,9.428
5.954,9.959,13.303,9.946,7.215,10.126,10.004
13.359,5.230,13.835,7.414,4.964,8.248,5.248
3.914,10.228,13.823,6.303,12.264,4.102,17.522
7.623,7.921,12.286,8.798,8.890,11.557,10.188
9.493,10.412,9.023,5.155,8.149,6.883,10.613
9.153,11.670,9.573,11.653,11.028,8.059,5.978
11.212,11.128,7.927,11.825,6.755,13.221,7.925
9.286,5.799,6.981,10.992,3.800,8.730,8.801
6.309,8.239,4.730,7.011,4.586,7.544,8.004
6.756,8.462,4.607,9.436,13.014,8.998,2.164
6.448,6.004,4.116,11.435,11.881,8.176,7.338
3.163,2.470,4.360,7.211,2.642,11.082,4.106
7.956,9.807,3.079,10.291,6.840,9.193,10.274
11.814,5.164,6.535,11.281,7.353,11.369,2.180
8.005,6.074,8.025,11.614,9.847,11.399,14.690
7.809,15.468,6.590,11.786,7.218,8.521,12.894
9.679,7.403,6.399,7.665,2.906,14.422,8.014
13.228,2.841,9.522,6.202,9.883,5.084,5.357
4.505,6.518,10.227,13.971,7.002,9.708,10.577
7.428,4.844,10.910,11.107,6.810,11.864,5.295
16.719,8.386,11.944,8.781,11.678,5.789,6.685
11.293,2.901,9.858,8.191,10.167,4.853,12.903
5.885,6.335,9.537,5.527,11.055,11.562,10.123
9.728,4.046,13.163,9.891,5.811,6.421,5.984
7.695,9.661,11.947,9.215,12.725,11.869,5.133
7.104,12.067,11.793,7.659,6.509,10.824,9.787
9.171,7.678,11.205,9.678,2.459,7.555,9.792
4.302,4.855,10.986,2.965,5.448,8.222,1.125
6.003,8.285,10.376,10.402,8.288,7.362,8.464
5.973,6.117,9.516,8.606,8.711,7.411,11.079
5.341,9.066,12.114,12.827,10.920,11.205,7.853
7.252,12.679,10.810,4.748,6.618,8.696,6.879
7.823,11.139,11.865,9.964,10.608,4.850,10.402
7.947,6.006,10.118,9.832,9.251,6.971,7.245
3.333,9.112,9.073,7.434,5.580,2.831,1.258
14.410,6.995,10.539,9.399,6.409,7.172,5.346
4.133,10.485,10.080,8.456,5.913,10.107,4.785
4.517,8.338,11.226,13.696,3.169,2.698,6.329
8.700,13.551,9.929,13.809,10.444,8.270,13.737
14.782,10.828,8.163,12.806,3.521,8.358,7.264
5.275,7.946,8.147,6.310,3.887,11.311,2.730
8.988,11.065,9.258,12.216,6.614,13.853,8.193
5.898,8.058,11.157,2.348,4.500,5.654,9.744
5.943,4.268,11.261,7.489,10.258,9.837,2.015
2.314,7.593,9.958,7.695,7.311,10.875,8.830
8.578,4.288,9.606,7.898,4.684,9.491,6.401
12.080,6.083,10.966,7.808,8.322,4.737,10.082
8.294,12.834,11.716,8.775,10.689,6.929,8.709
6.562,6.919,9.859,9.970,9.017,10.251,3.990
12.379,5.634,8.338,8.325,4.545,7.650,3.571
14.034,5.706,9.257,7.333,7.590,8.988,6.786
13.151,4.942,10.353,8.357,0.778,4.971,6.207
3.635,8.399,9.193,8.250,9.666,5.993,2.867
2.892,7.671,11.963,6.213,5.918,11.775,0.708
9.309,4.961,9.734,5.850,11.703,0.500,4.178
10.045,8.811,8.766,10.510,5.336,7.550,5.752
4.042,6.534,7.193,6.262,6.029,3.374,9.726
11.570,10.706,5.481,9.120,3.478,6.148,7.745
13.546,4.825,6.211,9.868,8.914,8.535,9.232
12.292,8.270,7.201,9.752,14.073,8.103,5.681
10.706,7.711,5.383,7.670,9.104,5.283,7.294
11.878,10.859,2.648,5.767,11.863,8.741,9.845
6.680,12.179,4.291,9.603,7.004,5.606,12.449
8.550,8.632,4.312,6.525,9.132,10.573,9.001
12.080,8.629,3.454,10.040,10.096,0.500,5.286
7.910,8.877,4.618,4.663,7.781,2.611,10.142
7.477,6.878,4.533,13.151,11.533,6.681,5.230
8.067,4.751,3.091,5.705,11.166,7.356,4.847
11.111,10.682,3.067,13.319,6.744,9.835,8.283
9.035,5.383,2.894,6.921,1.980,6.739,5.570
3.167,2.750,4.372,6.733,4.080,14.088,5.739
7.482,5.559,4.879,11.895,7.437,9.514,3.721
8.260,10.998,4.727,5.425,17.098,2.684,10.130
2.902,3.178,5.802,8.654,6.231,13.007,8.376
7.900,7.706,5.729,8.676,9.623,7.585,10.015
4.631,10.747,8.710,4.902,11.383,2.114,5.084
10.637,4.643,7.778,4.817,6.453,11.499,5.950
11.481,7.943,7.811,12.807,13.708,14.160,2.476
7.729,6.358,6.774,12.478,12.115,5.255,9.481
0.500,5.842,7.201,15.832,4.955,8.862,4.778
12.683,10.424,8.175,9.439,14.415,8.104,12.964
13.329,13.236,7.223,8.539,12.495,9.100,5.921
6.870,7.457,10.804,2.913,9.199,8.276,9.634
7.777,6.661,10.688,7.638,2.768,6.890,6.768
9.453,5.501,9.768,8.106,10.038,9.573,9.623
11.448,7.192,10.053,2.669,7.381,9.823,13.819
5.638,5.638,10.428,4.587,7.090,9.169,2.459
8.814,8.814,12.826,3.216,9.697,7.562,5.448
8.480,8.480,11.005,11.408,8.765,4.647,8.288
7.718,7.718,10.030,7.114,2.830,8.038,8.711
12.092,12.092,9.953,6.435,6.749,8.936,10.920
10.259,10.259,11.342,3.420,12.844,5.280,6.618
8.499,8.499,11.255,5.843,5.461,8.400,10.608
10.122,10.122,12.112,1.603,4.551,9.985,9.251
3.280,3.280,12.112,10.254,10.376,7.913,5.580
9.644,9.644,11.853,8.969,2.526,9.273,6.409
8.777,8.777,11.021,8.979,8.047,7.793,5.913
8.631,8.631,11.877,9.667,8.362,6.666,3.169
3.724,3.724,13.463,7.802,8.164,7.387,10.444
13.575,13.575,11.436,9.911,11.510,11.470,3.521
4.783,4.783,12.596,5.848,7.884,7.420,3.887
5.202,5.202,13.383,12.436,13.417,15.010,6.614
7.084,7.084,15.252,13.376,10.638,7.051,4.500
8.560,8.560,15.824,3.789,12.444,5.408,10.258
2.031,2.031,15.566,7.358,4.143,12.758,7.311
8.313,8.313,14.744,3.391,12.092,13.587,4.684
12.664,12.664,15.297,8.357,9.681,9.493,8.322
10.074,10.074,12.033,7.928,11.418,5.402,10.689
11.522,11.522,12.054,9.724,5.471,7.423,9.017
11.773,11.773,12.388,4.657,5.821,7.691,4.545
9.617,9.617,12.803,11.435,5.950,3.924,7.590
6.329,6.329,10.088,8.441,10.423,7.950,0.778
9.417,9.417,9.742,11.718,6.329,6.408,9.666
14.107,14.107,8.834,6.444,7.481,5.818,5.918
2.937,2.937,9.030,7.071,3.297,8.136,11.703
9.495,9.495,7.824,4.489,5.910,3.950,5.336
7.093,7.093,9.410,9.318,8.429,11.608,6.029
11.047,11.047,10.080,6.402,6.874,9.012,3.478
7.877,7.877,8.973,8.092,9.512,9.655,8.914
9.662,9.662,7.983,5.841,8.056,4.218,14.073
5.284,5.284,8.088,14.562,13.057,9.959,9.104
6.914,6.914,8.110,9.382,6.126,5.230,11.863
8.144,8.144,8.012,4.787,3.589,10.228,7.004
12.333,12.333,7.881,11.421,8.976,7.921,9.132
11.027,11.027,8.206,8.360,8.660,10.412,10.096
6.845,6.845,9.442,10.661,6.194,11.670,7.781
12.851,12.851,8.315,7.736,9.726,11.128,11.533
6.600,6.600,6.958,5.126,12.213,5.799,11.166
10.048,10.048,5.482,6.279,5.291,8.239,6.744
4.280,4.280,7.160,7.313,9.417,8.462,1.980
11.053,11.053,8.574,7.117,9.059,6.004,4.080
8.710,8.710,8.345,8.016,9.725,2.470,7.437
7.183,7.183,6.450,10.056,11.336,9.807,17.098
10.721,10.721,4.379,5.401,12.745,5.164,6.231
13.641,13.641,1.928,12.074,14.549,6.074,9.623
5.742,5.742,2.598,7.930,8.898,15.468,11.383
12.791,12.791,4.539,8.379,2.142,7.403,6.453
4.281,4.281,6.481,10.037,8.791,2.841,13.708
9.147,9.147,4.097,9.445,6.342,6.518,12.115
8.496,8.496,3.815,10.156,5.487,4.844,4.955
2.713,2.713,7.202,1.426,9.999,8.386,14.415
0.500,0.500,5.220,5.012,16.987,2.901,12.495
7.881,7.881,7.764,11.395,13.582,6.335,9.199
7.716,7.716,5.575,7.762,5.894,4.046,2.768
11.384,11.384,6.002,9.267,14.672,9.661,10.038
8.452,8.452,6.081,12.997,10.795,12.067,7.381
12.848,10.326,6.142,12.066,5.865,1.834,12.401
4.871,4.947,5.251,4.774,8.296,5.597,6.133
9.554,1.502,7.328,8.289,3.999,5.730,9.629
11.693,4.843,7.670,9.570,3.952,3.939,10.392
9.664,9.432,7.046,6.558,11.588,8.265,6.042
8.328,12.634,7.608,8.108,8.359,5.870,6.844
2.480,5.153,7.725,7.808,13.349,17.118,11.569
3.107,7.199,7.505,8.062,8.062,9.431,11.573
7.445,12.324,10.049,9.294,9.224,13.284,5.730
11.011,11.272,10.366,11.589,10.080,7.161,6.873
11.021,7.209,9.243,7.157,6.530,10.679,12.720
10.307,7.652,8.481,0.510,9.874,10.125,6.572
13.112,7.134,7.529,9.790,12.201,13.709,10.211
9.908,9.618,5.714,5.941,12.314,9.668,9.924
9.903,4.280,5.412,6.979,7.069,10.447,6.084
9.357,8.682,6.792,9.265,10.845,1.552,1.347
3.272,7.880,7.041,7.371,7.597,6.759,9.798
10.080,14.285,5.592,5.768,4.027,8.268,6.337
10.342,4.924,3.008,12.170,8.228,10.547,7.138
7.079,8.054,1.430,5.764,8.193,6.099,11.923
13.186,6.228,1.643,9.190,7.062,7.351,10.582
4.487,7.532,4.052,5.109,6.039,9.170,5.621
7.811,8.713,5.101,11.450,11.261,6.574,4.493
7.298,10.377,7.371,8.812,5.268,6.860,9.594
9.414,10.524,7.106,2.906,5.512,7.158,9.310
6.419,3.252,7.887,8.156,7.774,10.076,6.805
11.255,6.100,6.268,3.834,11.754,9.996,10.562
11.518,5.216,7.460,13.986,6.245,5.804,9.622
5.377,5.357,6.181,12.631,7.395,11.491,6.034
9.587,10.404,5.982,2.276,16.644,10.930,2.940
9.263,13.463,4.711,6.790,8.527,6.077,8.824
4.490,2.345,4.339,11.558,7.539,6.591,8.208
11.230,8.697,4.880,9.690,9.580,2.672,9.671
4.433,7.949,8.776,8.011,2.887,10.572,6.031
8.946,7.065,8.070,4.099,3.936,12.894,5.735
6.276,10.708,7.701,12.636,14.232,10.075,3.505
3.778,9.112,8.835,9.605,8.145,10.120,4.656
7.995,6.021,8.624,10.663,6.192,11.336,5.451
10.133,12.982,10.488,4.104,9.463,8.749,4.594
9.645,13.080,8.904,5.147,10.246,9.792,9.454
9.930,8.130,9.572,11.493,5.945,7.476,8.392
8.648,11.787,8.514,12.403,8.327,11.445,8.191
5.239,8.735,10.546,15.213,4.325,4.602,9.704
11.376,8.257,9.306,7.761,7.823,9.793,8.546
7.101,8.249,8.715,6.906,8.693,5.462,1.763
6.343,4.962,7.208,10.562,9.625,3.806,5.954
2.357,6.049,8.595,6.320,1.236,11.773,8.942
4.796,7.584,7.768,3.282,7.372,12.431,8.658
10.047,1.394,8.054,7.150,9.123,11.059,6.956
6.423,7.657,9.387,7.340,9.245,6.329,4.865
5.320,6.508,10.628,4.587,9.877,12.460,0.841
8.135,3.755,9.490,5.456,6.132,3.742,14.735
9.812,4.998,11.409,7.635,7.007,1.193,11.392
3.443,5.762,10.917,8.808,9.664,6.363,6.898
5.779,7.300,8.156,4.037,8.983,9.242,9.579
8.602,8.727,8.212,6.273,5.480,14.085,7.485
4.391,9.178,7.532,8.436,13.154,2.691,8.927
2.941,9.446,7.105,9.214,7.076,1.512,8.029
10.266,6.610,6.499,3.602,8.562,4.522,6.055
7.423,3.567,5.514,10.368,13.310,6.646,7.352
6.224,9.678,13.479,8.918,5.801,2.459,6.058
6.351,2.965,13.726,13.608,7.312,5.448,8.327
12.497,10.402,14.848,10.939,5.218,8.288,12.797
8.151,8.606,14.542,12.427,7.380,8.711,8.455
10.237,12.827,13.637,10.811,9.165,10.920,9.095
5.117,4.748,13.471,8.894,6.453,6.618,12.830
7.593,9.964,11.338,7.355,5.696,10.608,6.228
11.853,9.832,12.696,8.917,9.635,9.251,5.006
10.018,7.434,11.567,9.175,4.859,5.580,9.706
8.511,9.399,10.744,4.730,9.694,6.409,9.894
6.868,8.456,11.028,3.148,16.019,5.913,7.155
10.345,13.696,12.672,7.568,4.831,3.169,0.500
8.200,13.809,13.197,6.263,8.526,10.444,7.537
5.720,12.806,11.524,8.140,9.700,3.521,8.560
4.649,6.310,12.999,4.976,2.355,3.887,8.713
8.689,12.216,12.558,5.554,7.250,6.614,6.935
1.600,2.348,11.877,12.662,13.099,4.500,10.020
6.017,7.489,12.197,2.662,5.396,10.258,7.650
8.809,7.695,13.094,11.374,4.628,7.311,3.738
10.446,7.898,15.165,9.650,11.094,4.684,9.081
6.130,7.808,13.660,7.930,10.498,8.322,8.907
7.061,8.775,12.366,10.247,8.508,10.689,9.630
6.537,9.970,12.540,2.271,5.511,9.017,11.274
9.202,8.325,12.596,9.393,4.937,4.545,8.813
9.119,7.333,10.082,5.442,9.418,7.590,5.573
7.582,8.357,7.822,7.162,8.105,0.778,8.176
5.706,8.250,9.990,4.406,4.549,9.666,7.369
13.301,6.213,10.187,6.775,4.027,5.918,5.295
3.206,5.850,8.766,9.285,10.212,11.703,4.042
8.163,10.510,7.315,8.351,11.982,5.336,4.984
6.995,6.262,10.040,8.655,10.253,6.029,2.765
9.873,9.120,11.437,4.515,2.210,3.478,8.592
8.718,9.868,12.158,1.421,6.847,8.914,10.628
10.701,9.752,12.123,4.687,8.169,14.073,6.890
5.451,7.670,12.524,5.086,13.354,9.104,4.356
6.309,5.767,11.634,6.429,6.507,11.863,12.634
0.500,9.603,12.806,13.327,10.319,7.004,9.813
3.229,6.525,11.533,5.061,6.398,9.132,5.140
9.552,10.040,12.068,5.024,7.315,10.096,10.868
8.301,4.663,14.413,6.862,5.688,7.781,6.874
10.360,13.151,12.628,8.578,4.781,11.533,5.848
3.135,5.705,11.230,6.798,6.798,11.166,10.033
7.477,13.319,11.512,11.592,7.654,6.744,10.662
8.574,6.921,10.367,12.770,5.279,1.980,9.799
14.202,6.733,11.511,11.218,8.127,4.080,4.166
7.906,11.895,12.786,8.564,8.686,7.437,10.673
10.014,5.425,12.778,5.059,9.772,17.098,11.306
7.596,8.654,13.732,10.918,7.867,6.231,11.534
13.998,8.676,13.460,4.045,11.176,9.623,11.330
9.371,4.902,11.749,4.576,6.472,11.383,10.620
8.094,4.817,14.159,9.560,5.244,6.453,8.652
11.134,12.807,13.067,6.529,8.232,13.708,6.416
11.751,12.478,9.844,5.579,8.581,12.115,8.033
10.567,15.832,10.881,9.537,12.383,4.955,7.304
8.051,9.439,10.218,5.499,5.053,14.415,2.633
7.170,8.539,12.230,6.095,9.159,12.495,5.052
8.435,2.913,11.529,5.063,5.914,9.199,14.736
4.335,7.638,12.182,3.529,5.410,2.768,4.298
13.120,8.106,12.539,7.140,13.491,10.038,4.179
9.562,2.669,11.412,7.854,11.871,7.381,5.653
12.401,7.312,9.586,7.985,10.300,7.678,9.245
6.133,3.341,7.963,7.273,8.488,4.855,7.178
9.629,6.591,7.909,11.195,5.740,8.285,9.629
10.392,4.069,9.568,5.583,7.666,6.117,3.203
6.042,8.535,6.367,6.242,6.448,9.066,6.156
6.844,8.482,5.012,7.541,4.958,12.679,8.061
11.569,5.988,6.184,7.973,6.050,11.139,10.050
11.573,8.164,5.648,10.698,11.088,6.006,9.389
5.730,3.803,5.382,4.909,8.301,9.112,8.736
6.873,7.584,5.166,14.512,12.597,6.995,3.706
12.720,6.729,7.323,15.007,6.346,10.485,5.315
6.572,8.147,7.807,10.900,10.220,8.338,4.986
10.211,5.480,7.296,10.003,8.348,13.551,7.047
9.924,9.971,9.474,5.420,8.507,10.828,6.925
6.084,8.618,9.809,12.579,8.258,7.946,7.054
1.347,2.394,11.078,7.031,8.790,11.065,7.399
9.798,11.098,8.412,9.070,7.427,8.058,4.251
6.337,5.654,6.346,5.047,10.058,4.268,11.622
7.138,10.483,9.156,0.500,7.166,7.593,8.675
11.923,7.456,8.638,5.913,7.900,4.288,5.139
10.582,5.941,6.451,7.986,7.264,6.083,7.567
5.621,7.716,6.723,11.640,8.266,12.834,6.487
4.493,11.073,7.731,8.645,8.089,6.919,10.181
9.594,8.034,8.744,8.856,7.500,5.634,3.373
9.310,8.623,9.279,8.542,6.192,5.706,6.010
6.805,7.887,8.988,9.346,4.495,4.942,7.675
10.562,8.438,8.970,12.317,4.366,8.399,5.894
9.622,10.291,7.034,8.626,5.450,7.671,9.760
6.034,10.957,5.608,9.341,11.201,4.961,6.131
2.940,4.840,5.939,4.740,4.317,8.811,11.825
8.824,6.421,6.741,10.998,2.084,6.534,6.014
8.208,11.544,8.561,8.312,10.033,10.706,5.964
9.671,9.752,4.549,3.366,8.201,4.825,9.926
6.031,3.978,1.793,8.269,8.049,8.270,5.468
5.735,6.729,2.887,13.041,6.889,7.711,11.373
3.505,8.544,4.080,14.740,9.628,10.859,10.394
4.656,11.926,4.483,7.556,10.668,12.179,11.346
5.451,6.092,5.400,10.140,13.329,8.632,10.489
4.594,4.741,5.657,13.728,3.936,8.629,2.065
9.454,5.639,6.600,10.633,5.791,8.877,7.021
8.392,11.822,6.594,7.751,8.550,6.878,8.100
8.191,4.522,6.542,8.002,12.455,4.751,7.605
9.704,7.581,5.159,11.992,6.038,10.682,12.536
8.546,10.140,5.313,6.592,11.025,5.383,10.207
1.763,5.943,6.888,9.897,7.959,2.750,12.798
5.954,6.281,9.561,0.500,10.557,5.559,13.300
8.942,8.201,9.145,10.798,7.914,10.998,8.805
8.658,10.799,9.524,10.074,10.360,3.178,12.543
6.956,5.959,9.612,5.753,14.978,7.706,8.829
4.865,6.593,7.079,10.412,7.344,10.747,5.271
0.841,2.273,6.903,7.273,8.591,4.643,2.163
14.735,5.890,7.079,8.593,10.369,7.943,5.942
11.392,8.854,13.009,5.483,7.852,6.358,12.981
6.898,1.684,9.762,4.161,12.346,5.842,7.609
9.579,1.729,8.376,6.508,7.668,10.424,9.043
7.485,7.400,5.214,10.667,5.251,13.236,5.596
8.927,11.178,5.018,1.652,7.416,7.457,9.910
8.029,6.746,4.861,10.414,7.848,6.661,8.164
6.055,10.975,5.262,14.015,8.004,5.501,8.575
7.352,12.122,7.347,11.797,4.118,7.192,6.286
14.198,10.050,9.086,7.160,6.003,5.661,8.926
8.258,7.356,6.655,8.750,12.072,9.641,1.725
10.173,10.905,5.439,8.501,11.081,4.702,13.487
9.274,11.581,5.149,9.816,13.034,6.611,10.115
9.770,0.500,4.588,5.958,12.495,10.094,3.456
11.216,10.504,2.677,2.454,6.391,10.236,6.343
4.435,4.020,1.510,6.618,6.282,10.300,9.200
11.297,10.802,3.443,13.767,12.374,4.278,5.663
7.033,9.262,2.354,3.318,10.891,10.746,9.672
10.976,6.242,2.423,12.141,4.408,2.601,10.569
8.642,6.368,2.205,7.562,13.453,4.074,4.539
7.832,1.604,3.476,9.423,9.678,7.141,6.681
6.116,5.325,3.249,8.515,9.081,10.417,7.711
6.858,2.165,2.188,8.560,8.004,6.186,10.392
5.527,5.343,2.122,7.098,4.345,8.488,3.839
5.747,12.140,4.348,5.342,7.721,5.978,10.366
9.628,6.095,7.086,12.326,5.791,9.306,4.791
8.292,3.741,8.207,2.384,5.621,3.543,11.058
9.891,5.787,8.634,8.411,11.783,7.916,8.755
5.115,9.216,7.780,7.059,8.760,4.779,11.750
14.349,8.153,8.692,8.983,10.476,12.584,1.470
5.930,3.433,10.917,9.644,7.102,9.796,5.391
9.612,5.610,13.295,9.895,6.657,5.158,11.551
7.643,5.146,10.557,10.966,10.481,4.133,12.380
9.504,5.609,8.809,7.410,11.911,5.813,11.346
2.949,7.313,12.342,8.684,5.571,12.765,6.166
8.753,3.889,11.304,6.615,8.921,6.850,9.566
7.518,4.798,12.569,7.442,11.447,12.560,7.267
4.856,5.947,11.067,8.436,7.079,3.625,7.693
5.724,4.106,12.268,9.516,4.505,2.312,9.420
6.756,11.217,13.711,9.383,14.215,4.001,10.026
9.538,1.970,10.686,8.186,5.319,7.127,3.398
7.764,7.033,6.969,6.600,10.396,9.859,5.459
13.217,11.685,7.250,2.862,7.797,4.308,6.257
8.567,2.300,5.658,4.990,8.203,8.968,12.598
4.148,5.019,5.621,8.887,7.774,7.011,7.214
8.204,7.298,7.592,5.709,5.846,7.675,9.819
5.496,10.459,9.138,6.650,6.121,11.931,7.184
15.406,13.690,10.675,6.145,5.230,3.146,8.294
10.407,10.067,7.827,14.082,4.576,9.454,9.629
4.363,12.931,8.775,10.666,10.866,6.933,3.969
12.817,11.855,6.734,8.785,8.283,6.828,11.649
8.074,12.190,5.851,12.254,8.902,9.631,10.292
7.925,11.296,7.206,7.855,9.191,10.952,6.803
9.465,13.297,8.631,11.757,8.365,2.107,4.308
10.707,10.482,8.945,5.326,11.954,9.666,6.295
6.571,7.932,9.580,9.249,8.774,6.662,7.748
11.276,8.621,9.145,9.071,9.891,9.142,5.703
9.973,4.999,7.208,11.649,6.921,12.053,7.017
8.690,6.509,6.369,10.316,10.386,8.402,13.813
6.156,7.465,7.302,12.006,9.086,11.837,7.333
8.649,7.823,5.854,12.101,7.322,1.682,9.303
4.761,7.424,4.715,6.729,11.128,1.576,5.198
7.182,5.784,2.883,7.057,5.338,12.029,12.468
7.220,13.174,1.985,17.355,13.036,13.992,10.607
12.335,6.452,2.472,6.090,4.085,13.744,5.383
5.488,5.257,2.929,8.388,10.518,5.514,8.335
10.917,4.121,6.303,9.119,6.289,12.355,7.381
8.966,5.284,8.590,7.817,9.582,6.345,11.134
8.239,11.318,6.515,7.057,9.305,7.706,5.242
3.864,9.289,9.607,5.638,7.488,9.399,9.208
12.660,10.763,10.299,8.814,11.143,10.152,7.764
6.045,5.552,11.133,8.480,9.504,7.048,8.666
7.856,3.258,11.151,7.718,3.397,10.693,8.743
6.425,7.899,10.660,12.092,6.453,6.444,4.418
5.881,10.255,8.338,10.259,9.322,12.007,7.179
7.083,9.033,8.541,8.499,8.346,12.368,6.296
13.548,10.106,7.247,10.122,5.930,8.667,5.657
9.722,11.729,9.523,3.280,3.724,5.584,6.255
10.098,4.869,10.273,9.644,7.888,11.294,10.869
11.420,10.791,12.778,8.777,2.908,8.855,7.732
7.125,3.642,10.815,8.631,10.371,4.983,10.399
7.251,8.145,10.769,3.724,10.427,9.766,11.350
5.486,9.620,11.236,13.575,6.025,11.043,4.561
6.107,0.761,9.104,4.783,7.826,5.922,9.794
6.164,5.304,9.940,5.202,7.252,9.498,9.098
12.832,9.151,9.267,7.084,4.425,4.733,13.702
13.083,9.193,10.168,8.560,10.977,7.392,11.615
7.500,8.513,11.376,2.031,8.865,7.091,9.869
6.115,7.864,11.199,8.313,6.977,10.790,7.344
6.172,6.036,8.405,12.664,9.520,7.393,6.811
9.717,3.192,10.186,10.074,11.208,7.808,6.297
2.752,8.115,8.915,11.522,12.038,12.711,3.709
9.418,8.190,8.133,11.773,8.476,7.062,2.895
8.315,8.202,8.176,9.617,4.554,7.266,12.749
6.884,7.763,9.864,6.329,12.210,9.512,7.139
10.126,7.803,9.101,9.417,8.332,8.925,8.519
8.054,3.582,8.278,14.107,9.760,3.221,6.359
8.230,13.252,9.429,2.937,8.691,3.943,8.665
8.531,9.183,9.666,9.495,11.204,6.559,9.977
7.950,7.604,9.062,7.093,8.163,3.306,6.995
5.649,4.760,8.101,11.047,7.915,10.164,10.760
7.479,9.393,8.232,7.877,7.372,11.513,3.523
17.068,10.968,4.895,9.662,11.137,7.938,9.084
4.399,8.641,4.962,5.284,6.641,6.544,9.488
8.506,5.897,5.845,6.914,8.899,11.720,5.761
10.937,12.200,5.882,8.144,9.718,10.209,9.461
3.934,3.500,5.143,12.333,10.973,13.448,6.491
5.977,13.258,6.402,11.027,11.608,4.880,6.489
5.916,3.850,5.189,6.845,5.092,6.895,9.006
8.411,11.669,6.273,12.851,5.615,4.666,8.046
5.904,4.064,9.420,6.600,5.867,3.750,8.759
3.451,8.063,9.736,10.048,10.497,13.657,6.041
8.969,8.162,11.124,4.280,5.332,11.719,7.059
9.555,8.588,8.050,11.053,6.322,5.373,8.653
5.286,7.297,7.427,8.710,10.822,12.689,12.620
5.317,5.416,4.809,7.183,6.736,6.541,8.697
4.477,6.298,6.341,10.721,15.689,8.750,7.186
5.404,13.400,8.557,13.641,11.675,7.159,7.148
4.965,8.067,9.472,5.742,9.151,2.631,4.994
6.744,4.811,8.350,12.791,10.353,3.774,1.169
6.390,9.512,7.984,4.281,9.614,10.001,10.252
11.514,6.767,6.615,9.147,9.966,5.504,7.021
7.226,12.541,6.335,8.496,6.677,7.451,7.421
12.984,9.029,5.242,2.713,10.610,5.466,8.010
9.695,10.295,5.342,0.500,8.764,11.056,2.659
9.513,13.834,7.023,7.881,4.727,8.262,8.711
11.019,6.526,7.142,7.716,4.188,6.530,4.383
5.707,10.830,6.746,11.384,6.436,10.452,6.390
10.384,6.678,7.084,8.452,5.208,8.603,6.864
7.320,9.627,8.727,10.326,2.561,9.433,8.166
6.664,7.664,9.644,4.947,4.592,5.448,7.919
13.094,5.047,7.436,1.502,2.377,7.369,5.956
10.200,6.177,7.833,4.843,6.127,4.812,8.781
12.131,9.198,5.703,9.432,5.291,4.681,10.384
7.885,9.245,8.198,12.634,9.051,11.342,14.432
4.792,10.317,8.811,5.153,1.673,12.445,7.251
5.448,8.421,8.491,7.199,11.449,4.529,12.992
4.560,6.293,7.240,12.324,9.897,5.626,8.059
8.288,7.006,8.904,11.272,11.476,9.979,8.206
4.483,4.372,7.673,7.209,7.340,5.713,9.445
14.380,4.352,9.156,7.652,5.473,7.255,0.831
5.151,8.502,10.362,7.134,9.721,9.797,6.695
9.151,4.255,10.120,9.618,7.350,10.160,10.550
7.355,6.870,10.677,4.280,17.301,9.218,2.479
5.784,8.979,9.188,8.682,9.993,8.643,6.174
7.590,6.169,9.597,7.880,4.329,3.850,13.230
8.056,8.790,7.871,14.285,12.166,8.037,9.031
10.540,3.374,8.260,4.924,6.050,6.533,10.825
5.869,0.500,7.049,8.054,3.329,5.851,7.188
7.160,4.461,5.161,6.228,8.118,8.869,9.868
0.500,7.488,2.341,7.532,6.515,1.032,4.147
7.817,3.406,0.765,8.713,11.493,11.628,11.154
5.432,10.574,2.175,10.377,10.740,5.758,8.431
13.038,12.851,3.209,10.524,9.186,11.716,12.951
8.929,10.431,0.787,3.252,13.326,9.523,8.853
14.381,14.222,1.922,6.100,6.568,9.760,8.029
5.630,10.807,2.782,5.216,15.275,1.380,3.237
8.538,5.950,5.593,5.357,5.844,4.567,10.293
6.061,6.016,4.082,10.404,6.359,8.676,3.614
7.464,9.173,2.495,13.463,14.745,10.919,12.326
14.653,7.806,4.593,2.345,8.517,7.416,5.955
6.760,7.773,7.095,8.697,11.046,8.164,8.751
9.547,12.184,6.698,7.949,8.670,7.651,9.043
3.706,10.754,6.952,7.065,5.575,10.752,6.705
7.684,8.624,5.408,10.708,8.588,7.204,8.898
11.213,9.208,4.073,9.112,9.104,12.980,7.893
9.651,8.241,6.518,6.021,7.114,2.724,9.659
10.388,5.782,7.212,12.982,12.747,3.949,8.880
9.254,6.280,5.110,13.080,6.859,7.508,7.325
5.512,11.701,3.635,8.130,6.700,9.531,2.420
7.578,8.965,0.879,11.787,9.892,11.992,8.732
5.347,6.636,2.309,8.735,5.561,7.692,4.553
8.237,10.503,4.071,8.257,4.308,5.675,7.081
9.953,5.275,6.386,8.249,12.753,8.130,13.811
7.777,9.154,6.314,4.962,2.665,6.964,3.840
8.966,9.000,7.108,6.049,9.082,6.366,11.622
9.428,10.278,3.052,7.584,7.185,4.848,9.997
8.257,6.848,4.890,1.394,13.656,4.357,9.111
0.646,13.367,2.778,7.657,9.278,6.687,9.305
8.405,9.199,4.611,6.508,16.911,12.758,7.022
4.990,8.620,2.668,3.755,7.000,9.250,9.415
12.172,9.055,3.370,4.998,4.358,2.727,4.783
13.185,2.791,5.015,5.762,11.034,12.217,8.240
11.668,6.038,5.562,7.300,9.769,7.278,9.859
13.288,8.593,5.599,8.727,8.592,12.511,6.347
6.324,14.705,7.970,9.178,10.000,8.206,5.906
7.959,5.693,7.733,9.446,9.451,13.140,5.867
7.514,6.631,8.573,6.610,2.028,9.731,6.895
9.168,12.249,6.736,3.567,13.430,7.580,8.035
9.786,4.138,11.168,9.289,6.615,7.090,4.158
8.006,8.669,8.123,10.763,9.262,9.697,8.096
5.033,11.447,9.132,5.552,8.122,8.765,9.016
11.333,4.984,9.795,3.258,4.365,2.830,4.118
6.209,7.755,9.857,7.899,3.979,6.749,7.984
6.938,11.148,10.503,10.255,5.512,12.844,3.242
6.818,10.356,9.994,9.033,8.300,5.461,8.551
8.632,3.216,8.037,10.106,5.677,4.551,7.997
11.526,11.867,8.830,11.729,7.991,10.376,16.884
5.204,10.791,8.033,4.869,13.027,2.526,2.471
4.222,5.056,7.630,10.791,9.683,8.047,13.964
12.938,7.354,6.350,3.642,11.821,8.362,9.391
9.694,8.623,8.941,8.145,13.099,8.164,10.833
7.840,8.114,7.683,9.620,6.499,11.510,5.906
7.359,7.747,6.322,0.761,10.117,7.884,3.539
12.044,5.356,5.081,5.304,0.613,13.417,12.356
4.193,8.587,4.852,9.151,4.753,10.638,7.660
4.309,11.669,4.789,9.193,8.174,12.444,12.289
5.797,6.922,4.270,8.513,5.381,4.143,10.349
6.106,3.034,5.906,7.864,9.009,12.092,2.849
8.091,9.222,6.382,6.036,5.372,9.681,6.288
7.585,3.907,5.957,3.192,10.764,11.418,8.514
8.304,9.147,7.163,8.115,12.996,5.471,11.148
4.343,1.243,8.502,8.190,10.538,5.821,0.500
5.432,6.062,6.948,8.202,6.685,5.950,2.933
11.591,8.321,6.724,7.763,5.733,10.423,9.598
10.348,7.258,6.723,7.803,6.837,6.329,9.689
8.382,0.500,7.394,3.582,9.328,7.481,14.156
4.671,7.266,7.714,13.252,3.248,3.297,7.892
6.093,9.450,9.343,9.183,9.655,5.910,7.719
11.992,10.202,10.209,7.604,7.258,8.429,6.130
9.911,6.936,9.182,4.760,10.328,6.874,6.620
4.729,6.795,9.447,9.393,5.039,9.512,9.360
6.104,5.090,11.574,10.968,7.020,8.056,10.029
6.968,7.409,10.583,8.641,8.214,13.057,10.288
10.298,7.226,9.861,5.897,7.237,6.126,5.545
9.928,7.547,9.821,12.200,8.674,3.589,8.920
10.913,8.163,9.841,3.500,6.036,8.976,10.245
13.113,11.021,10.835,13.258,5.694,8.660,7.885
9.360,10.300,11.620,3.850,11.067,6.194,10.034
6.948,6.645,8.581,11.669,5.687,9.726,11.353
3.344,3.030,8.462,4.064,6.054,12.213,11.746
9.891,9.544,8.555,8.063,6.601,5.291,4.523
4.339,8.208,6.824,8.162,10.434,9.417,8.364
7.772,12.460,6.522,8.588,4.713,9.059,5.264
8.644,9.151,3.919,7.297,10.450,9.725,5.889
1.974,13.400,4.719,5.416,12.763,11.336,7.660
11.827,8.087,6.832,6.298,12.704,12.745,8.823
7.065,12.910,6.435,13.400,6.942,14.549,10.905
11.780,10.375,5.947,8.067,3.181,8.898,5.936
11.717,8.044,4.850,4.811,6.884,2.142,12.836
10.767,14.449,4.824,9.512,8.083,8.791,4.472
8.817,13.297,5.461,6.767,13.608,6.342,11.307
5.927,6.506,6.712,12.541,11.988,5.487,7.494
9.719,9.348,6.222,9.029,8.853,9.999,9.191
7.314,6.068,8.115,10.295,6.331,16.987,6.947
7.544,5.571,8.892,13.834,3.307,13.582,10.829
7.396,2.733,9.270,6.526,12.301,5.894,9.300
4.938,3.218,11.105,10.830,8.107,14.672,8.591
7.315,11.276,8.043,6.678,4.359,10.795,5.342
