3.724,8.157,12.547,6.058,12.401,6.785,5.211
14.807,7.003,13.184,8.327,6.133,6.729,10.562
7.819,7.663,9.765,12.797,9.629,9.686,4.015
10.104,0.500,8.631,8.455,10.392,7.505,8.163
8.044,9.492,10.864,9.095,6.042,6.946,6.657
6.667,6.441,8.352,12.830,6.844,8.029,8.269
10.907,8.120,9.124,6.228,11.569,12.059,7.496
11.189,18.661,4.794,5.006,11.573,6.951,5.514
3.628,9.623,7.088,9.706,5.730,14.588,8.759
12.596,7.318,1.777,9.894,6.873,15.463,3.452
13.282,12.251,5.627,7.155,12.720,6.656,2.645
7.679,3.990,6.975,0.500,6.572,11.076,5.484
7.247,10.825,6.572,7.537,10.211,2.546,6.453
2.381,2.953,13.272,8.560,9.924,6.985,9.256
4.618,6.177,7.946,8.713,6.084,10.419,9.126
9.784,3.342,12.212,6.935,1.347,7.828,7.413
10.997,11.285,6.609,10.020,9.798,6.785,11.890
8.070,13.955,8.887,7.650,6.337,7.841,10.402
5.977,8.821,6.622,3.738,7.138,11.320,7.812
10.279,6.106,6.094,9.081,11.923,13.740,13.638
6.985,10.964,6.083,8.907,10.582,18.647,10.390
9.297,6.441,8.878,9.630,5.621,8.776,5.532
8.600,6.481,13.859,11.274,4.493,7.670,8.449
7.286,5.912,8.881,8.813,9.594,13.916,12.063
5.310,14.150,7.694,5.573,9.310,8.930,5.166
5.529,10.982,9.979,8.176,6.805,8.995,7.237
14.063,9.764,12.282,7.369,10.562,2.156,8.984
11.298,6.963,6.569,5.295,9.622,6.677,8.466
7.583,5.089,8.613,4.042,6.034,1.856,12.802
5.521,6.649,8.643,4.984,2.940,9.689,12.998
6.484,7.580,3.528,2.765,8.824,9.505,9.679
11.445,8.352,10.012,8.592,8.208,9.390,10.987
6.143,2.891,7.986,10.628,9.671,5.554,9.358
9.128,4.342,7.357,6.890,6.031,8.542,8.433
10.225,4.363,9.946,4.356,5.735,7.416,9.562
7.050,6.222,7.414,12.634,3.505,8.513,6.998
7.303,6.139,6.303,9.813,4.656,9.630,9.527
6.291,12.299,8.798,5.140,5.451,4.291,9.233
7.396,8.560,5.155,10.868,4.594,8.062,8.159
7.469,8.365,11.653,6.874,9.454,11.104,1.335
2.620,9.883,11.825,5.848,8.392,14.640,5.758
7.665,7.745,10.992,10.033,8.191,12.284,8.131
6.693,7.696,7.011,10.662,9.704,10.044,6.961
8.603,7.910,9.436,9.799,8.546,7.900,8.380
12.150,10.261,11.435,4.166,1.763,9.105,7.018
7.079,7.032,7.211,10.673,5.954,4.663,4.426
9.934,10.295,10.291,11.306,8.942,7.967,11.472
12.820,5.779,11.281,11.534,8.658,5.737,4.283
9.479,8.896,11.614,11.330,6.956,7.616,8.691
2.801,15.714,11.786,10.620,4.865,10.815,8.144
8.267,10.548,7.665,8.652,0.841,7.854,8.782
11.407,12.138,6.202,6.416,14.735,4.879,14.514
8.668,5.698,13.971,8.033,11.392,9.679,8.523
8.709,14.787,11.107,7.304,6.898,10.305,11.181
10.437,12.321,8.781,2.633,9.579,6.173,6.552
10.936,5.531,8.191,5.052,7.485,9.037,3.922
2.807,5.902,5.527,14.736,8.927,2.525,8.889
9.985,6.568,9.891,4.298,8.029,5.852,10.448
5.772,4.614,9.215,4.179,6.055,4.523,4.335
9.911,11.084,7.659,5.653,7.352,6.491,6.184
9.537,9.792,9.095,6.351,4.158,12.334,7.160
5.956,1.125,7.075,11.671,8.096,8.692,8.750
8.546,8.464,7.616,6.252,9.016,6.614,8.501
7.207,11.079,9.194,13.338,4.118,11.178,9.816
6.994,7.853,10.686,14.020,7.984,12.325,5.958
6.593,6.879,7.946,11.022,3.242,4.415,2.454
16.373,10.402,7.722,10.947,8.551,7.885,6.618
11.634,7.245,11.442,11.789,7.997,10.642,13.767
5.703,1.258,7.359,5.529,16.884,5.655,3.318
6.187,5.346,7.797,6.958,2.471,3.277,12.141
4.198,4.785,9.895,7.050,13.964,7.474,7.562
6.991,6.329,8.772,15.591,9.391,9.176,9.423
5.814,13.737,4.076,9.212,10.833,8.067,8.515
9.709,7.264,9.893,5.802,5.906,7.926,8.560
3.650,2.730,3.400,12.907,3.539,6.915,7.098
9.970,8.193,8.941,5.291,12.356,5.578,5.342
3.465,9.744,11.236,8.016,7.660,6.176,12.326
5.938,2.015,13.047,10.208,12.289,9.421,2.384
9.342,8.830,11.522,5.178,10.349,9.730,8.411
11.347,6.401,14.443,8.648,2.849,7.573,7.059
3.121,10.082,9.574,6.440,6.288,11.069,8.983
7.394,8.709,4.543,8.978,8.514,6.732,9.644
1.792,3.990,5.397,14.455,11.148,9.407,9.895
6.585,3.571,10.930,5.638,0.500,10.095,10.966
11.897,6.786,12.461,7.952,2.933,6.029,7.410
12.038,6.207,8.443,1.569,9.598,6.366,8.684
12.097,2.867,5.641,8.261,9.689,5.675,6.615
11.352,0.708,3.433,3.330,14.156,8.422,7.442
8.364,4.178,14.154,7.473,7.892,8.499,8.436
5.281,5.752,11.509,6.157,7.719,6.842,9.516
10.926,9.726,8.401,7.340,6.130,4.833,9.383
7.694,7.745,5.930,8.927,6.620,4.723,8.186
9.282,9.232,10.644,10.384,9.360,5.428,6.600
7.148,5.681,13.376,4.376,10.029,11.333,2.862
2.880,7.294,10.820,8.809,10.288,6.148,4.990
10.300,9.845,5.548,10.511,5.545,6.400,8.887
10.039,12.449,5.526,7.207,8.920,6.540,5.709
6.756,9.001,9.798,10.078,10.245,9.406,6.650
11.618,5.286,9.987,10.427,7.885,6.128,6.145
4.233,10.142,7.493,12.418,10.034,11.121,14.082
5.545,5.230,12.924,11.719,11.353,11.850,10.666
9.600,4.847,4.313,10.945,11.746,8.474,8.785
11.195,8.283,7.312,11.438,4.523,8.782,12.254
5.920,5.570,12.896,7.925,8.364,3.683,7.855
8.195,5.739,7.478,7.183,5.264,6.372,11.757
8.961,3.721,6.240,8.472,5.889,9.635,5.326
10.080,10.130,3.524,8.674,7.660,10.433,9.249
0.500,8.376,8.210,4.302,8.823,1.982,9.071
5.113,10.015,5.107,8.160,10.905,11.011,11.649
11.490,5.084,10.802,8.298,5.936,2.086,10.316
7.303,5.950,9.367,8.488,12.836,7.715,12.006
3.598,2.476,6.950,6.931,4.472,9.401,12.101
8.475,9.481,6.294,7.517,11.307,7.963,6.729
12.957,4.778,5.545,7.598,7.494,9.245,7.057
4.292,12.964,13.046,9.189,9.191,12.567,17.355
9.423,5.921,6.830,5.789,6.947,11.702,6.090
9.149,9.634,6.369,5.235,10.829,3.919,8.388
4.148,6.768,8.600,11.745,9.300,4.449,9.119
8.001,9.623,9.101,12.189,8.591,2.984,7.817
5.344,13.819,8.242,7.001,5.342,5.689,7.057
10.587,12.115,3.677,9.151,7.555,5.211,6.926
8.146,7.341,5.785,5.368,8.222,10.562,7.130
6.829,7.298,5.886,10.311,7.362,4.015,7.701
10.107,7.582,6.247,12.714,7.411,8.163,5.743
1.523,8.294,6.121,5.716,11.205,6.657,7.919
11.794,6.138,9.397,6.926,8.696,8.269,10.134
7.370,9.430,7.562,12.139,4.850,7.496,5.055
8.125,14.170,4.910,9.736,6.971,5.514,11.971
3.587,4.559,2.901,11.339,2.831,8.759,8.046
4.831,7.194,9.316,10.228,7.172,3.452,4.154
6.198,10.616,8.691,17.552,10.107,2.645,7.037
10.715,7.036,10.657,5.348,2.698,5.484,10.658
10.493,3.957,11.653,5.557,8.270,6.453,11.249
11.870,5.035,6.514,4.265,8.358,9.256,5.543
5.992,7.293,3.746,6.952,11.311,9.126,8.627
8.071,9.868,6.519,13.431,13.853,7.413,9.851
4.513,7.901,12.234,8.214,5.654,11.890,8.180
6.933,10.043,3.193,4.093,9.837,10.402,10.523
5.699,11.386,8.485,6.941,10.875,7.812,10.587
9.552,8.836,10.465,3.344,9.491,13.638,3.263
8.141,7.114,8.062,7.415,4.737,10.390,9.154
8.586,5.036,7.086,11.889,6.929,5.532,11.606
9.694,13.376,6.201,10.357,10.251,8.449,7.051
6.184,7.226,10.005,7.575,7.650,12.063,12.276
4.452,12.755,6.401,7.013,8.988,5.166,7.637
8.425,7.315,6.219,7.290,4.971,7.237,7.275
3.339,7.020,7.667,2.035,5.993,8.984,6.504
6.184,9.332,8.118,10.546,11.775,8.466,4.600
10.275,6.231,3.758,7.262,0.500,12.802,6.157
8.836,11.835,8.551,10.594,7.550,12.998,4.981
7.051,6.662,4.227,2.760,3.374,9.679,7.291
15.884,4.402,4.534,8.842,6.148,10.987,6.719
9.061,6.678,4.769,8.404,8.535,9.358,6.703
6.380,8.630,8.793,8.850,8.103,8.433,8.838
6.987,6.521,5.555,10.663,5.283,9.562,3.113
13.880,8.628,2.933,7.544,8.741,6.998,7.339
14.767,3.857,8.750,3.870,5.606,9.527,0.500
3.899,5.315,5.489,4.391,10.573,9.233,7.649
6.932,11.127,8.290,6.327,0.500,8.159,1.259
12.523,3.602,9.687,10.096,2.611,1.335,4.926
4.278,8.173,5.672,7.302,6.681,5.758,2.527
9.084,7.831,10.872,3.635,7.356,8.131,12.178
3.053,4.849,4.119,10.077,9.835,6.961,8.551
8.374,6.898,7.091,7.263,6.739,8.380,9.862
6.684,9.232,11.026,2.940,14.088,7.018,13.194
5.328,11.298,11.804,8.863,9.514,4.426,3.747
10.971,13.466,8.159,10.724,2.684,11.472,11.002
9.743,7.649,5.516,9.367,13.007,4.283,3.433
9.295,2.620,7.437,7.709,7.585,8.691,4.113
4.684,6.122,10.862,10.595,2.114,8.144,9.705
8.900,7.967,6.239,11.951,11.499,8.782,11.881
8.349,8.632,7.994,7.499,14.160,14.514,3.311
7.044,4.675,7.022,8.461,5.255,8.523,4.560
8.989,3.843,5.695,6.330,8.862,11.181,7.775
4.850,5.682,8.976,9.429,8.104,6.552,5.308
2.500,9.721,10.884,6.894,9.100,3.922,8.294
8.015,11.922,12.797,4.589,8.276,8.889,8.838
13.029,10.419,8.217,6.028,6.890,10.448,9.556
3.978,4.773,6.593,11.041,9.573,4.335,4.897
9.915,10.312,6.116,8.702,9.823,6.184,8.162
7.985,9.410,7.312,6.034,3.932,8.614,4.946
7.273,8.539,3.341,8.713,7.254,3.759,10.426
11.195,6.014,6.591,9.883,9.358,8.087,8.754
5.583,10.694,4.069,5.328,5.253,11.880,6.216
6.242,6.771,8.535,7.068,4.179,8.300,9.391
7.541,3.948,8.482,7.901,5.138,7.794,8.544
7.973,4.260,5.988,4.142,9.003,11.156,5.144
10.698,10.024,8.164,0.500,11.025,7.891,7.542
4.909,13.342,3.803,4.142,8.953,8.445,8.474
14.512,5.198,7.584,9.151,9.201,6.877,6.097
15.007,5.648,6.729,8.556,7.893,2.889,4.047
10.900,4.683,8.147,8.437,7.836,8.351,11.024
10.003,2.907,5.480,7.000,12.305,7.696,10.354
5.420,7.347,9.971,7.182,6.881,2.742,6.861
12.579,10.404,8.618,12.943,5.264,7.910,14.208
7.031,8.099,2.394,2.667,7.632,10.278,9.349
9.070,9.087,11.098,3.749,13.200,13.103,1.652
5.047,7.715,5.654,8.953,12.949,4.081,6.194
0.500,8.969,10.483,6.464,3.654,8.881,6.122
5.913,11.027,7.456,7.405,8.947,9.897,5.676
7.986,8.877,5.941,3.854,10.287,8.797,4.674
11.640,14.512,7.716,7.125,4.851,12.282,12.267
8.645,4.758,11.073,8.761,11.130,1.597,8.712
8.856,8.684,8.034,7.493,0.883,8.049,10.103
8.542,8.097,8.623,9.160,4.899,5.698,3.715
9.346,7.049,7.887,4.792,11.928,11.973,9.360
12.317,10.342,8.438,13.280,4.068,8.064,12.744
8.626,7.986,10.291,11.104,8.199,8.896,13.039
9.341,10.566,10.957,11.625,4.231,6.056,6.087
4.740,8.915,4.840,9.316,13.181,11.046,8.612
10.998,8.596,6.421,11.777,3.962,6.482,7.037
8.312,10.974,11.544,6.408,10.145,5.116,5.668
3.366,11.739,9.752,8.163,7.064,7.062,7.804
8.269,5.523,3.978,10.128,5.955,10.561,8.329
13.041,7.453,6.729,14.178,11.771,6.761,4.819
14.740,4.690,8.544,8.570,9.944,3.037,5.635
7.556,8.056,11.926,7.883,13.034,6.684,9.480
10.140,6.519,6.092,9.704,8.460,2.226,9.499
13.728,11.861,4.741,14.038,9.870,10.819,11.961
10.633,8.421,5.639,8.570,7.346,4.935,7.102
7.751,8.167,11.822,4.117,3.509,10.047,7.918
8.002,9.929,4.522,0.500,5.892,8.313,7.829
11.992,11.913,7.581,10.456,14.642,6.936,4.893
6.592,7.054,10.140,8.804,10.276,9.333,6.422
9.897,6.006,5.943,5.022,9.370,5.013,9.557
0.500,5.487,6.281,7.774,7.780,6.964,8.821
10.798,8.286,8.201,8.492,6.726,8.362,14.950
10.074,14.086,10.799,4.918,5.790,7.450,7.123
5.753,8.434,5.959,5.621,4.446,10.616,11.573
10.412,8.770,6.593,12.647,5.966,6.237,12.102
7.273,12.516,2.273,4.853,5.640,1.878,12.438
8.593,8.734,5.890,8.942,9.515,7.497,12.479
5.483,5.409,8.854,10.403,10.223,5.970,9.604
4.161,5.385,1.684,4.042,7.596,1.020,12.662
6.508,4.408,1.729,9.672,10.942,9.876,7.639
10.667,4.281,7.400,4.472,12.745,5.173,3.198
1.652,8.756,11.178,9.617,5.550,10.907,14.746
10.414,5.723,6.746,10.842,5.449,8.634,11.103
14.015,8.174,10.975,9.346,6.313,8.260,4.807
11.797,7.800,12.122,10.104,10.630,11.849,6.786
9.897,10.636,8.092,8.716,11.225,7.956,5.801
4.887,10.412,9.674,5.198,10.067,8.341,7.312
5.806,7.790,6.587,6.849,5.708,4.019,5.218
8.948,9.148,4.115,10.743,4.019,8.838,7.380
8.942,8.310,5.730,8.935,9.473,6.640,9.165
8.681,3.537,9.539,1.902,7.098,8.429,6.453
6.812,3.643,4.031,7.513,11.187,6.226,5.696
9.024,1.732,9.639,6.821,13.180,9.717,9.635
4.824,6.481,12.286,6.529,1.936,7.903,4.859
4.532,10.900,9.165,9.178,9.724,7.464,9.694
4.553,8.707,9.487,6.995,6.310,3.499,16.019
6.524,7.063,6.688,7.237,11.877,8.373,4.831
8.374,2.428,8.581,9.199,0.500,10.453,8.526
9.697,9.966,1.968,7.784,2.202,11.363,9.700
9.033,14.241,3.073,12.319,7.275,3.889,2.355
8.405,6.962,8.980,8.505,9.056,12.192,7.250
12.150,4.235,12.854,5.649,9.371,3.018,13.099
6.866,4.855,6.918,11.154,5.069,12.173,5.396
3.665,3.727,5.454,9.441,12.377,4.738,4.628
12.235,3.632,9.327,6.638,1.302,7.688,11.094
5.948,7.062,4.706,12.833,9.961,6.038,10.498
5.507,9.763,7.887,3.000,6.401,6.115,8.508
8.832,4.191,1.909,9.879,7.136,3.519,5.511
7.103,10.702,14.190,10.727,13.182,3.381,4.937
6.802,7.601,0.500,7.041,5.318,9.135,9.418
7.437,10.389,3.562,12.587,8.065,1.112,8.105
2.955,2.138,5.415,6.795,5.597,5.946,4.549
9.518,10.356,12.338,7.379,8.408,8.926,4.027
6.316,8.272,12.490,10.795,2.700,5.083,10.212
6.730,8.936,11.290,9.483,11.698,5.358,11.982
0.500,4.524,4.977,7.469,9.265,9.904,10.253
9.446,7.187,12.160,9.696,11.423,6.290,2.210
7.509,6.975,5.045,0.500,9.075,3.861,6.847
2.454,8.090,10.426,8.132,7.871,0.500,8.169
7.887,10.803,8.138,8.054,8.697,11.004,13.354
5.832,11.951,4.416,6.833,5.703,7.148,6.507
9.122,7.493,10.808,10.827,5.856,4.671,10.319
3.121,12.368,9.884,9.614,4.512,9.299,6.398
7.210,6.223,3.844,8.885,8.793,5.552,7.315
16.586,3.069,11.395,12.311,5.060,6.860,5.688
12.650,15.079,9.456,4.687,4.970,3.045,4.781
10.113,4.123,10.726,3.195,10.741,7.349,6.798
8.238,8.436,8.969,4.861,9.807,5.154,7.654
9.402,2.778,7.894,15.223,11.443,10.828,5.279
9.229,9.891,9.487,9.686,8.355,9.155,8.127
7.378,7.448,11.368,8.203,8.201,7.858,8.686
9.176,2.593,7.764,11.967,7.950,5.037,9.772
6.794,4.831,6.204,10.205,5.642,7.491,7.867
5.229,6.700,8.044,11.117,10.334,11.277,11.176
12.956,12.726,6.613,4.771,12.651,5.130,6.472
9.221,6.427,4.829,8.646,6.240,10.333,5.244
5.638,6.724,7.435,9.956,4.032,10.057,8.232
10.758,6.374,9.475,7.971,15.342,6.145,8.581
4.255,11.331,12.737,5.728,4.914,13.578,12.383
8.055,8.112,7.629,9.915,9.073,12.141,5.053
6.265,11.545,7.004,8.599,8.504,7.075,9.159
5.189,5.601,6.876,10.004,8.291,10.411,5.914
11.276,7.134,6.433,2.339,9.098,9.429,5.410
7.603,5.146,9.184,12.616,4.693,5.252,13.491
13.384,3.456,7.064,8.150,8.092,9.578,11.871
6.707,5.901,9.000,0.500,7.459,7.312,14.198
12.068,6.306,5.681,7.797,9.639,3.341,8.258
13.676,11.633,7.904,3.428,5.773,6.591,10.173
9.348,7.680,7.387,5.778,10.628,4.069,9.274
3.895,13.463,6.070,5.258,10.715,8.535,9.770
5.697,5.359,7.668,7.718,3.676,8.482,11.216
6.821,6.232,6.999,3.975,6.723,5.988,4.435
11.081,12.857,0.726,11.147,6.107,8.164,11.297
7.141,7.172,2.044,9.047,6.382,3.803,7.033
8.584,8.575,7.754,8.155,5.310,7.584,10.976
9.402,11.508,3.352,10.592,4.934,6.729,8.642
3.687,10.776,9.751,7.093,10.462,8.147,7.832
13.769,3.000,6.753,9.448,5.330,5.480,6.116
5.152,7.048,15.359,13.623,6.088,9.971,6.858
7.930,9.168,7.821,11.806,9.956,8.618,5.527
10.685,2.866,12.659,4.457,10.412,2.394,5.747
5.187,7.296,6.501,9.726,3.963,11.098,9.628
7.998,8.654,4.853,10.584,11.193,5.654,8.292
9.964,10.659,2.689,2.268,9.018,10.483,9.891
12.285,11.279,5.442,7.453,10.920,7.456,5.115
8.462,17.151,9.740,9.606,5.971,5.941,14.349
10.843,7.549,6.552,7.731,10.403,7.716,5.930
10.391,6.298,0.500,8.361,3.080,11.073,9.612
8.551,8.560,4.877,6.136,9.573,8.034,7.643
3.993,10.824,7.048,5.640,8.902,8.623,9.504
8.693,11.654,9.326,4.004,8.135,7.887,2.949
4.336,7.224,9.320,7.058,7.084,8.438,8.753
4.872,12.242,8.953,8.896,5.113,10.291,7.518
10.288,14.010,9.865,8.540,4.587,10.957,4.856
7.048,6.446,13.121,3.298,10.460,4.840,5.724
2.605,5.791,6.418,0.500,8.885,6.421,6.756
7.311,1.438,6.838,9.474,8.088,11.544,9.538
4.664,6.960,9.212,1.661,8.184,9.752,7.764
8.294,9.371,9.759,7.866,14.228,3.978,13.217
11.634,9.862,7.041,6.974,7.383,6.729,8.567
9.357,12.734,11.336,3.896,11.295,8.544,4.148
13.695,9.943,9.931,17.365,10.409,11.926,8.204
4.684,6.586,7.777,9.749,9.843,6.092,5.496
5.787,8.407,12.895,9.487,6.785,4.741,15.406
8.118,10.414,6.173,7.187,8.380,5.639,10.407
15.486,12.964,6.896,8.332,13.948,11.822,4.363
11.601,4.260,2.926,9.211,10.545,4.522,12.817
12.754,6.458,7.019,8.453,12.872,7.581,8.074
5.803,4.051,8.842,5.221,5.088,10.140,7.925
6.214,8.588,7.559,10.187,2.512,5.943,9.465
11.043,5.727,8.536,7.736,11.730,6.281,10.707
11.519,12.463,7.355,5.409,6.501,8.201,6.571
5.872,6.673,7.716,7.899,6.947,10.799,11.276
3.403,3.860,6.477,4.936,7.426,5.959,9.973
8.263,10.758,4.563,12.510,4.548,6.593,8.690
3.558,10.246,8.541,8.666,7.866,2.273,6.156
4.807,5.400,7.101,7.593,9.929,5.890,8.649
6.983,6.473,3.828,10.694,6.337,8.854,4.761
10.251,9.182,2.888,9.389,6.070,1.684,7.182
9.167,12.009,9.557,12.769,4.788,1.729,7.220
10.199,8.767,7.746,10.410,1.272,7.400,12.335
14.720,5.335,5.805,12.595,6.664,11.178,5.488
7.299,9.211,11.460,2.883,7.440,6.746,10.917
10.466,8.906,11.705,10.140,9.672,10.975,8.966
8.704,8.774,9.439,6.935,8.413,12.122,8.239
2.052,9.715,6.076,3.724,8.716,5.824,9.786
15.807,11.424,13.812,14.807,5.198,8.877,8.006
9.548,4.583,9.008,7.819,6.849,9.354,5.033
11.983,12.122,5.667,10.104,10.743,8.480,11.333
6.083,10.080,7.666,8.044,8.935,9.324,6.209
7.602,8.082,6.904,6.667,1.902,5.533,6.938
7.020,2.959,8.664,10.907,7.513,5.475,6.818
7.727,6.623,5.309,11.189,6.821,4.045,8.632
10.778,6.909,4.199,3.628,6.529,10.247,11.526
4.679,5.990,12.808,12.596,9.178,8.223,5.204
7.033,14.489,9.057,13.282,6.995,4.137,4.222
5.933,8.971,9.907,7.679,7.237,6.664,12.938
10.763,7.388,7.183,7.247,9.199,8.658,9.694
8.471,7.066,11.112,2.381,7.784,2.129,7.840
7.649,8.097,10.964,4.618,12.319,8.775,7.359
8.756,6.977,6.283,9.784,8.505,9.351,12.044
9.908,4.896,7.543,10.997,5.649,6.689,4.193
6.001,8.758,5.639,8.070,11.154,8.714,4.309
0.500,6.887,9.982,5.977,9.441,7.090,5.797
4.010,6.486,7.928,10.279,6.638,10.380,6.106
13.710,10.035,8.161,6.985,12.833,7.473,8.091
9.696,10.973,10.733,9.297,3.000,6.789,7.585
9.035,6.102,0.951,8.600,9.879,9.720,8.304
10.774,6.261,11.053,7.286,10.727,7.218,4.343
7.779,13.443,3.356,5.310,7.041,7.272,5.432
9.373,6.724,4.753,5.529,12.587,5.858,11.591
8.680,9.056,11.616,14.063,6.795,11.844,10.348
6.515,9.724,7.716,11.298,7.379,10.457,8.382
7.492,9.092,7.321,7.583,10.795,6.578,4.671
7.498,12.804,7.478,5.521,9.483,9.624,6.093
6.004,4.718,11.229,6.484,7.469,7.405,11.992
7.615,6.823,5.154,11.445,9.696,2.615,9.911
8.764,4.903,2.719,6.143,0.500,3.122,4.729
6.783,4.474,9.483,9.128,8.132,6.052,6.104
6.767,8.904,8.185,10.225,8.054,7.559,6.968
10.647,12.630,7.624,7.050,6.833,6.884,10.298
7.541,7.958,8.721,7.303,10.827,9.527,9.928
9.825,10.340,9.407,6.291,9.614,12.282,10.913
4.997,5.374,8.258,7.396,8.885,9.257,13.113
6.719,6.404,11.103,7.469,12.311,10.836,9.360
8.401,2.341,9.288,2.620,4.687,10.534,6.948
10.421,12.873,7.614,7.665,3.195,13.625,3.344
3.773,7.263,6.899,6.693,4.861,11.225,9.891
7.516,13.725,14.719,8.603,15.223,9.334,4.339
8.618,14.693,6.389,12.150,9.686,6.566,7.772
5.946,6.746,11.988,7.079,8.203,7.181,8.644
10.080,7.789,5.843,9.934,11.967,6.776,1.974
2.386,10.020,11.751,12.820,10.205,3.253,11.827
10.409,9.591,2.999,9.479,11.117,9.140,7.065
13.041,8.581,9.391,2.801,4.771,9.576,11.780
11.120,6.019,7.675,8.267,8.646,8.266,11.717
6.280,7.044,7.444,11.407,9.956,8.853,10.767
6.891,5.673,13.688,8.668,7.971,8.684,8.817
5.552,7.411,8.559,8.709,5.728,11.572,5.927
9.182,2.847,8.122,10.437,9.915,9.481,9.719
12.233,5.516,6.778,10.936,8.599,6.472,7.314
6.410,11.555,6.249,2.807,10.004,6.902,7.544
9.338,7.648,10.017,9.985,2.339,6.295,7.396
9.368,8.855,8.620,5.772,12.616,10.820,4.938
5.347,7.322,7.650,9.911,8.150,5.179,7.315
11.637,7.320,7.836,11.745,7.090,7.626,9.627
10.787,6.664,8.432,8.466,9.697,6.729,7.664
12.695,13.094,5.505,4.064,8.765,4.173,5.047
6.438,10.200,13.616,4.393,2.830,6.482,6.177
6.014,12.131,11.748,7.378,6.749,7.012,9.198
7.488,7.885,7.997,12.358,12.844,15.814,9.245
8.908,4.792,8.504,3.759,5.461,5.804,10.317
6.882,5.448,7.249,10.026,4.551,6.956,8.421
8.130,4.560,11.360,12.861,10.376,4.075,6.293
7.536,8.288,11.736,5.616,2.526,12.670,7.006
7.783,4.483,11.093,9.436,8.047,7.134,4.372
6.129,14.380,7.686,10.027,8.362,9.631,4.352
4.122,5.151,9.045,11.291,8.164,6.997,8.502
9.402,9.151,8.514,7.695,11.510,1.638,4.255
7.634,7.355,9.603,2.887,7.884,8.590,6.870
6.441,5.784,11.311,6.639,13.417,1.911,8.979
6.008,7.590,10.828,10.327,10.638,3.972,6.169
6.258,8.056,7.456,10.714,12.444,6.059,8.790
3.242,10.540,6.794,6.998,4.143,8.468,3.374
10.406,5.869,11.381,9.725,12.092,6.979,0.500
16.024,7.160,6.532,10.243,9.681,8.022,4.461
3.931,0.500,6.545,11.792,11.418,12.144,7.488
4.230,7.817,10.309,8.172,5.471,12.203,3.406
6.496,5.432,10.557,3.982,5.821,12.518,10.574
7.365,13.038,1.460,5.745,5.950,10.235,12.851
12.327,8.929,4.789,2.303,10.423,5.782,10.431
7.114,14.381,9.732,5.670,6.329,8.699,14.222
6.058,5.630,13.443,7.169,7.481,11.276,10.807
2.713,8.538,11.305,3.125,3.297,10.581,5.950
11.547,6.061,8.622,8.560,5.910,8.436,6.016
6.886,7.464,10.391,9.361,8.429,6.213,9.173
13.194,14.653,5.161,7.650,6.874,3.582,7.806
9.578,6.760,10.526,5.561,9.512,3.147,7.773
5.531,9.547,9.562,10.902,8.056,9.428,12.184
11.369,3.706,4.357,16.811,13.057,10.004,10.754
2.605,7.684,4.548,7.412,6.126,5.248,8.624
10.692,11.213,8.370,11.822,3.589,17.522,9.208
5.864,9.651,4.959,6.662,8.976,10.188,8.241
1.323,10.388,8.023,7.567,8.660,10.613,5.782
5.797,9.254,5.623,10.333,6.194,5.978,6.280
11.914,5.512,8.525,5.469,9.726,7.925,11.701
13.728,7.578,11.244,7.546,12.213,8.801,8.965
9.566,5.347,0.894,5.440,5.291,8.004,6.636
4.480,8.237,8.818,6.187,9.417,2.164,10.503
8.614,9.953,12.047,10.823,9.059,7.338,5.275
6.241,7.777,15.640,2.421,9.725,4.106,9.154
9.590,8.966,14.504,7.371,11.336,10.274,9.000
11.279,9.428,8.011,3.678,12.745,2.180,10.278
9.037,8.257,8.258,2.942,14.549,14.690,6.848
6.440,0.646,6.948,10.906,8.898,12.894,13.367
7.669,8.405,10.199,7.145,2.142,8.014,9.199
8.934,4.990,7.807,13.210,8.791,5.357,8.620
7.595,12.172,8.496,10.016,6.342,10.577,9.055
3.538,13.185,9.634,7.531,5.487,5.295,2.791
7.184,11.668,8.762,6.516,9.999,6.685,6.038
8.491,13.288,8.522,7.162,16.987,12.903,8.593
7.720,6.324,13.339,8.795,13.582,10.123,14.705
6.328,7.959,6.201,7.242,5.894,5.984,5.693
9.271,7.514,13.790,10.051,14.672,5.133,6.631
10.160,9.168,11.796,12.113,10.795,9.787,12.249
6.224,5.824,10.636,8.918,10.300,5.853,6.058
6.351,8.877,10.412,13.608,8.488,4.456,8.327
12.497,9.354,7.790,10.939,5.740,0.682,12.797
8.151,8.480,9.148,12.427,7.666,9.980,8.455
10.237,9.324,8.310,10.811,6.448,6.619,9.095
5.117,5.533,3.537,8.894,4.958,3.969,12.830
7.593,5.475,3.643,7.355,6.050,6.261,6.228
11.853,4.045,1.732,8.917,11.088,11.529,5.006
10.018,10.247,6.481,9.175,8.301,8.086,9.706
8.511,8.223,10.900,4.730,12.597,6.586,9.894
6.868,4.137,8.707,3.148,6.346,6.981,7.155
10.345,6.664,7.063,7.568,10.220,1.946,0.500
8.200,8.658,2.428,6.263,8.348,8.495,7.537
5.720,2.129,9.966,8.140,8.507,17.939,8.560
4.649,8.775,14.241,4.976,8.258,12.117,8.713
8.689,9.351,6.962,5.554,8.790,2.635,6.935
1.600,6.689,4.235,12.662,7.427,6.042,10.020
6.017,8.714,4.855,2.662,10.058,1.516,7.650
8.809,7.090,3.727,11.374,7.166,7.627,3.738
10.446,10.380,3.632,9.650,7.900,6.157,9.081
6.130,7.473,7.062,7.930,7.264,8.775,8.907
7.061,6.789,9.763,10.247,8.266,10.270,9.630
6.537,9.720,4.191,2.271,8.089,6.833,11.274
9.202,7.218,10.702,9.393,7.500,4.305,8.813
9.119,7.272,7.601,5.442,6.192,3.985,5.573
7.582,5.858,10.389,7.162,4.495,9.643,8.176
5.706,11.844,2.138,4.406,4.366,5.412,7.369
13.301,10.457,10.356,6.775,5.450,12.781,5.295
3.206,6.578,8.272,9.285,11.201,7.070,4.042
8.163,9.624,8.936,8.351,4.317,7.909,4.984
6.995,7.405,4.524,8.655,2.084,6.028,2.765
9.873,2.615,7.187,4.515,10.033,12.456,8.592
8.718,3.122,6.975,1.421,8.201,8.208,10.628
10.701,6.052,8.090,4.687,8.049,4.588,6.890
5.451,7.559,10.803,5.086,6.889,7.656,4.356
6.309,6.884,11.951,6.429,9.628,4.585,12.634
0.500,9.527,7.493,13.327,10.668,3.326,9.813
3.229,12.282,12.368,5.061,13.329,5.151,5.140
9.552,9.257,6.223,5.024,3.936,7.747,10.868
8.301,10.836,3.069,6.862,5.791,6.738,6.874
10.360,10.534,15.079,8.578,8.550,6.164,5.848
3.135,13.625,4.123,6.798,12.455,8.747,10.033
7.477,11.225,8.436,11.592,6.038,11.084,10.662
8.574,9.334,2.778,12.770,11.025,9.572,9.799
14.202,6.566,9.891,11.218,7.959,8.177,4.166
7.906,7.181,7.448,8.564,10.557,8.982,10.673
10.014,6.776,2.593,5.059,7.914,9.047,11.306
7.596,3.253,4.831,10.918,10.360,9.324,11.534
13.998,9.140,6.700,4.045,14.978,9.738,11.330
9.371,9.576,12.726,4.576,7.344,8.013,10.620
8.094,8.266,6.427,9.560,8.591,8.639,8.652
11.134,8.853,6.724,6.529,10.369,7.269,6.416
11.751,8.684,6.374,5.579,7.852,4.483,8.033
10.567,11.572,11.331,9.537,12.346,3.677,7.304
8.051,9.481,8.112,5.499,7.668,8.330,2.633
7.170,6.472,11.545,6.095,5.251,4.576,5.052
8.435,6.902,5.601,5.063,7.416,0.793,14.736
4.335,6.295,7.134,3.529,7.848,9.325,4.298
13.120,10.820,5.146,7.140,8.004,10.897,4.179
9.562,5.179,3.456,7.854,4.118,9.370,5.653
9.000,5.661,3.932,9.678,5.468,8.914,7.849
5.681,9.641,7.254,2.965,7.124,6.334,12.071
7.904,4.702,9.358,10.402,12.104,4.803,7.925
7.387,6.611,5.253,8.606,1.930,9.280,12.935
6.070,10.094,4.179,12.827,12.204,4.116,7.975
7.668,10.236,5.138,4.748,11.103,9.113,8.695
6.999,10.300,9.003,9.964,12.975,1.406,6.674
0.726,4.278,11.025,9.832,9.389,6.028,8.355
2.044,10.746,8.953,7.434,6.833,9.582,7.760
7.754,2.601,9.201,9.399,8.163,7.869,9.422
3.352,4.074,7.893,8.456,6.648,9.151,6.857
9.751,7.141,7.836,13.696,9.051,5.197,5.303
6.753,10.417,12.305,13.809,8.768,7.345,8.143
15.359,6.186,6.881,12.806,7.317,13.142,8.799
7.821,8.488,5.264,6.310,5.440,10.702,0.500
12.659,5.978,7.632,12.216,8.224,9.958,6.228
6.501,9.306,13.200,2.348,12.399,6.165,8.105
4.853,3.543,12.949,7.489,0.500,10.164,7.615
2.689,7.916,3.654,7.695,10.013,6.268,10.195
5.442,4.779,8.947,7.898,10.348,1.454,8.567
9.740,12.584,10.287,7.808,9.830,6.366,11.703
6.552,9.796,4.851,8.775,8.811,7.211,9.073
0.500,5.158,11.130,9.970,10.752,6.653,6.123
4.877,4.133,0.883,8.325,8.181,6.406,7.341
7.048,5.813,4.899,7.333,11.771,5.647,13.124
9.326,12.765,11.928,8.357,8.299,8.198,7.352
9.320,6.850,4.068,8.250,7.099,4.787,8.834
8.953,12.560,8.199,6.213,8.936,9.481,7.905
9.865,3.625,4.231,5.850,9.538,6.918,11.808
13.121,2.312,13.181,10.510,7.798,7.252,8.383
6.418,4.001,3.962,6.262,5.756,6.806,4.862
6.838,7.127,10.145,9.120,4.646,2.325,11.659
9.212,9.859,7.064,9.868,8.670,9.513,12.204
9.759,4.308,5.955,9.752,7.168,4.575,9.230
7.041,8.968,11.771,7.670,12.379,8.611,10.891
11.336,7.011,9.944,5.767,7.868,5.988,14.410
9.931,7.675,13.034,9.603,8.477,6.284,9.299
7.777,11.931,8.460,6.525,8.352,6.083,5.447
12.895,3.146,9.870,10.040,4.288,10.699,4.913
6.173,9.454,7.346,4.663,7.611,13.496,9.224
6.896,6.933,3.509,13.151,11.550,9.305,6.376
2.926,6.828,5.892,5.705,9.203,8.768,10.958
7.019,9.631,14.642,13.319,10.147,6.870,10.095
8.842,10.952,10.276,6.921,16.897,9.139,6.990
7.559,2.107,9.370,6.733,3.368,5.705,4.821
8.536,9.666,7.780,11.895,7.922,10.996,12.742
7.355,6.662,6.726,5.425,5.522,10.484,16.578
7.716,9.142,5.790,8.654,11.825,7.766,9.805
6.477,12.053,4.446,8.676,14.343,10.020,6.739
4.563,8.402,5.966,4.902,7.489,3.548,6.110
8.541,11.837,5.640,4.817,7.110,13.218,6.397
7.101,1.682,9.515,12.807,6.856,6.076,4.798
3.828,1.576,10.223,12.478,7.202,4.757,10.369
2.888,12.029,7.596,15.832,15.904,10.813,5.342
9.557,13.992,10.942,9.439,5.219,7.769,6.322
7.746,13.744,12.745,8.539,6.966,6.148,5.940
5.805,5.514,5.550,2.913,3.384,5.132,9.198
11.460,12.355,5.449,7.638,10.887,11.987,6.440
11.705,6.345,6.313,8.106,4.901,6.517,7.430
9.439,7.706,10.630,2.669,7.974,6.293,3.885
6.058,9.957,8.716,4.042,1.834,0.500,8.601
8.327,2.475,5.198,10.915,5.597,10.281,10.389
12.797,5.213,6.849,0.500,5.730,6.923,12.412
8.455,9.641,10.743,9.037,3.939,9.914,9.224
9.095,0.500,8.935,5.898,8.265,7.176,7.516
12.830,8.354,1.902,8.503,5.870,5.606,14.748
6.228,11.454,7.513,4.844,17.118,7.888,12.615
5.006,6.469,6.821,11.487,9.431,10.950,14.741
9.706,8.180,6.529,5.098,13.284,13.112,10.421
9.894,8.266,9.178,8.407,7.161,9.514,2.069
7.155,6.256,6.995,6.752,10.679,12.663,9.372
0.500,12.974,7.237,7.577,10.125,11.804,8.733
7.537,7.133,9.199,6.363,13.709,4.124,6.929
8.560,11.206,7.784,12.958,9.668,7.419,8.776
8.713,8.962,12.319,5.956,10.447,7.314,7.623
6.935,12.175,8.505,9.450,1.552,6.752,8.647
10.020,11.829,5.649,14.905,6.759,3.586,5.112
7.650,6.853,11.154,9.355,8.268,6.489,2.854
3.738,10.532,9.441,5.237,10.547,5.757,7.861
9.081,6.985,6.638,10.315,6.099,12.071,2.672
8.907,9.141,12.833,10.337,7.351,5.816,12.056
9.630,9.671,3.000,10.049,9.170,2.663,5.068
11.274,6.716,9.879,11.176,6.574,12.157,8.294
8.813,9.825,10.727,6.821,6.860,8.474,6.338
5.573,5.866,7.041,10.717,7.158,11.094,13.003
8.176,1.724,12.587,7.494,10.076,2.744,6.843
7.369,9.085,6.795,8.177,9.996,9.100,0.627
5.295,10.667,7.379,7.320,5.804,11.122,10.263
4.042,9.821,10.795,10.492,11.491,9.271,11.656
4.984,7.417,9.483,3.052,10.930,5.124,10.429
2.765,7.408,7.469,5.462,6.077,9.233,9.802
8.592,10.921,9.696,6.305,6.591,3.015,7.588
10.628,8.253,0.500,6.512,2.672,8.068,12.308
6.890,2.852,8.132,7.894,10.572,11.050,10.606
4.356,7.605,8.054,2.688,12.894,7.830,7.587
12.634,7.749,6.833,5.953,10.075,8.737,11.894
9.813,3.313,10.827,7.975,10.120,9.299,5.804
5.140,5.535,9.614,7.285,11.336,8.569,5.456
10.868,6.392,8.885,5.570,8.749,9.230,4.917
6.874,10.714,12.311,5.079,9.792,9.039,13.089
5.848,8.709,4.687,10.333,7.476,8.326,11.003
10.033,7.528,3.195,9.574,11.445,2.943,12.731
10.662,7.156,4.861,7.701,4.602,3.758,6.757
9.799,6.698,15.223,6.820,9.793,4.741,5.300
4.166,10.733,9.686,6.747,5.462,9.975,8.191
10.673,6.721,8.203,7.468,3.806,10.090,6.951
11.306,8.429,11.967,10.522,11.773,11.971,9.614
11.534,5.820,10.205,6.391,12.431,4.471,7.607
11.330,9.484,11.117,11.965,11.059,12.514,5.662
10.620,7.404,4.771,6.726,6.329,7.091,9.670
8.652,3.342,8.646,2.597,12.460,6.519,5.662
6.416,8.526,9.956,12.695,3.742,8.623,6.821
8.033,4.448,7.971,3.545,1.193,13.043,11.577
7.304,10.539,5.728,10.885,6.363,7.049,9.278
2.633,12.004,9.915,4.434,9.242,6.085,8.646
5.052,10.499,8.599,4.471,14.085,2.577,4.410
14.736,8.954,10.004,6.097,2.691,2.988,7.851
4.298,4.775,2.339,7.418,1.512,11.147,10.355
4.179,6.884,12.616,4.709,4.522,4.359,4.843
5.653,7.163,8.150,3.674,6.646,14.952,8.217
9.151,7.459,7.173,7.459,5.999,1.102,11.000
5.368,9.639,7.730,9.639,6.538,10.141,9.229
10.311,5.773,5.922,5.773,12.741,5.970,7.681
12.714,10.628,8.328,10.628,9.698,11.383,7.244
5.716,10.715,5.640,10.715,4.440,2.313,12.559
6.926,3.676,8.343,3.676,6.656,10.723,14.387
12.139,6.723,6.458,6.723,6.191,1.537,7.432
9.736,6.107,5.762,6.107,5.825,9.890,4.835
11.339,6.382,8.543,6.382,10.704,8.041,8.222
10.228,5.310,12.300,5.310,8.049,7.497,15.647
17.552,4.934,7.899,4.934,7.293,7.756,3.342
5.348,10.462,9.791,10.462,8.176,6.076,6.828
5.557,5.330,12.470,5.330,9.513,10.737,6.365
4.265,6.088,10.703,6.088,2.187,5.517,2.444
6.952,9.956,8.199,9.956,7.645,8.321,7.106
13.431,10.412,10.817,10.412,8.345,6.473,11.331
8.214,3.963,3.520,3.963,10.332,8.527,8.524
4.093,11.193,9.641,11.193,10.642,6.594,8.459
6.941,9.018,10.705,9.018,9.357,5.057,5.455
3.344,10.920,5.387,10.920,9.065,11.906,10.047
7.415,5.971,9.477,5.971,3.144,5.077,4.647
11.889,10.403,11.942,10.403,8.053,8.641,5.355
10.357,3.080,6.643,3.080,8.418,11.248,10.724
7.575,9.573,11.613,9.573,4.280,6.873,4.853
7.013,8.902,8.940,8.902,6.185,7.251,6.237
7.290,8.135,8.414,8.135,5.474,6.805,7.673
2.035,7.084,6.505,7.084,8.381,6.436,9.956
10.546,5.113,9.983,5.113,11.231,12.584,4.562
7.262,4.587,5.584,4.587,6.337,2.239,7.476
10.594,10.460,7.164,10.460,9.548,10.004,8.796
2.760,8.885,10.323,8.885,5.653,13.838,7.531
8.842,8.088,11.897,8.088,7.672,4.498,13.700
8.404,8.184,11.206,8.184,5.654,10.595,9.990
8.850,14.228,4.619,14.228,3.160,9.004,6.717
10.663,7.383,7.981,7.383,8.534,10.970,4.852
7.544,11.295,5.223,11.295,7.553,6.158,8.106
3.870,10.409,8.079,10.409,5.542,12.677,6.065
4.391,9.843,7.335,9.843,3.485,8.692,3.736
6.327,6.785,11.896,6.785,8.170,7.550,10.265
10.096,8.380,7.410,8.380,6.700,12.205,4.090
7.302,13.948,10.142,13.948,10.379,12.095,12.888
3.635,10.545,10.538,10.545,5.862,5.165,10.279
10.077,12.872,7.753,12.872,10.154,9.109,8.303
7.263,5.088,6.615,5.088,7.576,10.138,8.828
2.940,2.512,1.825,2.512,5.360,11.026,7.092
8.863,11.730,5.461,11.730,5.273,5.470,3.291
10.724,6.501,8.333,6.501,11.358,12.591,10.185
9.367,6.947,8.261,6.947,9.309,12.517,2.913
7.709,7.426,10.425,7.426,7.380,11.104,5.155
10.595,4.548,8.699,4.548,5.160,7.831,5.930
11.951,7.866,9.017,7.866,7.375,6.969,9.509
7.499,9.929,11.637,9.929,8.304,9.207,8.966
8.461,6.337,12.640,6.337,3.086,3.845,8.886
6.330,6.070,7.831,6.070,6.129,2.118,11.500
9.429,4.788,4.455,4.788,7.189,8.572,6.827
6.894,1.272,7.330,1.272,8.924,12.213,9.395
4.589,6.664,10.362,6.664,5.584,4.416,4.747
6.028,7.440,7.093,7.440,5.725,5.208,7.896
11.041,9.672,5.329,9.672,3.209,4.859,8.608
8.702,8.413,8.251,8.413,10.954,9.510,7.522
1.834,9.245,12.115,9.715,7.849,7.090,9.537
5.597,7.178,7.341,11.424,12.071,9.697,5.956
5.730,9.629,7.298,4.583,7.925,8.765,8.546
3.939,3.203,7.582,12.122,12.935,2.830,7.207
8.265,6.156,8.294,10.080,7.975,6.749,6.994
5.870,8.061,6.138,8.082,8.695,12.844,6.593
17.118,10.050,9.430,2.959,6.674,5.461,16.373
9.431,9.389,14.170,6.623,8.355,4.551,11.634
13.284,8.736,4.559,6.909,7.760,10.376,5.703
7.161,3.706,7.194,5.990,9.422,2.526,6.187
10.679,5.315,10.616,14.489,6.857,8.047,4.198
10.125,4.986,7.036,8.971,5.303,8.362,6.991
13.709,7.047,3.957,7.388,8.143,8.164,5.814
9.668,6.925,5.035,7.066,8.799,11.510,9.709
10.447,7.054,7.293,8.097,0.500,7.884,3.650
1.552,7.399,9.868,6.977,6.228,13.417,9.970
6.759,4.251,7.901,4.896,8.105,10.638,3.465
8.268,11.622,10.043,8.758,7.615,12.444,5.938
10.547,8.675,11.386,6.887,10.195,4.143,9.342
6.099,5.139,8.836,6.486,8.567,12.092,11.347
7.351,7.567,7.114,10.035,11.703,9.681,3.121
9.170,6.487,5.036,10.973,9.073,11.418,7.394
6.574,10.181,13.376,6.102,6.123,5.471,1.792
6.860,3.373,7.226,6.261,7.341,5.821,6.585
7.158,6.010,12.755,13.443,13.124,5.950,11.897
10.076,7.675,7.315,6.724,7.352,10.423,12.038
9.996,5.894,7.020,9.056,8.834,6.329,12.097
5.804,9.760,9.332,9.724,7.905,7.481,11.352
11.491,6.131,6.231,9.092,11.808,3.297,8.364
10.930,11.825,11.835,12.804,8.383,5.910,5.281
6.077,6.014,6.662,4.718,4.862,8.429,10.926
6.591,5.964,4.402,6.823,11.659,6.874,7.694
2.672,9.926,6.678,4.903,12.204,9.512,9.282
10.572,5.468,8.630,4.474,9.230,8.056,7.148
12.894,11.373,6.521,8.904,10.891,13.057,2.880
10.075,10.394,8.628,12.630,14.410,6.126,10.300
10.120,11.346,3.857,7.958,9.299,3.589,10.039
11.336,10.489,5.315,10.340,5.447,8.976,6.756
8.749,2.065,11.127,5.374,4.913,8.660,11.618
9.792,7.021,3.602,6.404,9.224,6.194,4.233
7.476,8.100,8.173,2.341,6.376,9.726,5.545
11.445,7.605,7.831,12.873,10.958,12.213,9.600
4.602,12.536,4.849,7.263,10.095,5.291,11.195
9.793,10.207,6.898,13.725,6.990,9.417,5.920
5.462,12.798,9.232,14.693,4.821,9.059,8.195
3.806,13.300,11.298,6.746,12.742,9.725,8.961
11.773,8.805,13.466,7.789,16.578,11.336,10.080
12.431,12.543,7.649,10.020,9.805,12.745,0.500
11.059,8.829,2.620,9.591,6.739,14.549,5.113
6.329,5.271,6.122,8.581,6.110,8.898,11.490
12.460,2.163,7.967,6.019,6.397,2.142,7.303
3.742,5.942,8.632,7.044,4.798,8.791,3.598
1.193,12.981,4.675,5.673,10.369,6.342,8.475
6.363,7.609,3.843,7.411,5.342,5.487,12.957
9.242,9.043,5.682,2.847,6.322,9.999,4.292
14.085,5.596,9.721,5.516,5.940,16.987,9.423
2.691,9.910,11.922,11.555,9.198,13.582,9.149
1.512,8.164,10.419,7.648,6.440,5.894,4.148
4.522,8.575,4.773,8.855,7.430,14.672,8.001
6.646,6.286,10.312,7.322,3.885,10.795,5.344
6.614,12.547,10.365,6.076,5.524,9.171,5.663
6.180,13.184,10.761,13.812,9.006,4.302,11.814
10.877,9.765,2.371,9.008,14.931,6.003,4.699
3.964,8.631,11.464,5.667,11.616,5.973,6.664
5.691,10.864,8.818,7.666,6.430,5.341,5.775
7.942,8.352,6.200,6.904,8.159,7.252,1.007
4.152,9.124,11.329,8.664,12.816,7.823,8.425
8.564,4.794,11.452,5.309,8.521,7.947,12.655
5.441,7.088,8.399,4.199,9.633,3.333,8.264
9.265,1.777,13.108,12.808,6.961,14.410,2.762
12.851,5.627,7.799,9.057,9.214,4.133,12.094
3.924,6.975,6.577,9.907,5.044,4.517,7.083
9.491,6.572,8.576,7.183,12.883,8.700,6.458
8.295,13.272,3.574,11.112,14.251,14.782,7.059
10.364,7.946,11.993,10.964,9.011,5.275,9.149
12.193,12.212,3.994,6.283,6.188,8.988,6.150
8.121,6.609,11.037,7.543,5.933,5.898,6.482
5.009,8.887,9.429,5.639,17.452,5.943,6.935
11.168,6.622,8.466,9.982,7.842,2.314,14.491
6.211,6.094,9.335,7.928,8.084,8.578,7.231
6.816,6.083,7.033,8.161,4.739,12.080,3.896
4.991,8.878,5.981,10.733,7.556,8.294,5.401
9.743,13.859,6.229,0.951,7.498,6.562,8.825
5.247,8.881,8.112,11.053,2.606,12.379,9.913
7.975,7.694,6.075,3.356,7.495,14.034,5.958
11.665,9.979,8.698,4.753,6.513,13.151,5.344
4.682,12.282,5.302,11.616,5.803,3.635,8.592
3.612,6.569,11.120,7.716,11.597,2.892,6.125
6.643,8.613,10.150,7.321,9.843,9.309,1.840
7.312,8.643,5.067,7.478,9.572,10.045,5.706
11.592,3.528,10.019,11.229,8.465,4.042,14.751
7.168,10.012,5.650,5.154,7.552,11.570,11.639
3.474,7.986,12.966,2.719,8.772,13.546,10.990
5.787,7.357,6.438,9.483,4.829,12.292,8.816
7.672,9.946,4.893,8.185,13.898,10.706,5.816
5.597,7.414,4.907,7.624,6.263,11.878,3.427
7.481,6.303,4.799,8.721,6.525,6.680,6.041
8.721,8.798,8.043,9.407,8.376,8.550,8.270
8.119,5.155,6.794,8.258,6.076,12.080,8.766
2.326,11.653,13.736,11.103,2.866,7.910,5.774
8.684,11.825,10.908,9.288,4.442,7.477,12.035
13.925,10.992,4.990,7.614,6.616,8.067,8.918
7.320,7.011,5.705,6.899,7.796,11.111,7.730
4.083,9.436,10.424,14.719,4.549,9.035,4.963
8.484,11.435,6.966,6.389,9.048,3.167,11.177
12.514,7.211,5.951,11.988,10.591,7.482,7.640
12.722,10.291,5.445,5.843,8.092,8.260,4.149
8.806,11.281,2.065,11.751,6.672,2.902,8.428
8.940,11.614,14.205,2.999,12.023,7.900,4.959
7.826,11.786,2.626,9.391,6.746,4.631,8.779
3.862,7.665,1.846,7.675,5.527,10.637,8.996
3.300,6.202,8.841,7.444,10.121,11.481,6.210
12.923,13.971,7.152,13.688,12.690,7.729,11.579
9.455,11.107,8.075,8.559,8.611,0.500,4.524
11.357,8.781,5.650,8.122,9.887,12.683,11.536
9.072,8.191,14.677,6.778,3.238,13.329,8.010
7.372,5.527,2.697,6.249,7.866,6.870,8.116
7.104,9.891,6.536,10.017,6.186,7.777,9.602
11.509,9.215,12.748,8.620,10.567,9.453,4.242
6.862,7.659,10.884,7.650,7.402,11.448,10.258
8.642,9.743,9.345,11.225,10.365,3.893,11.225
9.017,12.574,8.211,10.067,10.761,9.379,10.067
6.029,7.924,7.922,5.708,2.371,6.875,5.708
10.754,6.326,5.470,4.019,11.464,14.481,4.019
10.934,1.164,11.081,9.473,8.818,10.260,9.473
5.262,9.148,7.738,7.098,6.200,7.882,7.098
8.316,12.742,4.454,11.187,11.329,13.000,11.187
10.591,5.201,7.709,13.180,11.452,12.663,13.180
9.690,8.405,10.069,1.936,8.399,5.558,1.936
7.055,14.911,8.553,9.724,13.108,15.071,9.724
10.833,4.792,8.140,6.310,7.799,8.523,6.310
8.514,7.166,4.688,11.877,6.577,5.016,11.877
5.669,8.598,8.636,0.500,8.576,3.732,0.500
7.563,5.707,10.256,2.202,3.574,6.659,2.202
8.006,9.608,14.709,7.275,11.993,9.555,7.275
5.224,10.518,10.663,9.056,3.994,11.262,9.056
8.830,2.188,7.141,9.371,11.037,0.500,9.371
7.417,6.057,6.851,5.069,9.429,7.919,5.069
5.978,4.185,0.500,12.377,8.466,9.942,12.377
12.259,11.275,8.608,1.302,9.335,7.166,1.302
8.447,6.425,11.599,9.961,7.033,10.207,9.961
14.654,5.634,5.895,6.401,5.981,10.708,6.401
6.222,11.038,5.856,7.136,6.229,3.789,7.136
7.689,8.168,3.251,13.182,8.112,7.355,13.182
14.371,12.015,6.994,5.318,6.075,7.217,5.318
6.579,14.175,11.581,8.065,8.698,8.636,8.065
2.414,10.878,6.344,5.597,5.302,9.839,5.597
11.869,11.343,3.813,8.408,11.120,8.705,8.408
5.743,10.895,3.856,2.700,10.150,3.414,2.700
10.583,9.546,5.894,11.698,5.067,9.022,11.698
4.305,3.590,11.262,9.265,10.019,17.612,9.265
8.595,3.562,11.141,11.423,5.650,7.714,11.423
1.706,12.178,7.506,9.075,12.966,8.661,9.075
8.781,5.481,12.145,7.871,6.438,10.844,7.871
7.291,5.087,3.331,8.697,4.893,7.211,8.697
6.492,13.977,9.673,5.703,4.907,10.309,5.703
0.500,7.974,3.820,5.856,4.799,7.244,5.856
6.013,6.550,13.712,4.512,8.043,4.116,4.512
2.925,7.182,7.121,8.793,6.794,11.512,8.793
9.472,2.999,0.500,5.060,13.736,12.421,5.060
10.972,7.671,10.381,4.970,10.908,4.600,4.970
5.523,9.631,9.055,10.741,4.990,6.135,10.741
5.413,4.641,10.669,9.807,5.705,7.614,9.807
7.955,5.058,10.123,11.443,10.424,0.790,11.443
3.878,3.533,6.717,8.355,6.966,5.821,8.355
7.709,9.143,2.916,8.201,5.951,5.398,8.201
9.724,7.906,3.810,7.950,5.445,5.039,7.950
3.305,13.824,10.008,5.642,2.065,10.683,5.642
9.645,7.044,7.138,10.334,14.205,2.210,10.334
9.271,15.539,6.729,12.651,2.626,5.850,12.651
9.935,6.868,6.597,6.240,1.846,6.615,6.240
10.328,11.185,6.565,4.032,8.841,4.053,4.032
10.209,6.506,8.595,15.342,7.152,10.698,15.342
8.596,5.337,6.945,4.914,8.075,6.115,4.914
10.920,8.125,6.197,9.073,5.650,7.626,9.073
8.878,9.732,10.715,8.504,14.677,10.535,8.504
6.241,9.712,3.612,8.291,2.697,9.037,8.291
10.542,9.006,8.942,9.098,6.536,9.138,9.098
12.485,6.496,5.171,4.693,12.748,12.000,4.693
9.000,8.044,5.609,8.092,10.884,11.074,8.092
9.345,9.708,8.098,6.942,8.601,9.000,6.642
8.211,7.225,8.556,5.426,10.389,5.681,6.625
7.922,9.752,2.791,3.437,12.412,7.904,4.828
5.470,8.122,7.363,8.943,9.224,7.387,4.134
11.081,5.222,6.225,3.372,7.516,6.070,12.314
7.738,3.297,12.302,7.232,14.748,7.668,11.947
4.454,8.999,8.319,7.978,12.615,6.999,8.950
7.709,4.744,8.777,11.732,14.741,0.726,11.242
10.069,11.375,8.791,7.152,10.421,2.044,7.481
8.553,4.731,4.935,9.217,2.069,7.754,6.867
8.140,8.652,4.550,3.405,9.372,3.352,9.261
4.688,10.920,14.355,1.593,8.733,9.751,10.990
8.636,9.782,6.877,1.470,6.929,6.753,7.543
10.256,2.273,12.888,5.862,8.776,15.359,4.580
14.709,7.644,5.299,5.804,7.623,7.821,9.561
10.663,13.616,8.037,8.041,8.647,12.659,15.097
7.141,7.910,10.086,11.428,5.112,6.501,4.952
6.851,6.126,9.945,5.697,2.854,4.853,4.692
0.500,9.313,9.129,10.444,7.861,2.689,4.679
8.608,7.806,8.566,6.647,2.672,5.442,6.735
11.599,11.814,7.118,8.541,12.056,9.740,12.581
5.895,6.417,6.938,10.351,5.068,6.552,7.327
5.856,10.460,3.251,8.826,8.294,0.500,14.657
3.251,8.088,8.282,5.264,6.338,4.877,17.441
6.994,8.299,11.255,7.587,13.003,7.048,14.347
11.581,8.806,6.712,7.194,6.843,9.326,3.515
6.344,6.234,8.638,10.242,0.627,9.320,8.649
3.813,5.783,10.851,4.701,10.263,8.953,13.083
3.856,3.291,10.533,3.418,11.656,9.865,3.186
5.894,10.727,11.927,7.346,10.429,13.121,1.530
11.262,5.323,8.809,10.078,9.802,6.418,7.244
11.141,3.346,5.837,7.904,7.588,6.838,6.401
7.506,8.647,7.164,7.484,12.308,9.212,8.809
12.145,8.143,11.630,8.136,10.606,9.759,7.902
3.331,8.896,10.799,9.424,7.587,7.041,10.176
9.673,7.245,12.262,7.102,11.894,11.336,6.775
3.820,13.041,7.342,6.606,5.804,9.931,6.238
13.712,7.211,1.714,9.549,5.456,7.777,11.625
7.121,2.007,11.929,10.188,4.917,12.895,10.373
0.500,10.059,6.967,7.353,13.089,6.173,12.185
10.381,11.048,11.562,0.500,11.003,6.896,8.013
9.055,6.067,6.309,6.318,12.731,2.926,6.737
10.669,9.209,5.272,6.938,6.757,7.019,4.493
10.123,8.644,2.787,5.219,5.300,8.842,7.900
6.717,9.066,13.581,11.891,8.191,7.559,9.066
2.916,6.762,13.718,7.793,6.951,8.536,7.738
3.810,9.467,5.021,6.202,9.614,7.355,7.532
10.008,11.089,8.220,4.651,7.607,7.716,13.164
7.138,7.742,10.077,10.037,5.662,6.477,11.886
6.729,7.702,13.259,11.086,9.670,4.563,8.626
6.597,2.765,4.476,7.417,5.662,8.541,10.677
6.565,10.351,8.920,3.157,6.821,7.101,4.889
8.595,5.435,6.616,12.927,11.577,3.828,7.299
6.945,5.595,10.183,14.631,9.278,2.888,7.080
6.197,10.664,12.458,7.156,8.646,9.557,16.555
10.715,11.643,6.292,14.045,4.410,7.746,12.140
3.612,9.601,12.012,5.684,7.851,5.805,13.134
8.942,10.078,7.108,9.012,10.355,11.460,1.559
5.171,10.551,7.564,11.264,4.843,11.705,11.551
5.609,6.661,10.166,2.964,8.217,9.439,7.569
8.926,12.066,5.277,12.401,6.614,6.034,5.093
1.725,4.774,9.297,6.133,6.180,8.713,9.004
13.487,8.289,10.183,9.629,10.877,9.883,7.935
10.115,9.570,15.149,10.392,3.964,5.328,5.072
3.456,6.558,8.741,6.042,5.691,7.068,5.036
6.343,8.108,10.115,6.844,7.942,7.901,3.101
9.200,7.808,10.764,11.569,4.152,4.142,7.801
5.663,8.062,5.273,11.573,8.564,0.500,4.359
9.672,9.294,6.129,5.730,5.441,4.142,4.736
10.569,11.589,5.176,6.873,9.265,9.151,5.642
4.539,7.157,5.011,12.720,12.851,8.556,9.282
6.681,0.510,8.599,6.572,3.924,8.437,4.820
7.711,9.790,8.076,10.211,9.491,7.000,7.573
10.392,5.941,10.345,9.924,8.295,7.182,7.178
3.839,6.979,8.963,6.084,10.364,12.943,6.849
10.366,9.265,10.755,1.347,12.193,2.667,8.454
4.791,7.371,10.796,9.798,8.121,3.749,0.500
11.058,5.768,10.792,6.337,5.009,8.953,9.374
8.755,12.170,9.800,7.138,11.168,6.464,4.003
11.750,5.764,7.968,11.923,6.211,7.405,9.144
1.470,9.190,10.884,10.582,6.816,3.854,7.819
5.391,5.109,7.474,5.621,4.991,7.125,8.368
11.551,11.450,13.123,4.493,9.743,8.761,7.531
12.380,8.812,11.103,9.594,5.247,7.493,8.724
11.346,2.906,12.354,9.310,7.975,9.160,11.085
6.166,8.156,9.473,6.805,11.665,4.792,5.444
9.566,3.834,6.847,10.562,4.682,13.280,11.531
7.267,13.986,7.046,9.622,3.612,11.104,6.715
7.693,12.631,6.026,6.034,6.643,11.625,8.754
9.420,2.276,11.000,2.940,7.312,9.316,12.734
10.026,6.790,11.157,8.824,11.592,11.777,11.205
3.398,11.558,11.834,8.208,7.168,6.408,10.408
5.459,9.690,7.792,9.671,3.474,8.163,6.205
6.257,8.011,4.152,6.031,5.787,10.128,9.155
12.598,4.099,8.903,5.735,7.672,14.178,6.656
7.214,12.636,5.607,3.505,5.597,8.570,4.064
9.819,9.605,8.949,4.656,7.481,7.883,9.682
7.184,10.663,4.994,5.451,8.721,9.704,5.531
8.294,4.104,6.552,4.594,8.119,14.038,7.868
9.629,5.147,11.529,9.454,2.326,8.570,6.593
3.969,11.493,10.538,8.392,8.684,4.117,0.615
11.649,12.403,5.637,8.191,13.925,0.500,7.956
10.292,15.213,8.372,9.704,7.320,10.456,6.351
6.803,7.761,7.790,8.546,4.083,8.804,12.258
4.308,6.906,11.778,1.763,8.484,5.022,8.832
6.295,10.562,11.532,5.954,12.514,7.774,8.152
7.748,6.320,7.357,8.942,12.722,8.492,11.432
5.703,3.282,7.854,8.658,8.806,4.918,7.637
7.017,7.150,7.243,6.956,8.940,5.621,11.220
13.813,7.340,4.831,4.865,7.826,12.647,6.573
7.333,4.587,8.184,0.841,3.862,4.853,8.925
9.303,5.456,3.975,14.735,3.300,8.942,7.321
5.198,7.635,10.150,11.392,12.923,10.403,9.142
12.468,8.808,6.160,6.898,9.455,4.042,6.806
10.607,4.037,6.931,9.579,11.357,9.672,11.902
5.383,6.273,8.150,7.485,9.072,4.472,3.695
8.335,8.436,7.955,8.927,7.372,9.617,8.735
7.381,9.214,6.701,8.029,7.104,10.842,6.587
11.134,3.602,6.952,6.055,11.509,9.346,6.659
5.242,10.368,11.495,7.352,6.862,10.104,8.598
8.098,5.853,7.555,10.365,3.677,9.565,10.046
8.556,4.456,8.222,10.761,5.785,8.718,10.912
2.791,0.682,7.362,2.371,5.886,7.805,6.351
7.363,9.980,7.411,11.464,6.247,8.756,6.385
6.225,6.619,11.205,8.818,6.121,7.302,15.276
12.302,3.969,8.696,6.200,9.397,5.484,9.174
8.319,6.261,4.850,11.329,7.562,9.658,7.948
8.777,11.529,6.971,11.452,4.910,10.035,7.333
8.791,8.086,2.831,8.399,2.901,7.863,10.091
4.935,6.586,7.172,13.108,9.316,6.505,9.253
4.550,6.981,10.107,7.799,8.691,7.226,7.773
14.355,1.946,2.698,6.577,10.657,6.643,6.263
6.877,8.495,8.270,8.576,11.653,11.783,10.753
12.888,17.939,8.358,3.574,6.514,9.471,10.429
5.299,12.117,11.311,11.993,3.746,4.275,8.475
8.037,2.635,13.853,3.994,6.519,6.902,8.841
10.086,6.042,5.654,11.037,12.234,11.541,8.992
9.945,1.516,9.837,9.429,3.193,2.459,9.470
9.129,7.627,10.875,8.466,8.485,8.265,8.898
8.566,6.157,9.491,9.335,10.465,2.153,4.438
7.118,8.775,4.737,7.033,8.062,5.080,5.407
6.938,10.270,6.929,5.981,7.086,2.610,11.052
3.251,6.833,10.251,6.229,6.201,1.269,11.474
8.282,4.305,7.650,8.112,10.005,9.870,5.762
11.255,3.985,8.988,6.075,6.401,3.244,9.248
6.712,9.643,4.971,8.698,6.219,8.664,4.663
8.638,5.412,5.993,5.302,7.667,8.202,5.617
10.851,12.781,11.775,11.120,8.118,7.799,6.158
10.533,7.070,0.500,10.150,3.758,8.323,10.463
11.927,7.909,7.550,5.067,8.551,9.581,14.936
8.809,6.028,3.374,10.019,4.227,10.691,8.987
5.837,12.456,6.148,5.650,4.534,10.186,7.360
7.164,8.208,8.535,12.966,4.769,4.408,1.759
11.630,4.588,8.103,6.438,8.793,11.169,4.729
10.799,7.656,5.283,4.893,5.555,2.707,9.269
12.262,4.585,8.741,4.907,2.933,4.650,6.557
7.342,3.326,5.606,4.799,8.750,11.893,8.549
1.714,5.151,10.573,8.043,5.489,11.084,11.428
11.929,7.747,0.500,6.794,8.290,11.163,5.267
6.967,6.738,2.611,13.736,9.687,9.968,9.100
11.562,6.164,6.681,10.908,5.672,4.819,9.629
6.309,8.747,7.356,4.990,10.872,9.178,5.645
5.272,11.084,9.835,5.705,4.119,9.894,6.379
2.787,9.572,6.739,10.424,7.091,8.836,11.192
13.581,8.177,14.088,6.966,11.026,11.982,15.241
13.718,8.982,9.514,5.951,11.804,8.117,10.884
5.021,9.047,2.684,5.445,8.159,8.884,7.978
8.220,9.324,13.007,2.065,5.516,0.789,6.375
10.077,9.738,7.585,14.205,7.437,6.932,5.914
13.259,8.013,2.114,2.626,10.862,8.572,11.710
4.476,8.639,11.499,1.846,6.239,3.028,9.041
8.920,7.269,14.160,8.841,7.994,9.450,9.531
6.616,4.483,5.255,7.152,7.022,10.208,8.867
10.183,3.677,8.862,8.075,5.695,7.413,10.562
12.458,8.330,8.104,5.650,8.976,6.301,12.303
6.292,4.576,9.100,14.677,10.884,7.089,14.227
12.012,0.793,8.276,2.697,12.797,16.830,3.431
7.108,9.325,6.890,6.536,8.217,10.929,6.026
7.564,10.897,9.573,12.748,6.593,7.592,10.774
10.166,9.370,9.823,10.884,6.116,8.439,10.850
2.561,1.102,6.785,8.243,8.224,10.974,1.525
4.592,10.141,6.729,9.973,9.665,2.011,3.693
2.377,5.970,9.686,9.145,4.989,12.184,6.977
6.127,11.383,7.505,8.599,10.807,4.466,5.409
5.291,2.313,6.946,6.959,9.387,10.267,4.438
9.051,10.723,8.029,1.522,7.132,5.559,11.118
1.673,1.537,12.059,8.165,12.949,9.190,6.204
11.449,9.890,6.951,12.642,7.207,4.009,3.154
9.897,8.041,14.588,7.169,9.735,10.728,8.055
11.476,7.497,15.463,7.252,8.030,10.968,6.720
7.340,7.756,6.656,8.927,5.719,9.510,5.853
5.473,6.076,11.076,5.041,5.213,9.840,2.687
9.721,10.737,2.546,4.213,7.197,4.973,12.854
7.350,5.517,6.985,7.997,2.281,7.432,9.639
17.301,8.321,10.419,9.386,3.740,7.003,5.725
9.993,6.473,7.828,8.912,8.953,10.313,11.633
4.329,8.527,6.785,4.820,9.773,2.087,13.409
12.166,6.594,7.841,6.470,10.284,3.653,5.370
6.050,5.057,11.320,11.287,5.545,7.584,10.012
3.329,11.906,13.740,6.776,12.925,8.979,10.210
8.118,5.077,18.647,9.002,5.948,6.015,10.687
6.515,8.641,8.776,8.349,8.949,4.999,4.844
11.493,11.248,7.670,8.857,13.379,12.286,7.944
10.740,6.873,13.916,10.196,1.988,7.098,1.784
9.186,7.251,8.930,9.375,5.770,9.836,3.233
13.326,6.805,8.995,7.247,8.813,5.941,6.777
6.568,6.436,2.156,14.850,11.712,4.296,11.631
15.275,12.584,6.677,9.847,5.607,4.745,3.295
5.844,2.239,1.856,4.981,8.263,6.817,8.245
6.359,10.004,9.689,7.260,9.476,6.083,7.452
14.745,13.838,9.505,8.255,11.925,4.418,8.436
8.517,4.498,9.390,12.133,8.092,10.461,3.244
11.046,10.595,5.554,4.296,6.595,9.299,7.770
8.670,9.004,8.542,4.361,7.304,3.927,5.189
5.575,10.970,7.416,6.316,7.469,5.824,5.375
8.588,6.158,8.513,8.944,7.565,7.561,4.895
9.104,12.677,9.630,9.336,4.349,2.331,11.639
7.114,8.692,4.291,10.796,4.664,7.304,4.886
12.747,7.550,8.062,12.373,10.172,7.469,5.513
6.859,12.205,11.104,10.770,8.680,6.396,11.907
6.700,12.095,14.640,6.332,4.643,12.270,13.836
9.892,5.165,12.284,10.937,12.119,9.679,12.424
5.561,9.109,10.044,6.959,5.162,6.529,10.069
4.308,10.138,7.900,9.405,5.400,9.647,8.031
12.753,11.026,9.105,7.353,7.603,5.596,13.109
2.665,5.470,4.663,10.562,12.290,8.780,5.595
9.082,12.591,7.967,6.054,8.731,10.414,8.241
7.185,12.517,5.737,8.918,11.544,4.485,5.174
13.656,11.104,7.616,10.042,11.365,7.589,9.649
9.278,7.831,10.815,2.859,9.723,12.050,8.878
16.911,6.969,7.854,7.011,6.881,7.871,7.610
7.000,9.207,4.879,11.862,8.675,6.894,6.430
4.358,3.845,9.679,5.399,3.232,8.130,1.941
11.034,2.118,10.305,7.555,7.737,6.847,7.091
9.769,8.572,6.173,10.165,14.269,3.846,7.411
8.592,12.213,9.037,6.075,12.412,4.382,3.874
10.000,4.416,2.525,3.251,13.652,4.734,11.578
9.451,5.208,5.852,9.667,7.401,8.694,7.477
2.028,4.859,4.523,4.475,8.304,8.522,6.270
13.430,9.510,6.491,13.449,1.217,6.860,9.978
14.405,3.932,7.560,9.410,10.327,7.160,11.637
11.015,7.254,6.551,8.539,2.633,8.750,10.787
10.075,9.358,5.958,6.014,7.756,8.501,12.695
7.505,5.253,5.945,10.694,5.586,9.816,6.438
8.071,4.179,8.805,6.771,1.317,5.958,6.014
2.643,5.138,8.755,3.948,13.624,2.454,7.488
10.440,9.003,13.444,4.260,4.558,6.618,8.908
8.456,11.025,6.820,10.024,7.263,13.767,6.882
9.046,8.953,10.948,13.342,6.790,3.318,8.130
0.573,9.201,8.737,5.198,11.870,12.141,7.536
14.765,7.893,10.933,5.648,6.230,7.562,7.783
10.040,7.836,8.561,4.683,6.118,9.423,6.129
7.303,12.305,6.507,2.907,12.066,8.515,4.122
9.058,6.881,10.398,7.347,7.529,8.560,9.402
5.548,5.264,9.085,10.404,7.603,7.098,7.634
11.943,7.632,2.569,8.099,11.821,5.342,6.441
5.240,13.200,9.784,9.087,13.563,12.326,6.008
6.995,12.949,4.329,7.715,8.144,2.384,6.258
9.139,3.654,7.662,8.969,8.226,8.411,3.242
4.516,8.947,11.413,11.027,5.153,7.059,10.406
11.133,10.287,5.651,8.877,6.782,8.983,16.024
4.476,4.851,8.560,14.512,6.769,9.644,3.931
7.382,11.130,11.315,4.758,12.287,9.895,4.230
3.472,0.883,11.438,8.684,1.709,10.966,6.496
10.704,4.899,9.225,8.097,12.286,7.410,7.365
6.407,11.928,8.665,7.049,5.646,8.684,12.327
11.499,4.068,11.749,10.342,14.415,6.615,7.114
5.803,8.199,9.929,7.986,9.724,7.442,6.058
7.324,4.231,6.984,10.566,14.609,8.436,2.713
7.616,13.181,13.016,8.915,12.556,9.516,11.547
8.817,3.962,10.796,8.596,3.478,9.383,6.886
8.640,10.145,1.963,10.974,11.196,8.186,13.194
11.921,7.064,5.763,11.739,12.188,6.600,9.578
7.404,5.955,10.171,5.523,4.950,2.862,5.531
8.064,11.771,9.117,7.453,10.342,4.990,11.369
13.451,9.944,7.115,4.690,6.912,8.887,2.605
6.069,13.034,13.586,8.056,9.890,5.709,10.692
5.415,8.460,9.099,6.519,11.788,6.650,5.864
7.249,9.870,3.709,11.861,8.415,6.145,1.323
12.633,7.346,4.964,8.421,10.717,14.082,5.797
7.991,3.509,3.538,8.167,1.810,10.666,11.914
5.793,5.892,10.775,9.929,9.190,8.785,13.728
11.651,14.642,5.895,11.913,3.554,12.254,9.566
4.405,10.276,5.743,7.054,11.281,7.855,4.480
6.982,9.370,6.154,6.006,8.423,11.757,8.614
13.311,7.780,4.184,5.487,9.135,5.326,6.241
9.612,6.726,5.848,8.286,3.661,9.249,9.590
8.453,5.790,3.305,14.086,11.531,9.071,11.279
8.413,4.446,9.376,8.434,7.669,11.649,9.037
8.571,5.966,8.073,8.770,12.752,10.316,6.440
5.999,5.640,10.224,12.516,11.319,12.006,7.669
6.861,9.515,1.990,8.734,7.061,12.101,8.934
13.727,10.223,3.809,5.409,6.814,6.729,7.595
8.188,7.596,9.991,5.385,10.880,7.057,3.538
7.512,10.942,5.563,4.408,7.865,17.355,7.184
11.739,12.745,4.438,4.281,7.131,6.090,8.491
7.122,5.550,8.897,8.756,4.243,8.388,7.720
6.964,5.449,8.383,5.723,8.604,9.119,6.328
8.341,6.313,9.399,8.174,6.546,7.817,9.271
12.417,10.630,12.482,7.800,9.176,7.057,10.160
6.972,4.815,9.897,9.245,5.211,6.076,6.351
7.218,12.041,4.887,7.178,10.562,13.812,11.671
3.620,8.148,5.806,9.629,4.015,9.008,6.252
7.989,11.075,8.948,3.203,8.163,5.667,13.338
7.138,8.375,8.942,6.156,6.657,7.666,14.020
2.900,11.624,8.681,8.061,8.269,6.904,11.022
7.263,3.755,6.812,10.050,7.496,8.664,10.947
8.858,12.543,9.024,9.389,5.514,5.309,11.789
8.677,10.768,4.824,8.736,8.759,4.199,5.529
6.931,5.728,4.532,3.706,3.452,12.808,6.958
6.886,5.443,4.553,5.315,2.645,9.057,7.050
7.899,10.449,6.524,4.986,5.484,9.907,15.591
12.068,7.665,8.374,7.047,6.453,7.183,9.212
10.444,6.596,9.697,6.925,9.256,11.112,5.802
6.916,4.925,9.033,7.054,9.126,10.964,12.907
3.244,3.866,8.405,7.399,7.413,6.283,5.291
9.829,9.910,12.150,4.251,11.890,7.543,8.016
13.335,12.254,6.866,11.622,10.402,5.639,10.208
5.031,6.276,3.665,8.675,7.812,9.982,5.178
4.576,7.589,12.235,5.139,13.638,7.928,8.648
5.943,11.780,5.948,7.567,10.390,8.161,6.440
7.840,10.162,5.507,6.487,5.532,10.733,8.978
5.781,7.699,8.832,10.181,8.449,0.951,14.455
7.384,13.665,7.103,3.373,12.063,11.053,5.638
6.516,5.187,6.802,6.010,5.166,3.356,7.952
7.547,6.332,7.437,7.675,7.237,4.753,1.569
14.186,6.761,2.955,5.894,8.984,11.616,8.261
13.463,12.282,9.518,9.760,8.466,7.716,3.330
4.137,3.655,6.316,6.131,12.802,7.321,7.473
10.103,6.205,6.730,11.825,12.998,7.478,6.157
10.774,9.962,0.500,6.014,9.679,11.229,7.340
7.384,4.811,9.446,5.964,10.987,5.154,8.927
3.793,4.840,7.509,9.926,9.358,2.719,10.384
5.057,5.945,2.454,5.468,8.433,9.483,4.376
6.753,9.649,7.887,11.373,9.562,8.185,8.809
5.769,7.237,5.832,10.394,6.998,7.624,10.511
8.874,2.632,9.122,11.346,9.527,8.721,7.207
9.821,10.543,3.121,10.489,9.233,9.407,10.078
7.545,13.534,7.210,2.065,8.159,8.258,10.427
7.757,6.058,16.586,7.021,1.335,11.103,12.418
5.601,11.571,12.650,8.100,5.758,9.288,11.719
9.766,11.148,10.113,7.605,8.131,7.614,10.945
11.213,11.090,8.238,12.536,6.961,6.899,11.438
7.772,4.384,9.402,10.207,8.380,14.719,7.925
6.211,3.341,9.229,12.798,7.018,6.389,7.183
4.942,11.919,7.378,13.300,4.426,11.988,8.472
9.611,12.338,9.176,8.805,11.472,5.843,8.674
3.555,3.208,6.794,12.543,4.283,11.751,4.302
8.959,3.866,5.229,8.829,8.691,2.999,8.160
8.377,6.371,12.956,5.271,8.144,9.391,8.298
5.467,10.174,9.221,2.163,8.782,7.675,8.488
7.155,8.329,5.638,5.942,14.514,7.444,6.931
9.976,13.003,10.758,12.981,8.523,13.688,7.517
4.178,14.881,4.255,7.609,11.181,8.559,7.598
8.592,10.105,8.055,9.043,6.552,8.122,9.189
14.040,10.530,6.265,5.596,3.922,6.778,5.789
6.891,5.520,5.189,9.910,8.889,6.249,5.235
6.158,9.042,11.276,8.164,10.448,10.017,11.745
4.761,11.430,7.603,8.575,4.335,8.620,12.189
13.962,12.631,13.384,6.286,6.184,7.650,7.001
12.723,3.411,9.399,3.677,8.289,3.932,8.148
9.641,7.571,10.152,5.785,12.377,7.254,5.146
11.096,11.030,7.048,5.886,8.138,9.358,9.941
7.924,11.346,10.693,6.247,8.459,5.253,3.014
3.774,4.769,6.444,6.121,8.547,4.179,10.489
7.137,7.106,12.007,9.397,11.014,5.138,5.590
4.713,9.893,12.368,7.562,5.073,9.003,7.863
9.695,6.635,8.667,4.910,7.408,11.025,4.747
17.983,4.526,5.584,2.901,6.362,8.953,2.857
4.387,8.359,11.294,9.316,10.001,9.201,2.428
8.611,7.569,8.855,8.691,10.132,7.893,8.342
11.497,7.663,4.983,10.657,10.277,7.836,5.873
8.829,7.005,9.766,11.653,10.032,12.305,12.202
4.365,11.732,11.043,6.514,6.025,6.881,6.486
9.789,5.977,5.922,3.746,11.536,5.264,3.109
14.155,9.800,9.498,6.519,5.190,7.632,11.715
1.907,10.130,4.733,12.234,5.953,13.200,8.384
9.030,5.901,7.392,3.193,6.909,12.949,4.668
12.028,8.888,7.091,8.485,6.803,3.654,4.595
12.379,5.719,10.790,10.465,12.165,8.947,3.950
8.582,7.144,7.393,8.062,11.682,10.287,14.384
9.453,4.248,7.808,7.086,11.039,4.851,8.373
9.526,7.289,12.711,6.201,8.508,11.130,11.468
6.957,10.002,7.062,10.005,10.497,0.883,6.345
6.486,5.680,7.266,6.401,9.333,4.899,12.205
6.169,8.988,9.512,6.219,9.353,11.928,8.980
0.782,9.587,8.925,7.667,11.079,4.068,4.753
10.553,9.626,3.221,8.118,4.622,8.199,4.695
8.978,6.293,3.943,3.758,6.739,4.231,8.999
9.121,6.877,6.559,8.551,4.678,13.181,13.683
6.913,8.316,3.306,4.227,6.292,3.962,11.491
5.028,7.674,10.164,4.534,5.903,10.145,4.800
6.659,9.055,11.513,4.769,4.608,7.064,11.336
8.809,10.741,7.938,8.793,6.630,5.955,8.901
4.983,10.827,6.544,5.555,8.027,11.771,6.628
4.290,11.602,11.720,2.933,6.706,9.944,3.438
12.722,7.794,10.209,8.750,6.062,13.034,13.630
7.072,8.925,13.448,5.489,7.970,8.460,10.320
5.080,9.561,4.880,8.290,8.320,9.870,8.995
13.863,9.024,6.895,9.687,13.146,7.346,8.730
8.411,4.955,4.666,5.672,7.731,3.509,9.930
6.871,7.926,3.750,10.872,6.097,5.892,3.182
4.298,10.544,13.657,4.119,3.316,14.642,10.148
8.670,9.947,11.719,7.091,9.668,10.276,9.222
9.913,3.764,5.373,11.026,9.817,9.370,8.089
7.121,13.359,12.689,11.804,6.451,7.780,7.886
7.123,9.045,6.541,8.159,5.659,6.726,6.634
6.500,9.152,8.750,5.516,7.677,5.790,6.353
5.271,6.832,7.159,7.437,9.647,4.446,4.942
10.926,10.759,2.631,10.862,8.390,5.966,6.280
8.584,4.198,3.774,6.239,8.911,5.640,8.947
4.981,3.347,10.001,7.994,2.121,9.515,9.329
7.944,10.069,5.504,7.022,8.326,10.223,11.428
10.202,7.070,7.451,5.695,6.541,7.596,1.167
7.611,1.202,5.466,8.976,2.644,10.942,6.667
10.510,9.693,11.056,10.884,7.888,12.745,7.485
3.650,10.128,8.262,12.797,0.500,5.550,3.042
4.730,6.416,6.530,8.217,6.699,5.449,10.357
9.571,7.557,10.452,6.593,11.217,6.313,6.769
10.770,7.704,8.603,6.116,5.403,10.630,3.194
8.148,9.145,2.703,10.050,5.502,4.426,9.224
5.146,9.692,7.334,7.356,10.336,3.846,6.362
9.941,8.034,5.702,10.905,1.180,11.053,4.088
3.014,5.523,6.557,11.581,4.883,9.522,9.020
10.489,5.787,6.685,0.500,0.500,2.504,8.561
5.590,4.813,10.627,10.504,4.183,10.310,8.407
7.863,8.592,4.838,4.020,12.245,10.000,5.379
4.747,7.557,6.613,10.802,9.922,6.332,8.888
2.857,6.599,8.995,9.262,2.843,8.934,9.648
2.428,8.417,4.443,6.242,14.138,3.650,10.496
8.342,3.193,9.827,6.368,7.733,7.620,6.561
5.873,6.407,11.068,1.604,10.782,7.052,5.981
12.202,9.404,9.004,5.325,7.257,11.213,10.934
6.486,4.790,2.987,2.165,9.680,4.573,2.373
3.109,6.728,7.647,5.343,6.604,5.206,8.826
11.715,8.594,5.231,12.140,7.468,6.970,7.089
8.384,7.591,6.171,6.095,8.035,13.274,11.109
4.668,10.775,6.520,3.741,10.059,5.840,7.906
4.595,6.133,8.585,5.787,6.485,6.497,6.483
3.950,7.730,7.113,9.216,9.445,7.172,4.815
14.384,3.835,8.319,8.153,7.081,7.286,4.634
8.373,8.796,8.059,3.433,10.023,6.088,5.722
11.468,4.766,8.243,5.610,9.745,10.765,11.185
6.345,9.212,9.913,5.146,3.799,3.980,11.293
12.205,8.107,11.147,5.609,7.912,9.029,6.803
8.980,5.575,6.481,7.313,5.893,3.704,6.674
4.753,11.404,11.377,3.889,6.616,7.162,8.075
4.695,8.000,10.446,4.798,11.937,7.363,8.269
8.999,9.480,11.906,5.947,4.178,9.123,6.582
13.683,6.222,9.380,4.106,7.473,10.360,7.944
11.491,7.074,7.573,11.217,4.416,2.951,4.583
4.800,10.322,11.985,1.970,6.515,7.106,3.588
11.336,9.362,5.053,7.033,9.624,4.139,10.733
8.901,6.563,8.557,11.685,12.349,11.444,10.789
6.628,10.182,2.415,2.300,6.699,11.641,3.165
3.438,6.916,6.063,5.019,10.524,7.508,8.601
13.630,11.764,8.328,7.298,13.819,9.670,7.275
10.320,7.313,4.519,10.459,11.932,5.376,11.469
8.995,7.462,8.805,13.690,3.674,17.005,12.740
8.730,2.421,12.853,10.067,7.172,7.575,11.670
9.930,9.529,1.216,12.931,7.033,6.399,7.407
3.182,10.053,6.300,11.855,12.699,4.332,2.643
10.148,8.249,6.057,12.190,6.914,8.532,11.832
9.222,6.067,6.165,11.296,9.900,5.971,7.223
8.089,13.036,6.779,13.297,6.887,3.766,10.662
7.886,8.289,3.365,10.482,4.377,2.901,7.779
6.634,6.313,11.465,7.932,1.028,7.809,2.121
6.353,4.084,8.536,8.621,1.512,9.726,4.947
4.942,10.037,7.231,4.999,7.974,10.396,10.198
6.280,6.380,13.462,6.509,6.555,12.929,12.533
8.947,8.567,10.588,7.465,11.368,11.147,6.987
9.329,14.055,5.626,7.823,13.043,10.467,1.232
11.428,5.292,11.350,7.424,9.455,8.470,12.376
1.167,4.397,3.995,5.784,11.959,10.455,7.413
6.667,6.355,8.314,13.174,9.301,15.069,9.286
7.485,6.591,8.948,6.452,9.275,2.679,5.797
3.042,11.773,9.463,5.257,8.434,6.646,10.895
10.357,8.271,10.625,4.121,9.123,4.579,12.498
6.769,9.043,10.339,5.284,11.156,7.830,8.052
3.194,7.643,10.691,11.318,9.267,10.700,7.004
7.836,7.985,11.637,6.615,6.926,2.052,9.715
8.432,7.273,10.787,9.262,7.130,15.807,11.424
5.505,11.195,12.695,8.122,7.701,9.548,4.583
13.616,5.583,6.438,4.365,5.743,11.983,12.122
11.748,6.242,6.014,3.979,7.919,6.083,10.080
7.997,7.541,7.488,5.512,10.134,7.602,8.082
8.504,7.973,8.908,8.300,5.055,7.020,2.959
7.249,10.698,6.882,5.677,11.971,7.727,6.623
11.360,4.909,8.130,7.991,8.046,10.778,6.909
11.736,14.512,7.536,13.027,4.154,4.679,5.990
11.093,15.007,7.783,9.683,7.037,7.033,14.489
7.686,10.900,6.129,11.821,10.658,5.933,8.971
9.045,10.003,4.122,13.099,11.249,10.763,7.388
8.514,5.420,9.402,6.499,5.543,8.471,7.066
9.603,12.579,7.634,10.117,8.627,7.649,8.097
11.311,7.031,6.441,0.613,9.851,8.756,6.977
10.828,9.070,6.008,4.753,8.180,9.908,4.896
7.456,5.047,6.258,8.174,10.523,6.001,8.758
6.794,0.500,3.242,5.381,10.587,0.500,6.887
11.381,5.913,10.406,9.009,3.263,4.010,6.486
6.532,7.986,16.024,5.372,9.154,13.710,10.035
6.545,11.640,3.931,10.764,11.606,9.696,10.973
10.309,8.645,4.230,12.996,7.051,9.035,6.102
10.557,8.856,6.496,10.538,12.276,10.774,6.261
1.460,8.542,7.365,6.685,7.637,7.779,13.443
4.789,9.346,12.327,5.733,7.275,9.373,6.724
9.732,12.317,7.114,6.837,6.504,8.680,9.056
13.443,8.626,6.058,9.328,4.600,6.515,9.724
11.305,9.341,2.713,3.248,6.157,7.492,9.092
8.622,4.740,11.547,9.655,4.981,7.498,12.804
10.391,10.998,6.886,7.258,7.291,6.004,4.718
5.161,8.312,13.194,10.328,6.719,7.615,6.823
10.526,3.366,9.578,5.039,6.703,8.764,4.903
9.562,8.269,5.531,7.020,8.838,6.783,4.474
4.357,13.041,11.369,8.214,3.113,6.767,8.904
4.548,14.740,2.605,7.237,7.339,10.647,12.630
8.370,7.556,10.692,8.674,0.500,7.541,7.958
4.959,10.140,5.864,6.036,7.649,9.825,10.340
8.023,13.728,1.323,5.694,1.259,4.997,5.374
5.623,10.633,5.797,11.067,4.926,6.719,6.404
8.525,7.751,11.914,5.687,2.527,8.401,2.341
11.244,8.002,13.728,6.054,12.178,10.421,12.873
0.894,11.992,9.566,6.601,8.551,3.773,7.263
8.818,6.592,4.480,10.434,9.862,7.516,13.725
12.047,9.897,8.614,4.713,13.194,8.618,14.693
15.640,0.500,6.241,10.450,3.747,5.946,6.746
14.504,10.798,9.590,12.763,11.002,10.080,7.789
8.011,10.074,11.279,12.704,3.433,2.386,10.020
8.258,5.753,9.037,6.942,4.113,10.409,9.591
6.948,10.412,6.440,3.181,9.705,13.041,8.581
10.199,7.273,7.669,6.884,11.881,11.120,6.019
7.807,8.593,8.934,8.083,3.311,6.280,7.044
8.496,5.483,7.595,13.608,4.560,6.891,5.673
9.634,4.161,3.538,11.988,7.775,5.552,7.411
8.762,6.508,7.184,8.853,5.308,9.182,2.847
8.522,10.667,8.491,6.331,8.294,12.233,5.516
13.339,1.652,7.720,3.307,8.838,6.410,11.555
6.201,10.414,6.328,12.301,9.556,9.338,7.648
13.790,14.015,9.271,8.107,4.897,9.368,8.855
11.796,11.797,10.160,4.359,8.162,5.347,7.322
5.853,10.587,6.143,4.587,2.459,5.901,4.245
4.456,8.146,13.922,3.216,5.448,6.306,13.666
0.682,6.829,4.662,11.408,8.288,11.633,10.602
9.980,10.107,6.873,7.114,8.711,7.680,19.510
6.619,1.523,7.122,6.435,10.920,13.463,8.923
3.969,11.794,15.403,3.420,6.618,5.359,9.424
6.261,7.370,11.376,5.843,10.608,6.232,9.738
11.529,8.125,4.264,1.603,9.251,12.857,5.827
8.086,3.587,6.650,10.254,5.580,7.172,9.876
6.586,4.831,13.119,8.969,6.409,8.575,9.002
6.981,6.198,9.202,8.979,5.913,11.508,7.446
1.946,10.715,11.488,9.667,3.169,10.776,9.110
8.495,10.493,5.872,7.802,10.444,3.000,11.008
17.939,11.870,10.340,9.911,3.521,7.048,9.759
12.117,5.992,7.883,5.848,3.887,9.168,10.334
2.635,8.071,6.215,12.436,6.614,2.866,6.460
6.042,4.513,10.242,13.376,4.500,7.296,10.721
1.516,6.933,6.933,3.789,10.258,8.654,6.117
7.627,5.699,10.514,7.358,7.311,10.659,6.041
6.157,9.552,7.282,3.391,4.684,11.279,1.661
8.775,8.141,10.464,8.357,8.322,17.151,11.117
10.270,8.586,10.035,7.928,10.689,7.549,10.662
6.833,9.694,6.200,9.724,9.017,6.298,5.140
4.305,6.184,5.713,4.657,4.545,8.560,12.304
3.985,4.452,7.810,11.435,7.590,10.824,6.757
9.643,8.425,5.369,8.441,0.778,11.654,9.819
5.412,3.339,9.031,11.718,9.666,7.224,5.016
12.781,6.184,10.014,6.444,5.918,12.242,10.198
7.070,10.275,8.212,7.071,11.703,14.010,5.158
7.909,8.836,9.756,4.489,5.336,6.446,8.969
6.028,7.051,8.464,9.318,6.029,5.791,9.224
12.456,15.884,4.298,6.402,3.478,1.438,6.691
8.208,9.061,9.124,8.092,8.914,6.960,2.054
4.588,6.380,11.323,5.841,14.073,9.371,15.097
7.656,6.987,9.196,14.562,9.104,9.862,10.334
4.585,13.880,6.898,9.382,11.863,12.734,6.657
3.326,14.767,7.777,4.787,7.004,9.943,11.638
5.151,3.899,14.887,11.421,9.132,6.586,8.173
7.747,6.932,10.282,8.360,10.096,8.407,10.756
6.738,12.523,3.470,10.661,7.781,10.414,5.383
6.164,4.278,8.295,7.736,11.533,12.964,5.954
8.747,9.084,10.709,5.126,11.166,4.260,6.164
11.084,3.053,9.629,6.279,6.744,6.458,10.236
9.572,8.374,6.225,7.313,1.980,4.051,11.414
8.177,6.684,8.581,7.117,4.080,8.588,9.161
8.982,5.328,8.021,8.016,7.437,5.727,7.904
9.047,10.971,3.868,10.056,17.098,12.463,2.960
9.324,9.743,10.620,5.401,6.231,6.673,7.837
9.738,9.295,4.647,12.074,9.623,3.860,5.543
8.013,4.684,10.089,7.930,11.383,10.758,5.217
8.639,8.900,6.790,8.379,6.453,10.246,8.952
7.269,8.349,8.202,10.037,13.708,5.400,5.363
4.483,7.044,11.079,9.445,12.115,6.473,9.307
3.677,8.989,11.336,10.156,4.955,9.182,5.237
8.330,4.850,4.267,1.426,14.415,12.009,12.133
4.576,2.500,12.938,5.012,12.495,8.767,4.731
0.793,8.015,12.876,11.395,9.199,5.335,11.638
9.325,13.029,6.328,7.762,2.768,9.211,6.010
10.897,3.978,8.727,9.267,10.038,8.906,8.667
9.370,9.915,10.593,12.997,7.381,8.774,8.007
8.289,8.614,5.211,9.627,12.292,16.589,9.095
12.377,3.759,10.562,7.664,3.618,9.554,7.075
8.138,8.087,4.015,5.047,3.720,7.098,7.616
8.459,11.880,8.163,6.177,8.672,5.154,9.194
8.547,8.300,6.657,9.198,9.623,2.687,10.686
11.014,7.794,8.269,9.245,7.648,10.158,7.946
5.073,11.156,7.496,10.317,12.309,8.352,7.722
7.408,7.891,5.514,8.421,11.059,5.726,11.442
6.362,8.445,8.759,6.293,6.517,4.615,7.359
10.001,6.877,3.452,7.006,3.910,4.170,7.797
10.132,2.889,2.645,4.372,4.009,9.687,9.895
10.277,8.351,5.484,4.352,9.428,7.086,8.772
10.032,7.696,6.453,8.502,9.713,9.268,4.076
6.025,2.742,9.256,4.255,9.475,8.635,9.893
11.536,7.910,9.126,6.870,6.505,3.504,3.400
5.190,10.278,7.413,8.979,8.047,11.705,8.941
5.953,13.103,11.890,6.169,14.421,9.872,11.236
6.909,4.081,10.402,8.790,9.333,10.765,13.047
6.803,8.881,7.812,3.374,10.246,11.516,11.522
12.165,9.897,13.638,0.500,8.439,11.448,14.443
11.682,8.797,10.390,4.461,8.764,11.378,9.574
11.039,12.282,5.532,7.488,6.048,9.984,4.543
8.508,1.597,8.449,3.406,11.359,9.582,5.397
10.497,8.049,12.063,10.574,5.689,4.228,10.930
9.333,5.698,5.166,12.851,8.090,9.495,12.461
9.353,11.973,7.237,10.431,9.877,1.487,8.443
11.079,8.064,8.984,14.222,11.104,0.599,5.641
4.622,8.896,8.466,10.807,6.444,5.903,3.433
6.739,6.056,12.802,5.950,9.250,9.873,14.154
4.678,11.046,12.998,6.016,9.349,5.699,11.509
6.292,6.482,9.679,9.173,7.899,5.979,8.401
5.903,5.116,10.987,7.806,5.774,9.860,5.930
4.608,7.062,9.358,7.773,7.942,2.303,10.644
6.630,10.561,8.433,12.184,10.740,0.500,13.376
8.027,6.761,9.562,10.754,7.255,11.948,10.820
6.706,3.037,6.998,8.624,9.447,11.561,5.548
6.062,6.684,9.527,9.208,7.939,1.925,5.526
7.970,2.226,9.233,8.241,2.871,13.829,9.798
8.320,10.819,8.159,5.782,6.974,11.904,9.987
13.146,4.935,1.335,6.280,12.298,6.863,7.493
7.731,10.047,5.758,11.701,4.414,10.086,12.924
6.097,8.313,8.131,8.965,7.431,10.078,4.313
3.316,6.936,6.961,6.636,6.386,7.167,7.312
9.668,9.333,8.380,10.503,4.556,4.507,12.896
9.817,5.013,7.018,5.275,4.560,6.765,7.478
6.451,6.964,4.426,9.154,9.503,8.163,6.240
5.659,8.362,11.472,9.000,7.178,4.221,3.524
7.677,7.450,4.283,10.278,10.527,9.104,8.210
9.647,10.616,8.691,6.848,9.097,5.524,5.107
8.390,6.237,8.144,13.367,12.362,11.261,10.802
8.911,1.878,8.782,9.199,6.501,6.468,9.367
2.121,7.497,14.514,8.620,8.863,9.421,6.950
8.326,5.970,8.523,9.055,10.159,6.888,6.294
6.541,1.020,11.181,2.791,6.973,11.747,5.545
2.644,9.876,6.552,6.038,4.001,5.641,13.046
7.888,5.173,3.922,8.593,7.438,1.461,6.830
0.500,10.907,8.889,14.705,12.121,8.902,6.369
6.699,8.634,10.448,5.693,4.419,5.242,8.600
11.217,8.260,4.335,6.631,9.346,6.007,9.101
5.403,11.849,6.184,12.249,7.750,2.011,8.242
11.745,8.152,4.042,9.086,5.901,3.411,5.853
8.466,5.935,10.915,6.432,6.306,7.571,4.456
4.064,3.894,0.500,9.276,11.633,11.030,0.682
4.393,8.308,9.037,6.790,7.680,11.346,9.980
7.378,8.896,5.898,8.348,13.463,4.769,6.619
12.358,6.123,8.503,9.012,5.359,7.106,3.969
3.759,7.676,4.844,4.712,6.232,9.893,6.261
10.026,7.174,11.487,7.782,12.857,6.635,11.529
12.861,11.200,5.098,2.413,7.172,4.526,8.086
5.616,11.093,8.407,12.311,8.575,8.359,6.586
9.436,7.985,6.752,4.420,11.508,7.569,6.981
10.027,5.508,7.577,2.080,10.776,7.663,1.946
11.291,9.598,6.363,7.469,3.000,7.005,8.495
7.695,12.606,12.958,7.064,7.048,11.732,17.939
2.887,9.127,5.956,5.409,9.168,5.977,12.117
6.639,8.926,9.450,8.022,2.866,9.800,2.635
10.327,10.111,14.905,11.519,7.296,10.130,6.042
10.714,4.913,9.355,7.504,8.654,5.901,1.516
6.998,10.988,5.237,10.280,10.659,8.888,7.627
9.725,7.893,10.315,9.412,11.279,5.719,6.157
10.243,7.984,10.337,6.764,17.151,7.144,8.775
11.792,4.610,10.049,6.190,7.549,4.248,10.270
8.172,8.511,11.176,3.388,6.298,7.289,6.833
3.982,8.862,6.821,6.038,8.560,10.002,4.305
5.745,3.103,10.717,5.808,10.824,5.680,3.985
2.303,9.347,7.494,7.965,11.654,8.988,9.643
5.670,1.423,8.177,8.789,7.224,9.587,5.412
7.169,8.357,7.320,4.876,12.242,9.626,12.781
3.125,8.822,10.492,5.453,14.010,6.293,7.070
8.560,8.621,3.052,2.379,6.446,6.877,7.909
9.361,7.371,5.462,5.301,5.791,8.316,6.028
7.650,9.559,6.305,4.938,1.438,7.674,12.456
5.561,11.785,6.512,12.507,6.960,9.055,8.208
10.902,10.876,7.894,4.489,9.371,10.741,4.588
16.811,10.928,2.688,0.842,9.862,10.827,7.656
7.412,3.965,5.953,13.285,12.734,11.602,4.585
11.822,6.274,7.975,12.177,9.943,7.794,3.326
6.662,10.002,7.285,10.819,6.586,8.925,5.151
7.567,0.500,5.570,10.094,8.407,9.561,7.747
10.333,6.148,5.079,6.243,10.414,9.024,6.738
5.469,8.187,10.333,8.527,12.964,4.955,6.164
7.546,6.063,9.574,9.435,4.260,7.926,8.747
5.440,9.913,7.701,2.665,6.458,10.544,11.084
6.187,10.512,6.820,14.421,4.051,9.947,9.572
10.823,7.669,6.747,11.650,8.588,3.764,8.177
2.421,9.710,7.468,5.018,5.727,13.359,8.982
7.371,10.369,10.522,10.513,12.463,9.045,9.047
3.678,1.770,6.391,4.715,6.673,9.152,9.324
2.942,6.955,11.965,2.676,3.860,6.832,9.738
10.906,6.539,6.726,14.659,10.758,10.759,8.013
7.145,7.616,2.597,12.455,10.246,4.198,8.639
13.210,6.805,12.695,11.724,5.400,3.347,7.269
10.016,7.580,3.545,10.778,6.473,10.069,4.483
7.531,11.487,10.885,9.980,9.182,7.070,3.677
6.516,10.356,4.434,4.459,12.009,1.202,8.330
7.162,9.102,4.471,5.158,8.767,9.693,4.576
8.795,9.895,6.097,2.851,5.335,10.128,0.793
7.242,5.309,7.418,9.135,9.211,6.416,9.325
10.051,8.598,4.709,7.322,8.906,7.557,10.897
12.113,5.640,3.674,9.968,8.774,7.704,9.370
0.500,4.245,6.614,1.102,5.865,7.836,0.500
6.908,13.666,6.180,10.141,8.296,8.432,7.797
5.759,10.602,10.877,5.970,3.999,5.505,3.428
5.597,19.510,3.964,11.383,3.952,13.616,5.778
6.801,8.923,5.691,2.313,11.588,11.748,5.258
8.232,9.424,7.942,10.723,8.359,7.997,7.718
2.840,9.738,4.152,1.537,13.349,8.504,3.975
11.457,5.827,8.564,9.890,8.062,7.249,11.147
10.066,9.876,5.441,8.041,9.224,11.360,9.047
9.456,9.002,9.265,7.497,10.080,11.736,8.155
0.603,7.446,12.851,7.756,6.530,11.093,10.592
8.752,9.110,3.924,6.076,9.874,7.686,7.093
5.257,11.008,9.491,10.737,12.201,9.045,9.448
6.181,9.759,8.295,5.517,12.314,8.514,13.623
4.221,10.334,10.364,8.321,7.069,9.603,11.806
10.362,6.460,12.193,6.473,10.845,11.311,4.457
8.437,10.721,8.121,8.527,7.597,10.828,9.726
4.974,6.117,5.009,6.594,4.027,7.456,10.584
4.269,6.041,11.168,5.057,8.228,6.794,2.268
7.189,1.661,6.211,11.906,8.193,11.381,7.453
12.589,11.117,6.816,5.077,7.062,6.532,9.606
7.110,10.662,4.991,8.641,6.039,6.545,7.731
9.349,5.140,9.743,11.248,11.261,10.309,8.361
10.262,12.304,5.247,6.873,5.268,10.557,6.136
9.063,6.757,7.975,7.251,5.512,1.460,5.640
6.738,9.819,11.665,6.805,7.774,4.789,4.004
8.093,5.016,4.682,6.436,11.754,9.732,7.058
8.079,10.198,3.612,12.584,6.245,13.443,8.896
10.104,5.158,6.643,2.239,7.395,11.305,8.540
11.932,8.969,7.312,10.004,16.644,8.622,3.298
3.315,9.224,11.592,13.838,8.527,10.391,0.500
11.280,6.691,7.168,4.498,7.539,5.161,9.474
5.269,2.054,3.474,10.595,9.580,10.526,1.661
6.728,15.097,5.787,9.004,2.887,9.562,7.866
7.626,10.334,7.672,10.970,3.936,4.357,6.974
7.900,6.657,5.597,6.158,14.232,4.548,3.896
11.600,11.638,7.481,12.677,8.145,8.370,17.365
7.231,8.173,8.721,8.692,6.192,4.959,9.749
1.892,10.756,8.119,7.550,9.463,8.023,9.487
11.516,5.383,2.326,12.205,10.246,5.623,7.187
1.449,5.954,8.684,12.095,5.945,8.525,8.332
6.715,6.164,13.925,5.165,8.327,11.244,9.211
8.971,10.236,7.320,9.109,4.325,0.894,8.453
5.506,11.414,4.083,10.138,7.823,8.818,5.221
8.311,9.161,8.484,11.026,8.693,12.047,10.187
10.173,7.904,12.514,5.470,9.625,15.640,7.736
10.165,2.960,12.722,12.591,1.236,14.504,5.409
6.501,7.837,8.806,12.517,7.372,8.011,7.899
8.061,5.543,8.940,11.104,9.123,8.258,4.936
11.906,5.217,7.826,7.831,9.245,6.948,12.510
9.633,8.952,3.862,6.969,9.877,10.199,8.666
10.234,5.363,3.300,9.207,6.132,7.807,7.593
9.858,9.307,12.923,3.845,7.007,8.496,10.694
8.051,5.237,9.455,2.118,9.664,9.634,9.389
5.066,12.133,11.357,8.572,8.983,8.762,12.769
8.127,4.731,9.072,12.213,5.480,8.522,10.410
11.782,11.638,7.372,4.416,13.154,13.339,12.595
4.787,6.010,7.104,5.208,7.076,6.201,2.883
4.900,8.667,11.509,4.859,8.562,13.790,10.140
8.704,8.007,6.862,9.510,13.310,11.796,6.935
10.046,4.444,7.678,10.674,6.034,8.716,5.684
10.912,12.929,4.855,9.433,8.713,5.198,4.280
6.351,9.075,8.285,4.464,9.883,6.849,7.492
6.385,7.358,6.117,8.616,5.328,10.743,4.029
15.276,0.500,9.066,5.655,7.068,8.935,8.108
9.174,9.888,12.679,3.428,7.901,1.902,10.968
7.948,7.019,11.139,3.972,4.142,7.513,13.150
7.333,7.568,6.006,0.500,0.500,6.821,6.446
10.091,4.582,9.112,11.060,4.142,6.529,9.384
9.253,4.189,6.995,9.869,9.151,9.178,8.709
7.773,6.727,10.485,8.147,8.556,6.995,2.768
6.263,9.076,8.338,5.123,8.437,7.237,9.616
10.753,4.930,13.551,10.040,7.000,9.199,4.619
10.429,14.024,10.828,8.360,7.182,7.784,13.225
8.475,3.975,7.946,10.661,12.943,12.319,7.331
8.841,3.141,11.065,8.856,2.667,8.505,5.773
8.992,4.412,8.058,11.778,3.749,5.649,8.695
9.470,12.238,4.268,6.326,8.953,11.154,10.490
8.898,9.116,7.593,9.331,6.464,9.441,6.722
4.438,3.953,4.288,9.344,7.405,6.638,7.806
5.407,4.578,6.083,16.692,3.854,12.833,8.780
11.052,9.989,12.834,6.864,7.125,3.000,5.016
11.474,10.255,6.919,14.206,8.761,9.879,9.450
5.762,10.583,5.634,8.677,7.493,10.727,9.140
9.248,12.493,5.706,5.100,9.160,7.041,12.472
4.663,7.981,4.942,5.892,4.792,12.587,9.361
5.617,8.277,8.399,6.110,13.280,6.795,10.295
6.158,7.894,7.671,8.437,11.104,7.379,0.833
10.463,5.970,4.961,5.738,11.625,10.795,9.417
14.936,5.670,8.811,6.332,9.316,9.483,12.737
8.987,10.409,6.534,10.764,11.777,7.469,11.290
7.360,9.703,10.706,8.082,6.408,9.696,3.705
1.759,8.755,4.825,8.937,8.163,0.500,9.384
4.729,10.453,8.270,11.842,10.128,8.132,10.295
9.269,8.295,7.711,11.612,14.178,8.054,7.301
6.557,8.026,10.859,2.814,8.570,6.833,10.276
8.549,3.461,12.179,9.109,7.883,10.827,8.492
11.428,14.244,8.632,8.298,9.704,9.614,9.564
5.267,8.469,8.629,10.200,14.038,8.885,6.555
9.100,9.547,8.877,8.937,8.570,12.311,8.448
9.629,8.858,6.878,4.429,4.117,4.687,8.400
5.645,5.186,4.751,2.799,0.500,3.195,3.566
6.379,5.265,10.682,6.948,10.456,4.861,7.711
11.192,6.111,5.383,6.651,8.804,15.223,3.621
15.241,4.310,2.750,7.405,5.022,9.686,7.977
10.884,6.781,5.559,6.409,7.774,8.203,10.287
7.978,13.420,10.998,1.865,8.492,11.967,4.494
6.375,10.312,3.178,8.435,4.918,10.205,13.386
5.914,9.094,7.706,7.968,5.621,11.117,9.226
11.710,11.934,10.747,7.963,12.647,4.771,3.433
9.041,7.334,4.643,10.074,4.853,8.646,10.925
9.531,6.849,7.943,9.315,8.942,9.956,2.968
8.867,9.988,6.358,8.339,10.403,7.971,8.457
10.562,5.767,5.842,7.176,4.042,5.728,7.150
12.303,13.297,10.424,12.952,9.672,9.915,14.935
14.227,10.316,13.236,8.391,4.472,8.599,1.681
3.431,9.792,7.457,13.009,9.617,10.004,9.725
6.026,2.692,6.661,6.493,10.842,2.339,11.847
10.774,7.301,5.501,9.469,9.346,12.616,7.859
10.850,5.888,7.192,7.777,10.104,8.150,6.702
8.848,9.433,9.715,9.759,3.749,10.576,10.050
6.160,5.448,11.424,4.370,6.450,5.863,7.356
10.909,7.369,4.583,10.960,6.203,12.079,10.905
5.619,4.812,12.122,6.287,8.324,7.610,11.581
7.805,4.681,10.080,8.633,6.267,5.234,0.500
13.104,11.342,8.082,8.486,10.792,9.889,10.504
8.674,12.445,2.959,8.878,9.742,3.898,4.020
6.141,4.529,6.623,8.558,12.197,6.757,10.802
5.965,5.626,6.909,10.939,7.275,8.747,9.262
6.266,9.979,5.990,7.983,11.789,6.737,6.242
6.740,5.713,14.489,9.560,3.776,3.448,6.368
4.203,7.255,8.971,10.077,8.475,9.385,1.604
8.327,9.797,7.388,6.652,1.223,9.402,5.325
9.899,10.160,7.066,7.343,8.358,8.180,2.165
4.837,9.218,8.097,5.650,8.479,5.335,5.343
16.717,8.643,6.977,10.203,9.471,10.091,12.140
8.428,3.850,4.896,7.814,4.823,4.525,6.095
9.732,8.037,8.758,5.243,6.845,4.406,3.741
3.718,6.533,6.887,8.389,1.900,10.430,5.787
9.566,5.851,6.486,16.861,7.784,5.478,9.216
13.311,8.869,10.035,7.082,10.446,9.118,8.153
15.520,1.032,10.973,2.906,7.179,10.191,3.433
15.258,11.628,6.102,8.004,4.194,4.667,5.610
12.920,5.758,6.261,14.909,9.282,11.523,5.146
1.720,11.716,13.443,8.834,12.895,6.894,5.609
9.463,9.523,6.724,2.862,8.039,7.831,7.313
8.589,9.760,9.056,1.879,0.500,9.659,3.889
4.413,1.380,9.724,11.034,3.908,8.010,4.798
13.390,4.567,9.092,11.953,3.507,3.636,5.947
8.404,8.676,12.804,3.915,7.716,9.324,4.106
5.555,10.919,4.718,8.223,10.362,6.585,11.217
4.937,7.416,6.823,10.590,8.413,9.764,1.970
12.759,8.164,4.903,6.652,9.213,14.364,7.033
8.018,7.651,4.474,9.185,5.195,8.475,11.685
5.680,10.752,8.904,10.812,11.407,8.398,2.300
5.470,7.204,12.630,5.002,6.450,11.038,5.019
10.080,12.980,7.958,5.873,5.063,8.703,7.298
4.978,2.724,10.340,7.662,5.810,0.500,10.459
6.435,3.949,5.374,8.442,8.749,10.566,13.690
10.618,7.508,6.404,13.059,9.432,5.082,10.067
9.956,9.531,2.341,9.039,8.055,9.193,12.931
7.774,11.992,12.873,2.553,11.801,7.529,11.855
10.104,7.692,7.263,4.777,7.485,8.784,12.190
11.141,5.675,13.725,8.424,7.344,7.575,11.296
14.680,8.130,14.693,9.264,5.027,13.094,13.297
11.213,6.964,6.746,11.270,5.126,11.796,10.482
6.893,6.366,7.789,4.923,9.584,12.799,7.932
9.468,4.848,10.020,10.712,9.928,8.597,8.621
6.505,4.357,9.591,6.425,8.969,8.395,4.999
5.163,6.687,8.581,14.452,9.393,11.405,6.509
7.529,12.758,6.019,6.005,8.006,2.544,7.465
7.184,9.250,7.044,5.779,7.030,10.025,7.823
9.559,2.727,5.673,11.603,9.914,9.008,7.424
8.093,12.217,7.411,5.115,7.327,7.481,5.784
11.141,7.278,2.847,8.836,16.246,11.397,13.174
4.076,12.511,5.516,4.470,14.690,12.264,6.452
14.826,8.206,11.555,5.276,6.122,2.574,5.257
4.436,13.140,7.648,14.694,5.634,11.521,4.121
1.770,9.731,8.855,13.966,12.100,11.385,5.284
6.962,7.580,7.322,4.902,6.593,6.640,11.318
6.255,8.289,8.157,9.169,4.444,6.559,11.745
10.650,12.377,7.003,7.562,12.929,7.761,8.466
11.166,8.138,7.663,4.647,9.075,13.311,4.064
8.891,8.459,0.500,8.038,7.358,9.153,4.393
7.875,8.547,9.492,8.936,0.500,0.500,7.378
4.310,11.014,6.441,5.280,9.888,11.188,12.358
8.128,5.073,8.120,8.400,7.019,6.532,3.759
3.363,7.408,18.661,9.985,7.568,10.013,10.026
6.930,6.362,9.623,7.913,4.582,10.124,12.861
4.591,10.001,7.318,9.273,4.189,7.090,5.616
11.379,10.132,12.251,7.793,6.727,13.872,9.436
6.172,10.277,3.990,6.666,9.076,6.808,10.027
6.999,10.032,10.825,7.387,4.930,5.118,11.291
6.057,6.025,2.953,11.470,14.024,6.447,7.695
10.252,11.536,6.177,7.420,3.975,9.637,2.887
4.703,5.190,3.342,15.010,3.141,11.359,6.639
11.761,5.953,11.285,7.051,4.412,5.421,10.327
3.382,6.909,13.955,5.408,12.238,6.213,10.714
4.788,6.803,8.821,12.758,9.116,12.360,6.998
6.679,12.165,6.106,13.587,3.953,9.863,9.725
5.711,11.682,10.964,9.493,4.578,5.332,10.243
7.975,11.039,6.441,5.402,9.989,8.395,11.792
5.222,8.508,6.481,7.423,10.255,8.864,8.172
3.696,10.497,5.912,7.691,10.583,10.813,3.982
5.747,9.333,14.150,3.924,12.493,9.212,5.745
10.116,9.353,10.982,7.950,7.981,5.776,2.303
7.179,11.079,9.764,6.408,8.277,7.048,5.670
15.508,4.622,6.963,5.818,7.894,5.829,7.169
6.136,6.739,5.089,8.136,5.970,10.477,3.125
5.522,4.678,6.649,3.950,5.670,10.653,8.560
2.209,6.292,7.580,11.608,10.409,4.666,9.361
4.282,5.903,8.352,9.012,9.703,11.208,7.650
4.433,4.608,2.891,9.655,8.755,7.008,5.561
7.439,6.630,4.342,4.218,10.453,6.888,10.902
12.086,8.027,4.363,9.959,8.295,10.126,16.811
7.328,6.706,6.222,5.230,8.026,8.248,7.412
2.366,6.062,6.139,10.228,3.461,4.102,11.822
8.916,7.970,12.299,7.921,14.244,11.557,6.662
9.955,8.320,8.560,10.412,8.469,6.883,7.567
5.695,13.146,8.365,11.670,9.547,8.059,10.333
8.374,7.731,9.883,11.128,8.858,13.221,5.469
12.792,6.097,7.745,5.799,5.186,8.730,7.546
11.267,3.316,7.696,8.239,5.265,7.544,5.440
6.563,9.668,7.910,8.462,6.111,8.998,6.187
5.032,9.817,10.261,6.004,4.310,8.176,10.823
11.299,6.451,7.032,2.470,6.781,11.082,2.421
6.644,5.659,10.295,9.807,13.420,9.193,7.371
15.649,7.677,5.779,5.164,10.312,11.369,3.678
6.518,9.647,8.896,6.074,9.094,11.399,2.942
8.534,8.390,15.714,15.468,11.934,8.521,10.906
5.100,8.911,10.548,7.403,7.334,14.422,7.145
2.888,2.121,12.138,2.841,6.849,5.084,13.210
7.208,8.326,5.698,6.518,9.988,9.708,10.016
7.113,6.541,14.787,4.844,5.767,11.864,7.531
16.550,2.644,12.321,8.386,13.297,5.789,6.516
6.967,7.888,5.531,2.901,10.316,4.853,7.162
11.622,0.500,5.902,6.335,9.792,11.562,8.795
11.701,6.699,6.568,4.046,2.692,6.421,7.242
8.933,11.217,4.614,9.661,7.301,11.869,10.051
3.919,5.403,11.084,12.067,5.888,10.824,12.113
10.576,9.171,5.134,8.614,9.708,6.224,13.730
5.863,4.302,7.528,3.759,7.225,6.351,9.546
12.079,6.003,8.138,8.087,9.752,12.497,8.014
7.610,5.973,7.047,11.880,8.122,8.151,8.613
5.234,5.341,7.224,8.300,5.222,10.237,7.390
9.889,7.252,9.019,7.794,3.297,5.117,8.036
3.898,7.823,13.950,11.156,8.999,7.593,7.585
6.757,7.947,6.103,7.891,4.744,11.853,8.644
8.747,3.333,9.621,8.445,11.375,10.018,8.572
6.737,14.410,11.182,6.877,4.731,8.511,13.378
3.448,4.133,6.674,2.889,8.652,6.868,11.052
9.385,4.517,4.654,8.351,10.920,10.345,6.883
9.402,8.700,8.608,7.696,9.782,8.200,4.301
8.180,14.782,7.027,2.742,2.273,5.720,12.014
5.335,5.275,12.197,7.910,7.644,4.649,9.640
10.091,8.988,7.611,10.278,13.616,8.689,8.585
4.525,5.898,8.769,13.103,7.910,1.600,6.720
4.406,5.943,10.913,4.081,6.126,6.017,9.049
10.430,2.314,3.790,8.881,9.313,8.809,7.059
5.478,8.578,5.043,9.897,7.806,10.446,11.408
9.118,12.080,5.360,8.797,11.814,6.130,7.496
10.191,8.294,7.485,12.282,6.417,7.061,9.600
4.667,6.562,9.324,1.597,10.460,6.537,12.239
11.523,12.379,9.928,8.049,8.088,9.202,12.463
6.894,14.034,4.628,5.698,8.299,9.119,8.265
7.831,13.151,3.795,11.973,8.806,7.582,7.733
9.659,3.635,11.130,8.064,6.234,5.706,9.050
8.010,2.892,11.383,8.896,5.783,13.301,7.966
3.636,9.309,7.266,6.056,3.291,3.206,8.125
9.324,10.045,8.715,11.046,10.727,8.163,5.125
6.585,4.042,0.500,6.482,5.323,6.995,7.919
9.764,11.570,9.001,5.116,3.346,9.873,8.790
14.364,13.546,2.554,7.062,8.647,8.718,8.535
8.475,12.292,2.243,10.561,8.143,10.701,6.891
8.398,10.706,8.666,6.761,8.896,5.451,9.263
11.038,11.878,6.162,3.037,7.245,6.309,10.719
8.703,6.680,8.897,6.684,13.041,0.500,6.771
0.500,8.550,5.557,2.226,7.211,3.229,5.001
10.566,12.080,9.916,10.819,2.007,9.552,7.805
5.082,7.910,11.428,4.935,10.059,8.301,5.524
9.193,7.477,8.902,10.047,11.048,10.360,11.585
7.529,8.067,8.112,8.313,6.067,3.135,5.585
8.784,11.111,10.252,6.936,9.209,7.477,13.300
7.575,9.035,7.048,9.333,8.644,8.574,8.759
13.094,3.167,11.027,5.013,9.066,14.202,9.534
11.796,7.482,11.701,6.964,6.762,7.906,8.289
12.799,8.260,9.385,8.362,9.467,10.014,5.853
8.597,2.902,5.476,7.450,11.089,7.596,10.475
8.395,7.900,7.872,10.616,7.742,13.998,7.756
11.405,4.631,11.327,6.237,7.702,9.371,10.218
2.544,10.637,12.961,1.878,2.765,8.094,3.176
10.025,11.481,8.636,7.497,10.351,11.134,7.438
9.008,7.729,8.128,5.970,5.435,11.751,7.998
7.481,0.500,12.863,1.020,5.595,10.567,11.169
11.397,12.683,10.162,9.876,10.664,8.051,10.644
12.264,13.329,7.462,5.173,11.643,7.170,4.394
2.574,6.870,7.530,10.907,9.601,8.435,4.696
11.521,7.777,0.500,8.634,10.078,4.335,3.557
11.385,9.453,9.781,8.260,10.551,13.120,11.361
6.640,11.448,5.324,11.849,6.661,9.562,7.076
9.171,9.151,1.102,2.052,10.576,6.324,8.522
4.302,5.368,10.141,15.807,13.775,8.121,9.779
6.003,10.311,5.970,9.548,3.636,0.500,3.798
5.973,12.714,11.383,11.983,8.699,10.241,4.054
5.341,5.716,2.313,6.083,6.745,10.487,10.461
7.252,6.926,10.723,7.602,8.259,8.895,4.704
7.823,12.139,1.537,7.020,6.968,3.712,10.536
7.947,9.736,9.890,7.727,7.416,7.179,7.277
3.333,11.339,8.041,10.778,7.760,5.664,8.692
14.410,10.228,7.497,4.679,5.760,9.244,9.555
4.133,17.552,7.756,7.033,4.857,6.127,4.094
4.517,5.348,6.076,5.933,8.729,10.644,5.547
8.700,5.557,10.737,10.763,5.043,8.469,9.616
14.782,4.265,5.517,8.471,11.927,5.391,10.290
5.275,6.952,8.321,7.649,5.902,7.991,2.790
8.988,13.431,6.473,8.756,4.151,5.604,12.370
5.898,8.214,8.527,9.908,5.379,5.499,9.564
5.943,4.093,6.594,6.001,6.107,5.421,7.590
2.314,6.941,5.057,0.500,2.427,10.553,6.062
8.578,3.344,11.906,4.010,6.434,8.014,6.195
12.080,7.415,5.077,13.710,5.530,4.506,4.650
8.294,11.889,8.641,9.696,5.510,8.493,11.060
6.562,10.357,11.248,9.035,9.234,9.008,9.158
12.379,7.575,6.873,10.774,6.929,12.116,6.599
14.034,7.013,7.251,7.779,5.506,9.687,9.940
13.151,7.290,6.805,9.373,9.124,9.965,10.920
3.635,2.035,6.436,8.680,3.237,10.693,12.381
2.892,10.546,12.584,6.515,11.776,4.698,5.847
9.309,7.262,2.239,7.492,9.259,3.899,9.416
10.045,10.594,10.004,7.498,17.371,7.383,7.790
4.042,2.760,13.838,6.004,10.919,13.823,3.523
11.570,8.842,4.498,7.615,14.842,5.352,10.537
13.546,8.404,10.595,8.764,10.561,10.489,3.918
12.292,8.850,9.004,6.783,9.461,7.374,8.131
10.706,10.663,10.970,6.767,0.500,6.961,9.718
11.878,7.544,6.158,10.647,8.828,5.034,5.831
6.680,3.870,12.677,7.541,2.620,11.324,11.192
8.550,4.391,8.692,9.825,4.357,6.500,11.197
12.080,6.327,7.550,4.997,8.680,12.904,9.492
7.910,10.096,12.205,6.719,4.453,8.144,5.232
7.477,7.302,12.095,8.401,3.732,3.742,3.968
8.067,3.635,5.165,10.421,8.185,7.986,12.529
11.111,10.077,9.109,3.773,0.741,13.377,10.742
9.035,7.263,10.138,7.516,6.144,7.836,12.881
3.167,2.940,11.026,8.618,11.085,8.459,8.669
7.482,8.863,5.470,5.946,11.868,6.932,2.221
8.260,10.724,12.591,10.080,10.148,6.977,9.546
2.902,9.367,12.517,2.386,8.434,12.020,5.316
7.900,7.709,11.104,10.409,3.066,11.500,7.466
4.631,10.595,7.831,13.041,8.471,9.428,3.605
10.637,11.951,6.969,11.120,10.123,15.990,8.407
11.481,7.499,9.207,6.280,9.191,8.362,12.196
7.729,8.461,3.845,6.891,2.927,12.893,8.541
0.500,6.330,2.118,5.552,8.689,9.454,3.467
12.683,9.429,8.572,9.182,1.198,5.436,9.944
13.329,6.894,12.213,12.233,11.501,8.282,8.458
6.870,4.589,4.416,6.410,7.939,14.061,9.385
7.777,6.028,5.208,9.338,7.776,4.948,8.215
9.453,11.041,4.859,9.368,5.427,4.697,9.430
11.448,8.702,9.510,5.347,9.317,8.022,5.079
9.169,14.198,6.642,14.198,8.148,6.972,14.405
7.562,8.258,6.625,8.258,5.146,7.218,11.015
4.647,10.173,4.828,10.173,9.941,3.620,10.075
8.038,9.274,4.134,9.274,3.014,7.989,7.505
8.936,9.770,12.314,9.770,10.489,7.138,8.071
5.280,11.216,11.947,11.216,5.590,2.900,2.643
8.400,4.435,8.950,4.435,7.863,7.263,10.440
9.985,11.297,11.242,11.297,4.747,8.858,8.456
7.913,7.033,7.481,7.033,2.857,8.677,9.046
9.273,10.976,6.867,10.976,2.428,6.931,0.573
7.793,8.642,9.261,8.642,8.342,6.886,14.765
6.666,7.832,10.990,7.832,5.873,7.899,10.040
7.387,6.116,7.543,6.116,12.202,12.068,7.303
11.470,6.858,4.580,6.858,6.486,10.444,9.058
7.420,5.527,9.561,5.527,3.109,6.916,5.548
15.010,5.747,15.097,5.747,11.715,3.244,11.943
7.051,9.628,4.952,9.628,8.384,9.829,5.240
5.408,8.292,4.692,8.292,4.668,13.335,6.995
12.758,9.891,4.679,9.891,4.595,5.031,9.139
13.587,5.115,6.735,5.115,3.950,4.576,4.516
9.493,14.349,12.581,14.349,14.384,5.943,11.133
5.402,5.930,7.327,5.930,8.373,7.840,4.476
7.423,9.612,14.657,9.612,11.468,5.781,7.382
7.691,7.643,17.441,7.643,6.345,7.384,3.472
3.924,9.504,14.347,9.504,12.205,6.516,10.704
7.950,2.949,3.515,2.949,8.980,7.547,6.407
6.408,8.753,8.649,8.753,4.753,14.186,11.499
5.818,7.518,13.083,7.518,4.695,13.463,5.803
8.136,4.856,3.186,4.856,8.999,4.137,7.324
3.950,5.724,1.530,5.724,13.683,10.103,7.616
11.608,6.756,7.244,6.756,11.491,10.774,8.817
9.012,9.538,6.401,9.538,4.800,7.384,8.640
9.655,7.764,8.809,7.764,11.336,3.793,11.921
4.218,13.217,7.902,13.217,8.901,5.057,7.404
9.959,8.567,10.176,8.567,6.628,6.753,8.064
5.230,4.148,6.775,4.148,3.438,5.769,13.451
10.228,8.204,6.238,8.204,13.630,8.874,6.069
7.921,5.496,11.625,5.496,10.320,9.821,5.415
10.412,15.406,10.373,15.406,8.995,7.545,7.249
11.670,10.407,12.185,10.407,8.730,7.757,12.633
11.128,4.363,8.013,4.363,9.930,5.601,7.991
5.799,12.817,6.737,12.817,3.182,9.766,5.793
8.239,8.074,4.493,8.074,10.148,11.213,11.651
8.462,7.925,7.900,7.925,9.222,7.772,4.405
6.004,9.465,9.066,9.465,8.089,6.211,6.982
2.470,10.707,7.738,10.707,7.886,4.942,13.311
9.807,6.571,7.532,6.571,6.634,9.611,9.612
5.164,11.276,13.164,11.276,6.353,3.555,8.453
6.074,9.973,11.886,9.973,4.942,8.959,8.413
15.468,8.690,8.626,8.690,6.280,8.377,8.571
7.403,6.156,10.677,6.156,8.947,5.467,5.999
2.841,8.649,4.889,8.649,9.329,7.155,6.861
6.518,4.761,7.299,4.761,11.428,9.976,13.727
4.844,7.182,7.080,7.182,1.167,4.178,8.188
8.386,7.220,16.555,7.220,6.667,8.592,7.512
2.901,12.335,12.140,12.335,7.485,14.040,11.739
6.335,5.488,13.134,5.488,3.042,6.891,7.122
4.046,10.917,1.559,10.917,10.357,6.158,6.964
9.661,8.966,11.551,8.966,6.769,4.761,8.341
12.067,8.239,7.569,8.239,3.194,13.962,12.417
12.292,10.013,3.893,5.853,10.814,9.715,4.158
3.618,7.988,9.379,4.456,7.113,11.424,8.096
3.720,8.509,6.875,0.682,6.333,4.583,9.016
8.672,7.396,14.481,9.980,5.930,12.122,4.118
9.623,6.313,10.260,6.619,13.696,10.080,7.984
7.648,14.162,7.882,3.969,7.573,8.082,3.242
12.309,11.664,13.000,6.261,4.323,2.959,8.551
11.059,9.464,12.663,11.529,10.650,6.623,7.997
6.517,10.234,5.558,8.086,0.876,6.909,16.884
3.910,9.353,15.071,6.586,3.169,5.990,2.471
4.009,7.124,8.523,6.981,5.586,14.489,13.964
9.428,6.398,5.016,1.946,1.121,8.971,9.391
9.713,10.498,3.732,8.495,9.672,7.388,10.833
9.475,4.776,6.659,17.939,7.911,7.066,5.906
6.505,11.895,9.555,12.117,7.013,8.097,3.539
8.047,5.905,11.262,2.635,10.195,6.977,12.356
14.421,9.330,0.500,6.042,9.714,4.896,7.660
9.333,3.938,7.919,1.516,8.179,8.758,12.289
10.246,8.572,9.942,7.627,11.726,6.887,10.349
8.439,7.488,7.166,6.157,10.572,6.486,2.849
8.764,11.784,10.207,8.775,7.457,10.035,6.288
6.048,5.922,10.708,10.270,12.191,10.973,8.514
11.359,6.823,3.789,6.833,12.527,6.102,11.148
5.689,9.204,7.355,4.305,9.330,6.261,0.500
8.090,4.625,7.217,3.985,3.740,13.443,2.933
9.877,5.846,8.636,9.643,9.242,6.724,9.598
11.104,10.742,9.839,5.412,9.531,9.056,9.689
6.444,6.277,8.705,12.781,5.403,9.724,14.156
9.250,6.759,3.414,7.070,9.051,9.092,7.892
9.349,8.786,9.022,7.909,4.471,12.804,7.719
7.899,14.234,17.612,6.028,6.315,4.718,6.130
5.774,12.627,7.714,12.456,8.013,6.823,6.620
7.942,7.760,8.661,8.208,11.549,4.903,9.360
10.740,10.354,10.844,4.588,10.104,4.474,10.029
7.255,12.457,7.211,7.656,9.414,8.904,10.288
9.447,10.250,10.309,4.585,11.611,12.630,5.545
7.939,9.869,7.244,3.326,3.069,7.958,8.920
2.871,4.606,4.116,5.151,7.614,10.340,10.245
6.974,13.074,11.512,7.747,8.440,5.374,7.885
12.298,11.884,12.421,6.738,8.246,6.404,10.034
4.414,8.199,4.600,6.164,6.250,2.341,11.353
7.431,8.969,6.135,8.747,6.696,12.873,11.746
6.386,3.491,7.614,11.084,3.478,7.263,4.523
4.556,2.205,0.790,9.572,0.500,13.725,8.364
4.560,12.725,5.821,8.177,3.242,14.693,5.264
9.503,9.776,5.398,8.982,9.930,6.746,5.889
7.178,17.759,5.039,9.047,2.296,7.789,7.660
10.527,12.755,10.683,9.324,6.525,10.020,8.823
9.097,8.511,2.210,9.738,10.923,9.591,10.905
12.362,6.994,5.850,8.013,10.929,8.581,5.936
6.501,7.904,6.615,8.639,1.955,6.019,12.836
8.863,6.792,4.053,7.269,7.725,7.044,4.472
10.159,12.443,10.698,4.483,9.373,5.673,11.307
6.973,14.889,6.115,3.677,1.666,7.411,7.494
4.001,8.857,7.626,8.330,4.452,2.847,9.191
7.438,4.582,10.535,4.576,5.929,5.516,6.947
12.121,6.452,9.037,0.793,6.398,11.555,10.829
4.419,5.984,9.138,9.325,10.464,7.648,9.300
9.346,9.096,12.000,10.897,11.621,8.855,8.591
7.750,12.267,11.074,9.370,12.571,7.322,5.342
7.062,5.663,8.642,9.743,9.496,10.327,3.724
9.861,11.814,9.017,12.574,7.872,2.633,14.807
13.527,4.699,6.029,7.924,6.479,7.756,7.819
2.785,6.664,10.754,6.326,10.495,5.586,10.104
10.275,5.775,10.934,1.164,6.357,1.317,8.044
7.413,1.007,5.262,9.148,4.077,13.624,6.667
10.781,8.425,8.316,12.742,7.510,4.558,10.907
6.917,12.655,10.591,5.201,9.554,7.263,11.189
11.996,8.264,9.690,8.405,4.600,6.790,3.628
9.869,2.762,7.055,14.911,4.917,11.870,12.596
7.465,12.094,10.833,4.792,12.060,6.230,13.282
9.839,7.083,8.514,7.166,9.437,6.118,7.679
8.841,6.458,5.669,8.598,6.229,12.066,7.247
11.023,7.059,7.563,5.707,12.493,7.529,2.381
3.641,9.149,8.006,9.608,11.124,7.603,4.618
4.784,6.150,5.224,10.518,7.725,11.821,9.784
7.534,6.482,8.830,2.188,7.499,13.563,10.997
10.979,6.935,7.417,6.057,6.592,8.144,8.070
8.200,14.491,5.978,4.185,12.749,8.226,5.977
9.963,7.231,12.259,11.275,7.534,5.153,10.279
10.527,3.896,8.447,6.425,11.230,6.782,6.985
5.347,5.401,14.654,5.634,8.175,6.769,9.297
8.543,8.825,6.222,11.038,9.849,12.287,8.600
5.350,9.913,7.689,8.168,8.727,1.709,7.286
6.220,5.958,14.371,12.015,3.465,12.286,5.310
11.684,5.344,6.579,14.175,1.164,5.646,5.529
7.841,8.592,2.414,10.878,11.217,14.415,14.063
10.695,6.125,11.869,11.343,10.266,9.724,11.298
8.156,1.840,5.743,10.895,9.528,14.609,7.583
9.404,5.706,10.583,9.546,9.447,12.556,5.521
10.719,14.751,4.305,3.590,11.328,3.478,6.484
5.927,11.639,8.595,3.562,10.984,11.196,11.445
4.439,10.990,1.706,12.178,12.596,12.188,6.143
6.596,8.816,8.781,5.481,5.712,4.950,9.128
7.640,5.816,7.291,5.087,13.267,10.342,10.225
9.772,3.427,6.492,13.977,5.616,6.912,7.050
9.878,6.041,0.500,7.974,8.656,9.890,7.303
7.683,8.270,6.013,6.550,12.537,11.788,6.291
10.899,8.766,2.925,7.182,9.499,8.415,7.396
5.447,5.774,9.472,2.999,10.367,10.717,7.469
7.672,12.035,10.972,7.671,7.280,1.810,2.620
10.266,8.918,5.523,9.631,7.838,9.190,7.665
8.900,7.730,5.413,4.641,11.419,3.554,6.693
10.694,4.963,7.955,5.058,8.619,11.281,8.603
9.465,11.177,3.878,3.533,8.582,8.423,12.150
9.346,7.640,7.709,9.143,10.669,9.135,7.079
7.504,4.149,9.724,7.906,3.899,3.661,9.934
6.826,8.428,3.305,13.824,8.337,11.531,12.820
14.650,4.959,9.645,7.044,3.710,7.669,9.479
6.308,8.779,9.271,15.539,15.042,12.752,2.801
1.414,8.996,9.935,6.868,4.005,11.319,8.267
2.634,6.210,10.328,11.185,6.233,7.061,11.407
2.440,11.579,10.209,6.506,4.915,6.814,8.668
9.713,4.524,8.596,5.337,9.910,10.880,8.709
4.954,11.536,10.920,8.125,7.579,7.865,10.437
6.199,8.010,8.878,9.732,11.807,7.131,10.936
4.908,8.116,6.241,9.712,7.965,4.243,2.807
2.439,9.602,10.542,9.006,9.924,8.604,9.985
5.779,4.242,12.485,6.496,13.465,6.546,5.772
13.448,10.258,9.000,8.044,7.881,9.176,9.911
5.901,7.678,10.020,7.062,8.918,5.663,5.134
6.306,4.855,10.640,9.861,13.608,11.814,7.528
11.633,8.285,10.257,13.527,10.939,4.699,8.138
7.680,6.117,10.105,2.785,12.427,6.664,7.047
13.463,9.066,9.093,10.275,10.811,5.775,7.224
5.359,12.679,4.754,7.413,8.894,1.007,9.019
6.232,11.139,5.714,10.781,7.355,8.425,13.950
12.857,6.006,8.925,6.917,8.917,12.655,6.103
7.172,9.112,5.078,11.996,9.175,8.264,9.621
8.575,6.995,6.062,9.869,4.730,2.762,11.182
11.508,10.485,9.330,7.465,3.148,12.094,6.674
10.776,8.338,9.148,9.839,7.568,7.083,4.654
3.000,13.551,9.712,8.841,6.263,6.458,8.608
7.048,10.828,11.450,11.023,8.140,7.059,7.027
9.168,7.946,10.082,3.641,4.976,9.149,12.197
2.866,11.065,17.216,4.784,5.554,6.150,7.611
7.296,8.058,8.191,7.534,12.662,6.482,8.769
8.654,4.268,8.600,10.979,2.662,6.935,10.913
10.659,7.593,11.924,8.200,11.374,14.491,3.790
11.279,4.288,7.230,9.963,9.650,7.231,5.043
17.151,6.083,10.255,10.527,7.930,3.896,5.360
7.549,12.834,2.820,5.347,10.247,5.401,7.485
6.298,6.919,8.094,8.543,2.271,8.825,9.324
8.560,5.634,8.757,5.350,9.393,9.913,9.928
10.824,5.706,6.433,6.220,5.442,5.958,4.628
11.654,4.942,7.378,11.684,7.162,5.344,3.795
7.224,8.399,13.644,7.841,4.406,8.592,11.130
12.242,7.671,9.776,10.695,6.775,6.125,11.383
14.010,4.961,3.659,8.156,9.285,1.840,7.266
6.446,8.811,6.122,9.404,8.351,5.706,8.715
5.791,6.534,6.680,10.719,8.655,14.751,0.500
1.438,10.706,11.710,5.927,4.515,11.639,9.001
6.960,4.825,8.718,4.439,1.421,10.990,2.554
9.371,8.270,8.725,6.596,4.687,8.816,2.243
9.862,7.711,9.094,7.640,5.086,5.816,8.666
12.734,10.859,3.952,9.772,6.429,3.427,6.162
9.943,12.179,6.833,9.878,13.327,6.041,8.897
6.586,8.632,11.686,7.683,5.061,8.270,5.557
8.407,8.629,6.088,10.899,5.024,8.766,9.916
10.414,8.877,10.648,5.447,6.862,5.774,11.428
12.964,6.878,7.136,7.672,8.578,12.035,8.902
4.260,4.751,8.311,10.266,6.798,8.918,8.112
6.458,10.682,8.709,8.900,11.592,7.730,10.252
4.051,5.383,10.642,10.694,12.770,4.963,7.048
8.588,2.750,5.664,9.465,11.218,11.177,11.027
5.727,5.559,8.106,9.346,8.564,7.640,11.701
12.463,10.998,8.596,7.504,5.059,4.149,9.385
6.673,3.178,9.245,6.826,10.918,8.428,5.476
3.860,7.706,10.056,14.650,4.045,4.959,7.872
10.758,10.747,6.901,6.308,4.576,8.779,11.327
10.246,4.643,13.983,1.414,9.560,8.996,12.961
5.400,7.943,8.286,2.634,6.529,6.210,8.636
6.473,6.358,7.004,2.440,5.579,11.579,8.128
9.182,5.842,9.181,9.713,9.537,4.524,12.863
12.009,10.424,6.809,4.954,5.499,11.536,10.162
8.767,13.236,12.506,6.199,6.095,8.010,7.462
5.335,7.457,9.718,4.908,5.063,8.116,7.530
9.211,6.661,5.109,2.439,3.529,9.602,0.500
8.906,5.501,8.989,5.779,7.140,4.242,9.781
8.774,7.192,12.222,13.448,7.854,10.258,5.324
9.957,6.642,0.654,8.421,12.334,11.745,6.943
2.475,6.625,3.804,8.317,8.692,8.466,8.962
5.213,4.828,10.405,10.016,6.614,4.064,4.838
9.641,4.134,7.588,7.570,11.178,4.393,14.016
0.500,12.314,9.902,0.500,12.325,7.378,6.333
8.354,11.947,8.967,9.870,4.415,12.358,9.225
11.454,8.950,5.460,7.295,7.885,3.759,18.473
6.469,11.242,5.468,11.257,10.642,10.026,10.109
8.180,7.481,5.075,9.853,5.655,12.861,9.766
8.266,6.867,9.733,8.579,3.277,5.616,8.138
6.256,9.261,8.806,8.442,7.474,9.436,8.688
12.974,10.990,8.142,9.938,9.176,10.027,7.849
7.133,7.543,11.005,7.598,8.067,11.291,7.310
11.206,4.580,4.462,5.194,7.926,7.695,6.146
8.962,9.561,9.050,8.644,6.915,2.887,4.311
12.175,15.097,12.432,13.191,5.578,6.639,9.524
11.829,4.952,14.800,6.696,6.176,10.327,5.063
6.853,4.692,11.510,9.665,9.421,10.714,9.946
10.532,4.679,5.366,8.358,9.730,6.998,9.438
6.985,6.735,3.072,10.469,7.573,9.725,10.848
9.141,12.581,8.165,3.756,11.069,10.243,4.852
9.671,7.327,10.342,6.744,6.732,11.792,9.380
6.716,14.657,10.644,9.429,9.407,8.172,8.257
9.825,17.441,3.707,4.800,10.095,3.982,5.314
5.866,14.347,12.670,7.570,6.029,5.745,5.229
1.724,3.515,5.300,9.586,6.366,2.303,8.927
9.085,8.649,6.365,8.529,5.675,5.670,9.357
10.667,13.083,8.562,11.093,8.422,7.169,7.361
9.821,3.186,10.671,8.714,8.499,3.125,6.833
7.417,1.530,11.451,6.450,6.842,8.560,2.783
7.408,7.244,7.718,10.249,4.833,9.361,11.360
10.921,6.401,7.620,10.743,4.723,7.650,7.409
8.253,8.809,11.171,0.805,5.428,5.561,5.686
2.852,7.902,11.088,3.933,11.333,10.902,5.852
7.605,10.176,5.424,7.550,6.148,16.811,6.540
7.749,6.775,15.042,5.586,6.400,7.412,4.534
3.313,6.238,4.990,8.827,6.540,11.822,8.415
5.535,11.625,3.158,5.552,9.406,6.662,8.051
6.392,10.373,2.994,7.638,6.128,7.567,7.694
10.714,12.185,2.541,10.846,11.121,10.333,16.824
8.709,8.013,4.013,7.634,11.850,5.469,9.261
7.528,6.737,10.490,11.162,8.474,7.546,11.813
7.156,4.493,9.959,9.974,8.782,5.440,10.475
6.698,7.900,8.642,3.092,3.683,6.187,8.940
10.733,9.066,8.824,11.391,6.372,10.823,8.506
6.721,7.738,7.843,7.356,9.635,2.421,7.823
8.429,7.532,6.035,8.117,10.433,7.371,8.429
5.820,13.164,8.337,8.320,1.982,3.678,5.884
9.484,11.886,11.188,5.536,11.011,2.942,5.261
7.404,8.626,6.023,7.097,2.086,10.906,6.899
3.342,10.677,6.300,0.694,7.715,7.145,6.135
8.526,4.889,9.457,7.319,9.401,13.210,3.328
4.448,7.299,9.302,4.383,7.963,10.016,5.515
10.539,7.080,17.905,7.896,9.245,7.531,7.897
12.004,16.555,5.595,4.806,12.567,6.516,5.533
10.499,12.140,4.668,8.003,11.702,7.162,8.859
8.954,13.134,5.454,4.152,3.919,8.795,9.686
4.775,1.559,7.599,5.538,4.449,7.242,4.112
6.884,11.551,1.155,6.435,2.984,10.051,10.114
7.163,7.569,8.701,8.915,5.689,12.113,10.243
10.978,8.716,6.034,7.090,7.654,3.864,8.716
6.206,5.198,8.713,9.697,9.989,12.660,5.198
9.098,6.849,9.883,8.765,9.548,6.045,6.849
2.911,10.743,5.328,2.830,3.684,7.856,10.743
8.119,8.935,7.068,6.749,6.724,6.425,8.935
8.651,1.902,7.901,12.844,4.942,5.881,1.902
7.770,7.513,4.142,5.461,8.789,7.083,7.513
14.141,6.821,0.500,4.551,6.258,13.548,6.821
12.048,6.529,4.142,10.376,7.814,9.722,6.529
9.675,9.178,9.151,2.526,10.599,10.098,9.178
10.034,6.995,8.556,8.047,10.007,11.420,6.995
7.874,7.237,8.437,8.362,10.753,7.125,7.237
4.875,9.199,7.000,8.164,9.729,7.251,9.199
11.805,7.784,7.182,11.510,8.961,5.486,7.784
11.560,12.319,12.943,7.884,5.363,6.107,12.319
1.231,8.505,2.667,13.417,4.348,6.164,8.505
5.881,5.649,3.749,10.638,7.049,12.832,5.649
10.594,11.154,8.953,12.444,9.033,13.083,11.154
10.021,9.441,6.464,4.143,8.426,7.500,9.441
6.653,6.638,7.405,12.092,8.752,6.115,6.638
7.092,12.833,3.854,9.681,5.785,6.172,12.833
7.754,3.000,7.125,11.418,8.964,9.717,3.000
10.535,9.879,8.761,5.471,3.932,2.752,9.879
12.487,10.727,7.493,5.821,11.924,9.418,10.727
6.456,7.041,9.160,5.950,3.724,8.315,7.041
6.026,12.587,4.792,10.423,7.862,6.884,12.587
8.962,6.795,13.280,6.329,6.073,10.126,6.795
7.111,7.379,11.104,7.481,7.896,8.054,7.379
10.142,10.795,11.625,3.297,9.809,8.230,10.795
3.473,9.483,9.316,5.910,2.384,8.531,9.483
4.842,7.469,11.777,8.429,8.290,7.950,7.469
7.021,9.696,6.408,6.874,5.968,5.649,9.696
3.945,0.500,8.163,9.512,7.466,7.479,0.500
11.412,8.132,10.128,8.056,10.612,17.068,8.132
9.557,8.054,14.178,13.057,6.126,4.399,8.054
10.963,6.833,8.570,6.126,6.731,8.506,6.833
7.116,10.827,7.883,3.589,6.378,10.937,10.827
7.900,9.614,9.704,8.976,11.178,3.934,9.614
9.043,8.885,14.038,8.660,7.589,5.977,8.885
7.208,12.311,8.570,6.194,12.864,5.916,12.311
10.134,4.687,4.117,9.726,12.193,8.411,4.687
8.393,3.195,0.500,12.213,8.234,5.904,3.195
8.502,4.861,10.456,5.291,13.703,3.451,4.861
7.808,15.223,8.804,9.417,5.649,8.969,15.223
7.442,9.686,5.022,9.059,5.081,9.555,9.686
9.780,8.203,7.774,9.725,9.288,5.286,8.203
6.196,11.967,8.492,11.336,5.024,5.317,11.967
11.802,10.205,4.918,12.745,8.437,4.477,10.205
7.631,11.117,5.621,14.549,6.473,5.404,11.117
4.771,4.771,12.647,8.898,6.140,4.965,4.771
8.142,8.646,4.853,2.142,9.463,6.744,8.646
11.784,9.956,8.942,8.791,5.385,6.390,9.956
8.528,7.971,10.403,6.342,10.707,11.514,7.971
6.064,5.728,4.042,5.487,10.469,7.226,5.728
7.579,9.915,9.672,9.999,14.129,12.984,9.915
5.396,8.599,4.472,16.987,2.820,9.695,8.599
15.437,10.004,9.617,13.582,6.590,9.513,10.004
7.759,2.339,10.842,5.894,6.538,11.019,2.339
8.470,12.616,9.346,14.672,8.516,5.707,12.616
6.951,8.150,10.104,10.795,5.907,10.384,8.150
1.102,5.093,0.500,7.836,4.138,8.157,10.327
10.141,9.004,10.281,8.432,8.669,7.003,2.633
5.970,7.935,6.923,5.505,11.447,7.663,7.756
11.383,5.072,9.914,13.616,4.984,0.500,5.586
2.313,5.036,7.176,11.748,7.755,9.492,1.317
10.723,3.101,5.606,7.997,11.148,6.441,13.624
1.537,7.801,7.888,8.504,10.356,8.120,4.558
9.890,4.359,10.950,7.249,3.216,18.661,7.263
8.041,4.736,13.112,11.360,11.867,9.623,6.790
7.497,5.642,9.514,11.736,10.791,7.318,11.870
7.756,9.282,12.663,11.093,5.056,12.251,6.230
6.076,4.820,11.804,7.686,7.354,3.990,6.118
10.737,7.573,4.124,9.045,8.623,10.825,12.066
5.517,7.178,7.419,8.514,8.114,2.953,7.529
8.321,6.849,7.314,9.603,7.747,6.177,7.603
6.473,8.454,6.752,11.311,5.356,3.342,11.821
8.527,0.500,3.586,10.828,8.587,11.285,13.563
6.594,9.374,6.489,7.456,11.669,13.955,8.144
5.057,4.003,5.757,6.794,6.922,8.821,8.226
11.906,9.144,12.071,11.381,3.034,6.106,5.153
5.077,7.819,5.816,6.532,9.222,10.964,6.782
8.641,8.368,2.663,6.545,3.907,6.441,6.769
11.248,7.531,12.157,10.309,9.147,6.481,12.287
6.873,8.724,8.474,10.557,1.243,5.912,1.709
7.251,11.085,11.094,1.460,6.062,14.150,12.286
6.805,5.444,2.744,4.789,8.321,10.982,5.646
6.436,11.531,9.100,9.732,7.258,9.764,14.415
12.584,6.715,11.122,13.443,0.500,6.963,9.724
2.239,8.754,9.271,11.305,7.266,5.089,14.609
10.004,12.734,5.124,8.622,9.450,6.649,12.556
13.838,11.205,9.233,10.391,10.202,7.580,3.478
4.498,10.408,3.015,5.161,6.936,8.352,11.196
10.595,6.205,8.068,10.526,6.795,2.891,12.188
9.004,9.155,11.050,9.562,5.090,4.342,4.950
10.970,6.656,7.830,4.357,7.409,4.363,10.342
6.158,4.064,8.737,4.548,7.226,6.222,6.912
12.677,9.682,9.299,8.370,7.547,6.139,9.890
8.692,5.531,8.569,4.959,8.163,12.299,11.788
7.550,7.868,9.230,8.023,11.021,8.560,8.415
12.205,6.593,9.039,5.623,10.300,8.365,10.717
12.095,0.615,8.326,8.525,6.645,9.883,1.810
5.165,7.956,2.943,11.244,3.030,7.745,9.190
9.109,6.351,3.758,0.894,9.544,7.696,3.554
10.138,12.258,4.741,8.818,8.208,7.910,11.281
11.026,8.832,9.975,12.047,12.460,10.261,8.423
5.470,8.152,10.090,15.640,9.151,7.032,9.135
12.591,11.432,11.971,14.504,13.400,10.295,3.661
12.517,7.637,4.471,8.011,8.087,5.779,11.531
11.104,11.220,12.514,8.258,12.910,8.896,7.669
7.831,6.573,7.091,6.948,10.375,15.714,12.752
6.969,8.925,6.519,10.199,8.044,10.548,11.319
9.207,7.321,8.623,7.807,14.449,12.138,7.061
3.845,9.142,13.043,8.496,13.297,5.698,6.814
2.118,6.806,7.049,9.634,6.506,14.787,10.880
8.572,11.902,6.085,8.762,9.348,12.321,7.865
12.213,3.695,2.577,8.522,6.068,5.531,7.131
4.416,8.735,2.988,13.339,5.571,5.902,4.243
5.208,6.587,11.147,6.201,2.733,6.568,8.604
4.859,6.659,4.359,13.790,3.218,4.614,6.546
9.510,8.598,14.952,11.796,11.276,11.084,9.176
