0.654,8.092,4.274,9.957,8.926,6.227,8.157
3.804,9.674,2.661,2.475,1.725,3.372,7.003
10.405,6.587,4.428,5.213,13.487,14.100,7.663
7.588,4.115,4.501,9.641,10.115,8.068,0.500
9.902,5.730,4.549,0.500,3.456,2.714,9.492
8.967,9.539,6.071,8.354,6.343,7.381,6.441
5.460,4.031,6.004,11.454,9.200,9.234,8.120
5.468,9.639,5.697,6.469,5.663,10.305,18.661
5.075,12.286,5.855,8.180,9.672,9.198,9.623
9.733,9.165,6.827,8.266,10.569,14.394,7.318
8.806,9.487,6.377,6.256,4.539,6.079,12.251
8.142,6.688,6.706,12.974,6.681,4.124,3.990
11.005,8.581,7.037,7.133,7.711,6.783,10.825
4.462,1.968,7.231,11.206,10.392,3.112,2.953
9.050,3.073,7.608,8.962,3.839,5.563,6.177
12.432,8.980,8.063,12.175,10.366,14.457,3.342
14.800,12.854,5.071,11.829,4.791,3.540,11.285
11.510,6.918,4.361,6.853,11.058,9.930,13.955
5.366,5.454,4.076,10.532,8.755,4.165,8.821
3.072,9.327,3.934,6.985,11.750,7.536,6.106
8.165,4.706,4.173,9.141,1.470,6.187,10.964
10.342,7.887,4.124,9.671,5.391,0.500,6.441
10.644,1.909,4.669,6.716,11.551,6.043,6.481
3.707,14.190,11.420,9.825,12.380,10.002,5.912
12.670,0.500,11.486,5.866,11.346,5.919,14.150
5.300,3.562,10.824,1.724,6.166,12.315,10.982
6.365,5.415,11.557,9.085,9.566,6.689,9.764
8.562,12.338,6.978,10.667,7.267,8.422,6.963
10.671,12.490,6.784,9.821,7.693,8.268,5.089
11.451,11.290,8.122,7.417,9.420,3.097,6.649
7.718,4.977,7.993,7.408,10.026,5.928,7.580
7.620,12.160,8.162,10.921,3.398,4.497,8.352
11.171,5.045,8.127,8.253,5.459,7.904,2.891
11.088,10.426,8.264,2.852,6.257,14.993,4.342
5.424,8.138,8.471,7.605,12.598,9.057,4.363
15.042,4.416,7.987,7.749,7.214,8.294,6.222
4.990,10.808,8.647,3.313,9.819,8.412,6.139
3.158,9.884,8.045,5.535,7.184,10.995,12.299
2.994,3.844,8.361,6.392,8.294,5.079,8.560
2.541,11.395,8.369,10.714,9.629,9.189,8.365
4.013,9.456,8.093,8.709,3.969,11.756,9.883
10.490,10.726,8.017,7.528,11.649,4.111,7.745
9.959,8.969,7.643,7.156,10.292,13.033,7.696
8.642,7.894,7.509,6.698,6.803,7.129,7.910
8.824,9.487,8.166,10.733,4.308,8.069,10.261
7.843,11.368,8.496,6.721,6.295,5.426,7.032
6.035,7.764,16.434,8.429,7.748,8.720,10.295
8.337,6.204,10.416,5.820,5.703,4.097,5.779
11.188,8.044,10.445,9.484,7.017,8.111,8.896
6.023,6.613,10.362,7.404,13.813,6.768,15.714
6.300,4.829,10.164,3.342,7.333,11.296,10.548
9.457,7.435,10.811,8.526,9.303,0.500,12.138
9.302,9.475,10.452,4.448,5.198,11.093,5.698
17.905,12.737,10.292,10.539,12.468,6.902,14.787
5.595,7.629,10.045,12.004,10.607,0.500,12.321
4.668,7.004,10.400,10.499,5.383,5.488,5.531
5.454,6.876,17.122,8.954,8.335,3.462,5.902
7.599,6.433,11.556,4.775,7.381,3.165,6.568
1.155,9.184,15.253,6.884,11.134,10.304,4.614
8.701,7.064,4.432,7.163,5.242,7.606,11.084
8.642,4.426,13.340,4.815,5.824,0.500,3.932
9.017,3.846,12.641,12.041,8.877,7.797,7.254
6.029,11.053,12.243,8.148,9.354,3.428,9.358
10.754,9.522,12.040,11.075,8.480,5.778,5.253
10.934,2.504,16.605,8.375,9.324,5.258,4.179
5.262,10.310,11.161,11.624,5.533,7.718,5.138
8.316,10.000,9.669,3.755,5.475,3.975,9.003
10.591,6.332,9.293,12.543,4.045,11.147,11.025
9.690,8.934,8.991,10.768,10.247,9.047,8.953
7.055,3.650,8.793,5.728,8.223,8.155,9.201
10.833,7.620,8.016,5.443,4.137,10.592,7.893
8.514,7.052,6.978,10.449,6.664,7.093,7.836
5.669,11.213,6.493,7.665,8.658,9.448,12.305
7.563,4.573,7.170,6.596,2.129,13.623,6.881
8.006,5.206,7.004,4.925,8.775,11.806,5.264
5.224,6.970,6.187,3.866,9.351,4.457,7.632
8.830,13.274,6.018,9.910,6.689,9.726,13.200
7.417,5.840,5.599,12.254,8.714,10.584,12.949
5.978,6.497,4.316,6.276,7.090,2.268,3.654
12.259,7.172,4.268,7.589,10.380,7.453,8.947
8.447,7.286,4.474,11.780,7.473,9.606,10.287
14.654,6.088,5.344,10.162,6.789,7.731,4.851
6.222,10.765,2.930,7.699,9.720,8.361,11.130
7.689,3.980,11.479,13.665,7.218,6.136,0.883
14.371,9.029,11.460,5.187,7.272,5.640,4.899
6.579,3.704,10.647,6.332,5.858,4.004,11.928
2.414,7.162,10.502,6.761,11.844,7.058,4.068
11.869,7.363,10.415,12.282,10.457,8.896,8.199
5.743,9.123,3.492,3.655,6.578,8.540,4.231
10.583,10.360,10.583,6.205,9.624,3.298,13.181
4.305,2.951,10.362,9.962,7.405,0.500,3.962
8.595,7.106,9.477,4.811,2.615,9.474,10.145
1.706,4.139,9.335,4.840,3.122,1.661,7.064
8.781,11.444,10.194,5.945,6.052,7.866,5.955
7.291,11.641,10.027,9.649,7.559,6.974,11.771
6.492,7.508,11.513,7.237,6.884,3.896,9.944
0.500,9.670,10.965,2.632,9.527,17.365,13.034
6.013,5.376,10.775,10.543,12.282,9.749,8.460
2.925,17.005,9.780,13.534,9.257,9.487,9.870
9.472,7.575,2.391,6.058,10.836,7.187,7.346
10.972,6.399,1.916,11.571,10.534,8.332,3.509
5.523,4.332,7.518,11.148,13.625,9.211,5.892
5.413,8.532,7.393,11.090,11.225,8.453,14.642
7.955,5.971,7.244,4.384,9.334,5.221,10.276
3.878,3.766,8.073,3.341,6.566,10.187,9.370
7.709,2.901,6.825,11.919,7.181,7.736,7.780
9.724,7.809,6.714,12.338,6.776,5.409,6.726
3.305,9.726,6.764,3.208,3.253,7.899,5.790
9.645,10.396,6.676,3.866,9.140,4.936,4.446
9.271,12.929,6.432,6.371,9.576,12.510,5.966
9.935,11.147,6.785,10.174,8.266,8.666,5.640
10.328,10.467,5.846,8.329,8.853,7.593,9.515
10.209,8.470,7.278,13.003,8.684,10.694,10.223
8.596,10.455,7.445,14.881,11.572,9.389,7.596
10.920,15.069,7.012,10.105,9.481,12.769,10.942
8.878,2.679,6.791,10.530,6.472,10.410,12.745
6.241,6.646,6.621,5.520,6.902,12.595,5.550
10.542,4.579,6.114,9.042,6.295,2.883,5.449
12.485,7.830,0.921,11.430,10.820,10.140,6.313
9.000,10.700,6.662,12.631,5.179,6.935,10.630
5.857,14.405,10.316,6.785,9.399,7.160,7.985
7.993,11.015,12.007,6.729,10.152,8.750,7.273
12.001,10.075,10.692,9.686,7.048,8.501,11.195
6.526,7.505,10.676,7.505,10.693,9.816,5.583
6.157,8.071,10.716,6.946,6.444,5.958,6.242
9.903,2.643,10.624,8.029,12.007,2.454,7.541
9.673,10.440,10.638,12.059,12.368,6.618,7.973
5.547,8.456,10.361,6.951,8.667,13.767,10.698
7.842,9.046,10.318,14.588,5.584,3.318,4.909
5.643,0.573,10.274,15.463,11.294,12.141,14.512
9.254,14.765,10.014,6.656,8.855,7.562,15.007
6.179,10.040,9.836,11.076,4.983,9.423,10.900
14.843,7.303,12.101,2.546,9.766,8.515,10.003
10.734,9.058,9.927,6.985,11.043,8.560,5.420
7.045,5.548,9.856,10.419,5.922,7.098,12.579
7.454,11.943,11.483,7.828,9.498,5.342,7.031
11.683,5.240,11.710,6.785,4.733,12.326,9.070
5.327,6.995,9.654,7.841,7.392,2.384,5.047
9.191,9.139,12.546,11.320,7.091,8.411,0.500
5.282,4.516,10.375,13.740,10.790,7.059,5.913
11.913,11.133,10.188,18.647,7.393,8.983,7.986
7.418,4.476,10.018,8.776,7.808,9.644,11.640
10.398,7.382,9.781,7.670,12.711,9.895,8.645
6.819,3.472,9.502,13.916,7.062,10.966,8.856
11.519,10.704,9.149,8.930,7.266,7.410,8.542
11.237,6.407,8.827,8.995,9.512,8.684,9.346
7.409,11.499,8.512,2.156,8.925,6.615,12.317
9.421,5.803,8.186,6.677,3.221,7.442,8.626
11.547,7.324,9.586,1.856,3.943,8.436,9.341
7.964,7.616,7.826,9.689,6.559,9.516,4.740
5.099,8.817,7.479,9.505,3.306,9.383,10.998
7.533,8.640,8.909,9.390,10.164,8.186,8.312
6.465,11.921,7.050,5.554,11.513,6.600,3.366
4.564,7.404,8.210,8.542,7.938,2.862,8.269
8.916,8.064,6.619,7.416,6.544,4.990,13.041
7.905,13.451,6.194,8.513,11.720,8.887,14.740
6.056,6.069,5.753,9.630,10.209,5.709,7.556
10.791,5.415,7.286,4.291,13.448,6.650,10.140
11.424,7.249,7.270,8.062,4.880,6.145,13.728
10.782,12.633,6.069,11.104,6.895,14.082,10.633
7.601,7.991,0.500,14.640,4.666,10.666,7.751
12.151,5.793,14.958,12.284,3.750,8.785,8.002
12.144,11.651,6.854,10.044,13.657,12.254,11.992
10.169,4.405,6.675,7.900,11.719,7.855,6.592
9.586,6.982,6.552,9.105,5.373,11.757,9.897
10.256,13.311,6.413,4.663,12.689,5.326,0.500
9.032,9.612,6.215,7.967,6.541,9.249,10.798
9.323,8.453,6.065,5.737,8.750,9.071,10.074
11.004,8.413,5.964,7.616,7.159,11.649,5.753
7.290,8.571,5.710,10.815,2.631,10.316,10.412
11.277,5.999,5.598,7.854,3.774,12.006,7.273
12.955,6.861,5.367,4.879,10.001,12.101,8.593
6.490,13.727,5.201,9.679,5.504,6.729,5.483
5.950,8.188,5.023,10.305,7.451,7.057,4.161
7.842,7.512,4.738,6.173,5.466,17.355,6.508
5.261,11.739,2.871,9.037,11.056,6.090,10.667
11.569,7.122,4.073,2.525,8.262,8.388,1.652
11.223,6.964,2.102,5.852,6.530,9.119,10.414
4.680,8.341,1.486,4.523,10.452,7.817,14.015
9.363,12.417,1.096,6.491,8.603,7.057,11.797
9.171,8.536,7.156,9.433,10.504,9.759,9.438
4.302,8.855,5.723,5.448,7.155,4.370,7.619
6.003,5.478,5.703,7.369,8.204,10.960,5.649
5.973,11.279,7.592,4.812,5.855,6.287,4.606
5.341,7.909,9.866,4.681,10.366,8.633,11.518
7.252,9.817,7.338,11.342,10.556,8.486,7.157
7.823,9.912,6.337,12.445,8.884,8.878,7.420
7.947,7.540,7.122,4.529,2.463,8.558,7.498
3.333,6.976,6.840,5.626,6.717,10.939,4.812
14.410,9.897,5.849,9.979,4.814,7.983,13.223
4.133,6.702,5.365,5.713,9.139,9.560,9.039
4.517,11.216,4.293,7.255,8.629,10.077,8.263
8.700,8.825,4.326,9.797,4.222,6.652,6.189
14.782,1.658,4.922,10.160,12.024,7.343,0.500
5.275,6.619,5.691,9.218,6.029,5.650,7.352
8.988,6.094,7.575,8.643,5.539,10.203,10.154
5.898,13.423,7.196,3.850,16.509,7.814,7.774
5.943,1.167,7.840,8.037,9.872,5.243,10.339
2.314,6.236,8.224,6.533,10.615,8.389,12.101
8.578,9.246,7.824,5.851,9.837,16.861,13.398
12.080,8.708,9.722,8.869,8.038,7.082,9.926
8.294,10.258,5.738,1.032,7.757,2.906,5.421
6.562,14.318,4.718,11.628,11.770,8.004,15.199
12.379,7.761,3.649,5.758,7.909,14.909,8.992
14.034,9.835,3.271,11.716,6.663,8.834,8.488
13.151,10.949,1.259,9.523,14.543,2.862,3.625
3.635,10.557,1.077,9.760,10.257,1.879,5.542
2.892,5.363,14.425,1.380,9.066,11.034,4.262
9.309,6.368,5.400,4.567,7.295,11.953,2.659
10.045,10.203,4.693,8.676,4.026,3.915,7.173
4.042,9.005,5.846,10.919,6.461,8.223,5.358
11.570,5.340,5.349,7.416,9.606,10.590,8.527
13.546,11.581,6.104,8.164,7.502,6.652,7.458
12.292,6.631,5.311,7.651,12.008,9.185,9.897
10.706,7.591,9.136,10.752,10.883,10.812,9.558
11.878,8.145,8.930,7.204,3.465,5.002,3.386
6.680,7.541,10.321,12.980,7.771,5.873,2.189
8.550,3.294,9.439,2.724,7.753,7.662,7.641
12.080,7.780,8.480,3.949,8.150,8.442,9.479
7.910,4.939,8.941,7.508,6.470,13.059,12.642
7.477,5.436,11.327,9.531,0.845,9.039,8.428
8.067,6.414,12.223,11.992,8.409,2.553,5.988
11.111,6.943,11.986,7.692,6.137,4.777,7.796
9.035,5.229,11.798,5.675,4.222,8.424,7.215
3.167,8.576,12.834,8.130,7.768,9.264,11.151
7.482,3.598,11.897,6.964,4.436,11.270,8.545
8.260,7.015,11.592,6.366,7.310,4.923,8.647
2.902,5.655,12.565,4.848,6.124,10.712,8.888
7.900,8.504,6.410,4.357,6.309,6.425,8.356
4.631,7.268,8.620,6.687,9.614,14.452,6.932
10.637,3.097,8.235,12.758,8.372,6.005,13.484
11.481,6.390,12.305,9.250,12.315,5.779,5.871
7.729,11.283,11.099,2.727,4.850,11.603,9.756
0.500,5.501,9.739,12.217,10.942,5.115,2.613
12.683,12.698,9.347,7.278,5.444,8.836,6.471
13.329,7.936,10.103,12.511,10.690,4.470,12.550
6.870,5.444,12.886,8.206,10.044,5.276,2.897
7.777,7.498,10.931,13.140,9.647,14.694,4.329
9.453,0.500,9.601,9.731,5.632,13.966,7.201
11.448,4.418,9.915,7.580,6.783,4.902,8.848
6.001,2.561,5.567,14.405,11.000,7.956,10.326
7.561,4.592,0.546,11.015,9.229,8.341,4.947
6.715,2.377,3.628,10.075,7.681,4.019,1.502
11.386,6.127,0.983,7.505,7.244,8.838,4.843
2.897,5.291,3.194,8.071,12.559,6.640,9.432
8.498,9.051,7.173,2.643,14.387,8.429,12.634
11.818,1.673,3.890,10.440,7.432,6.226,5.153
4.240,11.449,3.600,8.456,4.835,9.717,7.199
8.312,9.897,3.475,9.046,8.222,7.903,12.324
11.266,11.476,4.261,0.573,15.647,7.464,11.272
10.208,7.340,5.005,14.765,3.342,3.499,7.209
9.472,5.473,3.706,10.040,6.828,8.373,7.652
1.800,9.721,12.175,7.303,6.365,10.453,7.134
4.486,7.350,8.550,9.058,2.444,11.363,9.618
11.208,17.301,8.777,5.548,7.106,3.889,4.280
8.088,9.993,9.843,11.943,11.331,12.192,8.682
11.852,4.329,10.459,5.240,8.524,3.018,7.880
10.874,12.166,10.688,6.995,8.459,12.173,14.285
7.746,6.050,10.000,9.139,5.455,4.738,4.924
6.131,3.329,10.197,4.516,10.047,7.688,8.054
4.498,8.118,10.833,11.133,4.647,6.038,6.228
2.116,6.515,14.494,4.476,5.355,6.115,7.532
7.350,11.493,8.907,7.382,10.724,3.519,8.713
10.316,10.740,8.606,3.472,4.853,3.381,10.377
10.735,9.186,8.225,10.704,6.237,9.135,10.524
11.067,13.326,7.177,6.407,7.673,1.112,3.252
9.541,6.568,9.331,11.499,9.956,5.946,6.100
7.076,15.275,8.959,5.803,4.562,8.926,5.216
7.932,5.844,8.250,7.324,7.476,5.083,5.357
13.882,6.359,7.450,7.616,8.796,5.358,10.404
7.494,14.745,9.385,8.817,7.531,9.904,13.463
9.322,8.517,10.148,8.640,13.700,6.290,2.345
13.381,11.046,8.893,11.921,9.990,3.861,8.697
9.932,8.670,9.469,7.404,6.717,0.500,7.949
5.954,5.575,9.451,8.064,4.852,11.004,7.065
13.359,8.588,11.954,13.451,8.106,7.148,10.708
3.914,9.104,9.338,6.069,6.065,4.671,9.112
7.623,7.114,8.145,5.415,3.736,9.299,6.021
9.493,12.747,7.662,7.249,10.265,5.552,12.982
9.153,6.859,7.324,12.633,4.090,6.860,13.080
11.212,6.700,6.379,7.991,12.888,3.045,8.130
9.286,9.892,6.615,5.793,10.279,7.349,11.787
6.309,5.561,7.756,11.651,8.303,5.154,8.735
6.756,4.308,8.318,4.405,8.828,10.828,8.257
6.448,12.753,8.645,6.982,7.092,9.155,8.249
3.163,2.665,7.167,13.311,3.291,7.858,4.962
7.956,9.082,10.369,9.612,10.185,5.037,6.049
11.814,7.185,9.314,8.453,2.913,7.491,7.584
8.005,13.656,7.190,8.413,5.155,11.277,1.394
7.809,9.278,7.406,8.571,5.930,5.130,7.657
9.679,16.911,8.312,5.999,9.509,10.333,6.508
13.228,7.000,5.142,6.861,8.966,10.057,3.755
4.505,4.358,6.873,13.727,8.886,6.145,4.998
7.428,11.034,7.443,8.188,11.500,13.578,5.762
16.719,9.769,7.370,7.512,6.827,12.141,7.300
11.293,8.592,6.811,11.739,9.395,7.075,8.727
5.885,10.000,9.204,7.122,4.747,10.411,9.178
9.728,9.451,18.360,6.964,7.896,9.429,9.446
7.695,2.028,11.212,8.341,8.608,5.252,6.610
7.104,13.430,10.399,12.417,7.522,9.578,3.567
5.999,7.682,11.225,9.678,9.537,8.243,10.013
6.538,6.916,11.343,2.965,5.956,9.973,7.988
12.741,7.820,11.455,10.402,8.546,9.145,8.509
9.698,2.708,11.498,8.606,7.207,8.599,7.396
4.440,7.478,11.411,12.827,6.994,6.959,6.313
6.656,8.952,11.499,4.748,6.593,1.522,14.162
6.191,4.713,10.095,9.964,16.373,8.165,11.664
5.825,4.440,10.311,9.832,11.634,12.642,9.464
10.704,7.401,11.004,7.434,5.703,7.169,10.234
8.049,10.306,10.041,9.399,6.187,7.252,9.353
7.293,8.090,9.651,8.456,4.198,8.927,7.124
8.176,4.792,9.339,13.696,6.991,5.041,6.398
9.513,9.372,10.434,13.809,5.814,4.213,10.498
2.187,12.199,10.556,12.806,9.709,7.997,4.776
7.645,10.101,10.434,6.310,3.650,9.386,11.895
8.345,3.508,4.134,12.216,9.970,8.912,5.905
10.332,12.267,10.524,2.348,3.465,4.820,9.330
10.642,15.598,9.584,7.489,5.938,6.470,3.938
9.357,3.137,10.611,7.695,9.342,11.287,8.572
9.065,3.632,9.617,7.898,11.347,6.776,7.488
3.144,11.362,10.582,7.808,3.121,9.002,11.784
8.053,10.653,10.658,8.775,7.394,8.349,5.922
8.418,4.508,9.487,9.970,1.792,8.857,6.823
4.280,9.667,9.664,8.325,6.585,10.196,9.204
6.185,10.170,9.655,7.333,11.897,9.375,4.625
5.474,10.415,9.711,8.357,12.038,7.247,5.846
8.381,10.300,9.808,8.250,12.097,14.850,10.742
11.231,6.312,9.280,6.213,11.352,9.847,6.277
6.337,8.554,9.217,5.850,8.364,4.981,6.759
9.548,13.773,9.122,10.510,5.281,7.260,8.786
5.653,7.854,9.018,6.262,10.926,8.255,14.234
7.672,7.029,5.087,9.120,7.694,12.133,12.627
5.654,2.150,4.091,9.868,9.282,4.296,7.760
3.160,8.538,3.929,9.752,7.148,4.361,10.354
8.534,11.631,3.900,7.670,2.880,6.316,12.457
7.553,4.125,4.022,5.767,10.300,8.944,10.250
5.542,12.925,4.169,9.603,10.039,9.336,9.869
3.485,12.663,4.161,6.525,6.756,10.796,4.606
8.170,10.440,4.105,10.040,11.618,12.373,13.074
6.700,0.500,4.198,4.663,4.233,10.770,11.884
10.379,15.937,4.151,13.151,5.545,6.332,8.199
5.862,4.819,10.266,5.705,9.600,10.937,8.969
10.154,6.076,4.112,13.319,11.195,6.959,3.491
7.576,5.057,3.897,6.921,5.920,9.405,2.205
5.360,6.648,4.074,6.733,8.195,7.353,12.725
5.273,7.768,4.193,11.895,8.961,10.562,9.776
11.358,9.024,4.500,5.425,10.080,6.054,17.759
9.309,8.433,4.395,8.654,0.500,8.918,12.755
7.380,9.827,4.480,8.676,5.113,10.042,8.511
5.160,5.016,10.688,4.902,11.490,2.859,6.994
7.375,7.849,5.024,4.817,7.303,7.011,7.904
8.304,6.138,5.142,12.807,3.598,11.862,6.792
3.086,8.543,10.216,12.478,8.475,5.399,12.443
6.129,6.923,5.423,15.832,12.957,7.555,14.889
7.189,9.238,5.524,9.439,4.292,10.165,8.857
8.924,7.249,10.239,8.539,9.423,6.075,4.582
5.584,4.784,5.157,2.913,9.149,3.251,6.452
5.725,14.008,5.409,7.638,4.148,9.667,5.984
3.209,7.974,12.048,8.106,8.001,4.475,9.096
10.954,10.296,12.434,2.669,5.344,13.449,12.267
8.166,9.438,6.942,7.320,9.208,6.614,1.834
7.919,7.619,0.500,6.664,7.764,6.180,5.597
5.956,5.649,4.321,13.094,8.666,10.877,5.730
8.781,4.606,4.787,10.200,8.743,3.964,3.939
10.384,11.518,0.500,12.131,4.418,5.691,8.265
14.432,7.157,3.307,7.885,7.179,7.942,5.870
7.251,7.420,2.217,4.792,6.296,4.152,17.118
12.992,7.498,4.721,5.448,5.657,8.564,9.431
8.059,4.812,6.372,4.560,6.255,5.441,13.284
8.206,13.223,11.844,8.288,10.869,9.265,7.161
9.445,9.039,9.464,4.483,7.732,12.851,10.679
0.831,8.263,9.043,14.380,10.399,3.924,10.125
6.695,6.189,7.301,5.151,11.350,9.491,13.709
10.550,0.500,7.505,9.151,4.561,8.295,9.668
2.479,7.352,9.665,7.355,9.794,10.364,10.447
6.174,10.154,4.979,5.784,9.098,12.193,1.552
13.230,7.774,7.606,7.590,13.702,8.121,6.759
9.031,10.339,6.543,8.056,11.615,5.009,8.268
10.825,12.101,7.254,10.540,9.869,11.168,10.547
7.188,13.398,8.265,5.869,7.344,6.211,6.099
9.868,9.926,10.120,7.160,6.811,6.816,7.351
4.147,5.421,9.926,0.500,6.297,4.991,9.170
11.154,15.199,8.446,7.817,3.709,9.743,6.574
8.431,8.992,8.990,5.432,2.895,5.247,6.860
12.951,8.488,8.666,13.038,12.749,7.975,7.158
8.853,3.625,8.014,8.929,7.139,11.665,10.076
8.029,5.542,8.464,14.381,8.519,4.682,9.996
3.237,4.262,10.138,5.630,6.359,3.612,5.804
10.293,2.659,9.668,8.538,8.665,6.643,11.491
3.614,7.173,9.404,6.061,9.977,7.312,10.930
12.326,5.358,6.115,7.464,6.995,11.592,6.077
5.955,8.527,6.482,14.653,10.760,7.168,6.591
8.751,7.458,1.845,6.760,3.523,3.474,2.672
9.043,9.897,6.468,9.547,9.084,5.787,10.572
6.705,9.558,4.648,3.706,9.488,7.672,12.894
8.898,3.386,8.586,7.684,5.761,5.597,10.075
7.893,2.189,15.974,11.213,9.461,7.481,10.120
9.659,7.641,11.782,9.651,6.491,8.721,11.336
8.880,9.479,13.502,10.388,6.489,8.119,8.749
7.325,12.642,12.712,9.254,9.006,2.326,9.792
2.420,8.428,8.987,5.512,8.046,8.684,7.476
8.732,5.988,8.152,7.578,8.759,13.925,11.445
4.553,7.796,8.939,5.347,6.041,7.320,4.602
7.081,7.215,11.621,8.237,7.059,4.083,9.793
13.811,11.151,11.134,9.953,8.653,8.484,5.462
3.840,8.545,7.138,7.777,12.620,12.514,3.806
11.622,8.647,5.454,8.966,8.697,12.722,11.773
9.997,8.888,6.182,9.428,7.186,8.806,12.431
9.111,8.356,9.987,8.257,7.148,8.940,11.059
9.305,6.932,9.919,0.646,4.994,7.826,6.329
7.022,13.484,9.924,8.405,1.169,3.862,12.460
9.415,5.871,11.716,4.990,10.252,3.300,3.742
4.783,9.756,10.083,12.172,7.021,12.923,1.193
8.240,2.613,9.384,13.185,7.421,9.455,6.363
9.859,6.471,8.759,11.668,8.010,11.357,9.242
6.347,12.550,5.185,13.288,2.659,9.072,14.085
5.906,2.897,7.469,6.324,8.711,7.372,2.691
5.867,4.329,8.756,7.959,4.383,7.104,1.512
6.895,7.201,10.701,7.514,6.390,11.509,4.522
8.035,8.848,7.423,9.168,6.864,6.862,6.646
10.576,13.377,10.359,8.601,10.013,6.851,4.946
13.775,4.490,11.149,10.389,7.988,3.929,10.426
3.636,4.636,11.014,12.412,8.509,10.990,8.754
8.699,5.074,10.816,9.224,7.396,7.297,6.216
6.745,6.342,10.222,7.516,6.313,8.684,9.391
8.259,3.742,10.263,14.748,14.162,6.878,8.544
6.968,9.890,10.435,12.615,11.664,4.994,5.144
7.416,10.006,8.814,14.741,9.464,7.159,7.542
7.760,3.799,11.687,10.421,10.234,10.020,8.474
5.760,8.686,13.482,2.069,9.353,4.511,6.097
4.857,3.738,12.987,9.372,7.124,7.827,4.047
8.729,5.873,11.478,8.733,6.398,8.917,11.024
5.043,6.468,10.464,6.929,10.498,3.425,10.354
11.927,7.827,10.115,8.776,4.776,9.571,6.861
5.902,15.117,9.670,7.623,11.895,2.569,14.208
4.151,9.403,10.864,8.647,5.905,11.215,9.349
5.379,13.316,8.382,5.112,9.330,7.812,1.652
6.107,5.413,7.479,2.854,3.938,10.607,6.194
2.427,7.713,6.766,7.861,8.572,6.939,6.122
6.434,5.086,7.259,2.672,7.488,4.018,5.676
5.530,10.185,6.026,12.056,11.784,8.952,4.674
5.510,7.949,8.972,5.068,5.922,6.008,12.267
9.234,11.816,5.167,8.294,6.823,10.031,8.712
6.929,5.718,5.305,6.338,9.204,6.200,10.103
5.506,9.836,5.291,13.003,4.625,10.175,3.715
9.124,8.304,16.525,6.843,5.846,4.230,9.360
3.237,9.717,9.987,0.627,10.742,10.354,12.744
11.776,5.899,10.264,10.263,6.277,10.730,13.039
9.259,8.628,10.198,11.656,6.759,5.723,6.087
17.371,11.142,5.597,10.429,8.786,8.809,8.612
10.919,7.533,7.373,9.802,14.234,9.004,7.037
14.842,13.236,5.983,7.588,12.627,11.069,5.668
10.561,5.864,3.704,12.308,7.760,8.254,7.804
9.461,9.654,7.538,10.606,10.354,10.872,8.329
0.500,10.629,8.399,7.587,12.457,2.656,4.819
8.828,8.312,7.788,11.894,10.250,12.656,5.635
2.620,8.716,9.179,5.804,9.869,13.750,9.480
4.357,8.803,7.206,5.456,4.606,10.262,9.499
8.680,10.487,8.501,4.917,13.074,10.920,11.961
4.453,10.575,8.498,13.089,11.884,10.815,7.102
3.732,10.646,7.607,11.003,8.199,8.943,7.918
8.185,8.624,9.239,12.731,8.969,6.980,7.829
0.741,6.671,9.166,6.757,3.491,3.511,4.893
6.144,7.652,7.057,5.300,2.205,3.636,6.422
11.085,9.969,4.575,8.191,12.725,9.988,9.557
11.868,7.996,0.535,6.951,9.776,11.686,8.821
10.148,0.650,0.501,9.614,17.759,9.227,14.950
8.434,8.474,5.349,7.607,12.755,5.646,7.123
3.066,10.948,4.485,5.662,8.511,10.600,11.573
8.471,5.031,5.197,9.670,6.994,9.001,12.102
10.123,7.996,4.322,5.662,7.904,12.123,12.438
9.191,7.809,4.569,6.821,6.792,7.126,12.479
2.927,3.080,5.137,11.577,12.443,4.742,9.604
8.689,3.491,6.909,9.278,14.889,9.523,12.662
1.198,6.838,12.844,8.646,8.857,5.791,7.639
11.501,6.064,7.018,4.410,4.582,2.750,3.198
7.939,7.258,5.495,7.851,6.452,10.198,14.746
7.776,13.054,5.537,10.355,5.984,6.228,11.103
5.427,11.587,7.480,4.843,9.096,8.946,4.807
9.317,6.830,5.771,8.217,12.267,7.498,6.786
8.092,4.138,4.738,9.095,6.409,10.300,9.537
9.674,8.669,0.500,7.075,6.404,8.488,5.956
6.587,11.447,4.742,7.616,5.114,5.740,8.546
4.115,4.984,4.675,9.194,2.375,7.666,7.207
5.730,7.755,5.091,10.686,7.343,6.448,6.994
9.539,11.148,7.651,7.946,12.017,4.958,6.593
4.031,10.356,10.845,7.722,5.774,6.050,16.373
9.639,3.216,14.977,11.442,7.173,11.088,11.634
12.286,11.867,15.124,7.359,5.725,8.301,5.703
9.165,10.791,12.980,7.797,12.312,12.597,6.187
9.487,5.056,8.016,9.895,17.777,6.346,4.198
6.688,7.354,7.006,8.772,7.069,10.220,6.991
8.581,8.623,7.523,4.076,12.289,8.348,5.814
1.968,8.114,6.262,9.893,5.738,8.507,9.709
3.073,7.747,8.060,3.400,11.516,8.258,3.650
8.980,5.356,7.366,8.941,9.807,8.790,9.970
12.854,8.587,11.261,11.236,5.820,7.427,3.465
6.918,11.669,9.370,13.047,5.996,10.058,5.938
5.454,6.922,5.950,11.522,7.511,7.166,9.342
9.327,3.034,5.370,14.443,6.115,7.900,11.347
4.706,9.222,4.128,9.574,8.146,7.264,3.121
7.887,3.907,7.413,4.543,9.892,8.266,7.394
1.909,9.147,9.944,5.397,11.527,8.089,1.792
14.190,1.243,13.924,10.930,10.799,7.500,6.585
0.500,6.062,12.240,12.461,6.817,6.192,11.897
3.562,8.321,8.718,8.443,9.827,4.495,12.038
5.415,7.258,5.882,5.641,9.524,4.366,12.097
12.338,0.500,4.935,3.433,5.357,5.450,11.352
12.490,7.266,6.109,14.154,8.467,11.201,8.364
11.290,9.450,5.936,11.509,6.680,4.317,5.281
4.977,10.202,7.281,8.401,10.109,2.084,10.926
12.160,6.936,9.508,5.930,12.662,10.033,7.694
5.045,6.795,8.805,10.644,3.676,8.201,9.282
10.426,5.090,11.838,13.376,8.076,8.049,7.148
8.138,7.409,8.439,10.820,9.124,6.889,2.880
4.416,7.226,9.355,5.548,7.454,9.628,10.300
10.808,7.547,8.531,5.526,8.826,10.668,10.039
9.884,8.163,10.247,9.798,8.840,13.329,6.756
3.844,11.021,9.193,9.987,3.090,3.936,11.618
11.395,10.300,7.651,7.493,10.131,5.791,4.233
9.456,6.645,7.546,12.924,9.836,8.550,5.545
10.726,3.030,5.741,4.313,8.884,12.455,9.600
8.969,9.544,3.141,7.312,7.744,6.038,11.195
7.894,8.208,7.481,12.896,6.123,11.025,5.920
9.487,12.460,6.315,7.478,8.255,7.959,8.195
11.368,9.151,9.544,6.240,3.946,10.557,8.961
7.764,13.400,14.418,3.524,6.834,7.914,10.080
6.204,8.087,10.990,8.210,3.975,10.360,0.500
8.044,12.910,11.736,5.107,12.019,14.978,5.113
6.613,10.375,10.346,10.802,10.690,7.344,11.490
4.829,8.044,6.906,9.367,8.164,8.591,7.303
7.435,14.449,6.257,6.950,4.966,10.369,3.598
9.475,13.297,9.499,6.294,7.954,7.852,8.475
12.737,6.506,6.373,5.545,2.874,12.346,12.957
7.629,9.348,6.576,13.046,9.017,7.668,4.292
7.004,6.068,6.664,6.830,5.664,5.251,9.423
6.876,5.571,2.737,6.369,10.293,7.416,9.149
6.433,2.733,5.984,8.600,1.558,7.848,4.148
9.184,3.218,6.257,9.101,11.030,8.004,8.001
7.064,11.276,7.905,8.242,5.937,4.118,5.344
4.042,8.289,10.836,6.614,8.243,5.134,5.663
10.915,12.377,12.969,6.180,9.973,7.528,11.814
0.500,8.138,12.883,10.877,9.145,8.138,4.699
9.037,8.459,9.724,3.964,8.599,7.047,6.664
5.898,8.547,7.552,5.691,6.959,7.224,5.775
8.503,11.014,9.949,7.942,1.522,9.019,1.007
4.844,5.073,10.298,4.152,8.165,13.950,8.425
11.487,7.408,10.917,8.564,12.642,6.103,12.655
5.098,6.362,11.249,5.441,7.169,9.621,8.264
8.407,10.001,8.424,9.265,7.252,11.182,2.762
6.752,10.132,6.990,12.851,8.927,6.674,12.094
7.577,10.277,11.806,3.924,5.041,4.654,7.083
6.363,10.032,12.783,9.491,4.213,8.608,6.458
12.958,6.025,9.526,8.295,7.997,7.027,7.059
5.956,11.536,11.175,10.364,9.386,12.197,9.149
9.450,5.190,8.841,12.193,8.912,7.611,6.150
14.905,5.953,8.609,8.121,4.820,8.769,6.482
9.355,6.909,7.026,5.009,6.470,10.913,6.935
5.237,6.803,7.705,11.168,11.287,3.790,14.491
10.315,12.165,12.126,6.211,6.776,5.043,7.231
10.337,11.682,6.733,6.816,9.002,5.360,3.896
10.049,11.039,6.578,4.991,8.349,7.485,5.401
11.176,8.508,7.618,9.743,8.857,9.324,8.825
6.821,10.497,7.828,5.247,10.196,9.928,9.913
10.717,9.333,6.457,7.975,9.375,4.628,5.958
7.494,9.353,5.111,11.665,7.247,3.795,5.344
8.177,11.079,4.361,4.682,14.850,11.130,8.592
7.320,4.622,5.537,3.612,9.847,11.383,6.125
10.492,6.739,9.267,6.643,4.981,7.266,1.840
3.052,4.678,7.713,7.312,7.260,8.715,5.706
5.462,6.292,6.609,11.592,8.255,0.500,14.751
6.305,5.903,6.207,7.168,12.133,9.001,11.639
6.512,4.608,9.869,3.474,4.296,2.554,10.990
7.894,6.630,8.843,5.787,4.361,2.243,8.816
2.688,8.027,8.906,7.672,6.316,8.666,5.816
5.953,6.706,6.542,5.597,8.944,6.162,3.427
7.975,6.062,7.378,7.481,9.336,8.897,6.041
7.285,7.970,3.993,8.721,10.796,5.557,8.270
5.570,8.320,0.500,8.119,12.373,9.916,8.766
5.079,13.146,3.257,2.326,10.770,11.428,5.774
10.333,7.731,4.275,8.684,6.332,8.902,12.035
9.574,6.097,4.618,13.925,10.937,8.112,8.918
7.701,3.316,10.971,7.320,6.959,10.252,7.730
6.820,9.668,8.052,4.083,9.405,7.048,4.963
6.747,9.817,8.455,8.484,7.353,11.027,11.177
7.468,6.451,5.999,12.514,10.562,11.701,7.640
10.522,5.659,4.443,12.722,6.054,9.385,4.149
6.391,7.677,5.870,8.806,8.918,5.476,8.428
11.965,9.647,4.645,8.940,10.042,7.872,4.959
6.726,8.390,0.500,7.826,2.859,11.327,8.779
2.597,8.911,4.577,3.862,7.011,12.961,8.996
12.695,2.121,6.465,3.300,11.862,8.636,6.210
3.545,8.326,5.557,12.923,5.399,8.128,11.579
10.885,6.541,7.282,9.455,7.555,12.863,4.524
4.434,2.644,15.167,11.357,10.165,10.162,11.536
4.471,7.888,10.585,9.072,6.075,7.462,8.010
6.097,0.500,9.130,7.372,3.251,7.530,8.116
7.418,6.699,11.708,7.104,9.667,0.500,9.602
4.709,11.217,9.874,11.509,4.475,9.781,4.242
3.674,5.403,11.130,6.862,13.449,5.324,10.258
14.405,8.243,9.387,4.426,7.916,9.743,5.211
11.015,9.973,11.320,3.846,6.291,12.574,10.562
10.075,9.145,9.834,11.053,8.983,7.924,4.015
7.505,8.599,10.397,9.522,6.062,6.326,8.163
8.071,6.959,10.166,2.504,7.264,1.164,6.657
2.643,1.522,9.763,10.310,6.705,9.148,8.269
10.440,8.165,10.074,10.000,9.410,12.742,7.496
8.456,12.642,10.198,6.332,6.798,5.201,5.514
9.046,7.169,10.308,8.934,6.096,8.405,8.759
0.573,7.252,10.358,3.650,10.144,14.911,3.452
14.765,8.927,10.394,7.620,9.724,4.792,2.645
10.040,5.041,8.252,7.052,8.626,7.166,5.484
7.303,4.213,10.444,11.213,7.571,8.598,6.453
9.058,7.997,10.835,4.573,11.554,5.707,9.256
5.548,9.386,10.414,5.206,9.514,9.608,9.126
11.943,8.912,11.592,6.970,5.727,10.518,7.413
5.240,4.820,8.614,13.274,6.381,2.188,11.890
6.995,6.470,10.772,5.840,9.569,6.057,10.402
9.139,11.287,10.668,6.497,8.627,4.185,7.812
4.516,6.776,10.467,7.172,8.741,11.275,13.638
11.133,9.002,10.156,7.286,5.356,6.425,10.390
4.476,8.349,9.569,6.088,8.744,5.634,5.532
7.382,8.857,9.478,10.765,9.652,11.038,8.449
3.472,10.196,8.719,3.980,10.193,8.168,12.063
10.704,9.375,5.958,9.029,3.427,12.015,5.166
6.407,7.247,3.420,3.704,6.701,14.175,7.237
11.499,14.850,3.389,7.162,8.903,10.878,8.984
5.803,9.847,10.341,7.363,6.283,11.343,8.466
7.324,4.981,9.584,9.123,5.568,10.895,12.802
7.616,7.260,9.508,10.360,5.756,9.546,12.998
8.817,8.255,9.426,2.951,9.022,3.590,9.679
8.640,12.133,9.541,7.106,8.721,3.562,10.987
11.921,4.296,9.812,4.139,6.320,12.178,9.358
7.404,4.361,9.741,11.444,11.673,5.481,8.433
8.064,6.316,9.904,11.641,6.527,5.087,9.562
13.451,8.944,10.222,7.508,10.864,13.977,6.998
6.069,9.336,3.489,9.670,9.152,7.974,9.527
5.415,10.796,4.838,5.376,10.227,6.550,9.233
7.249,12.373,4.797,17.005,9.527,7.182,8.159
12.633,10.770,11.107,7.575,2.370,2.999,1.335
7.991,6.332,5.275,6.399,9.249,7.671,5.758
5.793,10.937,5.079,4.332,9.028,9.631,8.131
11.651,6.959,5.006,8.532,6.802,4.641,6.961
4.405,9.405,6.960,5.971,8.812,5.058,8.380
6.982,7.353,4.217,3.766,7.990,3.533,7.018
13.311,10.562,3.709,2.901,2.499,9.143,4.426
9.612,6.054,3.566,7.809,9.091,7.906,11.472
8.453,8.918,3.897,9.726,8.355,13.824,4.283
8.413,10.042,3.574,10.396,11.937,7.044,8.691
8.571,2.859,3.510,12.929,7.045,15.539,8.144
5.999,7.011,3.441,11.147,8.174,6.868,8.782
6.861,11.862,2.981,10.467,2.521,11.185,14.514
13.727,5.399,3.040,8.470,12.675,6.506,8.523
8.188,7.555,3.420,10.455,13.007,5.337,11.181
7.512,10.165,13.613,15.069,6.283,8.125,6.552
11.739,6.075,5.880,2.679,9.605,9.732,3.922
7.122,3.251,5.296,6.646,7.559,9.712,8.889
6.964,9.667,9.309,4.579,4.535,9.006,10.448
8.341,4.475,9.646,7.830,12.540,6.496,4.335
12.417,13.449,11.325,10.700,8.692,8.044,6.184
9.678,6.707,6.228,0.500,9.245,9.208,2.052
2.965,12.068,0.993,7.797,7.178,7.764,15.807
10.402,13.676,5.428,3.428,9.629,8.666,9.548
8.606,9.348,5.348,5.778,3.203,8.743,11.983
12.827,3.895,5.749,5.258,6.156,4.418,6.083
4.748,5.697,5.802,7.718,8.061,7.179,7.602
9.964,6.821,6.344,3.975,10.050,6.296,7.020
9.832,11.081,7.920,11.147,9.389,5.657,7.727
7.434,7.141,6.462,9.047,8.736,6.255,10.778
9.399,8.584,5.654,8.155,3.706,10.869,4.679
8.456,9.402,5.766,10.592,5.315,7.732,7.033
13.696,3.687,6.634,7.093,4.986,10.399,5.933
13.809,13.769,7.123,9.448,7.047,11.350,10.763
12.806,5.152,7.824,13.623,6.925,4.561,8.471
6.310,7.930,3.780,11.806,7.054,9.794,7.649
12.216,10.685,4.896,4.457,7.399,9.098,8.756
2.348,5.187,8.778,9.726,4.251,13.702,9.908
7.489,7.998,7.886,10.584,11.622,11.615,6.001
7.695,9.964,10.160,2.268,8.675,9.869,0.500
7.898,12.285,9.494,7.453,5.139,7.344,4.010
7.808,8.462,10.040,9.606,7.567,6.811,13.710
8.775,10.843,9.974,7.731,6.487,6.297,9.696
9.970,10.391,10.974,8.361,10.181,3.709,9.035
8.325,8.551,10.849,6.136,3.373,2.895,10.774
7.333,3.993,8.028,5.640,6.010,12.749,7.779
8.357,8.693,7.692,4.004,7.675,7.139,9.373
8.250,4.336,7.460,7.058,5.894,8.519,8.680
6.213,4.872,7.405,8.896,9.760,6.359,6.515
5.850,10.288,7.037,8.540,6.131,8.665,7.492
10.510,7.048,7.139,3.298,11.825,9.977,7.498
6.262,2.605,6.770,0.500,6.014,6.995,6.004
9.120,7.311,7.496,9.474,5.964,10.760,7.615
9.868,4.664,6.649,1.661,9.926,3.523,8.764
9.752,8.294,6.088,7.866,5.468,9.084,6.783
7.670,11.634,4.869,6.974,11.373,9.488,6.767
5.767,9.357,5.164,3.896,10.394,5.761,10.647
9.603,13.695,5.544,17.365,11.346,9.461,7.541
6.525,4.684,5.464,9.749,10.489,6.491,9.825
10.040,5.787,5.166,9.487,2.065,6.489,4.997
4.663,8.118,4.469,7.187,7.021,9.006,6.719
13.151,15.486,12.726,8.332,8.100,8.046,8.401
5.705,11.601,12.583,9.211,7.605,8.759,10.421
13.319,12.754,7.212,8.453,12.536,6.041,3.773
6.921,5.803,6.956,5.221,10.207,7.059,7.516
6.733,6.214,5.575,10.187,12.798,8.653,8.618
11.895,11.043,6.323,7.736,13.300,12.620,5.946
5.425,11.519,10.469,5.409,8.805,8.697,10.080
8.654,5.872,17.357,7.899,12.543,7.186,2.386
8.676,3.403,9.628,4.936,8.829,7.148,10.409
4.902,8.263,8.888,12.510,5.271,4.994,13.041
4.817,3.558,7.928,8.666,2.163,1.169,11.120
12.807,4.807,9.673,7.593,5.942,10.252,6.280
12.478,6.983,9.666,10.694,12.981,7.021,6.891
15.832,10.251,9.262,9.389,7.609,7.421,5.552
9.439,9.167,9.200,12.769,9.043,8.010,9.182
8.539,10.199,9.048,10.410,5.596,2.659,12.233
2.913,14.720,9.513,12.595,9.910,8.711,6.410
7.638,7.299,15.626,2.883,8.164,4.383,9.338
8.106,10.466,14.898,10.140,8.575,6.390,9.368
2.669,8.704,14.921,6.935,6.286,6.864,5.347
9.897,6.943,4.370,7.985,6.324,6.143,9.410
4.887,8.962,4.173,7.273,8.121,13.922,8.539
5.806,4.838,4.536,11.195,0.500,4.662,6.014
8.948,14.016,4.515,5.583,10.241,6.873,10.694
8.942,6.333,4.475,6.242,10.487,7.122,6.771
8.681,9.225,4.748,7.541,8.895,15.403,3.948
6.812,18.473,4.216,7.973,3.712,11.376,4.260
9.024,10.109,4.262,10.698,7.179,4.264,10.024
4.824,9.766,8.051,4.909,5.664,6.650,13.342
4.532,8.138,3.851,14.512,9.244,13.119,5.198
4.553,8.688,3.721,15.007,6.127,9.202,5.648
6.524,7.849,10.456,10.900,10.644,11.488,4.683
8.374,7.310,14.860,10.003,8.469,5.872,2.907
9.697,6.146,10.606,5.420,5.391,10.340,7.347
9.033,4.311,4.414,12.579,7.991,7.883,10.404
8.405,9.524,6.430,7.031,5.604,6.215,8.099
12.150,5.063,5.981,9.070,5.499,10.242,9.087
6.866,9.946,6.269,5.047,5.421,6.933,7.715
3.665,9.438,6.127,0.500,10.553,10.514,8.969
12.235,10.848,7.337,5.913,8.014,7.282,11.027
5.948,4.852,6.153,7.986,4.506,10.464,8.877
5.507,9.380,6.603,11.640,8.493,10.035,14.512
8.832,8.257,7.104,8.645,9.008,6.200,4.758
7.103,5.314,6.986,8.856,12.116,5.713,8.684
6.802,5.229,6.774,8.542,9.687,7.810,8.097
7.437,8.927,10.314,9.346,9.965,5.369,7.049
2.955,9.357,11.461,12.317,10.693,9.031,10.342
9.518,7.361,11.933,8.626,4.698,10.014,7.986
6.316,6.833,12.036,9.341,3.899,8.212,10.566
6.730,2.783,5.411,4.740,7.383,9.756,8.915
0.500,11.360,10.423,10.998,13.823,8.464,8.596
9.446,7.409,11.250,8.312,5.352,4.298,10.974
7.509,5.686,11.063,3.366,10.489,9.124,11.739
2.454,5.852,10.729,8.269,7.374,11.323,5.523
7.887,6.540,10.787,13.041,6.961,9.196,7.453
5.832,4.534,10.883,14.740,5.034,6.898,4.690
9.122,8.415,10.899,7.556,11.324,7.777,8.056
3.121,8.051,11.249,10.140,6.500,14.887,6.519
7.210,7.694,10.430,13.728,12.904,10.282,11.861
16.586,16.824,10.831,10.633,8.144,3.470,8.421
12.650,9.261,10.600,7.751,3.742,8.295,8.167
10.113,11.813,11.410,8.002,7.986,10.709,9.929
8.238,10.475,6.060,11.992,13.377,9.629,11.913
9.402,8.940,5.816,6.592,7.836,6.225,7.054
9.229,8.506,5.456,9.897,8.459,8.581,6.006
7.378,7.823,4.634,0.500,6.932,8.021,5.487
9.176,8.429,11.662,10.798,6.977,3.868,8.286
6.794,5.884,10.079,10.074,12.020,10.620,14.086
5.229,5.261,10.337,5.753,11.500,4.647,8.434
12.956,6.899,10.270,10.412,9.428,10.089,8.770
9.221,6.135,10.131,7.273,15.990,6.790,12.516
5.638,3.328,10.054,8.593,8.362,8.202,8.734
10.758,5.515,8.245,5.483,12.893,11.079,5.409
4.255,7.897,8.621,4.161,9.454,11.336,5.385
8.055,5.533,5.502,6.508,5.436,4.267,4.408
6.265,8.859,4.306,10.667,8.282,12.938,4.281
5.189,9.686,3.990,1.652,14.061,12.876,8.756
11.276,4.112,3.573,10.414,4.948,6.328,5.723
7.603,10.114,11.045,14.015,4.697,8.727,8.174
13.384,10.243,11.487,11.797,8.022,10.593,7.800
7.459,3.864,5.329,0.654,12.848,6.003,9.743
9.639,12.660,5.335,3.804,4.871,12.072,12.574
5.773,6.045,5.330,10.405,9.554,11.081,7.924
10.628,7.856,4.957,7.588,11.693,13.034,6.326
10.715,6.425,5.327,9.902,9.664,12.495,1.164
3.676,5.881,4.806,8.967,8.328,6.391,9.148
6.723,7.083,4.673,5.460,2.480,6.282,12.742
6.107,13.548,4.492,5.468,3.107,12.374,5.201
6.382,9.722,4.703,5.075,7.445,10.891,8.405
5.310,10.098,5.219,9.733,11.011,4.408,14.911
4.934,11.420,4.588,8.806,11.021,13.453,4.792
10.462,7.125,3.954,8.142,10.307,9.678,7.166
5.330,7.251,10.594,11.005,13.112,9.081,8.598
6.088,5.486,6.653,4.462,9.908,8.004,5.707
9.956,6.107,6.224,9.050,9.903,4.345,9.608
10.412,6.164,5.819,12.432,9.357,7.721,10.518
3.963,12.832,5.990,14.800,3.272,5.791,2.188
11.193,13.083,6.117,11.510,10.080,5.621,6.057
9.018,7.500,6.205,5.366,10.342,11.783,4.185
10.920,6.115,6.305,3.072,7.079,8.760,11.275
5.971,6.172,6.453,8.165,13.186,10.476,6.425
10.403,9.717,6.574,10.342,4.487,7.102,5.634
3.080,2.752,6.717,10.644,7.811,6.657,11.038
9.573,9.418,6.644,3.707,7.298,10.481,8.168
8.902,8.315,6.897,12.670,9.414,11.911,12.015
8.135,6.884,6.512,5.300,6.419,5.571,14.175
7.084,10.126,6.652,6.365,11.255,8.921,10.878
5.113,8.054,6.671,8.562,11.518,11.447,11.343
4.587,8.230,6.775,10.671,5.377,7.079,10.895
10.460,8.531,6.846,11.451,9.587,4.505,9.546
8.885,7.950,7.621,7.718,9.263,14.215,3.590
8.088,5.649,7.835,7.620,4.490,5.319,3.562
8.184,7.479,7.721,11.171,11.230,10.396,12.178
14.228,17.068,7.922,11.088,4.433,7.797,5.481
7.383,4.399,8.119,5.424,8.946,8.203,5.087
11.295,8.506,8.284,15.042,6.276,7.774,13.977
10.409,10.937,8.372,4.990,3.778,5.846,7.974
9.843,3.934,8.521,3.158,7.995,6.121,6.550
6.785,5.977,8.615,2.994,10.133,5.230,7.182
8.380,5.916,8.606,2.541,9.645,4.576,2.999
13.948,8.411,8.774,4.013,9.930,10.866,7.671
10.545,5.904,8.912,10.490,8.648,8.283,9.631
12.872,3.451,9.059,9.959,5.239,8.902,4.641
5.088,8.969,9.223,8.642,11.376,9.191,5.058
2.512,9.555,9.371,8.824,7.101,8.365,3.533
11.730,5.286,11.043,7.843,6.343,11.954,9.143
6.501,5.317,10.785,6.035,2.357,8.774,7.906
6.947,4.477,9.807,8.337,4.796,9.891,13.824
7.426,5.404,9.773,11.188,10.047,6.921,7.044
4.548,4.965,9.019,6.023,6.423,10.386,15.539
7.866,6.744,10.170,6.300,5.320,9.086,6.868
9.929,6.390,8.694,9.457,8.135,7.322,11.185
6.337,11.514,8.931,9.302,9.812,11.128,6.506
6.070,7.226,6.667,17.905,3.443,5.338,5.337
4.788,12.984,20.241,5.595,5.779,13.036,8.125
1.272,9.695,11.762,4.668,8.602,4.085,9.732
6.664,9.513,14.060,5.454,4.391,10.518,9.712
7.440,11.019,12.464,7.599,2.941,6.289,9.006
9.672,5.707,13.923,1.155,10.266,9.582,6.496
8.413,10.384,16.347,8.701,7.423,9.305,8.044
6.785,8.152,9.047,11.683,9.715,9.289,6.642
6.729,5.935,12.008,4.912,11.424,10.763,6.625
9.686,3.894,12.750,7.686,4.583,5.552,4.828
7.505,8.308,11.201,9.358,12.122,3.258,4.134
6.946,8.896,9.456,7.722,10.080,7.899,12.314
8.029,6.123,9.567,13.969,8.082,10.255,11.947
12.059,7.676,7.277,9.585,2.959,9.033,8.950
6.951,7.174,10.147,3.307,6.623,10.106,11.242
14.588,11.200,8.387,6.263,6.909,11.729,7.481
15.463,11.093,13.010,9.481,5.990,4.869,6.867
6.656,7.985,12.128,7.187,14.489,10.791,9.261
11.076,5.508,11.108,11.616,8.971,3.642,10.990
2.546,9.598,10.604,5.690,7.388,8.145,7.543
6.985,12.606,11.295,8.103,7.066,9.620,4.580
10.419,9.127,12.444,2.092,8.097,0.761,9.561
7.828,8.926,11.381,11.027,6.977,5.304,15.097
6.785,10.111,11.874,9.470,4.896,9.151,4.952
7.841,4.913,8.385,6.464,8.758,9.193,4.692
11.320,10.988,9.878,9.256,6.887,8.513,4.679
13.740,7.893,9.037,2.742,6.486,7.864,6.735
18.647,7.984,9.072,7.633,10.035,6.036,12.581
8.776,4.610,8.478,9.313,10.973,3.192,7.327
7.670,8.511,7.186,10.164,6.102,8.115,14.657
13.916,8.862,7.398,10.760,6.261,8.190,17.441
8.930,3.103,6.509,2.266,13.443,8.202,14.347
8.995,9.347,12.872,6.023,6.724,7.763,3.515
2.156,1.423,9.311,8.775,9.056,7.803,8.649
6.677,8.357,7.131,6.911,9.724,3.582,13.083
1.856,8.822,8.479,4.217,9.092,13.252,3.186
9.689,8.621,8.100,12.965,12.804,9.183,1.530
9.505,7.371,8.424,3.923,4.718,7.604,7.244
9.390,9.559,9.384,9.716,6.823,4.760,6.401
5.554,11.785,7.116,3.588,4.903,9.393,8.809
8.542,10.876,5.457,8.817,4.474,10.968,7.902
7.416,10.928,0.500,7.215,8.904,8.641,10.176
8.513,3.965,5.026,4.964,12.630,5.897,6.775
9.630,6.274,4.524,12.264,7.958,12.200,6.238
4.291,10.002,5.453,8.890,10.340,3.500,11.625
8.062,0.500,5.380,8.149,5.374,13.258,10.373
11.104,6.148,3.137,11.028,6.404,3.850,12.185
14.640,8.187,0.500,6.755,2.341,11.669,8.013
12.284,6.063,1.437,3.800,12.873,4.064,6.737
10.044,9.913,2.681,4.586,7.263,8.063,4.493
7.900,10.512,13.861,13.014,13.725,8.162,7.900
9.105,7.669,6.898,11.881,14.693,8.588,9.066
4.663,9.710,7.125,2.642,6.746,7.297,7.738
7.967,10.369,7.663,6.840,7.789,5.416,7.532
5.737,1.770,8.155,7.353,10.020,6.298,13.164
7.616,6.955,7.239,9.847,9.591,13.400,11.886
10.815,6.539,7.809,7.218,8.581,8.067,8.626
7.854,7.616,7.087,2.906,6.019,4.811,10.677
4.879,6.805,4.291,9.883,7.044,9.512,4.889
9.679,7.580,9.080,7.002,5.673,6.767,7.299
10.305,11.487,7.415,6.810,7.411,12.541,7.080
6.173,10.356,6.610,11.678,2.847,9.029,16.555
9.037,9.102,6.692,10.167,5.516,10.295,12.140
2.525,9.895,6.285,11.055,11.555,13.834,13.134
5.852,5.309,7.057,5.811,7.648,6.526,1.559
4.523,8.598,6.681,12.725,8.855,10.830,11.551
6.491,5.640,5.515,6.509,7.322,6.678,7.569
9.289,10.300,6.710,7.626,7.034,9.171,6.615
10.763,8.488,5.290,6.729,3.681,4.302,9.262
5.552,5.740,6.412,4.173,10.736,6.003,8.122
3.258,7.666,6.467,6.482,9.602,5.973,4.365
7.899,6.448,5.687,7.012,10.594,5.341,3.979
10.255,4.958,5.930,15.814,10.327,7.252,5.512
9.033,6.050,5.768,5.804,9.923,7.823,8.300
10.106,11.088,6.214,6.956,7.183,7.947,5.677
11.729,8.301,6.084,4.075,2.760,3.333,7.991
4.869,12.597,5.974,12.670,6.513,14.410,13.027
10.791,6.346,5.995,7.134,8.586,4.133,9.683
3.642,10.220,5.969,9.631,3.336,4.517,11.821
8.145,8.348,1.087,6.997,8.619,8.700,13.099
9.620,8.507,3.327,1.638,8.420,14.782,6.499
0.761,8.258,4.299,8.590,7.375,5.275,10.117
5.304,8.790,12.205,1.911,8.084,8.988,0.613
9.151,7.427,4.812,3.972,8.662,5.898,4.753
9.193,10.058,4.047,6.059,4.643,5.943,8.174
8.513,7.166,4.338,8.468,8.224,2.314,5.381
7.864,7.900,4.094,6.979,2.602,8.578,9.009
6.036,7.264,9.328,8.022,8.020,12.080,5.372
3.192,8.266,6.307,12.144,6.581,8.294,10.764
8.115,8.089,5.993,12.203,8.742,6.562,12.996
8.190,7.500,6.745,12.518,9.549,12.379,10.538
8.202,6.192,8.012,10.235,8.836,14.034,6.685
7.763,4.495,7.323,5.782,12.979,13.151,5.733
7.803,4.366,7.473,8.699,2.398,3.635,6.837
3.582,5.450,6.055,11.276,10.460,2.892,9.328
13.252,11.201,7.194,10.581,10.254,9.309,3.248
9.183,4.317,7.108,8.436,8.997,10.045,9.655
7.604,2.084,7.270,6.213,7.527,4.042,7.258
4.760,10.033,7.307,3.582,6.797,11.570,10.328
9.393,8.201,7.463,3.147,12.290,13.546,5.039
10.968,8.049,7.627,9.428,6.151,12.292,7.020
8.641,6.889,8.022,10.004,9.071,10.706,8.214
5.897,9.628,8.307,5.248,4.410,11.878,7.237
12.200,10.668,8.265,17.522,11.242,6.680,8.674
3.500,13.329,7.983,10.188,9.678,8.550,6.036
13.258,3.936,8.690,10.613,5.078,12.080,5.694
3.850,5.791,9.663,5.978,7.244,7.910,11.067
11.669,8.550,9.516,7.925,4.993,7.477,5.687
4.064,12.455,9.986,8.801,11.631,8.067,6.054
8.063,6.038,9.600,8.004,7.877,11.111,6.601
8.162,11.025,9.212,2.164,5.889,9.035,10.434
8.588,7.959,9.380,7.338,7.169,3.167,4.713
7.297,10.557,10.151,4.106,13.245,7.482,10.450
5.416,7.914,9.903,10.274,8.747,8.260,12.763
6.298,10.360,9.746,2.180,6.748,2.902,12.704
13.400,14.978,10.456,14.690,6.125,7.900,6.942
8.067,7.344,9.723,12.894,4.131,4.631,3.181
4.811,8.591,9.913,8.014,7.924,10.637,6.884
9.512,10.369,9.968,5.357,9.530,11.481,8.083
6.767,7.852,9.724,10.577,8.125,7.729,13.608
12.541,12.346,9.559,5.295,6.974,0.500,11.988
9.029,7.668,20.990,6.685,2.975,12.683,8.853
10.295,5.251,12.637,12.903,13.160,13.329,6.331
13.834,7.416,12.746,10.123,8.674,6.870,3.307
6.526,7.848,12.900,5.984,11.317,7.777,12.301
10.830,8.004,12.969,5.133,6.073,9.453,8.107
6.678,4.118,8.081,9.787,3.047,11.448,4.359
5.824,9.151,10.737,5.638,9.851,9.496,10.978
8.877,5.368,11.980,8.814,6.959,7.872,6.206
9.354,10.311,11.461,8.480,3.090,6.479,9.098
8.480,12.714,11.292,7.718,7.069,10.495,2.911
9.324,5.716,11.496,12.092,5.022,6.357,8.119
5.533,6.926,11.588,10.259,2.016,4.077,8.651
5.475,12.139,11.352,8.499,6.107,7.510,7.770
4.045,9.736,11.012,10.122,8.936,9.554,14.141
10.247,11.339,10.891,3.280,6.987,4.600,12.048
8.223,10.228,10.943,9.644,8.775,4.917,9.675
4.137,17.552,11.314,8.777,6.779,12.060,10.034
6.664,5.348,10.826,8.631,2.202,9.437,7.874
8.658,5.557,9.934,3.724,10.731,6.229,4.875
2.129,4.265,9.402,13.575,14.850,12.493,11.805
8.775,6.952,9.240,4.783,8.039,11.124,11.560
9.351,13.431,8.253,5.202,6.867,7.725,1.231
6.689,8.214,8.240,7.084,10.273,7.499,5.881
8.714,4.093,7.881,8.560,14.039,6.592,10.594
7.090,6.941,7.305,2.031,8.529,12.749,10.021
10.380,3.344,13.283,8.313,9.747,7.534,6.653
7.473,7.415,9.277,12.664,11.078,11.230,7.092
6.789,11.889,9.967,10.074,7.871,8.175,7.754
9.720,10.357,9.465,11.522,4.355,9.849,10.535
7.218,7.575,9.635,11.773,12.196,8.727,12.487
7.272,7.013,9.407,9.617,9.522,3.465,6.456
5.858,7.290,9.210,6.329,2.403,1.164,6.026
11.844,2.035,8.024,9.417,12.749,11.217,8.962
10.457,10.546,8.491,14.107,11.366,10.266,7.111
6.578,7.262,8.445,2.937,8.451,9.528,10.142
9.624,10.594,8.870,9.495,5.771,9.447,3.473
7.405,2.760,8.680,7.093,6.924,11.328,4.842
2.615,8.842,8.381,11.047,8.549,10.984,7.021
3.122,8.404,8.135,7.877,7.430,12.596,3.945
6.052,8.850,7.732,9.662,6.347,5.712,11.412
7.559,10.663,8.030,5.284,15.975,13.267,9.557
6.884,7.544,8.339,6.914,4.088,5.616,10.963
9.527,3.870,7.457,8.144,8.973,8.656,7.116
12.282,4.391,7.849,12.333,5.000,12.537,7.900
9.257,6.327,7.567,11.027,6.425,9.499,9.043
10.836,10.096,7.741,6.845,3.340,10.367,7.208
10.534,7.302,7.163,12.851,6.758,7.280,10.134
13.625,3.635,7.688,6.600,6.262,7.838,8.393
11.225,10.077,7.068,10.048,1.673,11.419,8.502
9.334,7.263,6.669,4.280,7.374,8.619,7.808
6.566,2.940,6.678,11.053,12.117,8.582,7.442
7.181,8.863,6.154,8.710,7.465,10.669,9.780
6.776,10.724,6.199,7.183,9.401,3.899,6.196
3.253,9.367,5.592,10.721,8.059,8.337,11.802
9.140,7.709,5.605,13.641,13.049,3.710,7.631
9.576,10.595,5.612,5.742,8.260,15.042,4.771
8.266,11.951,4.323,12.791,5.783,4.005,8.142
8.853,7.499,4.364,4.281,8.092,6.233,11.784
8.684,8.461,4.116,9.147,5.058,4.915,8.528
11.572,6.330,3.193,8.496,10.526,9.910,6.064
9.481,9.429,2.712,2.713,6.011,7.579,7.579
6.472,6.894,2.331,0.500,4.949,11.807,5.396
6.902,4.589,13.659,7.881,5.434,7.965,15.437
6.295,6.028,0.740,7.716,8.917,9.924,7.759
10.820,11.041,0.500,11.384,9.058,13.465,8.470
5.179,8.702,0.500,8.452,8.870,7.881,6.951
9.743,10.326,10.956,7.034,8.918,0.654,8.289
12.574,4.947,9.134,3.681,13.608,3.804,12.377
7.924,1.502,8.486,10.736,10.939,10.405,8.138
6.326,4.843,9.382,9.602,12.427,7.588,8.459
1.164,9.432,9.651,10.594,10.811,9.902,8.547
9.148,12.634,10.701,10.327,8.894,8.967,11.014
12.742,5.153,12.020,9.923,7.355,5.460,5.073
5.201,7.199,9.689,7.183,8.917,5.468,7.408
8.405,12.324,9.865,2.760,9.175,5.075,6.362
14.911,11.272,8.809,6.513,4.730,9.733,10.001
4.792,7.209,7.626,8.586,3.148,8.806,10.132
7.166,7.652,8.030,3.336,7.568,8.142,10.277
8.598,7.134,16.117,8.619,6.263,11.005,10.032
5.707,9.618,12.325,8.420,8.140,4.462,6.025
9.608,4.280,10.112,7.375,4.976,9.050,11.536
10.518,8.682,11.069,8.084,5.554,12.432,5.190
2.188,7.880,9.431,8.662,12.662,14.800,5.953
6.057,14.285,9.637,4.643,2.662,11.510,6.909
4.185,4.924,7.289,8.224,11.374,5.366,6.803
11.275,8.054,7.579,2.602,9.650,3.072,12.165
6.425,6.228,8.063,8.020,7.930,8.165,11.682
5.634,7.532,6.231,6.581,10.247,10.342,11.039
11.038,8.713,5.739,8.742,2.271,10.644,8.508
8.168,10.377,5.742,9.549,9.393,3.707,10.497
12.015,10.524,4.636,8.836,5.442,12.670,9.333
14.175,3.252,13.304,12.979,7.162,5.300,9.353
10.878,6.100,8.493,2.398,4.406,6.365,11.079
11.343,5.216,7.571,10.460,6.775,8.562,4.622
10.895,5.357,7.333,10.254,9.285,10.671,6.739
9.546,10.404,7.718,8.997,8.351,11.451,4.678
3.590,13.463,7.810,7.527,8.655,7.718,6.292
3.562,2.345,6.284,6.797,4.515,7.620,5.903
12.178,8.697,7.659,12.290,1.421,11.171,4.608
5.481,7.949,9.219,6.151,4.687,11.088,6.630
5.087,7.065,14.271,9.071,5.086,5.424,8.027
13.977,10.708,9.502,4.410,6.429,15.042,6.706
7.974,9.112,13.075,11.242,13.327,4.990,6.062
6.550,6.021,10.291,9.678,5.061,3.158,7.970
7.182,12.982,9.493,5.078,5.024,2.994,8.320
2.999,13.080,5.234,7.244,6.862,2.541,13.146
7.671,8.130,7.872,4.993,8.578,4.013,7.731
9.631,11.787,7.789,11.631,6.798,10.490,6.097
4.641,8.735,7.988,7.877,11.592,9.959,3.316
5.058,8.257,7.586,5.889,12.770,8.642,9.668
3.533,8.249,8.480,7.169,11.218,8.824,9.817
9.143,4.962,8.317,13.245,8.564,7.843,6.451
7.906,6.049,7.071,8.747,5.059,6.035,5.659
13.824,7.584,7.050,6.748,10.918,8.337,7.677
7.044,1.394,5.594,6.125,4.045,11.188,9.647
15.539,7.657,7.813,4.131,4.576,6.023,8.390
6.868,6.508,8.260,7.924,9.560,6.300,8.911
11.185,3.755,6.178,9.530,6.529,9.457,2.121
6.506,4.998,4.822,8.125,5.579,9.302,8.326
5.337,5.762,5.680,6.974,9.537,17.905,6.541
8.125,7.300,5.673,2.975,5.499,5.595,2.644
9.732,8.727,1.397,13.160,6.095,4.668,7.888
9.712,9.178,3.591,8.674,5.063,5.454,0.500
9.006,9.446,2.266,11.317,3.529,7.599,6.699
6.496,6.610,0.500,6.073,7.140,1.155,11.217
8.044,3.567,0.500,3.047,7.854,8.701,5.403
10.365,6.409,10.563,6.001,0.500,3.932,7.462
10.761,6.404,12.428,7.561,10.281,7.254,8.011
2.371,5.114,11.499,6.715,6.923,9.358,11.252
11.464,2.375,10.949,11.386,9.914,5.253,7.785
8.818,7.343,11.792,2.897,7.176,4.179,3.889
6.200,12.017,11.522,8.498,5.606,5.138,9.350
11.329,5.774,11.409,11.818,7.888,9.003,10.959
11.452,7.173,11.984,4.240,10.950,11.025,10.862
8.399,5.725,12.102,8.312,13.112,8.953,4.832
13.108,12.312,12.600,11.266,9.514,9.201,8.860
7.799,17.777,12.206,10.208,12.663,7.893,7.459
6.577,7.069,11.962,9.472,11.804,7.836,8.984
8.576,12.289,12.307,1.800,4.124,12.305,14.321
3.574,5.738,11.820,4.486,7.419,6.881,8.243
11.993,11.516,11.326,11.208,7.314,5.264,10.667
3.994,9.807,11.086,8.088,6.752,7.632,7.953
11.037,5.820,2.371,11.852,3.586,13.200,6.985
9.429,5.996,12.424,10.874,6.489,12.949,9.598
8.466,7.511,8.409,7.746,5.757,3.654,8.384
9.335,6.115,7.889,6.131,12.071,8.947,9.850
7.033,8.146,6.896,4.498,5.816,10.287,4.916
5.981,9.892,7.172,2.116,2.663,4.851,9.083
6.229,11.527,6.892,7.350,12.157,11.130,9.366
8.112,10.799,11.335,10.316,8.474,0.883,2.627
6.075,6.817,6.446,10.735,11.094,4.899,5.050
8.698,9.827,6.778,11.067,2.744,11.928,11.193
5.302,9.524,6.428,9.541,9.100,4.068,9.900
11.120,5.357,6.425,7.076,11.122,8.199,9.854
10.150,8.467,6.712,7.932,9.271,4.231,14.842
5.067,6.680,6.182,13.882,5.124,13.181,4.101
10.019,10.109,5.503,7.494,9.233,3.962,6.003
5.650,12.662,5.505,9.322,3.015,10.145,7.708
12.966,3.676,4.171,13.381,8.068,7.064,8.834
6.438,8.076,4.733,9.932,11.050,5.955,8.237
4.893,9.124,4.505,5.954,7.830,11.771,10.581
4.907,7.454,3.263,13.359,8.737,9.944,9.937
4.799,8.826,3.675,3.914,9.299,13.034,4.994
8.043,8.840,3.792,7.623,8.569,8.460,2.431
6.794,3.090,12.586,9.493,9.230,9.870,9.228
13.736,10.131,9.687,9.153,9.039,7.346,7.483
10.908,9.836,10.175,11.212,8.326,3.509,6.331
4.990,8.884,10.942,9.286,2.943,5.892,11.805
5.705,7.744,6.329,6.309,3.758,14.642,11.680
10.424,6.123,6.630,6.756,4.741,10.276,7.900
6.966,8.255,7.085,6.448,9.975,9.370,5.758
5.951,3.946,6.025,3.163,10.090,7.780,7.689
5.445,6.834,6.129,7.956,11.971,6.726,7.576
2.065,3.975,5.685,11.814,4.471,5.790,9.826
14.205,12.019,5.924,8.005,12.514,4.446,6.709
2.626,10.690,5.755,7.809,7.091,5.966,6.090
1.846,8.164,5.647,9.679,6.519,5.640,11.083
8.841,4.966,4.449,13.228,8.623,9.515,6.132
7.152,7.954,7.488,4.505,13.043,10.223,4.379
8.075,2.874,7.368,7.428,7.049,7.596,7.411
5.650,9.017,6.909,16.719,6.085,10.942,1.665
14.677,5.664,6.568,11.293,2.577,12.745,8.721
2.697,10.293,6.502,5.885,2.988,5.550,5.972
6.536,1.558,6.742,9.728,11.147,5.449,6.384
12.748,11.030,7.298,7.695,4.359,6.313,5.220
10.884,5.937,3.012,7.104,14.952,10.630,3.039
6.143,8.926,12.463,10.978,11.745,0.500,4.138
13.922,1.725,8.386,6.206,8.466,10.281,8.669
4.662,13.487,12.672,9.098,4.064,6.923,11.447
6.873,10.115,11.591,2.911,4.393,9.914,4.984
7.122,3.456,11.767,8.119,7.378,7.176,7.755
15.403,6.343,7.859,8.651,12.358,5.606,11.148
11.376,9.200,11.421,7.770,3.759,7.888,10.356
4.264,5.663,10.696,14.141,10.026,10.950,3.216
6.650,9.672,7.187,12.048,12.861,13.112,11.867
13.119,10.569,7.314,9.675,5.616,9.514,10.791
9.202,4.539,13.822,10.034,9.436,12.663,5.056
11.488,6.681,12.343,7.874,10.027,11.804,7.354
5.872,7.711,11.981,4.875,11.291,4.124,8.623
10.340,10.392,11.854,11.805,7.695,7.419,8.114
7.883,3.839,13.545,11.560,2.887,7.314,7.747
6.215,10.366,11.277,1.231,6.639,6.752,5.356
10.242,4.791,11.715,5.881,10.327,3.586,8.587
6.933,11.058,11.437,10.594,10.714,6.489,11.669
10.514,8.755,10.967,10.021,6.998,5.757,6.922
7.282,11.750,10.651,6.653,9.725,12.071,3.034
10.464,1.470,7.595,7.092,10.243,5.816,9.222
10.035,5.391,6.575,7.754,11.792,2.663,3.907
6.200,11.551,5.914,10.535,8.172,12.157,9.147
5.713,12.380,5.967,12.487,3.982,8.474,1.243
7.810,11.346,12.261,6.456,5.745,11.094,6.062
5.369,6.166,5.954,6.026,2.303,2.744,8.321
9.031,9.566,6.254,8.962,5.670,9.100,7.258
10.014,7.267,6.527,7.111,7.169,11.122,0.500
8.212,7.693,6.392,10.142,3.125,9.271,7.266
9.756,9.420,8.336,3.473,8.560,5.124,9.450
8.464,10.026,4.911,4.842,9.361,9.233,10.202
4.298,3.398,5.138,7.021,7.650,3.015,6.936
9.124,5.459,5.146,3.945,5.561,8.068,6.795
11.323,6.257,5.036,11.412,10.902,11.050,5.090
9.196,12.598,4.733,9.557,16.811,7.830,7.409
6.898,7.214,10.035,10.963,7.412,8.737,7.226
7.777,9.819,4.951,7.116,11.822,9.299,7.547
14.887,7.184,3.002,7.900,6.662,8.569,8.163
10.282,8.294,2.706,9.043,7.567,9.230,11.021
3.470,9.629,9.509,7.208,10.333,9.039,10.300
8.295,3.969,9.677,10.134,5.469,8.326,6.645
10.709,11.649,9.787,8.393,7.546,2.943,3.030
9.629,10.292,10.290,8.502,5.440,3.758,9.544
6.225,6.803,6.182,7.808,6.187,4.741,8.208
8.581,4.308,6.000,7.442,10.823,9.975,12.460
8.021,6.295,6.081,9.780,2.421,10.090,9.151
3.868,7.748,6.049,6.196,7.371,11.971,13.400
10.620,5.703,6.093,11.802,3.678,4.471,8.087
4.647,7.017,4.999,7.631,2.942,12.514,12.910
10.089,13.813,3.387,4.771,10.906,7.091,10.375
6.790,7.333,3.170,8.142,7.145,6.519,8.044
8.202,9.303,6.007,11.784,13.210,8.623,14.449
11.079,5.198,5.515,8.528,10.016,13.043,13.297
11.336,12.468,6.629,6.064,7.531,7.049,6.506
4.267,10.607,5.524,7.579,6.516,6.085,9.348
12.938,5.383,7.065,5.396,7.162,2.577,6.068
12.876,8.335,5.838,15.437,8.795,2.988,5.571
6.328,7.381,6.385,7.759,7.242,11.147,2.733
8.727,11.134,6.496,8.470,10.051,4.359,3.218
10.593,5.242,10.940,6.951,12.113,14.952,11.276
7.849,7.985,9.316,4.158,8.642,8.148,4.245
12.071,7.273,8.925,8.096,9.017,5.146,13.666
7.925,11.195,8.382,9.016,6.029,9.941,10.602
12.935,5.583,8.029,4.118,10.754,3.014,19.510
7.975,6.242,6.590,7.984,10.934,10.489,8.923
8.695,7.541,6.791,3.242,5.262,5.590,9.424
6.674,7.973,6.430,8.551,8.316,7.863,9.738
8.355,10.698,6.691,7.997,10.591,4.747,5.827
7.760,4.909,6.753,16.884,9.690,2.857,9.876
9.422,14.512,7.250,2.471,7.055,2.428,9.002
6.857,15.007,14.182,13.964,10.833,8.342,7.446
5.303,10.900,7.626,9.391,8.514,5.873,9.110
8.143,10.003,7.034,10.833,5.669,12.202,11.008
8.799,5.420,5.693,5.906,7.563,6.486,9.759
0.500,12.579,6.041,3.539,8.006,3.109,10.334
6.228,7.031,6.370,12.356,5.224,11.715,6.460
8.105,9.070,5.711,7.660,8.830,8.384,10.721
7.615,5.047,5.434,12.289,7.417,4.668,6.117
10.195,0.500,5.005,10.349,5.978,4.595,6.041
8.567,5.913,5.806,2.849,12.259,3.950,1.661
11.703,7.986,6.339,6.288,8.447,14.384,11.117
9.073,11.640,7.215,8.514,14.654,8.373,10.662
6.123,8.645,5.404,11.148,6.222,11.468,5.140
7.341,8.856,13.796,0.500,7.689,6.345,12.304
13.124,8.542,6.261,2.933,14.371,12.205,6.757
7.352,9.346,5.430,9.598,6.579,8.980,9.819
8.834,12.317,5.597,9.689,2.414,4.753,5.016
7.905,8.626,5.204,14.156,11.869,4.695,10.198
11.808,9.341,6.369,7.892,5.743,8.999,5.158
8.383,4.740,5.741,7.719,10.583,13.683,8.969
4.862,10.998,5.173,6.130,4.305,11.491,9.224
11.659,8.312,5.750,6.620,8.595,4.800,6.691
12.204,3.366,6.317,9.360,1.706,11.336,2.054
9.230,8.269,5.387,10.029,8.781,8.901,15.097
10.891,13.041,4.994,10.288,7.291,6.628,10.334
14.410,14.740,4.761,5.545,6.492,3.438,6.657
9.299,7.556,4.686,8.920,0.500,13.630,11.638
5.447,10.140,5.674,10.245,6.013,10.320,8.173
4.913,13.728,12.958,7.885,2.925,8.995,10.756
9.224,10.633,12.670,10.034,9.472,8.730,5.383
6.376,7.751,13.006,11.353,10.972,9.930,5.954
10.958,8.002,12.345,11.746,5.523,3.182,6.164
10.095,11.992,12.576,4.523,5.413,10.148,10.236
6.990,6.592,12.129,8.364,7.955,9.222,11.414
4.821,9.897,11.482,5.264,3.878,8.089,9.161
12.742,0.500,12.511,5.889,7.709,7.886,7.904
16.578,10.798,11.175,7.660,9.724,6.634,2.960
9.805,10.074,11.332,8.823,3.305,6.353,7.837
6.739,5.753,11.106,10.905,9.645,4.942,5.543
6.110,10.412,10.274,5.936,9.271,6.280,5.217
6.397,7.273,10.540,12.836,9.935,8.947,8.952
4.798,8.593,10.906,4.472,10.328,9.329,5.363
10.369,5.483,11.219,11.307,10.209,11.428,9.307
5.342,4.161,10.762,7.494,8.596,1.167,5.237
6.322,6.508,10.903,9.191,10.920,6.667,12.133
5.940,10.667,11.000,6.947,8.878,7.485,4.731
9.198,1.652,6.112,10.829,6.241,3.042,11.638
6.440,10.414,3.735,9.300,10.542,10.357,6.010
7.430,14.015,3.668,8.591,12.485,6.769,8.667
3.885,11.797,3.433,5.342,9.000,3.194,8.007
6.707,12.334,5.282,10.020,9.289,7.916,2.703
12.068,8.692,3.185,10.640,10.763,6.291,7.334
13.676,6.614,7.924,10.257,5.552,8.983,5.702
9.348,11.178,8.008,10.105,3.258,6.062,6.557
3.895,12.325,7.301,9.093,7.899,7.264,6.685
5.697,4.415,7.465,4.754,10.255,6.705,10.627
6.821,7.885,8.365,5.714,9.033,9.410,4.838
11.081,10.642,5.287,8.925,10.106,6.798,6.613
7.141,5.655,5.386,5.078,11.729,6.096,8.995
8.584,3.277,5.410,6.062,4.869,10.144,4.443
9.402,7.474,5.382,9.330,10.791,9.724,9.827
3.687,9.176,5.330,9.148,3.642,8.626,11.068
13.769,8.067,9.300,9.712,8.145,7.571,9.004
5.152,7.926,4.967,11.450,9.620,11.554,2.987
7.930,6.915,4.844,10.082,0.761,9.514,7.647
10.685,5.578,6.589,17.216,5.304,5.727,5.231
5.187,6.176,3.515,8.191,9.151,6.381,6.171
7.998,9.421,3.249,8.600,9.193,9.569,6.520
9.964,9.730,2.989,11.924,8.513,8.627,8.585
12.285,7.573,11.364,7.230,7.864,8.741,7.113
8.462,11.069,10.632,10.255,6.036,5.356,8.319
10.843,6.732,11.413,2.820,3.192,8.744,8.059
10.391,9.407,11.667,8.094,8.115,9.652,8.243
8.551,10.095,11.591,8.757,8.190,10.193,9.913
3.993,6.029,4.831,6.433,8.202,3.427,11.147
8.693,6.366,6.922,7.378,7.763,6.701,6.481
4.336,5.675,7.402,13.644,7.803,8.903,11.377
4.872,8.422,7.661,9.776,3.582,6.283,10.446
10.288,8.499,7.450,3.659,13.252,5.568,11.906
7.048,6.842,7.290,6.122,9.183,5.756,9.380
2.605,4.833,7.587,6.680,7.604,9.022,7.573
7.311,4.723,7.773,11.710,4.760,8.721,11.985
4.664,5.428,8.180,8.718,9.393,6.320,5.053
8.294,11.333,8.044,8.725,10.968,11.673,8.557
11.634,6.148,8.185,9.094,8.641,6.527,2.415
9.357,6.400,8.125,3.952,5.897,10.864,6.063
13.695,6.540,9.266,6.833,12.200,9.152,8.328
4.684,9.406,11.740,11.686,3.500,10.227,4.519
5.787,6.128,11.946,6.088,13.258,9.527,8.805
8.118,11.121,11.306,10.648,3.850,2.370,12.853
15.486,11.850,5.751,7.136,11.669,9.249,1.216
11.601,8.474,5.177,8.311,4.064,9.028,6.300
12.754,8.782,4.752,8.709,8.063,6.802,6.057
5.803,3.683,4.054,10.642,8.162,8.812,6.165
6.214,6.372,3.161,5.664,8.588,7.990,6.779
11.043,9.635,4.373,8.106,7.297,2.499,3.365
11.519,10.433,12.030,8.596,5.416,9.091,11.465
5.872,1.982,11.922,9.245,6.298,8.355,8.536
3.403,11.011,12.060,10.056,13.400,11.937,7.231
8.263,2.086,12.445,6.901,8.067,7.045,13.462
3.558,7.715,12.988,13.983,4.811,8.174,10.588
4.807,9.401,13.599,8.286,9.512,2.521,5.626
6.983,7.963,6.385,7.004,6.767,12.675,11.350
10.251,9.245,8.146,9.181,12.541,13.007,3.995
9.167,12.567,8.723,6.809,9.029,6.283,8.314
10.199,11.702,8.664,12.506,10.295,9.605,8.948
14.720,3.919,10.906,9.718,13.834,7.559,9.463
7.299,4.449,8.950,5.109,6.526,4.535,10.625
10.466,2.984,13.994,8.989,10.830,12.540,10.339
8.704,5.689,11.767,12.222,6.678,8.692,10.691
0.500,10.587,6.827,5.999,5.502,4.815,0.500
6.908,8.146,5.572,6.538,10.336,12.041,10.281
5.759,6.829,5.567,12.741,1.180,8.148,6.923
5.597,10.107,5.373,9.698,4.883,11.075,9.914
6.801,1.523,5.006,4.440,0.500,8.375,7.176
8.232,11.794,4.768,6.656,4.183,11.624,5.606
2.840,7.370,4.341,6.191,12.245,3.755,7.888
11.457,8.125,3.321,5.825,9.922,12.543,10.950
10.066,3.587,2.069,10.704,2.843,10.768,13.112
9.456,4.831,4.764,8.049,14.138,5.728,9.514
0.603,6.198,2.701,7.293,7.733,5.443,12.663
8.752,10.715,2.352,8.176,10.782,10.449,11.804
5.257,10.493,11.409,9.513,7.257,7.665,4.124
6.181,11.870,6.474,2.187,9.680,6.596,7.419
4.221,5.992,4.798,7.645,6.604,4.925,7.314
10.362,8.071,6.078,8.345,7.468,3.866,6.752
8.437,4.513,5.892,10.332,8.035,9.910,3.586
4.974,6.933,7.822,10.642,10.059,12.254,6.489
4.269,5.699,6.825,9.357,6.485,6.276,5.757
7.189,9.552,6.314,9.065,9.445,7.589,12.071
12.589,8.141,6.265,3.144,7.081,11.780,5.816
7.110,8.586,6.185,8.053,10.023,10.162,2.663
9.349,9.694,6.209,8.418,9.745,7.699,12.157
10.262,6.184,7.080,4.280,3.799,13.665,8.474
9.063,4.452,7.173,6.185,7.912,5.187,11.094
6.738,8.425,9.308,5.474,5.893,6.332,2.744
8.093,3.339,7.787,8.381,6.616,6.761,9.100
8.079,6.184,7.931,11.231,11.937,12.282,11.122
10.104,10.275,7.925,6.337,4.178,3.655,9.271
11.932,8.836,8.033,9.548,7.473,6.205,5.124
3.315,7.051,8.172,5.653,4.416,9.962,9.233
11.280,15.884,8.306,7.672,6.515,4.811,3.015
5.269,9.061,8.455,5.654,9.624,4.840,8.068
6.728,6.380,9.405,3.160,12.349,5.945,11.050
7.626,6.987,8.392,8.534,6.699,9.649,7.830
7.900,13.880,8.474,7.553,10.524,7.237,8.737
11.600,14.767,8.556,5.542,13.819,2.632,9.299
7.231,3.899,8.641,3.485,11.932,10.543,8.569
1.892,6.932,10.110,8.170,3.674,13.534,9.230
11.516,12.523,8.864,6.700,7.172,6.058,9.039
1.449,4.278,10.553,10.379,7.033,11.571,8.326
6.715,9.084,10.927,5.862,12.699,11.148,2.943
8.971,3.053,8.741,10.154,6.914,11.090,3.758
5.506,8.374,8.790,7.576,9.900,4.384,4.741
8.311,6.684,8.806,5.360,6.887,3.341,9.975
10.173,5.328,8.848,5.273,4.377,11.919,10.090
10.165,10.971,8.870,11.358,1.028,12.338,11.971
6.501,9.743,8.861,9.309,1.512,3.208,4.471
8.061,9.295,8.795,7.380,7.974,3.866,12.514
11.906,4.684,8.851,5.160,6.555,6.371,7.091
9.633,8.900,8.790,7.375,11.368,10.174,6.519
10.234,8.349,8.863,8.304,13.043,8.329,8.623
9.858,7.044,8.828,3.086,9.455,13.003,13.043
8.051,8.989,8.903,6.129,11.959,14.881,7.049
5.066,4.850,19.273,7.189,9.301,10.105,6.085
8.127,2.500,13.046,8.924,9.275,10.530,2.577
11.782,8.015,10.395,5.584,8.434,5.520,2.988
4.787,13.029,11.227,5.725,9.123,9.042,11.147
4.900,3.978,11.816,3.209,11.156,11.430,4.359
8.704,9.915,17.271,10.954,9.267,12.631,14.952
11.745,9.000,10.396,6.926,10.576,5.999,10.300
8.466,5.681,10.252,7.130,13.775,6.538,8.488
4.064,7.904,10.684,7.701,3.636,12.741,5.740
4.393,7.387,12.734,5.743,8.699,9.698,7.666
7.378,6.070,10.740,7.919,6.745,4.440,6.448
12.358,7.668,10.467,10.134,8.259,6.656,4.958
3.759,6.999,10.238,5.055,6.968,6.191,6.050
10.026,0.726,10.017,11.971,7.416,5.825,11.088
12.861,2.044,9.796,8.046,7.760,10.704,8.301
5.616,7.754,9.441,4.154,5.760,8.049,12.597
9.436,3.352,8.465,7.037,4.857,7.293,6.346
10.027,9.751,8.305,10.658,8.729,8.176,10.220
11.291,6.753,7.643,11.249,5.043,9.513,8.348
7.695,15.359,9.823,5.543,11.927,2.187,8.507
2.887,7.821,8.396,8.627,5.902,7.645,8.258
6.639,12.659,7.357,9.851,4.151,8.345,8.790
10.327,6.501,11.439,8.180,5.379,10.332,7.427
10.714,4.853,7.074,10.523,6.107,10.642,10.058
6.998,2.689,6.293,10.587,2.427,9.357,7.166
9.725,5.442,5.104,3.263,6.434,9.065,7.900
10.243,9.740,15.883,9.154,5.530,3.144,7.264
11.792,6.552,10.114,11.606,5.510,8.053,8.266
8.172,0.500,10.081,7.051,9.234,8.418,8.089
3.982,4.877,9.935,12.276,6.929,4.280,7.500
5.745,7.048,9.499,7.637,5.506,6.185,6.192
2.303,9.326,9.011,7.275,9.124,5.474,4.495
5.670,9.320,12.536,6.504,3.237,8.381,4.366
7.169,8.953,12.573,4.600,11.776,11.231,5.450
3.125,9.865,12.843,6.157,9.259,6.337,11.201
8.560,13.121,5.719,4.981,17.371,9.548,4.317
9.361,6.418,8.712,7.291,10.919,5.653,2.084
7.650,6.838,8.393,6.719,14.842,7.672,10.033
5.561,9.212,8.299,6.703,10.561,5.654,8.201
10.902,9.759,7.844,8.838,9.461,3.160,8.049
16.811,7.041,7.123,3.113,0.500,8.534,6.889
7.412,11.336,7.950,7.339,8.828,7.553,9.628
11.822,9.931,10.589,0.500,2.620,5.542,10.668
6.662,7.777,8.253,7.649,4.357,3.485,13.329
7.567,12.895,8.248,1.259,8.680,8.170,3.936
10.333,6.173,7.948,4.926,4.453,6.700,5.791
5.469,6.896,6.690,2.527,3.732,10.379,8.550
7.546,2.926,6.386,12.178,8.185,5.862,12.455
5.440,7.019,6.411,8.551,0.741,10.154,6.038
6.187,8.842,6.177,9.862,6.144,7.576,11.025
10.823,7.559,5.968,13.194,11.085,5.360,7.959
2.421,8.536,5.845,3.747,11.868,5.273,10.557
7.371,7.355,5.940,11.002,10.148,11.358,7.914
3.678,7.716,5.859,3.433,8.434,9.309,10.360
2.942,6.477,5.719,4.113,3.066,7.380,14.978
10.906,4.563,5.628,9.705,8.471,5.160,7.344
7.145,8.541,5.867,11.881,10.123,7.375,8.591
13.210,7.101,5.551,3.311,9.191,8.304,10.369
10.016,3.828,4.705,4.560,2.927,3.086,7.852
7.531,2.888,4.519,7.775,8.689,6.129,12.346
6.516,9.557,3.535,5.308,1.198,7.189,7.668
7.162,7.746,2.187,8.294,11.501,8.924,5.251
8.795,5.805,1.077,8.838,7.939,5.584,7.416
7.242,11.460,0.500,9.556,7.776,5.725,7.848
10.051,11.705,2.737,4.897,5.427,3.209,8.004
12.113,9.439,12.481,8.162,9.317,10.954,4.118
6.851,12.115,1.551,6.034,8.289,5.801,8.848
3.929,7.341,1.830,8.713,12.377,7.312,6.160
10.990,7.298,1.683,9.883,8.138,5.218,10.909
7.297,7.582,9.898,5.328,8.459,7.380,5.619
8.684,8.294,4.623,7.068,8.547,9.165,7.805
6.878,6.138,4.855,7.901,11.014,6.453,13.104
4.994,9.430,4.947,4.142,5.073,5.696,8.674
7.159,14.170,4.846,0.500,7.408,9.635,6.141
10.020,4.559,4.902,4.142,6.362,4.859,5.965
4.511,7.194,5.110,9.151,10.001,9.694,6.266
7.827,10.616,5.314,8.556,10.132,16.019,6.740
8.917,7.036,5.875,8.437,10.277,4.831,4.203
3.425,3.957,6.345,7.000,10.032,8.526,8.327
9.571,5.035,6.268,7.182,6.025,9.700,9.899
2.569,7.293,5.757,12.943,11.536,2.355,4.837
11.215,9.868,5.395,2.667,5.190,7.250,16.717
7.812,7.901,5.656,3.749,5.953,13.099,8.428
10.607,10.043,6.116,8.953,6.909,5.396,9.732
6.939,11.386,6.558,6.464,6.803,4.628,3.718
4.018,8.836,6.843,7.405,12.165,11.094,9.566
8.952,7.114,7.234,3.854,11.682,10.498,13.311
6.008,5.036,7.586,7.125,11.039,8.508,15.520
10.031,13.376,7.756,8.761,8.508,5.511,15.258
6.200,7.226,7.196,7.493,10.497,4.937,12.920
10.175,12.755,6.803,9.160,9.333,9.418,1.720
4.230,7.315,6.913,4.792,9.353,8.105,9.463
10.354,7.020,7.164,13.280,11.079,4.549,8.589
10.730,9.332,7.397,11.104,4.622,4.027,4.413
5.723,6.231,7.559,11.625,6.739,10.212,13.390
8.809,11.835,7.665,9.316,4.678,11.982,8.404
9.004,6.662,7.906,11.777,6.292,10.253,5.555
11.069,4.402,8.160,6.408,5.903,2.210,4.937
8.254,6.678,8.449,8.163,4.608,6.847,12.759
10.872,8.630,8.625,10.128,6.630,8.169,8.018
2.656,6.521,8.778,14.178,8.027,13.354,5.680
12.656,8.628,9.006,8.570,6.706,6.507,5.470
13.750,3.857,9.099,7.883,6.062,10.319,10.080
10.262,5.315,9.265,9.704,7.970,6.398,4.978
10.920,11.127,9.444,14.038,8.320,7.315,6.435
10.815,3.602,9.520,8.570,13.146,5.688,10.618
8.943,8.173,9.720,4.117,7.731,4.781,9.956
6.980,7.831,9.949,0.500,6.097,6.798,7.774
3.511,4.849,10.058,10.456,3.316,7.654,10.104
3.636,6.898,10.262,8.804,9.668,5.279,11.141
9.988,9.232,10.266,5.022,9.817,8.127,14.680
11.686,11.298,10.419,7.774,6.451,8.686,11.213
9.227,13.466,10.554,8.492,5.659,9.772,6.893
5.646,7.649,10.539,4.918,7.677,7.867,9.468
10.600,2.620,10.516,5.621,9.647,11.176,6.505
9.001,6.122,10.382,12.647,8.390,6.472,5.163
12.123,7.967,10.150,4.853,8.911,5.244,7.529
7.126,8.632,9.908,8.942,2.121,8.232,7.184
4.742,4.675,7.954,10.403,8.326,8.581,9.559
9.523,3.843,8.973,4.042,6.541,12.383,8.093
5.791,5.682,8.194,9.672,2.644,5.053,11.141
2.750,9.721,7.300,4.472,7.888,9.159,4.076
10.198,11.922,20.798,9.617,0.500,5.914,14.826
6.228,10.419,12.451,10.842,6.699,5.410,4.436
8.946,4.773,12.601,9.346,11.217,13.491,1.770
7.498,10.312,13.110,10.104,5.403,11.871,6.962
11.683,5.663,9.216,13.367,10.036,11.745,10.636
4.912,11.814,8.716,10.935,6.711,8.466,10.412
7.686,4.699,7.643,2.743,5.865,4.064,7.790
9.358,6.664,6.709,8.449,5.080,4.393,9.148
7.722,5.775,6.262,3.469,11.227,7.378,8.310
13.969,1.007,7.078,5.805,5.959,12.358,3.537
9.585,8.425,7.532,6.686,5.070,3.759,3.643
3.307,12.655,7.046,7.423,4.027,10.026,1.732
6.263,8.264,6.054,9.894,6.959,12.861,6.481
9.481,2.762,6.705,9.357,6.019,5.616,10.900
7.187,12.094,6.490,6.745,8.294,9.436,8.707
11.616,7.083,6.408,6.451,12.199,10.027,7.063
5.690,6.458,6.351,8.252,9.551,11.291,2.428
8.103,7.059,6.898,8.171,5.214,7.695,9.966
2.092,9.149,6.650,6.033,8.191,2.887,14.241
11.027,6.150,6.035,9.952,8.648,6.639,6.962
9.470,6.482,11.358,6.515,10.015,10.327,4.235
6.464,6.935,5.345,8.186,5.201,10.714,4.855
9.256,14.491,4.995,8.602,7.165,6.998,3.727
2.742,7.231,4.126,7.126,7.190,9.725,3.632
7.633,3.896,3.440,8.748,7.849,10.243,7.062
9.313,5.401,10.864,10.948,9.916,11.792,9.763
10.164,8.825,11.539,11.662,1.923,8.172,4.191
10.760,9.913,10.845,0.500,7.921,3.982,10.702
2.266,5.958,10.823,6.804,10.282,5.745,7.601
6.023,5.344,10.628,4.363,7.176,2.303,10.389
8.775,8.592,11.069,10.665,3.673,5.670,2.138
6.911,6.125,10.791,6.688,8.506,7.169,10.356
4.217,1.840,10.867,11.932,14.960,3.125,8.272
12.965,5.706,11.145,5.801,4.818,8.560,8.936
3.923,14.751,12.074,3.827,4.798,9.361,4.524
9.716,11.639,11.693,6.133,1.154,7.650,7.187
3.588,10.990,11.587,8.984,6.980,5.561,6.975
8.817,8.816,10.720,6.839,10.031,10.902,8.090
7.215,5.816,10.251,9.688,5.588,16.811,10.803
4.964,3.427,10.489,7.160,9.781,7.412,11.951
12.264,6.041,10.043,13.242,8.329,11.822,7.493
8.890,8.270,8.801,8.222,11.781,6.662,12.368
8.149,8.766,8.658,11.324,8.936,7.567,6.223
11.028,5.774,9.052,10.256,15.104,10.333,3.069
6.755,12.035,8.881,0.500,4.624,5.469,15.079
3.800,8.918,3.305,6.606,7.498,7.546,4.123
4.586,7.730,2.475,5.000,8.910,5.440,8.436
13.014,4.963,2.816,11.156,9.196,6.187,2.778
11.881,11.177,9.433,10.202,11.019,10.823,9.891
2.642,7.640,10.711,8.662,4.820,2.421,7.448
6.840,4.149,10.746,10.731,3.587,7.371,2.593
7.353,8.428,10.319,4.347,5.724,3.678,4.831
9.847,4.959,10.880,11.456,10.756,2.942,6.700
7.218,8.779,9.664,4.993,8.403,10.906,12.726
2.906,8.996,2.019,3.618,6.709,7.145,6.427
9.883,6.210,3.477,11.483,6.993,13.210,6.724
7.002,11.579,3.243,6.053,11.199,10.016,6.374
6.810,4.524,2.039,4.791,12.348,7.531,11.331
11.678,11.536,3.112,7.544,12.409,6.516,8.112
10.167,8.010,9.982,13.658,9.933,7.162,11.545
11.055,8.116,9.967,11.725,11.703,8.795,5.601
5.811,9.602,3.359,9.953,6.428,7.242,7.134
12.725,4.242,10.684,4.026,3.424,10.051,5.146
6.509,10.258,9.894,8.298,3.645,12.113,3.456
10.474,9.410,11.201,9.224,8.914,8.152,10.020
8.089,8.539,11.066,6.362,6.334,5.935,10.640
4.943,6.014,5.417,4.088,4.803,3.894,10.257
7.393,10.694,4.172,9.020,9.280,8.308,10.105
5.438,6.771,4.170,8.561,4.116,8.896,9.093
11.408,3.948,4.225,8.407,9.113,6.123,4.754
6.470,4.260,4.241,5.379,1.406,7.676,5.714
8.819,10.024,4.784,8.888,6.028,7.174,8.925
12.481,13.342,12.588,9.648,9.582,11.200,5.078
6.329,5.198,11.680,10.496,7.869,11.093,6.062
11.798,5.648,12.321,6.561,9.151,7.985,9.330
7.141,4.683,12.320,5.981,5.197,5.508,9.148
11.314,2.907,11.846,10.934,7.345,9.598,9.712
9.067,7.347,11.865,2.373,13.142,12.606,11.450
9.913,10.404,11.879,8.826,10.702,9.127,10.082
10.664,8.099,7.676,7.089,9.958,8.926,17.216
4.151,9.087,11.590,11.109,6.165,10.111,8.191
10.418,7.715,10.748,7.906,10.164,4.913,8.600
6.533,8.969,12.014,6.483,6.268,10.988,11.924
10.130,11.027,12.284,4.815,1.454,7.893,7.230
6.631,8.877,12.061,4.634,6.366,7.984,10.255
10.113,14.512,11.963,5.722,7.211,4.610,2.820
6.996,4.758,11.770,11.185,6.653,8.511,8.094
7.363,8.684,5.305,11.293,6.406,8.862,8.757
4.634,8.097,7.476,6.803,5.647,3.103,6.433
8.784,7.049,5.177,6.674,8.198,9.347,7.378
6.842,10.342,4.988,8.075,4.787,1.423,13.644
6.785,7.986,5.077,8.269,9.481,8.357,9.776
8.159,10.566,4.995,6.582,6.918,8.822,3.659
10.169,8.915,5.053,7.944,7.252,8.621,6.122
9.460,8.596,5.071,4.583,6.806,7.371,6.680
10.880,10.974,5.068,3.588,2.325,9.559,11.710
8.306,11.739,5.067,10.733,9.513,11.785,8.718
7.684,5.523,5.072,10.789,4.575,10.876,8.725
8.301,7.453,5.526,3.165,8.611,10.928,9.094
10.010,4.690,4.904,8.601,5.988,3.965,3.952
5.148,8.056,4.937,7.275,6.284,6.274,6.833
11.143,6.519,4.919,11.469,6.083,10.002,11.686
2.951,11.861,4.906,12.740,10.699,0.500,6.088
6.816,8.421,4.886,11.670,13.496,6.148,10.648
5.775,8.167,4.760,7.407,9.305,8.187,7.136
7.689,9.929,13.108,2.643,8.768,6.063,8.311
10.342,11.913,8.641,11.832,6.870,9.913,8.709
6.605,7.054,8.619,7.223,9.139,10.512,10.642
10.036,6.006,8.543,10.662,5.705,7.669,5.664
2.798,5.487,11.291,7.779,10.996,9.710,8.106
7.634,8.286,9.433,2.121,10.484,10.369,8.596
2.058,14.086,9.279,4.947,7.766,1.770,9.245
5.150,8.434,9.203,10.198,10.020,6.955,10.056
5.717,8.770,9.253,12.533,3.548,6.539,6.901
9.867,12.516,9.276,6.987,13.218,7.616,13.983
2.425,8.734,9.232,1.232,6.076,6.805,8.286
5.653,5.409,9.329,12.376,4.757,7.580,7.004
8.966,5.385,7.532,7.413,10.813,11.487,9.181
8.574,4.408,6.155,9.286,7.769,10.356,6.809
4.561,4.281,6.092,5.797,6.148,9.102,12.506
10.176,8.756,5.712,10.895,5.132,9.895,9.718
5.253,5.723,5.833,12.498,11.987,5.309,5.109
9.605,8.174,7.187,8.052,6.517,8.598,8.989
6.383,7.800,9.219,7.004,6.293,5.640,12.222
8.914,8.918,9.915,9.145,10.674,1.834,6.409
6.334,13.608,10.808,9.692,9.433,5.597,6.404
4.803,10.939,12.480,8.034,4.464,5.730,5.114
9.280,12.427,11.392,5.523,8.616,3.939,2.375
4.116,10.811,10.915,5.787,5.655,8.265,7.343
9.113,8.894,10.294,4.813,3.428,5.870,12.017
1.406,7.355,9.942,8.592,3.972,17.118,5.774
6.028,8.917,11.224,7.557,0.500,9.431,7.173
9.582,9.175,12.532,6.599,11.060,13.284,5.725
7.869,4.730,11.516,8.417,9.869,7.161,12.312
9.151,3.148,7.785,3.193,8.147,10.679,17.777
5.197,7.568,7.597,6.407,5.123,10.125,7.069
7.345,6.263,8.291,9.404,10.040,13.709,12.289
13.142,8.140,5.719,4.790,8.360,9.668,5.738
10.702,4.976,7.851,6.728,10.661,10.447,11.516
9.958,5.554,14.937,8.594,8.856,1.552,9.807
6.165,12.662,11.749,7.591,11.778,6.759,5.820
10.164,2.662,9.784,10.775,6.326,8.268,5.996
6.268,11.374,8.126,6.133,9.331,10.547,7.511
1.454,9.650,7.820,7.730,9.344,6.099,6.115
6.366,7.930,6.865,3.835,16.692,7.351,8.146
7.211,10.247,7.443,8.796,6.864,9.170,9.892
6.653,2.271,8.245,4.766,14.206,6.574,11.527
6.406,9.393,4.198,9.212,8.677,6.860,10.799
5.647,5.442,7.300,8.107,5.100,7.158,6.817
8.198,7.162,8.305,5.575,5.892,10.076,9.827
4.787,4.406,5.956,11.404,6.110,9.996,9.524
9.481,6.775,8.569,8.000,8.437,5.804,5.357
6.918,9.285,12.171,9.480,5.738,11.491,8.467
7.252,8.351,9.115,6.222,6.332,10.930,6.680
6.806,8.655,10.034,7.074,10.764,6.077,10.109
2.325,4.515,8.592,10.322,8.082,6.591,12.662
9.513,1.421,7.831,9.362,8.937,2.672,3.676
4.575,4.687,7.839,6.563,11.842,10.572,8.076
8.611,5.086,5.213,10.182,11.612,12.894,9.124
5.988,6.429,6.071,6.916,2.814,10.075,7.454
6.284,13.327,5.555,11.764,9.109,10.120,8.826
6.083,5.061,5.724,7.313,8.298,11.336,8.840
10.699,5.024,5.979,7.462,10.200,8.749,3.090
13.496,6.862,5.140,2.421,8.937,9.792,10.131
9.305,8.578,5.889,9.529,4.429,7.476,9.836
8.768,6.798,5.747,10.053,2.799,11.445,8.884
6.870,11.592,9.987,8.249,6.948,4.602,7.744
9.139,12.770,5.589,6.067,6.651,9.793,6.123
5.705,11.218,4.487,13.036,7.405,5.462,8.255
10.996,8.564,0.500,8.289,6.409,3.806,3.946
10.484,5.059,0.500,6.313,1.865,11.773,6.834
7.766,10.918,0.500,4.084,8.435,12.431,3.975
10.020,4.045,4.136,10.037,7.968,11.059,12.019
3.548,4.576,13.995,6.380,7.963,6.329,10.690
13.218,9.560,7.959,8.567,10.074,12.460,8.164
6.076,6.529,8.548,14.055,9.315,3.742,4.966
4.757,5.579,8.025,5.292,8.339,1.193,7.954
10.813,9.537,6.831,4.397,7.176,6.363,2.874
7.769,5.499,6.155,6.355,12.952,9.242,9.017
6.148,6.095,5.259,6.591,8.391,14.085,5.664
5.132,5.063,10.062,11.773,13.009,2.691,10.293
11.987,3.529,9.403,8.271,6.493,1.512,1.558
6.517,7.140,10.149,9.043,9.469,4.522,11.030
6.293,7.854,9.458,7.643,7.777,6.646,5.937
7.320,6.208,12.045,12.401,3.932,10.327,12.723
6.664,10.335,7.828,6.133,7.254,2.633,9.641
13.094,7.124,6.076,9.629,9.358,7.756,11.096
10.200,11.383,6.375,10.392,5.253,5.586,7.924
12.131,7.908,7.432,6.042,4.179,1.317,3.774
7.885,8.173,8.275,6.844,5.138,13.624,7.137
4.792,11.266,12.272,11.569,9.003,4.558,4.713
5.448,9.259,6.752,11.573,11.025,7.263,9.695
4.560,6.480,11.329,5.730,8.953,6.790,17.983
8.288,6.791,11.242,6.873,9.201,11.870,4.387
4.483,11.890,12.156,12.720,7.893,6.230,8.611
14.380,9.421,12.247,6.572,7.836,6.118,11.497
5.151,12.389,12.423,10.211,12.305,12.066,8.829
9.151,10.123,12.067,9.924,6.881,7.529,4.365
7.355,6.965,11.075,6.084,5.264,7.603,9.789
5.784,7.261,10.836,1.347,7.632,11.821,14.155
7.590,12.766,4.836,9.798,13.200,13.563,1.907
8.056,9.415,11.265,6.337,12.949,8.144,9.030
10.540,13.543,13.446,7.138,3.654,8.226,12.028
5.869,8.399,11.144,11.923,8.947,5.153,12.379
7.160,4.549,11.441,10.582,10.287,6.782,8.582
0.500,5.089,8.237,5.621,4.851,6.769,9.453
7.817,11.069,7.387,4.493,11.130,12.287,9.526
5.432,7.272,7.424,9.594,0.883,1.709,6.957
13.038,6.182,9.858,9.310,4.899,12.286,6.486
8.929,7.957,9.672,6.805,11.928,5.646,6.169
14.381,1.548,9.674,10.562,4.068,14.415,0.782
5.630,8.265,9.595,9.622,8.199,9.724,10.553
8.538,7.733,9.705,6.034,4.231,14.609,8.978
6.061,4.438,10.032,2.940,13.181,12.556,9.121
7.464,9.863,10.341,8.824,3.962,3.478,6.913
14.653,9.460,10.505,8.208,10.145,11.196,5.028
6.760,8.271,5.021,9.671,7.064,12.188,6.659
9.547,8.858,8.865,6.031,5.955,4.950,8.809
3.706,10.830,8.688,5.735,11.771,10.342,4.983
7.684,10.851,8.566,3.505,9.944,6.912,4.290
11.213,6.957,5.252,4.656,13.034,9.890,12.722
9.651,5.360,7.575,5.451,8.460,11.788,7.072
10.388,7.725,3.476,4.594,9.870,8.415,5.080
9.254,9.780,1.279,9.454,7.346,10.717,13.863
5.512,12.384,4.596,8.392,3.509,1.810,8.411
7.578,8.697,4.021,8.191,5.892,9.190,6.871
5.347,11.548,3.981,9.704,14.642,3.554,4.298
8.237,11.631,3.778,8.546,10.276,11.281,8.670
9.953,5.557,9.585,1.763,9.370,8.423,9.913
7.777,7.215,12.866,5.954,7.780,9.135,7.121
8.966,8.428,5.337,8.942,6.726,3.661,7.123
9.428,11.523,5.202,8.658,5.790,11.531,6.500
8.257,6.062,5.229,6.956,4.446,7.669,5.271
0.646,11.917,5.129,4.865,5.966,12.752,10.926
8.405,12.029,5.153,0.841,5.640,11.319,8.584
4.990,3.942,5.177,14.735,9.515,7.061,4.981
12.172,13.979,5.021,11.392,10.223,6.814,7.944
13.185,6.780,5.190,6.898,7.596,10.880,10.202
11.668,8.508,5.141,9.579,10.942,7.865,7.611
13.288,5.302,5.276,7.485,12.745,7.131,10.510
6.324,6.505,5.033,8.927,5.550,4.243,3.650
7.959,12.350,5.128,8.029,5.449,8.604,4.730
7.514,5.902,5.918,6.055,6.313,6.546,9.571
9.168,9.684,9.524,7.352,10.630,9.176,10.770
6.614,6.614,5.656,10.070,11.683,9.399,8.536
6.180,6.180,0.501,10.827,4.912,10.152,8.855
10.877,10.877,2.274,6.141,7.686,7.048,5.478
3.964,3.964,2.177,5.381,9.358,10.693,11.279
5.691,5.691,2.919,4.798,7.722,6.444,7.909
7.942,7.942,1.561,12.989,13.969,12.007,9.817
4.152,4.152,11.354,10.189,9.585,12.368,9.912
8.564,8.564,5.921,7.240,3.307,8.667,7.540
5.441,5.441,7.137,3.379,6.263,5.584,6.976
9.265,9.265,7.426,6.777,9.481,11.294,9.897
12.851,12.851,6.365,10.866,7.187,8.855,6.702
3.924,3.924,7.162,12.634,11.616,4.983,11.216
9.491,9.491,5.846,8.031,5.690,9.766,8.825
8.295,8.295,6.970,9.074,8.103,11.043,1.658
10.364,10.364,7.548,8.844,2.092,5.922,6.619
12.193,12.193,5.162,9.104,11.027,9.498,6.094
8.121,8.121,2.856,6.577,9.470,4.733,13.423
5.009,5.009,5.200,4.363,6.464,7.392,1.167
11.168,11.168,7.459,6.749,9.256,7.091,6.236
6.211,6.211,7.448,7.744,2.742,10.790,9.246
6.816,6.816,8.403,5.990,7.633,7.393,8.708
4.991,4.991,7.551,11.227,9.313,7.808,10.258
9.743,9.743,7.503,10.006,10.164,12.711,14.318
5.247,5.247,8.463,9.232,10.760,7.062,7.761
7.975,7.975,8.176,9.510,2.266,7.266,9.835
11.665,11.665,9.123,6.307,6.023,9.512,10.949
4.682,4.682,7.914,9.416,8.775,8.925,10.557
3.612,3.612,10.038,8.852,6.911,3.221,5.363
6.643,6.643,9.735,7.904,4.217,3.943,6.368
7.312,7.312,8.713,3.917,12.965,6.559,10.203
11.592,11.592,9.430,11.000,3.923,3.306,9.005
7.168,7.168,8.302,9.058,9.716,10.164,5.340
3.474,3.474,6.359,12.977,3.588,11.513,11.581
5.787,5.787,7.655,10.329,8.817,7.938,6.631
7.672,7.672,7.605,8.731,7.215,6.544,7.591
5.597,5.597,7.126,10.427,4.964,11.720,8.145
7.481,7.481,9.572,5.321,12.264,10.209,7.541
8.721,8.721,10.519,8.830,8.890,13.448,3.294
8.119,8.119,10.144,9.621,8.149,4.880,7.780
2.326,2.326,10.249,7.174,11.028,6.895,4.939
8.684,8.684,9.345,9.819,6.755,4.666,5.436
13.925,13.925,9.366,5.798,3.800,3.750,6.414
7.320,7.320,8.745,7.129,4.586,13.657,6.943
4.083,4.083,8.512,8.300,13.014,11.719,5.229
8.484,8.484,8.121,6.161,11.881,5.373,8.576
12.514,12.514,13.904,10.916,2.642,12.689,3.598
12.722,12.722,11.673,6.684,6.840,6.541,7.015
8.806,8.806,10.938,5.859,7.353,8.750,5.655
8.940,8.940,11.422,10.372,9.847,7.159,8.504
7.826,7.826,9.302,6.456,7.218,2.631,7.268
3.862,3.862,9.250,9.956,2.906,3.774,3.097
3.300,3.300,7.841,9.654,9.883,10.001,6.390
12.923,12.923,7.185,0.500,7.002,5.504,11.283
9.455,9.455,8.057,11.527,6.810,7.451,5.501
11.357,11.357,7.377,8.027,11.678,5.466,12.698
9.072,9.072,6.446,5.275,10.167,11.056,7.936
7.372,7.372,7.274,5.219,11.055,8.262,5.444
7.104,7.104,18.232,11.367,5.811,6.530,7.498
11.509,11.509,13.769,9.664,12.725,10.452,0.500
6.862,6.862,11.717,8.356,6.509,8.603,4.418
3.411,8.716,5.565,8.654,3.411,7.626,12.334
7.571,5.198,3.680,8.598,7.571,6.729,8.692
11.030,6.849,0.500,10.206,11.030,4.173,6.614
11.346,10.743,0.500,9.282,11.346,6.482,11.178
4.769,8.935,7.522,13.045,4.769,7.012,12.325
7.106,1.902,3.855,5.768,7.106,15.814,4.415
9.893,7.513,5.653,9.282,9.893,5.804,7.885
6.635,6.821,3.858,9.238,6.635,6.956,10.642
4.526,6.529,3.648,11.952,4.526,4.075,5.655
8.359,9.178,3.962,12.238,8.359,12.670,3.277
7.569,6.995,10.079,3.883,7.569,7.134,7.474
7.663,7.237,3.112,6.506,7.663,9.631,9.176
7.005,9.199,2.438,6.625,7.005,6.997,8.067
11.732,7.784,2.300,8.221,11.732,1.638,7.926
5.977,12.319,2.382,11.828,5.977,8.590,6.915
9.800,8.505,10.317,7.385,9.800,1.911,5.578
10.130,5.649,8.282,7.798,10.130,3.972,6.176
5.901,11.154,8.203,3.146,5.901,6.059,9.421
8.888,9.441,7.001,9.734,8.888,8.468,9.730
5.719,6.638,8.721,8.347,5.719,6.979,7.573
7.144,12.833,10.279,8.221,7.144,8.022,11.069
4.248,3.000,9.657,9.469,4.248,12.144,6.732
7.289,9.879,9.738,10.903,7.289,12.203,9.407
10.002,10.727,9.486,6.054,10.002,12.518,10.095
5.680,7.041,9.896,11.972,5.680,10.235,6.029
8.988,12.587,10.049,9.913,8.988,5.782,6.366
9.587,6.795,10.335,7.199,9.587,8.699,5.675
9.626,7.379,10.702,7.063,9.626,11.276,8.422
6.293,10.795,11.297,8.785,6.293,10.581,8.499
6.877,9.483,10.940,12.368,6.877,8.436,6.842
8.316,7.469,11.119,10.826,8.316,6.213,4.833
7.674,9.696,11.367,6.199,7.674,3.582,4.723
9.055,0.500,7.587,12.655,9.055,3.147,5.428
10.741,8.132,5.053,3.367,10.741,9.428,11.333
10.827,8.054,7.389,7.445,10.827,10.004,6.148
11.602,6.833,14.241,10.158,11.602,5.248,6.400
7.794,10.827,8.579,10.597,7.794,17.522,6.540
8.925,9.614,8.367,9.674,8.925,10.188,9.406
9.561,8.885,9.222,9.022,9.561,10.613,6.128
9.024,12.311,7.315,3.255,9.024,5.978,11.121
4.955,4.687,8.341,8.872,4.955,7.925,11.850
7.926,3.195,8.312,9.789,7.926,8.801,8.474
10.544,4.861,12.918,9.629,10.544,8.004,8.782
9.947,15.223,9.979,12.743,9.947,2.164,3.683
3.764,9.686,8.998,7.433,3.764,7.338,6.372
13.359,8.203,8.869,11.193,13.359,4.106,9.635
9.045,11.967,8.635,9.300,9.045,10.274,10.433
9.152,10.205,8.610,7.462,9.152,2.180,1.982
6.832,11.117,8.822,12.155,6.832,14.690,11.011
10.759,4.771,8.769,7.879,10.759,12.894,2.086
4.198,8.646,8.582,12.602,4.198,8.014,7.715
3.347,9.956,8.524,8.680,3.347,5.357,9.401
10.069,7.971,8.531,5.327,10.069,10.577,7.963
7.070,5.728,9.235,11.675,7.070,5.295,9.245
1.202,9.915,8.811,12.620,1.202,6.685,12.567
9.693,8.599,8.923,4.303,9.693,12.903,11.702
10.128,10.004,9.515,3.089,10.128,10.123,3.919
6.416,2.339,9.428,8.221,6.416,5.984,4.449
7.557,12.616,9.400,10.381,7.557,5.133,2.984
7.704,8.150,12.599,8.998,7.704,9.787,5.689
9.066,10.576,10.291,10.814,3.724,3.749,9.792
10.681,13.775,9.555,7.113,14.807,6.450,1.125
8.435,3.636,10.165,6.333,7.819,6.203,8.464
2.375,8.699,10.607,5.930,10.104,8.324,11.079
9.746,6.745,10.765,13.696,8.044,6.267,7.853
5.752,8.259,10.722,7.573,6.667,10.792,6.879
11.044,6.968,9.577,4.323,10.907,9.742,10.402
7.186,7.416,10.261,10.650,11.189,12.197,7.245
3.031,7.760,12.143,0.876,3.628,7.275,1.258
4.736,5.760,11.953,3.169,12.596,11.789,5.346
7.958,4.857,11.641,5.586,13.282,3.776,4.785
6.917,8.729,10.923,1.121,7.679,8.475,6.329
8.649,5.043,12.286,9.672,7.247,1.223,13.737
7.316,11.927,12.206,7.911,2.381,8.358,7.264
9.315,5.902,12.102,7.013,4.618,8.479,2.730
7.965,4.151,7.731,10.195,9.784,9.471,8.193
8.991,5.379,6.981,9.714,10.997,4.823,9.744
6.848,6.107,8.667,8.179,8.070,6.845,2.015
7.818,2.427,8.206,11.726,5.977,1.900,8.830
3.720,6.434,11.237,10.572,10.279,7.784,6.401
7.328,5.530,8.818,7.457,6.985,10.446,10.082
8.877,5.510,5.989,12.191,9.297,7.179,8.709
4.950,9.234,6.504,12.527,8.600,4.194,3.990
12.342,6.929,10.937,9.330,7.286,9.282,3.571
8.030,5.506,11.861,3.740,5.310,12.895,6.786
3.611,9.124,9.556,9.242,5.529,8.039,6.207
4.024,3.237,9.438,9.531,14.063,0.500,2.867
7.117,11.776,9.653,5.403,11.298,3.908,0.708
10.395,9.259,8.671,9.051,7.583,3.507,4.178
4.827,17.371,0.809,4.471,5.521,7.716,5.752
8.196,10.919,8.716,6.315,6.484,10.362,9.726
3.717,14.842,8.097,8.013,11.445,8.413,7.745
10.475,10.561,8.668,11.549,6.143,9.213,9.232
6.692,9.461,9.059,10.104,9.128,5.195,5.681
8.572,0.500,9.158,9.414,10.225,11.407,7.294
10.578,8.828,7.981,11.611,7.050,6.450,9.845
4.586,2.620,8.994,3.069,7.303,5.063,12.449
3.410,4.357,6.918,7.614,6.291,5.810,9.001
1.470,8.680,7.326,8.440,7.396,8.749,5.286
1.868,4.453,7.904,8.246,7.469,9.432,10.142
16.798,3.732,7.848,6.250,2.620,8.055,5.230
9.069,8.185,8.452,6.696,7.665,11.801,4.847
11.141,0.741,5.935,3.478,6.693,7.485,8.283
6.340,6.144,5.900,0.500,8.603,7.344,5.570
6.680,11.085,5.730,3.242,12.150,5.027,5.739
6.242,11.868,5.169,9.930,7.079,5.126,3.721
9.720,10.148,4.697,2.296,9.934,9.584,10.130
4.461,8.434,3.912,6.525,12.820,9.928,8.376
7.647,3.066,3.972,10.923,9.479,8.969,10.015
9.016,8.471,5.229,10.929,2.801,9.393,5.084
8.323,10.123,2.940,1.955,8.267,8.006,5.950
5.880,9.191,3.192,7.725,11.407,7.030,2.476
4.327,2.927,3.474,9.373,8.668,9.914,9.481
2.752,8.689,2.753,1.666,8.709,7.327,4.778
5.879,1.198,2.480,4.452,10.437,16.246,12.964
9.620,11.501,3.220,5.929,10.936,14.690,5.921
6.906,7.939,13.716,6.398,2.807,6.122,9.634
6.832,7.776,5.625,10.464,9.985,5.634,6.768
6.865,5.427,4.572,11.621,5.772,12.100,9.623
8.143,9.317,8.110,12.571,9.911,6.593,13.819
11.281,9.897,7.147,8.642,14.198,5.638,1.525
7.273,4.887,12.815,9.017,8.258,8.814,3.693
12.380,5.806,10.586,6.029,10.173,8.480,6.977
5.847,8.948,10.446,10.754,9.274,7.718,5.409
11.727,8.942,10.021,10.934,9.770,12.092,4.438
7.445,8.681,9.531,5.262,11.216,10.259,11.118
4.209,6.812,10.992,8.316,4.435,8.499,6.204
6.787,9.024,10.132,10.591,11.297,10.122,3.154
7.421,4.824,11.523,9.690,7.033,3.280,8.055
6.581,4.532,12.532,7.055,10.976,9.644,6.720
11.689,4.553,10.825,10.833,8.642,8.777,5.853
2.918,6.524,12.006,8.514,7.832,8.631,2.687
13.702,8.374,10.962,5.669,6.116,3.724,12.854
4.629,9.697,14.571,7.563,6.858,13.575,9.639
2.933,9.033,13.082,8.006,5.527,4.783,5.725
6.551,8.405,12.045,5.224,5.747,5.202,11.633
6.945,12.150,8.202,8.830,9.628,7.084,13.409
10.781,6.866,9.414,7.417,8.292,8.560,5.370
7.472,3.665,9.463,5.978,9.891,2.031,10.012
4.324,12.235,8.955,12.259,5.115,8.313,10.210
8.643,5.948,8.036,8.447,14.349,12.664,10.687
11.523,5.507,6.611,14.654,5.930,10.074,4.844
11.919,8.832,4.419,6.222,9.612,11.522,7.944
7.121,7.103,14.506,7.689,7.643,11.773,1.784
10.219,6.802,8.389,14.371,9.504,9.617,3.233
2.546,7.437,8.107,6.579,2.949,6.329,6.777
6.712,2.955,7.263,2.414,8.753,9.417,11.631
0.500,9.518,5.136,11.869,7.518,14.107,3.295
7.429,6.316,1.694,5.743,4.856,2.937,8.245
8.330,6.730,0.506,10.583,5.724,9.495,7.452
4.093,0.500,5.672,4.305,6.756,7.093,8.436
11.268,9.446,5.779,8.595,9.538,11.047,3.244
9.219,7.509,4.782,1.706,7.764,7.877,7.770
8.198,2.454,5.967,8.781,13.217,9.662,5.189
6.261,7.887,6.139,7.291,8.567,5.284,5.375
9.259,5.832,5.587,6.492,4.148,6.914,4.895
3.234,9.122,5.922,0.500,8.204,8.144,11.639
10.386,3.121,4.489,6.013,5.496,12.333,4.886
12.623,7.210,5.588,2.925,15.406,11.027,5.513
7.849,16.586,6.180,9.472,10.407,6.845,11.907
9.979,12.650,5.421,10.972,4.363,12.851,13.836
10.531,10.113,2.630,5.523,12.817,6.600,12.424
7.286,8.238,6.117,5.413,8.074,10.048,10.069
6.602,9.402,5.952,7.955,7.925,4.280,8.031
10.209,9.229,14.159,3.878,9.465,11.053,13.109
2.691,7.378,7.397,7.709,10.707,8.710,5.595
7.571,9.176,7.969,9.724,6.571,7.183,8.241
8.192,6.794,6.998,3.305,11.276,10.721,5.174
5.368,5.229,7.088,9.645,9.973,13.641,9.649
5.548,12.956,7.792,9.271,8.690,5.742,8.878
7.048,9.221,6.534,9.935,6.156,12.791,7.610
7.460,5.638,6.384,10.328,8.649,4.281,6.430
9.164,10.758,6.552,10.209,4.761,9.147,1.941
10.501,4.255,6.615,8.596,7.182,8.496,7.091
9.000,8.055,7.197,10.920,7.220,2.713,7.411
9.725,6.265,8.146,8.878,12.335,0.500,3.874
8.470,5.189,8.654,6.241,5.488,7.881,11.578
9.635,11.276,8.412,10.542,10.917,7.716,7.477
7.169,7.603,7.668,12.485,8.966,11.384,6.270
12.571,13.384,6.294,9.000,8.239,8.452,9.978
8.243,9.851,3.722,7.682,5.277,4.587,7.101
9.973,6.959,2.433,6.916,9.297,3.216,13.518
9.145,3.090,1.687,7.820,10.183,11.408,7.886
8.599,7.069,2.892,2.708,15.149,7.114,4.894
6.959,5.022,0.903,7.478,8.741,6.435,7.598
1.522,2.016,0.639,8.952,10.115,3.420,12.464
8.165,6.107,1.826,4.713,10.764,5.843,7.061
12.642,8.936,10.680,4.440,5.273,1.603,6.197
7.169,6.987,9.986,7.401,6.129,10.254,11.083
7.252,8.775,10.918,10.306,5.176,8.969,5.952
8.927,6.779,10.891,8.090,5.011,8.979,9.663
5.041,2.202,7.615,4.792,8.599,9.667,7.072
4.213,10.731,7.121,9.372,8.076,7.802,9.276
7.997,14.850,7.065,12.199,10.345,9.911,8.551
9.386,8.039,7.672,10.101,8.963,5.848,8.907
8.912,6.867,8.716,3.508,10.755,12.436,5.317
4.820,10.273,10.845,12.267,10.796,13.376,6.188
6.470,14.039,10.093,15.598,10.792,3.789,8.103
11.287,8.529,5.747,3.137,9.800,7.358,3.623
6.776,9.747,6.217,3.632,7.968,3.391,9.190
9.002,11.078,7.589,11.362,10.884,8.357,10.140
8.349,7.871,7.676,10.653,7.474,7.928,9.197
8.857,4.355,6.703,4.508,13.123,9.724,7.523
10.196,12.196,7.637,9.667,11.103,4.657,7.634
9.375,9.522,7.683,10.170,12.354,11.435,6.569
7.247,2.403,12.369,10.415,9.473,8.441,3.597
14.850,12.749,7.436,10.300,6.847,11.718,6.872
9.847,11.366,8.401,6.312,7.046,6.444,8.648
4.981,8.451,8.810,8.554,6.026,7.071,9.015
7.260,5.771,9.438,13.773,11.000,4.489,12.025
8.255,6.924,9.418,7.854,11.157,9.318,4.139
12.133,8.549,9.089,7.029,11.834,6.402,4.288
4.296,7.430,9.380,2.150,7.792,8.092,11.994
4.361,6.347,8.608,8.538,4.152,5.841,11.874
6.316,15.975,7.032,11.631,8.903,14.562,8.762
8.944,4.088,9.250,4.125,5.607,9.382,8.311
9.336,8.973,9.528,12.925,8.949,4.787,7.690
10.796,5.000,9.266,12.663,4.994,11.421,7.417
12.373,6.425,5.954,10.440,6.552,8.360,11.202
10.770,3.340,7.169,0.500,11.529,10.661,7.464
6.332,6.758,6.639,15.937,10.538,7.736,9.731
10.937,6.262,7.289,4.819,5.637,5.126,4.584
6.959,1.673,6.289,6.076,8.372,6.279,6.088
9.405,7.374,6.166,5.057,7.790,7.313,2.265
7.353,12.117,4.732,6.648,11.778,7.117,3.828
10.562,7.465,5.963,7.768,11.532,8.016,10.345
6.054,9.401,5.430,9.024,7.357,10.056,9.403
8.918,8.059,16.071,8.433,7.854,5.401,6.853
10.042,13.049,9.404,9.827,7.243,12.074,10.800
2.859,8.260,9.946,5.016,4.831,7.930,7.071
7.011,5.783,8.300,7.849,8.184,8.379,6.656
11.862,8.092,11.625,6.138,3.975,10.037,10.112
5.399,5.058,10.357,8.543,10.150,9.445,3.664
7.555,10.526,11.260,6.923,6.160,10.156,10.592
10.165,6.011,10.732,9.238,6.931,1.426,12.326
6.075,4.949,11.476,7.249,8.150,5.012,3.647
3.251,5.434,11.125,4.784,7.955,11.395,15.826
9.667,8.917,11.797,14.008,6.701,7.762,8.710
4.475,9.058,8.901,7.974,6.952,9.267,10.739
13.449,8.870,10.396,10.296,11.495,12.997,11.971
8.848,11.683,5.427,8.421,4.946,9.537,7.173
6.160,4.912,4.631,8.317,10.426,5.956,7.730
10.909,7.686,5.465,10.016,8.754,8.546,5.922
5.619,9.358,11.866,7.570,6.216,7.207,8.328
7.805,7.722,5.786,0.500,9.391,6.994,5.640
13.104,13.969,6.500,9.870,8.544,6.593,8.343
8.674,9.585,6.784,7.295,5.144,16.373,6.458
6.141,3.307,6.223,11.257,7.542,11.634,5.762
5.965,6.263,6.018,9.853,8.474,5.703,8.543
6.266,9.481,6.873,8.579,6.097,6.187,12.300
6.740,7.187,11.181,8.442,4.047,4.198,7.899
4.203,11.616,11.012,9.938,11.024,6.991,9.791
8.327,5.690,11.138,7.598,10.354,5.814,12.470
9.899,8.103,11.273,5.194,6.861,9.709,10.703
4.837,2.092,6.007,8.644,14.208,3.650,8.199
16.717,11.027,6.050,13.191,9.349,9.970,10.817
8.428,9.470,11.519,6.696,1.652,3.465,3.520
9.732,6.464,5.836,9.665,6.194,5.938,9.641
3.718,9.256,5.807,8.358,6.122,9.342,10.705
9.566,2.742,5.418,10.469,5.676,11.347,5.387
13.311,7.633,12.136,3.756,4.674,3.121,9.477
15.520,9.313,10.992,6.744,12.267,7.394,11.942
15.258,10.164,10.965,9.429,8.712,1.792,6.643
12.920,10.760,11.520,4.800,10.103,6.585,11.613
1.720,2.266,11.449,7.570,3.715,11.897,8.940
9.463,6.023,11.459,9.586,9.360,12.038,8.414
8.589,8.775,11.379,8.529,12.744,12.097,6.505
4.413,6.911,11.729,11.093,13.039,11.352,9.983
13.390,4.217,10.853,8.714,6.087,8.364,5.584
8.404,12.965,11.228,6.450,8.612,5.281,7.164
5.555,3.923,11.340,10.249,7.037,10.926,10.323
4.937,9.716,4.738,10.743,5.668,7.694,11.897
12.759,3.588,10.611,0.805,7.804,9.282,11.206
8.018,8.817,10.413,3.933,8.329,7.148,4.619
5.680,7.215,10.686,7.550,4.819,2.880,7.981
5.470,4.964,11.210,5.586,5.635,10.300,5.223
10.080,12.264,11.431,8.827,9.480,10.039,8.079
4.978,8.890,10.814,5.552,9.499,6.756,7.335
6.435,8.149,11.073,7.638,11.961,11.618,11.896
10.618,11.028,10.234,10.846,7.102,4.233,7.410
9.956,6.755,9.828,7.634,7.918,5.545,10.142
7.774,3.800,5.638,11.162,7.829,9.600,10.538
10.104,4.586,9.968,9.974,4.893,11.195,7.753
11.141,13.014,6.256,3.092,6.422,5.920,6.615
14.680,11.881,5.759,11.391,9.557,8.195,1.825
11.213,2.642,5.231,7.356,8.821,8.961,5.461
6.893,6.840,4.394,8.117,14.950,10.080,8.333
9.468,7.353,4.773,8.320,7.123,0.500,8.261
6.505,9.847,4.477,5.536,11.573,5.113,10.425
5.163,7.218,4.681,7.097,12.102,11.490,8.699
7.529,2.906,4.781,0.694,12.438,7.303,9.017
7.184,9.883,4.994,7.319,12.479,3.598,11.637
9.559,7.002,5.056,4.383,9.604,8.475,12.640
8.093,6.810,4.899,7.896,12.662,12.957,7.831
11.141,11.678,4.826,4.806,7.639,4.292,4.455
4.076,10.167,4.384,8.003,3.198,9.423,7.330
14.826,11.055,3.159,4.152,14.746,9.149,10.362
4.436,5.811,3.467,5.538,11.103,4.148,7.093
1.770,12.725,5.238,6.435,4.807,8.001,5.329
6.962,6.509,11.118,8.915,6.786,5.344,8.251
4.886,0.500,2.176,5.277,4.541,9.000,1.102
7.947,6.908,2.243,9.297,8.576,5.681,10.141
7.756,5.759,2.281,10.183,12.770,7.904,5.970
8.762,5.597,3.906,15.149,8.763,7.387,11.383
7.269,6.801,0.997,8.741,1.565,6.070,2.313
5.100,8.232,5.147,10.115,9.124,7.668,10.723
9.129,2.840,8.209,10.764,8.457,6.999,1.537
7.957,11.457,4.717,5.273,5.877,0.726,9.890
3.846,10.066,4.743,6.129,4.635,2.044,8.041
6.375,9.456,5.078,5.176,4.456,7.754,7.497
4.960,0.603,5.623,5.011,2.074,3.352,7.756
7.546,8.752,6.185,8.599,6.943,9.751,6.076
6.814,5.257,6.575,8.076,11.390,6.753,10.737
11.494,6.181,6.962,10.345,9.631,15.359,5.517
4.306,4.221,6.559,8.963,8.366,7.821,8.321
10.597,10.362,7.236,10.755,8.675,12.659,6.473
10.370,8.437,13.693,10.796,3.550,6.501,8.527
10.345,4.974,5.653,10.792,2.612,4.853,6.594
7.916,4.269,5.861,9.800,9.683,2.689,5.057
4.819,7.189,6.105,7.968,6.578,5.442,11.906
6.621,12.589,6.345,10.884,10.487,9.740,5.077
6.192,7.110,7.029,7.474,5.344,6.552,8.641
7.664,9.349,7.135,13.123,8.062,0.500,11.248
5.309,10.262,7.050,11.103,10.027,4.877,6.873
8.700,9.063,6.722,12.354,8.850,7.048,7.251
12.131,6.738,6.900,9.473,3.569,9.326,6.805
10.241,8.093,6.980,6.847,1.689,9.320,6.436
9.247,8.079,7.273,7.046,5.295,8.953,12.584
6.292,10.104,7.056,6.026,11.657,9.865,2.239
11.025,11.932,7.482,11.000,3.687,13.121,10.004
6.835,3.315,7.810,11.157,11.241,6.418,13.838
12.192,11.280,7.938,11.834,8.016,6.838,4.498
5.987,5.269,8.193,7.792,10.550,9.212,10.595
9.378,6.728,8.303,4.152,6.402,9.759,9.004
11.444,7.626,8.403,8.903,10.772,7.041,10.970
2.568,7.900,8.649,5.607,6.032,11.336,6.158
4.358,11.600,8.831,8.949,10.625,9.931,12.677
11.592,7.231,8.866,4.994,4.566,7.777,8.692
2.454,1.892,10.129,6.552,4.306,12.895,7.550
8.637,11.516,8.905,11.529,9.793,6.173,12.205
6.971,1.449,9.451,10.538,4.104,6.896,12.095
9.163,6.715,9.817,5.637,10.210,2.926,5.165
8.298,8.971,9.595,8.372,7.713,7.019,9.109
8.999,5.506,9.755,7.790,9.392,8.842,10.138
3.562,8.311,10.240,11.778,4.785,7.559,11.026
13.603,10.173,10.028,11.532,7.636,8.536,5.470
8.619,10.165,9.993,7.357,8.281,7.355,12.591
6.198,6.501,9.990,7.854,13.375,7.716,12.517
3.563,8.061,9.956,7.243,6.426,6.477,11.104
7.363,11.906,10.005,4.831,11.263,4.563,7.831
13.057,9.633,9.885,8.184,7.398,8.541,6.969
1.109,10.234,10.122,3.975,9.795,7.101,9.207
8.356,9.858,9.711,10.150,14.659,3.828,3.845
14.495,8.051,10.335,6.160,8.444,2.888,2.118
1.958,5.066,10.594,6.931,9.131,9.557,8.572
8.203,8.127,10.843,8.150,8.311,7.746,12.213
5.133,11.782,10.878,7.955,6.686,5.805,4.416
9.435,4.787,10.996,6.701,6.890,11.460,5.208
5.889,4.900,11.578,6.952,6.847,11.705,4.859
9.404,8.704,20.281,11.495,1.278,9.439,9.510
8.926,9.095,10.821,5.853,8.166,6.001,4.480
1.725,7.075,10.574,4.456,7.919,7.561,6.375
13.487,7.616,9.971,0.682,5.956,6.715,8.236
10.115,9.194,9.594,9.980,8.781,11.386,5.733
3.456,10.686,9.957,6.619,10.384,2.897,7.754
6.343,7.946,10.646,3.969,14.432,8.498,16.010
9.200,7.722,10.670,6.261,7.251,11.818,5.481
5.663,11.442,10.642,11.529,12.992,4.240,12.269
9.672,7.359,10.701,8.086,8.059,8.312,6.304
10.569,7.797,10.837,6.586,8.206,11.266,8.091
4.539,9.895,10.475,6.981,9.445,10.208,12.058
6.681,8.772,10.986,1.946,0.831,9.472,4.530
7.711,4.076,11.061,8.495,6.695,1.800,13.060
10.392,9.893,11.131,17.939,10.550,4.486,4.381
3.839,3.400,4.868,12.117,2.479,11.208,7.072
10.366,8.941,5.695,2.635,6.174,8.088,5.884
4.791,11.236,11.209,6.042,13.230,11.852,2.438
11.058,13.047,11.043,1.516,9.031,10.874,7.416
8.755,11.522,11.205,7.627,10.825,7.746,7.190
11.750,14.443,10.889,6.157,7.188,6.131,10.318
1.470,9.574,10.679,8.775,9.868,4.498,1.814
5.391,4.543,10.415,10.270,4.147,2.116,7.492
11.551,5.397,11.357,6.833,11.154,7.350,6.313
12.380,10.930,10.288,4.305,8.431,10.316,6.524
11.346,12.461,10.008,3.985,12.951,10.735,6.902
6.166,8.443,9.789,9.643,8.853,11.067,10.074
9.566,5.641,9.596,5.412,8.029,9.541,6.095
7.267,3.433,10.965,12.781,3.237,7.076,8.218
7.693,14.154,9.550,7.070,10.293,7.932,7.045
9.420,11.509,3.797,7.909,3.614,13.882,9.158
10.026,8.401,3.579,6.028,12.326,7.494,6.095
3.398,5.930,8.649,12.456,5.955,9.322,6.920
5.459,10.644,9.494,8.208,8.751,13.381,6.943
6.257,13.376,9.430,4.588,9.043,9.932,6.040
12.598,10.820,8.743,7.656,6.705,5.954,7.522
7.214,5.548,5.372,4.585,8.898,13.359,5.952
9.819,5.526,4.781,3.326,7.893,3.914,7.907
7.184,9.798,4.022,5.151,9.659,7.623,5.786
8.294,9.987,3.821,7.747,8.880,9.493,8.420
9.629,7.493,3.506,6.738,7.325,9.153,3.959
3.969,12.924,9.940,6.164,2.420,11.212,1.028
11.649,4.313,3.836,8.747,8.732,9.286,8.113
10.292,7.312,3.636,11.084,4.553,6.309,5.463
6.803,12.896,3.546,9.572,7.081,6.756,5.691
4.308,7.478,3.483,8.177,13.811,6.448,7.613
6.295,6.240,10.046,8.982,3.840,3.163,10.681
7.748,3.524,4.167,9.047,11.622,7.956,14.481
5.703,8.210,4.234,9.324,9.997,11.814,3.369
7.017,5.107,4.301,9.738,9.111,8.005,2.634
13.813,10.802,4.387,8.013,9.305,7.809,10.839
7.333,9.367,9.123,8.639,7.022,9.679,7.605
9.303,6.950,4.648,7.269,9.415,13.228,6.273
5.198,6.294,4.963,4.483,4.783,4.505,8.074
12.468,5.545,5.330,3.677,8.240,7.428,7.499
10.607,13.046,5.327,8.330,9.859,16.719,10.232
5.383,6.830,5.235,4.576,6.347,11.293,7.169
8.335,6.369,6.157,0.793,5.906,5.885,4.662
7.381,8.600,6.386,9.325,5.867,9.728,7.525
11.134,9.101,7.153,10.897,6.895,7.695,6.134
5.242,8.242,13.288,9.370,8.035,7.104,9.293
8.192,8.157,12.274,6.707,5.853,10.814,5.502
7.871,7.003,11.651,12.068,4.456,7.113,10.336
12.002,7.663,11.432,13.676,0.682,6.333,1.180
11.779,0.500,11.545,9.348,9.980,5.930,4.883
8.216,9.492,11.560,3.895,6.619,13.696,0.500
5.724,6.441,11.084,5.697,3.969,7.573,4.183
11.089,8.120,11.008,6.821,6.261,4.323,12.245
12.111,18.661,10.978,11.081,11.529,10.650,9.922
2.183,9.623,10.939,7.141,8.086,0.876,2.843
7.043,7.318,10.873,8.584,6.586,3.169,14.138
8.001,12.251,10.266,9.402,6.981,5.586,7.733
7.182,3.990,10.598,3.687,1.946,1.121,10.782
9.391,10.825,10.440,13.769,8.495,9.672,7.257
4.301,2.953,10.603,5.152,17.939,7.911,9.680
3.628,6.177,14.479,7.930,12.117,7.013,6.604
6.122,3.342,11.292,10.685,2.635,10.195,7.468
7.829,11.285,10.420,5.187,6.042,9.714,8.035
3.373,13.955,5.908,7.998,1.516,8.179,10.059
8.961,8.821,10.215,9.964,7.627,11.726,6.485
6.621,6.106,10.073,12.285,6.157,10.572,9.445
4.840,10.964,9.682,8.462,8.775,7.457,7.081
6.641,6.441,9.967,10.843,10.270,12.191,10.023
9.802,6.481,9.790,10.391,6.833,12.527,9.745
10.314,5.912,9.221,8.551,4.305,9.330,3.799
7.274,14.150,9.047,3.993,3.985,3.740,7.912
9.594,10.982,8.713,8.693,9.643,9.242,5.893
11.195,9.764,8.491,4.336,5.412,9.531,6.616
10.320,6.963,8.259,4.872,12.781,5.403,11.937
2.852,5.089,7.995,10.288,7.070,9.051,4.178
5.586,6.649,7.805,7.048,7.909,4.471,7.473
12.757,7.580,7.569,2.605,6.028,6.315,4.416
3.301,8.352,7.588,7.311,12.456,8.013,6.515
6.113,2.891,7.539,4.664,8.208,11.549,9.624
9.365,4.342,7.304,8.294,4.588,10.104,12.349
4.575,4.363,6.766,11.634,7.656,9.414,6.699
9.356,6.222,6.676,9.357,4.585,11.611,10.524
7.253,6.139,6.491,13.695,3.326,3.069,13.819
10.653,12.299,6.425,4.684,5.151,7.614,11.932
8.368,8.560,6.240,5.787,7.747,8.440,3.674
3.746,8.365,5.964,8.118,6.738,8.246,7.172
4.215,9.883,5.802,15.486,6.164,6.250,7.033
4.342,7.745,5.752,11.601,8.747,6.696,12.699
6.396,7.696,5.290,12.754,11.084,3.478,6.914
11.487,7.910,4.976,5.803,9.572,0.500,9.900
10.297,10.261,4.972,6.214,8.177,3.242,6.887
5.615,7.032,4.551,11.043,8.982,9.930,4.377
4.113,10.295,5.121,11.519,9.047,2.296,1.028
8.243,5.779,5.853,5.872,9.324,6.525,1.512
3.270,8.896,6.967,3.403,9.738,10.923,7.974
7.098,15.714,7.195,8.263,8.013,10.929,6.555
5.739,10.548,0.500,3.558,8.639,1.955,11.368
9.070,12.138,4.277,4.807,7.269,7.725,13.043
6.773,5.698,14.456,6.983,4.483,9.373,9.455
6.589,14.787,3.976,10.251,3.677,1.666,11.959
5.402,12.321,3.640,9.167,8.330,4.452,9.301
4.701,5.531,3.967,10.199,4.576,5.929,9.275
7.979,5.902,7.354,14.720,0.793,6.398,8.434
8.329,6.568,3.955,7.299,9.325,10.464,9.123
12.248,4.614,4.028,10.466,10.897,11.621,11.156
8.631,11.084,2.200,8.704,9.370,12.571,9.267
10.326,11.745,11.068,12.334,8.522,5.901,5.684
4.947,8.466,10.487,8.692,9.779,6.306,4.280
1.502,4.064,10.570,6.614,3.798,11.633,7.492
4.843,4.393,10.885,11.178,4.054,7.680,4.029
9.432,7.378,10.975,12.325,10.461,13.463,8.108
12.634,12.358,10.708,4.415,4.704,5.359,10.968
5.153,3.759,10.483,7.885,10.536,6.232,13.150
7.199,10.026,10.582,10.642,7.277,12.857,6.446
12.324,12.861,12.002,5.655,8.692,7.172,9.384
11.272,5.616,9.271,3.277,9.555,8.575,8.709
7.209,9.436,8.763,7.474,4.094,11.508,2.768
7.652,10.027,9.512,9.176,5.547,10.776,9.616
7.134,11.291,9.982,8.067,9.616,3.000,4.619
9.618,7.695,11.476,7.926,10.290,7.048,13.225
4.280,2.887,11.929,6.915,2.790,9.168,7.331
8.682,6.639,12.438,5.578,12.370,2.866,5.773
7.880,10.327,4.906,6.176,9.564,7.296,8.695
14.285,10.714,8.835,9.421,7.590,8.654,10.490
4.924,6.998,9.119,9.730,6.062,10.659,6.722
8.054,9.725,8.526,7.573,6.195,11.279,7.806
6.228,10.243,8.115,11.069,4.650,17.151,8.780
7.532,11.792,9.168,6.732,11.060,7.549,5.016
8.713,8.172,9.231,9.407,9.158,6.298,9.450
10.377,3.982,7.344,10.095,6.599,8.560,9.140
10.524,5.745,8.154,6.029,9.940,10.824,12.472
3.252,2.303,8.370,6.366,10.920,11.654,9.361
6.100,5.670,8.775,5.675,12.381,7.224,10.295
5.216,7.169,6.057,8.422,5.847,12.242,0.833
5.357,3.125,6.801,8.499,9.416,14.010,9.417
10.404,8.560,7.170,6.842,7.790,6.446,12.737
13.463,9.361,6.732,4.833,3.523,5.791,11.290
2.345,7.650,6.819,4.723,10.537,1.438,3.705
8.697,5.561,8.526,5.428,3.918,6.960,9.384
7.949,10.902,5.710,11.333,8.131,9.371,10.295
7.065,16.811,5.325,6.148,9.718,9.862,7.301
10.708,7.412,5.097,6.400,5.831,12.734,10.276
9.112,11.822,4.719,6.540,11.192,9.943,8.492
6.021,6.662,4.364,9.406,11.197,6.586,9.564
12.982,7.567,3.963,6.128,9.492,8.407,6.555
13.080,10.333,3.514,11.121,5.232,10.414,8.448
8.130,5.469,10.812,11.850,3.968,12.964,8.400
11.787,7.546,4.810,8.474,12.529,4.260,3.566
8.735,5.440,4.717,8.782,10.742,6.458,7.711
8.257,6.187,4.618,3.683,12.881,4.051,3.621
8.249,10.823,4.596,6.372,8.669,8.588,7.977
4.962,2.421,4.613,9.635,2.221,5.727,10.287
6.049,7.371,4.632,10.433,9.546,12.463,4.494
7.584,3.678,4.324,1.982,5.316,6.673,13.386
1.394,2.942,4.649,11.011,7.466,3.860,9.226
7.657,10.906,4.776,2.086,3.605,10.758,3.433
6.508,7.145,4.987,7.715,8.407,10.246,10.925
3.755,13.210,5.209,9.401,12.196,5.400,2.968
4.998,10.016,6.112,7.963,8.541,6.473,8.457
5.762,7.531,7.795,9.245,3.467,9.182,7.150
7.300,6.516,8.887,12.567,9.944,12.009,14.935
8.727,7.162,7.699,11.702,8.458,8.767,1.681
9.178,8.795,8.517,3.919,9.385,5.335,9.725
9.446,7.242,9.604,4.449,8.215,9.211,11.847
6.610,10.051,12.301,2.984,9.430,8.906,7.859
3.567,12.113,19.873,5.689,5.079,8.774,6.702
10.070,9.665,4.083,9.892,6.599,8.848,9.678
10.827,11.391,0.503,10.992,7.435,6.160,2.965
6.141,5.022,5.043,9.980,5.018,10.909,10.402
5.381,10.900,2.071,7.403,3.936,5.619,8.606
4.798,6.972,2.785,4.714,5.164,7.805,12.827
12.989,7.911,6.040,9.500,6.833,13.104,4.748
10.189,8.504,0.580,3.764,5.338,8.674,9.964
7.240,12.243,3.412,1.937,2.517,6.141,9.832
3.379,8.205,3.412,9.161,6.904,5.965,7.434
6.777,7.650,3.399,0.500,11.457,6.266,9.399
10.866,11.705,3.594,9.292,11.594,6.740,8.456
12.634,3.439,14.818,9.902,8.333,4.203,13.696
8.031,4.654,7.629,10.309,3.470,8.327,13.809
9.074,10.144,6.633,8.307,9.001,9.899,12.806
8.844,3.488,7.324,7.880,5.804,4.837,6.310
9.104,6.536,12.070,5.153,1.602,16.717,12.216
6.577,7.882,6.353,8.144,11.979,8.428,2.348
4.363,2.633,6.431,9.276,4.682,9.732,7.489
6.749,3.685,6.597,6.481,7.076,3.718,7.695
7.744,7.382,6.659,4.671,11.095,9.566,7.898
5.990,1.861,6.766,11.831,5.863,13.311,7.808
11.227,5.524,6.790,10.415,11.068,15.520,8.775
10.006,10.481,9.379,10.306,9.292,15.258,9.970
9.232,7.263,7.161,4.320,5.702,12.920,8.325
9.510,13.814,7.222,0.554,4.593,1.720,7.333
6.307,8.330,7.620,8.157,9.148,9.463,8.357
9.416,10.034,8.892,6.301,13.573,8.589,8.250
8.852,5.849,7.991,8.056,9.903,4.413,6.213
7.904,5.923,7.799,9.074,4.670,13.390,5.850
3.917,5.765,9.129,10.425,9.890,8.404,10.510
11.000,9.474,7.699,7.922,10.326,5.555,6.262
9.058,9.097,9.445,9.254,5.439,4.937,9.120
12.977,5.194,8.350,4.126,7.398,12.759,9.868
10.329,9.768,8.423,10.590,4.684,8.018,9.752
8.731,10.948,8.482,3.246,6.050,5.680,7.670
10.427,7.952,9.786,7.947,9.363,5.470,5.767
5.321,5.524,8.807,7.291,11.978,10.080,9.603
8.830,8.821,8.889,5.327,11.061,4.978,6.525
9.621,4.712,8.944,9.528,11.664,6.435,10.040
7.174,11.026,9.025,6.620,9.055,10.618,4.663
9.819,9.658,9.084,10.022,11.936,9.956,13.151
5.798,6.028,9.044,8.601,7.731,7.774,5.705
7.129,8.599,9.061,5.603,8.065,10.104,13.319
8.300,8.724,9.072,7.050,8.783,11.141,6.921
6.161,12.278,9.167,3.278,3.519,14.680,6.733
10.916,7.583,9.099,5.620,7.003,11.213,11.895
6.684,6.091,10.421,4.376,4.616,6.893,5.425
5.859,4.097,11.283,10.660,7.999,9.468,8.654
10.372,6.564,10.790,6.578,8.949,6.505,8.676
6.456,1.383,10.879,6.434,5.918,5.163,4.902
9.956,12.539,11.028,3.523,12.110,7.529,4.817
9.654,9.982,11.046,8.215,6.262,7.184,12.807
0.500,4.165,11.272,5.209,14.235,9.559,12.478
11.527,7.706,11.315,5.444,4.457,8.093,15.832
8.027,8.988,11.470,7.732,10.132,11.141,9.439
5.275,7.374,11.601,15.805,8.945,4.076,8.539
5.219,9.905,11.653,6.654,13.822,14.826,2.913
11.367,4.042,11.973,5.400,8.716,4.436,7.638
9.664,7.824,10.491,5.983,5.008,1.770,8.106
8.356,5.223,4.219,8.920,11.852,6.962,2.669
