10.036,9.000,5.901,9.066,9.892,9.151,4.426
6.711,5.681,8.804,10.681,10.992,5.368,3.846
5.865,7.904,8.259,8.435,9.980,10.311,11.053
5.080,7.387,8.386,2.375,7.403,12.714,9.522
11.227,6.070,0.500,9.746,4.714,5.716,2.504
5.959,7.668,8.563,5.752,9.500,6.926,10.310
5.070,6.999,6.746,11.044,3.764,12.139,10.000
4.027,0.726,10.038,7.186,1.937,9.736,6.332
6.959,2.044,5.084,3.031,9.161,11.339,8.934
6.019,7.754,13.471,4.736,0.500,10.228,3.650
8.294,3.352,7.983,7.958,9.292,17.552,7.620
12.199,9.751,6.773,6.917,9.902,5.348,7.052
9.551,6.753,8.853,8.649,10.309,5.557,11.213
5.214,15.359,3.948,7.316,8.307,4.265,4.573
8.191,7.821,5.147,9.315,7.880,6.952,5.206
8.648,12.659,9.429,7.965,5.153,13.431,6.970
10.015,6.501,6.990,8.991,8.144,8.214,13.274
5.201,4.853,7.906,6.848,9.276,4.093,5.840
7.165,2.689,0.500,7.818,6.481,6.941,6.497
7.190,5.442,4.464,3.720,4.671,3.344,7.172
7.849,9.740,2.927,7.328,11.831,7.415,7.286
9.916,6.552,14.579,8.877,10.415,11.889,6.088
1.923,0.500,7.638,4.950,10.306,10.357,10.765
7.921,4.877,11.450,12.342,4.320,7.575,3.980
10.282,7.048,7.121,8.030,0.554,7.013,9.029
7.176,9.326,10.466,3.611,8.157,7.290,3.704
3.673,9.320,6.240,4.024,6.301,2.035,7.162
8.506,8.953,6.364,7.117,8.056,10.546,7.363
14.960,9.865,7.107,10.395,9.074,7.262,9.123
4.818,13.121,7.559,4.827,10.425,10.594,10.360
4.798,6.418,0.680,8.196,7.922,2.760,2.951
1.154,6.838,7.915,3.717,9.254,8.842,7.106
6.980,9.212,5.292,10.475,4.126,8.404,4.139
10.031,9.759,5.965,6.692,10.590,8.850,11.444
5.588,7.041,6.962,8.572,3.246,10.663,11.641
9.781,11.336,6.582,10.578,7.947,7.544,7.508
8.329,9.931,7.404,4.586,7.291,3.870,9.670
11.781,7.777,10.444,3.410,5.327,4.391,5.376
8.936,12.895,10.441,1.470,9.528,6.327,17.005
15.104,6.173,12.200,1.868,6.620,10.096,7.575
4.624,6.896,6.459,16.798,10.022,7.302,6.399
7.498,2.926,7.595,9.069,8.601,3.635,4.332
8.910,7.019,7.115,11.141,5.603,10.077,8.532
9.196,8.842,6.734,6.340,7.050,7.263,5.971
11.019,7.559,9.488,6.680,3.278,2.940,3.766
4.820,8.536,9.875,6.242,5.620,8.863,2.901
3.587,7.355,7.792,9.720,4.376,10.724,7.809
5.724,7.716,8.537,4.461,10.660,9.367,9.726
10.756,6.477,11.454,7.647,6.578,7.709,10.396
8.403,4.563,8.035,9.016,6.434,10.595,12.929
6.709,8.541,11.247,8.323,3.523,11.951,11.147
6.993,7.101,8.770,5.880,8.215,7.499,10.467
11.199,3.828,10.230,4.327,5.209,8.461,8.470
12.348,2.888,14.498,2.752,5.444,6.330,10.455
12.409,9.557,7.583,5.879,7.732,9.429,15.069
9.933,7.746,8.361,9.620,15.805,6.894,2.679
11.703,5.805,10.598,6.906,6.654,4.589,6.646
6.428,11.460,7.722,6.832,5.400,6.028,4.579
3.424,11.705,10.635,6.865,5.983,11.041,7.830
3.645,9.439,14.189,8.143,8.920,8.702,10.700
6.324,12.292,7.089,11.637,7.916,10.020,9.410
8.121,3.618,7.805,10.787,6.291,10.640,8.539
0.500,3.720,9.596,12.695,8.983,10.257,6.014
10.241,8.672,4.447,6.438,6.062,10.105,10.694
10.487,9.623,11.258,6.014,7.264,9.093,6.771
8.895,7.648,10.419,7.488,6.705,4.754,3.948
3.712,12.309,9.482,8.908,9.410,5.714,4.260
7.179,11.059,6.332,6.882,6.798,8.925,10.024
5.664,6.517,10.053,8.130,6.096,5.078,13.342
9.244,3.910,9.858,7.536,10.144,6.062,5.198
6.127,4.009,4.153,7.783,9.724,9.330,5.648
10.644,9.428,14.818,6.129,8.626,9.148,4.683
8.469,9.713,7.127,4.122,7.571,9.712,2.907
5.391,9.475,8.893,9.402,11.554,11.450,7.347
7.991,6.505,6.654,7.634,9.514,10.082,10.404
5.604,8.047,9.068,6.441,5.727,17.216,8.099
5.499,14.421,11.191,6.008,6.381,8.191,9.087
5.421,9.333,6.300,6.258,9.569,8.600,7.715
10.553,10.246,3.517,3.242,8.627,11.924,8.969
8.014,8.439,7.288,10.406,8.741,7.230,11.027
4.506,8.764,4.832,16.024,5.356,10.255,8.877
8.493,6.048,6.213,3.931,8.744,2.820,14.512
9.008,11.359,7.918,4.230,9.652,8.094,4.758
12.116,5.689,8.026,6.496,10.193,8.757,8.684
9.687,8.090,14.815,7.365,3.427,6.433,8.097
9.965,9.877,5.137,12.327,6.701,7.378,7.049
10.693,11.104,9.087,7.114,8.903,13.644,10.342
4.698,6.444,6.876,6.058,6.283,9.776,7.986
3.899,9.250,11.889,2.713,5.568,3.659,10.566
7.383,9.349,16.360,11.547,5.756,6.122,8.915
13.823,7.899,9.701,6.886,9.022,6.680,8.596
5.352,5.774,13.511,13.194,8.721,11.710,10.974
10.489,7.942,6.622,9.578,6.320,8.718,11.739
7.374,10.740,6.026,5.531,11.673,8.725,5.523
6.961,7.255,4.824,11.369,6.527,9.094,7.453
5.034,9.447,2.690,2.605,10.864,3.952,4.690
11.324,7.939,5.248,10.692,9.152,6.833,8.056
6.500,2.871,7.200,5.864,10.227,11.686,6.519
12.904,6.974,10.920,1.323,9.527,6.088,11.861
8.144,12.298,9.611,5.797,2.370,10.648,8.421
3.742,4.414,9.030,11.914,9.249,7.136,8.167
7.986,7.431,6.767,13.728,9.028,8.311,9.929
13.377,6.386,5.906,9.566,6.802,8.709,11.913
7.836,4.556,7.811,4.480,8.812,10.642,7.054
8.459,4.560,7.986,8.614,7.990,5.664,6.006
6.932,9.503,8.218,6.241,2.499,8.106,5.487
6.977,7.178,8.457,9.590,9.091,8.596,8.286
12.020,10.527,7.131,11.279,8.355,9.245,14.086
11.500,9.097,0.500,9.037,11.937,10.056,8.434
9.428,12.362,4.406,6.440,7.045,6.901,8.770
15.990,6.501,5.249,7.669,8.174,13.983,12.516
8.362,8.863,12.322,8.934,2.521,8.286,8.734
12.893,10.159,6.644,7.595,12.675,7.004,5.409
9.454,6.973,9.436,3.538,13.007,9.181,5.385
5.436,4.001,11.741,7.184,6.283,6.809,4.408
8.282,7.438,8.589,8.491,9.605,12.506,4.281
14.061,12.121,6.725,7.720,7.559,9.718,8.756
4.948,4.419,6.946,6.328,4.535,5.109,5.723
4.697,9.346,4.873,9.271,12.540,8.989,8.174
8.022,7.750,8.407,10.160,8.692,12.222,7.800
9.438,9.438,9.748,8.536,14.405,2.561,6.972
7.619,7.619,11.409,8.855,11.015,4.592,7.218
5.649,5.649,9.626,5.478,10.075,2.377,3.620
4.606,4.606,7.376,11.279,7.505,6.127,7.989
11.518,11.518,10.005,7.909,8.071,5.291,7.138
7.157,7.157,10.089,9.817,2.643,9.051,2.900
7.420,7.420,8.675,9.912,10.440,1.673,7.263
7.498,7.498,11.122,7.540,8.456,11.449,8.858
4.812,4.812,9.503,6.976,9.046,9.897,8.677
13.223,13.223,5.315,9.897,0.573,11.476,6.931
9.039,9.039,7.848,6.702,14.765,7.340,6.886
8.263,8.263,8.751,11.216,10.040,5.473,7.899
6.189,6.189,5.304,8.825,7.303,9.721,12.068
0.500,0.500,4.649,1.658,9.058,7.350,10.444
7.352,7.352,8.693,6.619,5.548,17.301,6.916
10.154,10.154,9.736,6.094,11.943,9.993,3.244
7.774,7.774,5.825,13.423,5.240,4.329,9.829
10.339,10.339,9.719,1.167,6.995,12.166,13.335
12.101,12.101,5.859,6.236,9.139,6.050,5.031
13.398,13.398,5.012,9.246,4.516,3.329,4.576
9.926,9.926,11.420,8.708,11.133,8.118,5.943
5.421,5.421,8.857,10.258,4.476,6.515,7.840
15.199,15.199,0.555,14.318,7.382,11.493,5.781
8.992,8.992,3.495,7.761,3.472,10.740,7.384
8.488,8.488,8.340,9.835,10.704,9.186,6.516
3.625,3.625,6.307,10.949,6.407,13.326,7.547
5.542,5.542,6.346,10.557,11.499,6.568,14.186
4.262,4.262,4.551,5.363,5.803,15.275,13.463
2.659,2.659,7.764,6.368,7.324,5.844,4.137
7.173,7.173,15.211,10.203,7.616,6.359,10.103
5.358,5.358,3.677,9.005,8.817,14.745,10.774
8.527,8.527,13.449,5.340,8.640,8.517,7.384
7.458,7.458,6.403,11.581,11.921,11.046,3.793
9.897,9.897,5.526,6.631,7.404,8.670,5.057
9.558,9.558,10.959,7.591,8.064,5.575,6.753
3.386,3.386,8.211,8.145,13.451,8.588,5.769
2.189,2.189,8.272,7.541,6.069,9.104,8.874
7.641,7.641,12.290,3.294,5.415,7.114,9.821
9.479,9.479,15.808,7.780,7.249,12.747,7.545
12.642,12.642,11.208,4.939,12.633,6.859,7.757
8.428,8.428,7.364,5.436,7.991,6.700,5.601
5.988,5.988,5.503,6.414,5.793,9.892,9.766
7.796,7.796,7.689,6.943,11.651,5.561,11.213
7.215,7.215,10.435,5.229,4.405,4.308,7.772
11.151,11.151,8.763,8.576,6.982,12.753,6.211
8.545,8.545,8.304,3.598,13.311,2.665,4.942
8.647,8.647,10.312,7.015,9.612,9.082,9.611
8.888,8.888,4.024,5.655,8.453,7.185,3.555
8.356,8.356,10.567,8.504,8.413,13.656,8.959
6.932,6.932,8.463,7.268,8.571,9.278,8.377
13.484,13.484,8.269,3.097,5.999,16.911,5.467
5.871,5.871,9.237,6.390,6.861,7.000,7.155
9.756,9.756,7.548,11.283,13.727,4.358,9.976
2.613,2.613,5.603,5.501,8.188,11.034,4.178
6.471,6.471,1.195,12.698,7.512,9.769,8.592
12.550,12.550,9.312,7.936,11.739,8.592,14.040
2.897,2.897,5.162,5.444,7.122,10.000,6.891
4.329,4.329,8.068,7.498,6.964,9.451,6.158
7.201,7.201,3.191,0.500,8.341,2.028,4.761
8.848,8.848,8.076,4.418,12.417,13.430,13.962
11.637,8.642,8.660,8.243,8.601,3.864,8.289
10.787,9.017,2.454,9.973,10.389,12.660,12.377
12.695,6.029,8.691,9.145,12.412,6.045,8.138
6.438,10.754,6.547,8.599,9.224,7.856,8.459
6.014,10.934,0.500,6.959,7.516,6.425,8.547
7.488,5.262,7.615,1.522,14.748,5.881,11.014
8.908,8.316,14.109,8.165,12.615,7.083,5.073
6.882,10.591,8.542,12.642,14.741,13.548,7.408
8.130,9.690,11.186,7.169,10.421,9.722,6.362
7.536,7.055,8.520,7.252,2.069,10.098,10.001
7.783,10.833,3.110,8.927,9.372,11.420,10.132
6.129,8.514,9.515,5.041,8.733,7.125,10.277
4.122,5.669,7.441,4.213,6.929,7.251,10.032
9.402,7.563,4.833,7.997,8.776,5.486,6.025
7.634,8.006,9.970,9.386,7.623,6.107,11.536
6.441,5.224,8.951,8.912,8.647,6.164,5.190
6.008,8.830,7.163,4.820,5.112,12.832,5.953
6.258,7.417,10.439,6.470,2.854,13.083,6.909
3.242,5.978,6.505,11.287,7.861,7.500,6.803
10.406,12.259,9.960,6.776,2.672,6.115,12.165
16.024,8.447,6.398,9.002,12.056,6.172,11.682
3.931,14.654,9.799,8.349,5.068,9.717,11.039
4.230,6.222,5.999,8.857,8.294,2.752,8.508
6.496,7.689,12.708,10.196,6.338,9.418,10.497
7.365,14.371,9.577,9.375,13.003,8.315,9.333
12.327,6.579,12.572,7.247,6.843,6.884,9.353
7.114,2.414,7.897,14.850,0.627,10.126,11.079
6.058,11.869,8.477,9.847,10.263,8.054,4.622
2.713,5.743,11.599,4.981,11.656,8.230,6.739
11.547,10.583,8.221,7.260,10.429,8.531,4.678
6.886,4.305,6.976,8.255,9.802,7.950,6.292
13.194,8.595,11.694,12.133,7.588,5.649,5.903
9.578,1.706,10.570,4.296,12.308,7.479,4.608
5.531,8.781,12.033,4.361,10.606,17.068,6.630
11.369,7.291,7.806,6.316,7.587,4.399,8.027
2.605,6.492,10.825,8.944,11.894,8.506,6.706
10.692,0.500,8.145,9.336,5.804,10.937,6.062
5.864,6.013,6.797,10.796,5.456,3.934,7.970
1.323,2.925,5.687,12.373,4.917,5.977,8.320
5.797,9.472,8.084,10.770,13.089,5.916,13.146
11.914,10.972,8.074,6.332,11.003,8.411,7.731
13.728,5.523,7.854,10.937,12.731,5.904,6.097
9.566,5.413,0.500,6.959,6.757,3.451,3.316
4.480,7.955,3.286,9.405,5.300,8.969,9.668
8.614,3.878,6.682,7.353,8.191,9.555,9.817
6.241,7.709,8.547,10.562,6.951,5.286,6.451
9.590,9.724,6.679,6.054,9.614,5.317,5.659
11.279,3.305,5.938,8.918,7.607,4.477,7.677
9.037,9.645,0.500,10.042,5.662,5.404,9.647
6.440,9.271,13.578,2.859,9.670,4.965,8.390
7.669,9.935,4.701,7.011,5.662,6.744,8.911
8.934,10.328,11.401,11.862,6.821,6.390,2.121
7.595,10.209,11.371,5.399,11.577,11.514,8.326
3.538,8.596,8.573,7.555,9.278,7.226,6.541
7.184,10.920,6.796,10.165,8.646,12.984,2.644
8.491,8.878,8.316,6.075,4.410,9.695,7.888
7.720,6.241,5.388,3.251,7.851,9.513,0.500
6.328,10.542,8.363,9.667,10.355,11.019,6.699
9.271,12.485,7.813,4.475,4.843,5.707,11.217
10.160,9.000,9.068,13.449,8.217,10.384,5.403
10.978,12.401,8.933,2.561,8.021,5.502,8.522
6.206,6.133,10.229,4.592,6.530,10.336,9.779
9.098,9.629,12.529,2.377,5.728,1.180,3.798
2.911,10.392,10.085,6.127,8.013,4.883,4.054
8.119,6.042,11.787,5.291,9.750,0.500,10.461
8.651,6.844,9.486,9.051,8.597,4.183,4.704
7.770,11.569,17.409,1.673,7.326,12.245,10.536
14.141,11.573,5.725,11.449,13.197,9.922,7.277
12.048,5.730,10.151,9.897,10.268,2.843,8.692
9.675,6.873,6.067,11.476,7.068,14.138,9.555
10.034,12.720,9.589,7.340,5.505,7.733,4.094
7.874,6.572,10.762,5.473,4.241,10.782,5.547
4.875,10.211,9.881,9.721,10.053,7.257,9.616
11.805,9.924,9.401,7.350,7.451,9.680,10.290
11.560,6.084,9.091,17.301,5.851,6.604,2.790
1.231,1.347,8.309,9.993,6.366,7.468,12.370
5.881,9.798,7.748,4.329,6.571,8.035,9.564
10.594,6.337,8.095,12.166,8.476,10.059,7.590
10.021,7.138,7.407,6.050,9.822,6.485,6.062
6.653,11.923,14.146,3.329,6.946,9.445,6.195
7.092,10.582,8.129,8.118,5.578,7.081,4.650
7.754,5.621,8.210,6.515,9.412,10.023,11.060
10.535,4.493,7.628,11.493,5.861,9.745,9.158
12.487,9.594,5.768,10.740,12.211,3.799,6.599
6.456,9.310,3.845,9.186,8.067,7.912,9.940
6.026,6.805,14.179,13.326,10.352,5.893,10.920
8.962,10.562,5.007,6.568,6.604,6.616,12.381
7.111,9.622,6.662,15.275,7.283,11.937,5.847
10.142,6.034,6.885,5.844,7.096,4.178,9.416
3.473,2.940,3.792,6.359,5.821,7.473,7.790
4.842,8.824,13.079,14.745,8.643,4.416,3.523
7.021,8.208,7.831,8.517,10.523,6.515,10.537
3.945,9.671,6.935,11.046,1.850,9.624,3.918
11.412,6.031,6.248,8.670,1.117,12.349,8.131
9.557,5.735,10.667,5.575,7.393,6.699,9.718
10.963,3.505,4.893,8.588,13.787,10.524,5.831
7.116,4.656,7.079,9.104,11.985,13.819,11.192
7.900,5.451,5.886,7.114,13.224,11.932,11.197
9.043,4.594,9.949,12.747,6.655,3.674,9.492
7.208,9.454,7.186,6.859,8.499,7.172,5.232
10.134,8.392,6.325,6.700,9.806,7.033,3.968
8.393,8.191,9.262,9.892,9.657,12.699,12.529
8.502,9.704,6.778,5.561,8.094,6.914,10.742
7.808,8.546,9.127,4.308,7.117,9.900,12.881
7.442,1.763,8.293,12.753,11.962,6.887,8.669
9.780,5.954,7.797,2.665,9.256,4.377,2.221
6.196,8.942,8.968,9.082,9.451,1.028,9.546
11.802,8.658,7.359,7.185,8.573,1.512,5.316
7.631,6.956,8.683,13.656,6.390,7.974,7.466
4.771,4.865,7.385,9.278,7.996,6.555,3.605
8.142,0.841,8.291,16.911,9.076,11.368,8.407
11.784,14.735,6.362,7.000,9.060,13.043,12.196
8.528,11.392,9.411,4.358,3.332,9.455,8.541
6.064,6.898,2.317,11.034,6.206,11.959,3.467
7.579,9.579,6.491,9.769,7.621,9.301,9.944
5.396,7.485,6.217,8.592,14.330,9.275,8.458
15.437,8.927,4.241,10.000,8.961,8.434,9.385
7.759,8.029,9.006,9.451,1.655,9.123,8.215
8.470,6.055,0.500,2.028,3.485,11.156,9.430
6.951,7.352,0.500,13.430,4.117,9.267,5.079
6.943,8.536,5.433,10.474,2.459,9.410,6.034
8.962,8.855,10.011,8.089,5.448,8.539,8.713
4.838,5.478,9.071,4.943,8.288,6.014,9.883
14.016,11.279,6.462,7.393,8.711,10.694,5.328
6.333,7.909,8.937,5.438,10.920,6.771,7.068
9.225,9.817,6.105,11.408,6.618,3.948,7.901
18.473,9.912,7.824,6.470,10.608,4.260,4.142
10.109,7.540,10.892,8.819,9.251,10.024,0.500
9.766,6.976,8.797,12.481,5.580,13.342,4.142
8.138,9.897,11.803,6.329,6.409,5.198,9.151
8.688,6.702,6.943,11.798,5.913,5.648,8.556
7.849,11.216,7.817,7.141,3.169,4.683,8.437
7.310,8.825,5.232,11.314,10.444,2.907,7.000
6.146,1.658,8.435,9.067,3.521,7.347,7.182
4.311,6.619,9.362,9.913,3.887,10.404,12.943
9.524,6.094,4.879,10.664,6.614,8.099,2.667
5.063,13.423,3.576,4.151,4.500,9.087,3.749
9.946,1.167,8.863,10.418,10.258,7.715,8.953
9.438,6.236,7.486,6.533,7.311,8.969,6.464
10.848,9.246,0.500,10.130,4.684,11.027,7.405
4.852,8.708,6.194,6.631,8.322,8.877,3.854
9.380,10.258,14.503,10.113,10.689,14.512,7.125
8.257,14.318,9.854,6.996,9.017,4.758,8.761
5.314,7.761,3.430,7.363,4.545,8.684,7.493
5.229,9.835,8.183,4.634,7.590,8.097,9.160
8.927,10.949,0.500,8.784,0.778,7.049,4.792
9.357,10.557,7.268,6.842,9.666,10.342,13.280
7.361,5.363,6.829,6.785,5.918,7.986,11.104
6.833,6.368,10.542,8.159,11.703,10.566,11.625
2.783,10.203,6.525,10.169,5.336,8.915,9.316
11.360,9.005,5.074,9.460,6.029,8.596,11.777
7.409,5.340,7.997,10.880,3.478,10.974,6.408
5.686,11.581,14.613,8.306,8.914,11.739,8.163
5.852,6.631,6.107,7.684,14.073,5.523,10.128
6.540,7.591,10.277,8.301,9.104,7.453,14.178
4.534,8.145,5.716,10.010,11.863,4.690,8.570
8.415,7.541,5.257,5.148,7.004,8.056,7.883
8.051,3.294,8.977,11.143,9.132,6.519,9.704
7.694,7.780,6.967,2.951,10.096,11.861,14.038
16.824,4.939,10.553,6.816,7.781,8.421,8.570
9.261,5.436,10.291,5.775,11.533,8.167,4.117
11.813,6.414,10.660,7.689,11.166,9.929,0.500
10.475,6.943,8.681,10.342,6.744,11.913,10.456
8.940,5.229,11.660,6.605,1.980,7.054,8.804
8.506,8.576,8.993,10.036,4.080,6.006,5.022
7.823,3.598,10.874,2.798,7.437,5.487,7.774
8.429,7.015,4.321,7.634,17.098,8.286,8.492
5.884,5.655,9.254,2.058,6.231,14.086,4.918
5.261,8.504,9.839,5.150,9.623,8.434,5.621
6.899,7.268,11.003,5.717,11.383,8.770,12.647
6.135,3.097,9.649,9.867,6.453,12.516,4.853
3.328,6.390,12.031,2.425,13.708,8.734,8.942
5.515,11.283,7.183,5.653,12.115,5.409,10.403
7.897,5.501,6.230,8.966,4.955,5.385,4.042
5.533,12.698,9.205,8.574,14.415,4.408,9.672
8.859,7.936,7.902,4.561,12.495,4.281,4.472
9.686,5.444,8.747,10.176,9.199,8.756,9.617
4.112,7.498,2.519,5.253,2.768,5.723,10.842
10.114,0.500,3.386,9.605,10.038,8.174,9.346
10.243,4.418,13.777,6.383,7.381,7.800,10.104
7.459,9.537,7.085,7.985,9.208,6.255,6.003
9.639,5.956,4.398,7.273,7.764,10.650,12.072
5.773,8.546,7.695,11.195,8.666,11.166,11.081
10.628,7.207,7.381,5.583,8.743,8.891,13.034
10.715,6.994,3.166,6.242,4.418,7.875,12.495
3.676,6.593,3.659,7.541,7.179,4.310,6.391
6.723,16.373,7.277,7.973,6.296,8.128,6.282
6.107,11.634,15.041,10.698,5.657,3.363,12.374
6.382,5.703,0.500,4.909,6.255,6.930,10.891
5.310,6.187,0.500,14.512,10.869,4.591,4.408
4.934,4.198,6.161,15.007,7.732,11.379,13.453
10.462,6.991,6.575,10.900,10.399,6.172,9.678
5.330,5.814,10.895,10.003,11.350,6.999,9.081
6.088,9.709,2.408,5.420,4.561,6.057,8.004
9.956,3.650,8.025,12.579,9.794,10.252,4.345
10.412,9.970,8.548,7.031,9.098,4.703,7.721
3.963,3.465,10.740,9.070,13.702,11.761,5.791
11.193,5.938,6.372,5.047,11.615,3.382,5.621
9.018,9.342,5.666,0.500,9.869,4.788,11.783
10.920,11.347,7.230,5.913,7.344,6.679,8.760
5.971,3.121,6.282,7.986,6.811,5.711,10.476
10.403,7.394,6.190,11.640,6.297,7.975,7.102
3.080,1.792,6.037,8.645,3.709,5.222,6.657
9.573,6.585,13.830,8.856,2.895,3.696,10.481
8.902,11.897,7.477,8.542,12.749,5.747,11.911
8.135,12.038,7.606,9.346,7.139,10.116,5.571
7.084,12.097,9.989,12.317,8.519,7.179,8.921
5.113,11.352,7.588,8.626,6.359,15.508,11.447
4.587,8.364,9.017,9.341,8.665,6.136,7.079
10.460,5.281,5.594,4.740,9.977,5.522,4.505
8.885,10.926,9.002,10.998,6.995,2.209,14.215
8.088,7.694,8.967,8.312,10.760,4.282,5.319
8.184,9.282,7.034,3.366,3.523,4.433,10.396
14.228,7.148,7.166,8.269,9.084,7.439,7.797
7.383,2.880,6.211,13.041,9.488,12.086,8.203
11.295,10.300,12.017,14.740,5.761,7.328,7.774
10.409,10.039,8.608,7.556,9.461,2.366,5.846
9.843,6.756,7.041,10.140,6.491,8.916,6.121
6.785,11.618,7.135,13.728,6.489,9.955,5.230
8.380,4.233,6.118,10.633,9.006,5.695,4.576
13.948,5.545,9.455,7.751,8.046,8.374,10.866
10.545,9.600,9.417,8.002,8.759,12.792,8.283
12.872,11.195,6.711,11.992,6.041,11.267,8.902
5.088,5.920,6.760,6.592,7.059,6.563,9.191
2.512,8.195,9.575,9.897,8.653,5.032,8.365
11.730,8.961,5.463,0.500,12.620,11.299,11.954
6.501,10.080,14.769,10.798,8.697,6.644,8.774
6.947,0.500,9.934,10.074,7.186,15.649,9.891
7.426,5.113,8.227,5.753,7.148,6.518,6.921
4.548,11.490,10.525,10.412,4.994,8.534,10.386
7.866,7.303,7.779,7.273,1.169,5.100,9.086
9.929,3.598,11.079,8.593,10.252,2.888,7.322
6.337,8.475,7.831,5.483,7.021,7.208,11.128
6.070,12.957,11.547,4.161,7.421,7.113,5.338
4.788,4.292,11.789,6.508,8.010,16.550,13.036
1.272,9.423,7.189,10.667,2.659,6.967,4.085
6.664,9.149,13.902,1.652,8.711,11.622,10.518
7.440,4.148,8.795,10.414,4.383,11.701,6.289
9.672,8.001,8.393,14.015,6.390,8.933,9.582
8.413,5.344,12.628,11.797,6.864,3.919,9.305
9.743,6.851,9.989,13.367,8.926,8.289,10.576
12.574,3.929,6.154,10.935,1.725,12.377,5.863
7.924,10.990,7.474,2.743,13.487,8.138,12.079
6.326,7.297,5.067,8.449,10.115,8.459,7.610
1.164,8.684,7.413,3.469,3.456,8.547,5.234
9.148,6.878,3.288,5.805,6.343,11.014,9.889
12.742,4.994,2.999,6.686,9.200,5.073,3.898
5.201,7.159,7.130,7.423,5.663,7.408,6.757
8.405,10.020,3.225,9.894,9.672,6.362,8.747
14.911,4.511,12.805,9.357,10.569,10.001,6.737
4.792,7.827,10.571,6.745,4.539,10.132,3.448
7.166,8.917,9.356,6.451,6.681,10.277,9.385
8.598,3.425,9.835,8.252,7.711,10.032,9.402
5.707,9.571,9.221,8.171,10.392,6.025,8.180
9.608,2.569,4.242,6.033,3.839,11.536,5.335
10.518,11.215,5.485,9.952,10.366,5.190,10.091
2.188,7.812,9.394,6.515,4.791,5.953,4.525
6.057,10.607,5.888,8.186,11.058,6.909,4.406
4.185,6.939,7.023,8.602,8.755,6.803,10.430
11.275,4.018,8.216,7.126,11.750,12.165,5.478
6.425,8.952,9.448,8.748,1.470,11.682,9.118
5.634,6.008,0.500,10.948,5.391,11.039,10.191
11.038,10.031,8.108,11.662,11.551,8.508,4.667
8.168,6.200,15.171,0.500,12.380,10.497,11.523
12.015,10.175,8.335,6.804,11.346,9.333,6.894
14.175,4.230,12.560,4.363,6.166,9.353,7.831
10.878,10.354,6.614,10.665,9.566,11.079,9.659
11.343,10.730,11.064,6.688,7.267,4.622,8.010
10.895,5.723,14.523,11.932,7.693,6.739,3.636
9.546,8.809,10.180,5.801,9.420,4.678,9.324
3.590,9.004,11.127,3.827,10.026,6.292,6.585
3.562,11.069,11.453,6.133,3.398,5.903,9.764
12.178,8.254,6.518,8.984,5.459,4.608,14.364
5.481,10.872,5.879,6.839,6.257,6.630,8.475
5.087,2.656,9.569,9.688,12.598,8.027,8.398
13.977,12.656,4.920,7.160,7.214,6.706,11.038
7.974,13.750,8.216,13.242,9.819,6.062,8.703
6.550,10.262,8.818,8.222,7.184,7.970,0.500
7.182,10.920,10.742,11.324,8.294,8.320,10.566
2.999,10.815,7.204,10.256,9.629,13.146,5.082
7.671,8.943,9.680,0.500,3.969,7.731,9.193
9.631,6.980,7.501,6.606,11.649,6.097,7.529
4.641,3.511,11.864,5.000,10.292,3.316,8.784
5.058,3.636,5.942,11.156,6.803,9.668,7.575
3.533,9.988,6.167,10.202,4.308,9.817,13.094
9.143,11.686,8.437,8.662,6.295,6.451,11.796
7.906,9.227,14.176,10.731,7.748,5.659,12.799
13.824,5.646,8.243,4.347,5.703,7.677,8.597
7.044,10.600,7.585,11.456,7.017,9.647,8.395
15.539,9.001,6.100,4.993,13.813,8.390,11.405
6.868,12.123,10.137,3.618,7.333,8.911,2.544
11.185,7.126,5.937,11.483,9.303,2.121,10.025
6.506,4.742,7.020,6.053,5.198,8.326,9.008
5.337,9.523,6.938,4.791,12.468,6.541,7.481
8.125,5.791,10.563,7.544,10.607,2.644,11.397
9.732,2.750,5.421,13.658,5.383,7.888,12.264
9.712,10.198,5.413,11.725,8.335,0.500,2.574
9.006,6.228,8.049,9.953,7.381,6.699,11.521
6.496,8.946,7.593,4.026,11.134,11.217,11.385
8.044,7.498,1.510,8.298,5.242,5.403,6.640
7.985,5.853,10.540,0.500,7.459,9.245,3.724
7.273,4.456,8.831,10.281,9.639,7.178,14.807
11.195,0.682,11.347,6.923,5.773,9.629,7.819
5.583,9.980,7.054,9.914,10.628,3.203,10.104
6.242,6.619,10.160,7.176,10.715,6.156,8.044
7.541,3.969,9.363,5.606,3.676,8.061,6.667
7.973,6.261,14.697,7.888,6.723,10.050,10.907
10.698,11.529,10.114,10.950,6.107,9.389,11.189
4.909,8.086,9.373,13.112,6.382,8.736,3.628
14.512,6.586,8.682,9.514,5.310,3.706,12.596
15.007,6.981,6.802,12.663,4.934,5.315,13.282
10.900,1.946,10.851,11.804,10.462,4.986,7.679
10.003,8.495,12.828,4.124,5.330,7.047,7.247
5.420,17.939,9.119,7.419,6.088,6.925,2.381
12.579,12.117,11.524,7.314,9.956,7.054,4.618
7.031,2.635,8.334,6.752,10.412,7.399,9.784
9.070,6.042,9.763,3.586,3.963,4.251,10.997
5.047,1.516,9.932,6.489,11.193,11.622,8.070
0.500,7.627,5.797,5.757,9.018,8.675,5.977
5.913,6.157,6.407,12.071,10.920,5.139,10.279
7.986,8.775,10.531,5.816,5.971,7.567,6.985
11.640,10.270,2.222,2.663,10.403,6.487,9.297
8.645,6.833,7.489,12.157,3.080,10.181,8.600
8.856,4.305,6.448,8.474,9.573,3.373,7.286
8.542,3.985,3.935,11.094,8.902,6.010,5.310
9.346,9.643,6.512,2.744,8.135,7.675,5.529
12.317,5.412,7.131,9.100,7.084,5.894,14.063
8.626,12.781,7.783,11.122,5.113,9.760,11.298
9.341,7.070,0.500,9.271,4.587,6.131,7.583
4.740,7.909,13.203,5.124,10.460,11.825,5.521
10.998,6.028,3.801,9.233,8.885,6.014,6.484
8.312,12.456,7.667,3.015,8.088,5.964,11.445
3.366,8.208,4.831,8.068,8.184,9.926,6.143
8.269,4.588,2.416,11.050,14.228,5.468,9.128
13.041,7.656,3.900,7.830,7.383,11.373,10.225
14.740,4.585,15.202,8.737,11.295,10.394,7.050
7.556,3.326,10.026,9.299,10.409,11.346,7.303
10.140,5.151,6.023,8.569,9.843,10.489,6.291
13.728,7.747,7.182,9.230,6.785,2.065,7.396
10.633,6.738,9.310,9.039,8.380,7.021,7.469
7.751,6.164,8.449,8.326,13.948,8.100,2.620
8.002,8.747,7.421,2.943,10.545,7.605,7.665
11.992,11.084,6.650,3.758,12.872,12.536,6.693
6.592,9.572,3.861,4.741,5.088,10.207,8.603
9.897,8.177,7.987,9.975,2.512,12.798,12.150
0.500,8.982,9.000,10.090,11.730,13.300,7.079
10.798,9.047,12.197,11.971,6.501,8.805,9.934
10.074,9.324,6.352,4.471,6.947,12.543,12.820
5.753,9.738,8.821,12.514,7.426,8.829,9.479
10.412,8.013,7.328,7.091,4.548,5.271,2.801
7.273,8.639,10.076,6.519,7.866,2.163,8.267
8.593,7.269,7.339,8.623,9.929,5.942,11.407
5.483,4.483,5.571,13.043,6.337,12.981,8.668
4.161,3.677,3.748,7.049,6.070,7.609,8.709
6.508,8.330,8.017,6.085,4.788,9.043,10.437
10.667,4.576,6.836,2.577,1.272,5.596,10.936
1.652,0.793,9.022,2.988,6.664,9.910,2.807
10.414,9.325,5.247,11.147,7.440,8.164,9.985
14.015,10.897,12.805,4.359,9.672,8.575,5.772
11.797,9.370,5.641,14.952,8.413,6.286,9.911
10.853,4.541,8.526,13.377,10.504,14.198,8.224
3.814,8.576,13.784,4.490,7.155,8.258,9.665
11.767,12.770,4.183,4.636,8.204,10.173,4.989
4.123,8.763,9.978,5.074,5.855,9.274,10.807
1.077,1.565,10.525,6.342,10.366,9.770,9.387
9.425,9.124,8.996,3.742,10.556,11.216,7.132
11.166,8.457,7.982,9.890,8.884,4.435,12.949
4.467,5.877,0.500,10.006,2.463,11.297,7.207
12.932,4.635,12.224,3.799,6.717,7.033,9.735
6.660,4.456,7.702,8.686,4.814,10.976,8.030
6.555,2.074,7.815,3.738,9.139,8.642,5.719
6.280,6.943,11.770,5.873,8.629,7.832,5.213
6.179,11.390,1.828,6.468,4.222,6.116,7.197
8.384,9.631,7.884,7.827,12.024,6.858,2.281
10.685,8.366,9.571,15.117,6.029,5.527,3.740
7.999,8.675,9.984,9.403,5.539,5.747,8.953
7.757,3.550,9.839,13.316,16.509,9.628,9.773
7.393,2.612,14.962,5.413,9.872,8.292,10.284
6.812,9.683,10.066,7.713,10.615,9.891,5.545
8.383,6.578,12.373,5.086,9.837,5.115,12.925
5.277,10.487,12.317,10.185,8.038,14.349,5.948
11.079,5.344,7.593,7.949,7.757,5.930,8.949
2.593,8.062,6.875,11.816,11.770,9.612,13.379
5.434,10.027,14.547,5.718,7.909,7.643,1.988
8.721,8.850,7.774,9.836,6.663,9.504,5.770
8.913,3.569,8.075,8.304,14.543,2.949,8.813
5.897,1.689,5.863,9.717,10.257,8.753,11.712
11.712,5.295,7.346,5.899,9.066,7.518,5.607
5.981,11.657,4.838,8.628,7.295,4.856,8.263
9.309,3.687,6.288,11.142,4.026,5.724,9.476
10.514,11.241,9.089,7.533,6.461,6.756,11.925
7.264,8.016,5.483,13.236,9.606,9.538,8.092
8.348,10.550,5.784,5.864,7.502,7.764,6.595
3.284,6.402,10.682,9.654,12.008,13.217,7.304
10.670,10.772,8.613,10.629,10.883,8.567,7.469
8.205,6.032,8.810,8.312,3.465,4.148,7.565
10.558,10.625,10.206,8.716,7.771,8.204,4.349
5.065,4.566,6.489,8.803,7.753,5.496,4.664
12.029,4.306,6.828,10.487,8.150,15.406,10.172
7.557,9.793,2.277,10.575,6.470,10.407,8.680
9.796,4.104,8.979,10.646,0.845,4.363,4.643
13.194,10.210,6.996,8.624,8.409,12.817,12.119
9.960,7.713,7.451,6.671,6.137,8.074,5.162
8.621,9.392,4.534,7.652,4.222,7.925,5.400
9.659,4.785,8.748,9.969,7.768,9.465,7.603
1.022,7.636,8.944,7.996,4.436,10.707,12.290
5.925,8.281,8.049,0.650,7.310,6.571,8.731
11.502,13.375,3.019,8.474,6.124,11.276,11.544
10.164,6.426,5.261,10.948,6.309,9.973,11.365
12.476,11.263,7.241,5.031,9.614,8.690,9.723
6.879,7.398,5.198,7.996,8.372,6.156,6.881
4.560,9.795,7.569,7.809,12.315,8.649,8.675
7.189,14.659,9.579,3.080,4.850,4.761,3.232
7.836,8.444,4.884,3.491,10.942,7.182,7.737
9.706,9.131,6.241,6.838,5.444,7.220,14.269
4.067,8.311,4.825,6.064,10.690,12.335,12.412
13.087,6.686,7.614,7.258,10.044,5.488,13.652
14.288,6.890,7.664,13.054,9.647,10.917,7.401
8.815,6.847,14.067,11.587,5.632,8.966,8.304
0.500,1.278,6.868,6.830,6.783,8.239,1.217
4.587,7.849,7.058,10.814,3.724,1.525,6.599
3.216,12.071,9.222,7.113,14.807,3.693,7.435
11.408,7.925,5.023,6.333,7.819,6.977,5.018
7.114,12.935,9.792,5.930,10.104,5.409,3.936
6.435,7.975,14.453,13.696,8.044,4.438,5.164
3.420,8.695,9.078,7.573,6.667,11.118,6.833
5.843,6.674,8.445,4.323,10.907,6.204,5.338
1.603,8.355,6.395,10.650,11.189,3.154,2.517
10.254,7.760,12.188,0.876,3.628,8.055,6.904
8.969,9.422,11.296,3.169,12.596,6.720,11.457
8.979,6.857,4.079,5.586,13.282,5.853,11.594
9.667,5.303,11.191,1.121,7.679,2.687,8.333
7.802,8.143,6.407,9.672,7.247,12.854,3.470
9.911,8.799,4.695,7.911,2.381,9.639,9.001
5.848,0.500,7.991,7.013,4.618,5.725,5.804
12.436,6.228,6.244,10.195,9.784,11.633,1.602
13.376,8.105,11.846,9.714,10.997,13.409,11.979
3.789,7.615,4.888,8.179,8.070,5.370,4.682
7.358,10.195,4.526,11.726,5.977,10.012,7.076
3.391,8.567,5.464,10.572,10.279,10.210,11.095
8.357,11.703,7.101,7.457,6.985,10.687,5.863
7.928,9.073,9.882,12.191,9.297,4.844,11.068
9.724,6.123,3.794,12.527,8.600,7.944,9.292
4.657,7.341,5.185,9.330,7.286,1.784,5.702
11.435,13.124,0.500,3.740,5.310,3.233,4.593
8.441,7.352,6.405,9.242,5.529,6.777,9.148
11.718,8.834,2.450,9.531,14.063,11.631,13.573
6.444,7.905,14.449,5.403,11.298,3.295,9.903
7.071,11.808,13.519,9.051,7.583,8.245,4.670
4.489,8.383,4.807,4.471,5.521,7.452,9.890
9.318,4.862,8.041,6.315,6.484,8.436,10.326
6.402,11.659,8.859,8.013,11.445,3.244,5.439
8.092,12.204,5.964,11.549,6.143,7.770,7.398
5.841,9.230,6.302,10.104,9.128,5.189,4.684
14.562,10.891,9.321,9.414,10.225,5.375,6.050
9.382,14.410,6.700,11.611,7.050,4.895,9.363
4.787,9.299,6.576,3.069,7.303,11.639,11.978
11.421,5.447,7.360,7.614,6.291,4.886,11.061
8.360,4.913,11.229,8.440,7.396,5.513,11.664
10.661,9.224,6.984,8.246,7.469,11.907,9.055
7.736,6.376,8.895,6.250,2.620,13.836,11.936
5.126,10.958,8.544,6.696,7.665,12.424,7.731
6.279,10.095,10.001,3.478,6.693,10.069,8.065
7.313,6.990,7.431,0.500,8.603,8.031,8.783
7.117,4.821,6.518,3.242,12.150,13.109,3.519
8.016,12.742,5.855,9.930,7.079,5.595,7.003
10.056,16.578,8.563,2.296,9.934,8.241,4.616
5.401,9.805,8.364,6.525,12.820,5.174,7.999
12.074,6.739,7.251,10.923,9.479,9.649,8.949
7.930,6.110,8.620,10.929,2.801,8.878,5.918
8.379,6.397,15.916,1.955,8.267,7.610,12.110
10.037,4.798,11.046,7.725,11.407,6.430,6.262
9.445,10.369,7.202,9.373,8.668,1.941,14.235
10.156,5.342,11.242,1.666,8.709,7.091,4.457
1.426,6.322,8.126,4.452,10.437,7.411,10.132
5.012,5.940,4.798,5.929,10.936,3.874,8.945
11.395,9.198,11.604,6.398,2.807,11.578,13.822
7.762,6.440,7.524,10.464,9.985,7.477,8.716
9.267,7.430,10.643,11.621,5.772,6.270,5.008
12.997,3.885,6.151,12.571,9.911,9.978,11.852
5.134,12.723,4.557,7.312,6.861,8.654,6.227
7.528,9.641,12.542,3.341,7.372,8.598,3.372
8.138,11.096,8.077,6.591,9.037,10.206,14.100
7.047,7.924,10.254,4.069,2.004,9.282,8.068
7.224,3.774,8.973,8.535,9.533,13.045,2.714
9.019,7.137,5.580,8.482,11.624,5.768,7.381
13.950,4.713,6.863,5.988,10.477,9.282,9.234
6.103,9.695,8.859,8.164,9.089,9.238,10.305
9.621,17.983,8.724,3.803,8.795,11.952,9.198
11.182,4.387,13.231,7.584,4.708,12.238,14.394
6.674,8.611,5.374,6.729,8.200,3.883,6.079
4.654,11.497,3.906,8.147,5.657,6.506,4.124
8.608,8.829,4.426,5.480,4.849,6.625,6.783
7.027,4.365,4.079,9.971,6.323,8.221,3.112
12.197,9.789,7.475,8.618,4.615,11.828,5.563
7.611,14.155,8.502,2.394,5.252,7.385,14.457
8.769,1.907,14.542,11.098,12.935,7.798,3.540
10.913,9.030,7.666,5.654,7.093,3.146,9.930
3.790,12.028,5.708,10.483,7.720,9.734,4.165
5.043,12.379,7.664,7.456,10.293,8.347,7.536
5.360,8.582,13.465,5.941,8.013,8.221,6.187
7.485,9.453,6.417,7.716,9.417,9.469,0.500
9.324,9.526,5.185,11.073,7.221,10.903,6.043
9.928,6.957,9.109,8.034,5.594,6.054,10.002
4.628,6.486,9.686,8.623,11.641,11.972,5.919
3.795,6.169,9.705,7.887,3.988,9.913,12.315
11.130,0.782,9.472,8.438,12.293,7.199,6.689
11.383,10.553,10.514,10.291,10.786,7.063,8.422
7.266,8.978,12.874,10.957,11.880,8.785,8.268
8.715,9.121,13.200,4.840,9.922,12.368,3.097
0.500,6.913,11.416,6.421,4.588,10.826,5.928
9.001,5.028,10.191,11.544,5.039,6.199,4.497
2.554,6.659,6.798,9.752,8.955,12.655,7.904
2.243,8.809,6.345,3.978,9.915,3.367,14.993
8.666,4.983,5.392,6.729,10.570,7.445,9.057
6.162,4.290,5.892,8.544,9.207,10.158,8.294
8.897,12.722,7.733,11.926,11.998,10.597,8.412
5.557,7.072,9.444,6.092,6.658,9.674,10.995
9.916,5.080,3.823,4.741,9.348,9.022,5.079
11.428,13.863,10.788,5.639,11.414,3.255,9.189
8.902,8.411,6.811,11.822,5.883,8.872,11.756
8.112,6.871,0.500,4.522,3.425,9.789,4.111
10.252,4.298,8.629,7.581,8.876,9.629,13.033
7.048,8.670,5.265,10.140,10.155,12.743,7.129
11.027,9.913,5.389,5.943,6.898,7.433,8.069
11.701,7.121,7.491,6.281,5.888,11.193,5.426
9.385,7.123,4.533,8.201,4.669,9.300,8.720
5.476,6.500,7.797,10.799,8.580,7.462,4.097
7.872,5.271,8.065,5.959,7.021,12.155,8.111
11.327,10.926,10.407,6.593,8.796,7.879,6.768
12.961,8.584,5.052,2.273,8.882,12.602,11.296
8.636,4.981,4.073,5.890,7.747,8.680,0.500
8.128,7.944,13.227,8.854,11.048,5.327,11.093
12.863,10.202,5.745,1.684,6.936,11.675,6.902
10.162,7.611,10.800,1.729,8.737,12.620,0.500
7.462,10.510,6.942,7.400,4.065,4.303,5.488
7.530,3.650,6.275,11.178,4.508,3.089,3.462
0.500,4.730,13.121,6.746,7.335,8.221,3.165
9.781,9.571,9.289,10.975,9.248,10.381,10.304
5.324,10.770,6.138,12.122,7.311,8.998,7.606
9.145,4.587,9.341,5.468,5.663,6.972,5.853
9.692,3.216,9.969,7.124,11.814,7.218,4.456
8.034,11.408,10.592,12.104,4.699,3.620,0.682
5.523,7.114,11.373,1.930,6.664,7.989,9.980
5.787,6.435,10.780,12.204,5.775,7.138,6.619
4.813,3.420,12.869,11.103,1.007,2.900,3.969
8.592,5.843,9.504,12.975,8.425,7.263,6.261
7.557,1.603,8.941,9.389,12.655,8.858,11.529
6.599,10.254,6.942,6.833,8.264,8.677,8.086
8.417,8.969,10.955,8.163,2.762,6.931,6.586
3.193,8.979,9.275,6.648,12.094,6.886,6.981
6.407,9.667,9.044,9.051,7.083,7.899,1.946
9.404,7.802,13.016,8.768,6.458,12.068,8.495
4.790,9.911,11.785,7.317,7.059,10.444,17.939
6.728,5.848,9.831,5.440,9.149,6.916,12.117
8.594,12.436,9.273,8.224,6.150,3.244,2.635
7.591,13.376,10.136,12.399,6.482,9.829,6.042
10.775,3.789,12.121,0.500,6.935,13.335,1.516
6.133,7.358,10.121,10.013,14.491,5.031,7.627
7.730,3.391,10.588,10.348,7.231,4.576,6.157
3.835,8.357,6.248,9.830,3.896,5.943,8.775
8.796,7.928,10.189,8.811,5.401,7.840,10.270
4.766,9.724,9.017,10.752,8.825,5.781,6.833
9.212,4.657,7.164,8.181,9.913,7.384,4.305
8.107,11.435,4.760,11.771,5.958,6.516,3.985
5.575,8.441,9.229,8.299,5.344,7.547,9.643
11.404,11.718,1.911,7.099,8.592,14.186,5.412
8.000,6.444,16.292,8.936,6.125,13.463,12.781
9.480,7.071,5.090,9.538,1.840,4.137,7.070
6.222,4.489,7.366,7.798,5.706,10.103,7.909
7.074,9.318,4.437,5.756,14.751,10.774,6.028
10.322,6.402,6.693,4.646,11.639,7.384,12.456
9.362,8.092,10.540,8.670,10.990,3.793,8.208
6.563,5.841,6.183,7.168,8.816,5.057,4.588
10.182,14.562,2.771,12.379,5.816,6.753,7.656
6.916,9.382,7.874,7.868,3.427,5.769,4.585
11.764,4.787,8.527,8.477,6.041,8.874,3.326
7.313,11.421,7.722,8.352,8.270,9.821,5.151
7.462,8.360,2.117,4.288,8.766,7.545,7.747
2.421,10.661,7.611,7.611,5.774,7.757,6.738
9.529,7.736,4.692,11.550,12.035,5.601,6.164
10.053,5.126,6.376,9.203,8.918,9.766,8.747
8.249,6.279,10.324,10.147,7.730,11.213,11.084
6.067,7.313,4.439,16.897,4.963,7.772,9.572
13.036,7.117,8.620,3.368,11.177,6.211,8.177
8.289,8.016,7.517,7.922,7.640,4.942,8.982
6.313,10.056,0.500,5.522,4.149,9.611,9.047
4.084,5.401,12.479,11.825,8.428,3.555,9.324
10.037,12.074,4.835,14.343,4.959,8.959,9.738
6.380,7.930,6.477,7.489,8.779,8.377,8.013
8.567,8.379,5.797,7.110,8.996,5.467,8.639
14.055,10.037,7.946,6.856,6.210,7.155,7.269
5.292,9.445,5.353,7.202,11.579,9.976,4.483
4.397,10.156,3.976,15.904,4.524,4.178,3.677
6.355,1.426,8.428,5.219,11.536,8.592,8.330
6.591,5.012,5.707,6.966,8.010,14.040,4.576
11.773,11.395,6.893,3.384,8.116,6.891,0.793
8.271,7.762,7.095,10.887,9.602,6.158,9.325
9.043,9.267,8.198,4.901,4.242,4.761,10.897
7.643,12.997,6.147,7.974,10.258,13.962,9.370
7.320,6.642,6.128,7.626,9.151,10.974,5.663
6.664,6.625,6.174,6.729,5.368,2.011,11.814
13.094,4.828,8.037,4.173,10.311,12.184,4.699
10.200,4.134,5.434,6.482,12.714,4.466,6.664
12.131,12.314,14.382,7.012,5.716,10.267,5.775
7.885,11.947,8.824,15.814,6.926,5.559,1.007
4.792,8.950,11.415,5.804,12.139,9.190,8.425
5.448,11.242,8.951,6.956,9.736,4.009,12.655
4.560,7.481,8.717,4.075,11.339,10.728,8.264
8.288,6.867,10.079,12.670,10.228,10.968,2.762
4.483,9.261,7.152,7.134,17.552,9.510,12.094
14.380,10.990,2.694,9.631,5.348,9.840,7.083
5.151,7.543,9.294,6.997,5.557,4.973,6.458
9.151,4.580,5.962,1.638,4.265,7.432,7.059
7.355,9.561,11.695,8.590,6.952,7.003,9.149
5.784,15.097,6.504,1.911,13.431,10.313,6.150
7.590,4.952,8.847,3.972,8.214,2.087,6.482
8.056,4.692,8.560,6.059,4.093,3.653,6.935
10.540,4.679,6.954,8.468,6.941,7.584,14.491
5.869,6.735,7.324,6.979,3.344,8.979,7.231
7.160,12.581,7.517,8.022,7.415,6.015,3.896
0.500,7.327,8.380,12.144,11.889,4.999,5.401
7.817,14.657,8.586,12.203,10.357,12.286,8.825
5.432,17.441,7.890,12.518,7.575,7.098,9.913
13.038,14.347,7.552,10.235,7.013,9.836,5.958
8.929,3.515,0.770,5.782,7.290,5.941,5.344
14.381,8.649,15.008,8.699,2.035,4.296,8.592
5.630,13.083,9.543,11.276,10.546,4.745,6.125
8.538,3.186,5.546,10.581,7.262,6.817,1.840
6.061,1.530,5.767,8.436,10.594,6.083,5.706
7.464,7.244,0.995,6.213,2.760,4.418,14.751
14.653,6.401,0.500,3.582,8.842,10.461,11.639
6.760,8.809,5.520,3.147,8.404,9.299,10.990
9.547,7.902,13.456,9.428,8.850,3.927,8.816
3.706,10.176,8.457,10.004,10.663,5.824,5.816
7.684,6.775,8.633,5.248,7.544,7.561,3.427
11.213,6.238,8.240,17.522,3.870,2.331,6.041
9.651,11.625,9.678,10.188,4.391,7.304,8.270
10.388,10.373,8.001,10.613,6.327,7.469,8.766
9.254,12.185,5.908,5.978,10.096,6.396,5.774
5.512,8.013,6.607,7.925,7.302,12.270,12.035
7.578,6.737,10.090,8.801,3.635,9.679,8.918
5.347,4.493,7.132,8.004,10.077,6.529,7.730
8.237,7.900,2.468,2.164,7.263,9.647,4.963
9.953,9.066,9.670,7.338,2.940,5.596,11.177
7.777,7.738,8.761,4.106,8.863,8.780,7.640
8.966,7.532,11.879,10.274,10.724,10.414,4.149
9.428,13.164,8.530,2.180,9.367,4.485,8.428
8.257,11.886,8.319,14.690,7.709,7.589,4.959
0.646,8.626,8.002,12.894,10.595,12.050,8.779
8.405,10.677,6.171,8.014,11.951,7.871,8.996
4.990,4.889,9.044,5.357,7.499,6.894,6.210
12.172,7.299,7.016,10.577,8.461,8.130,11.579
13.185,7.080,5.696,5.295,6.330,6.847,4.524
11.668,16.555,8.380,6.685,9.429,3.846,11.536
13.288,12.140,9.046,12.903,6.894,4.382,8.010
6.324,13.134,9.906,10.123,4.589,4.734,8.116
7.959,1.559,10.924,5.984,6.028,8.694,9.602
7.514,11.551,15.745,5.133,11.041,8.522,4.242
9.168,7.569,7.540,9.787,8.702,6.860,10.258
4.541,8.243,7.738,8.157,6.352,9.145,9.000
8.576,9.973,5.216,7.003,8.933,9.692,5.681
12.770,9.145,8.974,7.663,6.428,8.034,7.904
8.763,8.599,5.931,0.500,8.057,5.523,7.387
1.565,6.959,9.842,9.492,6.346,5.787,6.070
9.124,1.522,3.337,6.441,13.508,4.813,7.668
8.457,8.165,7.852,8.120,10.379,8.592,6.999
5.877,12.642,5.284,18.661,6.161,7.557,0.726
4.635,7.169,7.127,9.623,12.287,6.599,2.044
4.456,7.252,6.712,7.318,7.802,8.417,7.754
2.074,8.927,3.858,12.251,7.584,3.193,3.352
6.943,5.041,9.237,3.990,10.753,6.407,9.751
11.390,4.213,2.944,10.825,12.304,9.404,6.753
9.631,7.997,3.998,2.953,7.055,4.790,15.359
8.366,9.386,9.907,6.177,5.327,6.728,7.821
8.675,8.912,10.293,3.342,12.024,8.594,12.659
3.550,4.820,9.761,11.285,10.169,7.591,6.501
2.612,6.470,9.138,13.955,4.233,10.775,4.853
9.683,11.287,15.893,8.821,3.799,6.133,2.689
6.578,6.776,5.288,6.106,10.643,7.730,5.442
10.487,9.002,6.250,10.964,5.368,3.835,9.740
5.344,8.349,4.819,6.441,4.893,8.796,6.552
8.062,8.857,10.247,6.481,4.122,4.766,0.500
10.027,10.196,8.690,5.912,6.265,9.212,4.877
8.850,9.375,10.659,14.150,11.191,8.107,7.048
3.569,7.247,10.260,10.982,10.986,5.575,9.326
1.689,14.850,7.340,9.764,8.920,11.404,9.320
5.295,9.847,5.201,6.963,10.025,8.000,8.953
11.657,4.981,3.453,5.089,8.521,9.480,9.865
3.687,7.260,15.636,6.649,13.111,6.222,13.121
11.241,8.255,11.037,7.580,15.087,7.074,6.418
8.016,12.133,10.207,8.352,9.975,10.322,6.838
10.550,4.296,8.077,2.891,9.445,9.362,9.212
6.402,4.361,8.263,4.342,4.831,6.563,9.759
10.772,6.316,7.801,4.363,8.435,10.182,7.041
6.032,8.944,7.686,6.222,10.147,6.916,11.336
10.625,9.336,4.216,6.139,3.643,11.764,9.931
4.566,10.796,8.663,12.299,12.825,7.313,7.777
4.306,12.373,7.913,8.560,3.613,7.462,12.895
9.793,10.770,9.503,8.365,13.842,2.421,6.173
4.104,6.332,9.408,9.883,9.054,9.529,6.896
10.210,10.937,11.087,7.745,4.343,10.053,2.926
7.713,6.959,9.160,7.696,7.577,8.249,7.019
9.392,9.405,11.173,7.910,6.629,6.067,8.842
4.785,7.353,0.500,10.261,4.302,13.036,7.559
7.636,10.562,6.504,7.032,11.450,8.289,8.536
8.281,6.054,14.877,10.295,9.475,6.313,7.355
13.375,8.918,6.877,5.779,8.643,4.084,7.716
6.426,10.042,9.192,8.896,6.700,10.037,6.477
11.263,2.859,11.656,15.714,4.788,6.380,4.563
7.398,7.011,8.363,10.548,9.376,8.567,8.541
9.795,11.862,12.280,12.138,6.807,14.055,7.101
14.659,5.399,6.545,5.698,9.794,5.292,3.828
8.444,7.555,5.517,14.787,4.022,4.397,2.888
9.131,10.165,6.270,12.321,10.922,6.355,9.557
8.311,6.075,5.223,5.531,9.404,6.591,7.746
6.686,3.251,8.932,5.902,12.045,11.773,5.805
6.890,9.667,7.506,6.568,9.858,8.271,11.460
6.847,4.475,9.090,4.614,4.241,9.043,11.705
1.278,13.449,5.590,11.084,14.819,7.643,9.439
7.916,7.985,6.152,10.297,3.749,6.943,11.637
6.291,7.273,0.500,6.510,6.450,8.962,10.787
8.983,11.195,7.602,1.848,6.203,4.838,12.695
6.062,5.583,13.013,7.981,8.324,14.016,6.438
7.264,6.242,10.960,9.580,6.267,6.333,6.014
6.705,7.541,9.332,6.462,10.792,9.225,7.488
9.410,7.973,8.160,7.118,9.742,18.473,8.908
6.798,10.698,5.290,5.911,12.197,10.109,6.882
6.096,4.909,11.751,9.401,7.275,9.766,8.130
10.144,14.512,9.501,4.562,11.789,8.138,7.536
9.724,15.007,5.497,12.337,3.776,8.688,7.783
8.626,10.900,4.260,9.700,8.475,7.849,6.129
7.571,10.003,6.238,8.387,1.223,7.310,4.122
11.554,5.420,12.233,7.643,8.358,6.146,9.402
9.514,12.579,12.047,13.039,8.479,4.311,7.634
5.727,7.031,13.513,9.398,9.471,9.524,6.441
6.381,9.070,8.272,6.155,4.823,5.063,6.008
9.569,5.047,7.049,8.426,6.845,9.946,6.258
8.627,0.500,11.121,10.031,1.900,9.438,3.242
8.741,5.913,7.540,5.310,7.784,10.848,10.406
5.356,7.986,9.039,10.586,10.446,4.852,16.024
8.744,11.640,4.672,7.350,7.179,9.380,3.931
9.652,8.645,6.622,9.023,4.194,8.257,4.230
10.193,8.856,7.703,8.451,9.282,5.314,6.496
3.427,8.542,6.755,2.674,12.895,5.229,7.365
6.701,9.346,6.618,6.428,8.039,8.927,12.327
8.903,12.317,0.500,9.955,0.500,9.357,7.114
6.283,8.626,14.668,2.027,3.908,7.361,6.058
5.568,9.341,7.726,3.993,3.507,6.833,2.713
5.756,4.740,2.740,9.545,7.716,2.783,11.547
9.022,10.998,10.473,6.787,10.362,11.360,6.886
8.721,8.312,7.506,8.092,8.413,7.409,13.194
6.320,3.366,9.236,3.639,9.213,5.686,9.578
11.673,8.269,6.687,7.288,5.195,5.852,5.531
6.527,13.041,4.965,8.658,11.407,6.540,11.369
10.864,14.740,5.014,8.104,6.450,4.534,2.605
9.152,7.556,8.127,5.045,5.063,8.415,10.692
10.227,10.140,9.328,11.896,5.810,8.051,5.864
9.527,13.728,8.483,4.960,8.749,7.694,1.323
2.370,10.633,8.915,5.689,9.432,16.824,5.797
9.249,7.751,10.529,12.965,8.055,9.261,11.914
9.028,8.002,7.978,3.880,11.801,11.813,13.728
6.802,11.992,9.982,9.524,7.485,10.475,9.566
8.812,6.592,10.283,7.562,7.344,8.940,4.480
7.990,9.897,8.016,4.585,5.027,8.506,8.614
2.499,0.500,7.071,9.924,5.126,7.823,6.241
9.091,10.798,6.143,11.749,9.584,8.429,9.590
8.355,10.074,3.721,10.638,9.928,5.884,11.279
11.937,5.753,1.851,9.477,8.969,5.261,9.037
7.045,10.412,11.152,7.505,9.393,6.899,6.440
8.174,7.273,7.154,9.468,8.006,6.135,7.669
2.521,8.593,5.596,2.267,7.030,3.328,8.934
12.675,5.483,11.725,8.374,9.914,5.515,7.595
13.007,4.161,9.728,2.276,7.327,7.897,3.538
6.283,6.508,7.206,6.506,16.246,5.533,7.184
9.605,10.667,9.844,11.258,14.690,8.859,8.491
7.559,1.652,6.442,11.166,6.122,9.686,7.720
4.535,10.414,7.846,8.681,5.634,4.112,6.328
12.540,14.015,12.162,10.850,12.100,10.114,9.271
8.692,11.797,9.767,6.778,6.593,10.243,10.160
5.661,7.916,10.228,10.050,2.561,6.785,5.502
9.641,6.291,11.604,7.356,4.592,6.729,10.336
4.702,8.983,8.425,10.905,2.377,9.686,1.180
6.611,6.062,7.494,11.581,6.127,7.505,4.883
10.094,7.264,13.976,0.500,5.291,6.946,0.500
10.236,6.705,7.542,10.504,9.051,8.029,4.183
10.300,9.410,8.023,4.020,1.673,12.059,12.245
4.278,6.798,7.324,10.802,11.449,6.951,9.922
10.746,6.096,8.132,9.262,9.897,14.588,2.843
2.601,10.144,6.179,6.242,11.476,15.463,14.138
4.074,9.724,8.004,6.368,7.340,6.656,7.733
7.141,8.626,5.989,1.604,5.473,11.076,10.782
10.417,7.571,6.283,5.325,9.721,2.546,7.257
6.186,11.554,8.170,2.165,7.350,6.985,9.680
8.488,9.514,9.064,5.343,17.301,10.419,6.604
5.978,5.727,8.600,12.140,9.993,7.828,7.468
9.306,6.381,5.755,6.095,4.329,6.785,8.035
3.543,9.569,8.288,3.741,12.166,7.841,10.059
7.916,8.627,6.947,5.787,6.050,11.320,6.485
4.779,8.741,6.827,9.216,3.329,13.740,9.445
12.584,5.356,0.543,8.153,8.118,18.647,7.081
9.796,8.744,10.420,3.433,6.515,8.776,10.023
5.158,9.652,5.112,5.610,11.493,7.670,9.745
4.133,10.193,15.962,5.146,10.740,13.916,3.799
5.813,3.427,8.515,5.609,9.186,8.930,7.912
12.765,6.701,3.169,7.313,13.326,8.995,5.893
6.850,8.903,0.880,3.889,6.568,2.156,6.616
12.560,6.283,8.206,4.798,15.275,6.677,11.937
3.625,5.568,2.523,5.947,5.844,1.856,4.178
2.312,5.756,6.471,4.106,6.359,9.689,7.473
4.001,9.022,3.550,11.217,14.745,9.505,4.416
7.127,8.721,13.304,1.970,8.517,9.390,6.515
9.859,6.320,5.886,7.033,11.046,5.554,9.624
4.308,11.673,9.497,11.685,8.670,8.542,12.349
8.968,6.527,9.421,2.300,5.575,7.416,6.699
7.011,10.864,5.241,5.019,8.588,8.513,10.524
7.675,9.152,5.228,7.298,9.104,9.630,13.819
11.931,10.227,9.842,10.459,7.114,4.291,11.932
3.146,9.527,6.366,13.690,12.747,8.062,3.674
9.454,2.370,3.910,10.067,6.859,11.104,7.172
6.933,9.249,8.930,12.931,6.700,14.640,7.033
6.828,9.028,14.695,11.855,9.892,12.284,12.699
9.631,6.802,7.599,12.190,5.561,10.044,6.914
10.952,8.812,11.343,11.296,4.308,7.900,9.900
2.107,7.990,7.906,13.297,12.753,9.105,6.887
9.666,2.499,11.872,10.482,2.665,4.663,4.377
6.662,9.091,8.535,7.932,9.082,7.967,1.028
9.142,8.355,12.686,8.621,7.185,5.737,1.512
12.053,11.937,11.476,4.999,13.656,7.616,7.974
8.402,7.045,8.192,6.509,9.278,10.815,6.555
11.837,8.174,9.370,7.465,16.911,7.854,11.368
1.682,2.521,7.879,7.823,7.000,4.879,13.043
1.576,12.675,7.496,7.424,4.358,9.679,9.455
12.029,13.007,6.612,5.784,11.034,10.305,11.959
13.992,6.283,8.323,13.174,9.769,6.173,9.301
13.744,9.605,5.556,6.452,8.592,9.037,9.275
5.514,7.559,9.030,5.257,10.000,2.525,8.434
12.355,4.535,9.334,4.121,9.451,5.852,9.123
6.345,12.540,9.303,5.284,2.028,4.523,11.156
7.706,8.692,6.963,11.318,13.430,6.491,9.267
5.468,7.626,4.355,9.438,10.474,12.334,6.942
7.124,6.729,6.532,7.619,8.089,8.692,5.426
12.104,4.173,8.922,5.649,4.943,6.614,3.437
1.930,6.482,13.650,4.606,7.393,11.178,8.943
12.204,7.012,8.424,11.518,5.438,12.325,3.372
11.103,15.814,0.500,7.157,11.408,4.415,7.232
12.975,5.804,4.488,7.420,6.470,7.885,7.978
9.389,6.956,5.604,7.498,8.819,10.642,11.732
6.833,4.075,12.561,4.812,12.481,5.655,7.152
8.163,12.670,7.825,13.223,6.329,3.277,9.217
6.648,7.134,9.040,9.039,11.798,7.474,3.405
9.051,9.631,6.281,8.263,7.141,9.176,1.593
8.768,6.997,7.639,6.189,11.314,8.067,1.470
7.317,1.638,7.864,0.500,9.067,7.926,5.862
5.440,8.590,6.840,7.352,9.913,6.915,5.804
8.224,1.911,8.702,10.154,10.664,5.578,8.041
12.399,3.972,9.526,7.774,4.151,6.176,11.428
0.500,6.059,7.762,10.339,10.418,9.421,5.697
10.013,8.468,10.174,12.101,6.533,9.730,10.444
10.348,6.979,12.927,13.398,10.130,7.573,6.647
9.830,8.022,9.706,9.926,6.631,11.069,8.541
8.811,12.144,9.956,5.421,10.113,6.732,10.351
10.752,12.203,9.701,15.199,6.996,9.407,8.826
8.181,12.518,9.334,8.992,7.363,10.095,5.264
11.771,10.235,11.060,8.488,4.634,6.029,7.587
8.299,5.782,10.342,3.625,8.784,6.366,7.194
7.099,8.699,10.905,5.542,6.842,5.675,10.242
8.936,11.276,10.412,4.262,6.785,8.422,4.701
9.538,10.581,8.258,2.659,8.159,8.499,3.418
7.798,8.436,7.978,7.173,10.169,6.842,7.346
5.756,6.213,5.883,5.358,9.460,4.833,10.078
4.646,3.582,3.369,8.527,10.880,4.723,7.904
8.670,3.147,1.937,7.458,8.306,5.428,7.484
7.168,9.428,14.436,9.897,7.684,11.333,8.136
12.379,10.004,8.062,9.558,8.301,6.148,9.424
7.868,5.248,4.138,3.386,10.010,6.400,7.102
8.477,17.522,6.344,2.189,5.148,6.540,6.606
8.352,10.188,2.722,7.641,11.143,9.406,9.549
4.288,10.613,14.347,9.479,2.951,6.128,10.188
7.611,5.978,4.943,12.642,6.816,11.121,7.353
11.550,7.925,5.868,8.428,5.775,11.850,0.500
9.203,8.801,12.548,5.988,7.689,8.474,6.318
10.147,8.004,5.666,7.796,10.342,8.782,6.938
16.897,2.164,10.200,7.215,6.605,3.683,5.219
3.368,7.338,5.792,11.151,10.036,6.372,11.891
7.922,4.106,7.655,8.545,2.798,9.635,7.793
5.522,10.274,6.650,8.647,7.634,10.433,6.202
11.825,2.180,6.951,8.888,2.058,1.982,4.651
14.343,14.690,7.350,8.356,5.150,11.011,10.037
7.489,12.894,6.827,6.932,5.717,2.086,11.086
7.110,8.014,4.545,13.484,9.867,7.715,7.417
6.856,5.357,8.804,5.871,2.425,9.401,3.157
7.202,10.577,8.166,9.756,5.653,7.963,12.927
15.904,5.295,9.720,2.613,8.966,9.245,14.631
5.219,6.685,10.309,6.471,8.574,12.567,7.156
6.966,12.903,2.681,12.550,4.561,11.702,14.045
3.384,10.123,10.785,2.897,10.176,3.919,5.684
10.887,5.984,10.010,4.329,5.253,4.449,9.012
4.901,5.133,6.602,7.201,9.605,2.984,11.264
7.974,9.787,9.420,8.848,6.383,5.689,2.964
4.042,4.480,7.493,8.654,9.289,10.978,5.277
10.915,6.375,10.435,8.598,10.763,6.206,9.297
0.500,8.236,7.474,10.206,5.552,9.098,10.183
9.037,5.733,2.630,9.282,3.258,2.911,15.149
5.898,7.754,6.818,13.045,7.899,8.119,8.741
8.503,16.010,5.534,5.768,10.255,8.651,10.115
4.844,5.481,6.115,9.282,9.033,7.770,10.764
11.487,12.269,11.768,9.238,10.106,14.141,5.273
5.098,6.304,8.768,11.952,11.729,12.048,6.129
8.407,8.091,4.017,12.238,4.869,9.675,5.176
6.752,12.058,7.490,3.883,10.791,10.034,5.011
7.577,4.530,8.383,6.506,3.642,7.874,8.599
6.363,13.060,6.209,6.625,8.145,4.875,8.076
12.958,4.381,9.444,8.221,9.620,11.805,10.345
5.956,7.072,6.305,11.828,0.761,11.560,8.963
9.450,5.884,9.169,7.385,5.304,1.231,10.755
14.905,2.438,6.209,7.798,9.151,5.881,10.796
9.355,7.416,5.238,3.146,9.193,10.594,10.792
5.237,7.190,9.189,9.734,8.513,10.021,9.800
10.315,10.318,2.738,8.347,7.864,6.653,7.968
10.337,1.814,13.786,8.221,6.036,7.092,10.884
10.049,7.492,7.444,9.469,3.192,7.754,7.474
11.176,6.313,2.571,10.903,8.115,10.535,13.123
6.821,6.524,3.707,6.054,8.190,12.487,11.103
10.717,6.902,4.508,11.972,8.202,6.456,12.354
7.494,10.074,0.500,9.913,7.763,6.026,9.473
8.177,6.095,7.956,7.199,7.803,8.962,6.847
7.320,8.218,14.465,7.063,3.582,7.111,7.046
10.492,7.045,5.364,8.785,13.252,10.142,6.026
3.052,9.158,8.275,12.368,9.183,3.473,11.000
5.462,6.095,12.750,10.826,7.604,4.842,11.157
6.305,6.920,6.963,6.199,4.760,7.021,11.834
6.512,6.943,9.617,12.655,9.393,3.945,7.792
7.894,6.040,10.728,3.367,10.968,11.412,4.152
2.688,7.522,6.281,7.445,8.641,9.557,8.903
5.953,5.952,8.136,10.158,5.897,10.963,5.607
7.975,7.907,10.352,10.597,12.200,7.116,8.949
7.285,5.786,8.234,9.674,3.500,7.900,4.994
5.570,8.420,8.438,9.022,13.258,9.043,6.552
5.079,3.959,11.148,3.255,3.850,7.208,11.529
10.333,1.028,11.961,8.872,11.669,10.134,10.538
9.574,8.113,8.800,9.789,4.064,8.393,5.637
7.701,5.463,5.702,9.629,8.063,8.502,8.372
6.820,5.691,7.591,12.743,8.162,7.808,7.790
6.747,7.613,8.102,7.433,8.588,7.442,11.778
7.468,10.681,8.259,11.193,7.297,9.780,11.532
10.522,14.481,8.657,9.300,5.416,6.196,7.357
6.391,3.369,6.468,7.462,6.298,11.802,7.854
11.965,2.634,7.980,12.155,13.400,7.631,7.243
6.726,10.839,4.611,7.879,8.067,4.771,4.831
2.597,7.605,13.636,12.602,4.811,8.142,8.184
12.695,6.273,7.588,8.680,9.512,11.784,3.975
3.545,8.074,7.179,5.327,6.767,8.528,10.150
10.885,7.499,11.810,11.675,12.541,6.064,6.160
4.434,10.232,8.549,12.620,9.029,7.579,6.931
4.471,7.169,9.496,4.303,10.295,5.396,8.150
6.097,4.662,15.943,3.089,13.834,15.437,7.955
7.418,7.525,6.856,8.221,6.526,7.759,6.701
4.709,6.134,8.706,10.381,10.830,8.470,6.952
3.674,9.293,9.456,8.998,6.678,6.951,11.495
4.815,9.957,12.698,9.208,11.281,9.345,9.208
12.041,2.475,10.046,7.764,7.273,8.211,7.764
8.148,5.213,8.216,8.666,12.380,7.922,8.666
11.075,9.641,11.051,8.743,5.847,5.470,8.743
8.375,0.500,9.247,4.418,11.727,11.081,4.418
11.624,8.354,8.742,7.179,7.445,7.738,7.179
3.755,11.454,13.065,6.296,4.209,4.454,6.296
12.543,6.469,13.182,5.657,6.787,7.709,5.657
10.768,8.180,5.965,6.255,7.421,10.069,6.255
5.728,8.266,7.793,10.869,6.581,8.553,10.869
5.443,6.256,6.083,7.732,11.689,8.140,7.732
10.449,12.974,10.860,10.399,2.918,4.688,10.399
7.665,7.133,9.865,11.350,13.702,8.636,11.350
6.596,11.206,11.535,4.561,4.629,10.256,4.561
4.925,8.962,8.584,9.794,2.933,14.709,9.794
3.866,12.175,10.029,9.098,6.551,10.663,9.098
9.910,11.829,10.478,13.702,6.945,7.141,13.702
12.254,6.853,8.234,11.615,10.781,6.851,11.615
6.276,10.532,10.804,9.869,7.472,0.500,9.869
7.589,6.985,4.775,7.344,4.324,8.608,7.344
11.780,9.141,12.005,6.811,8.643,11.599,6.811
10.162,9.671,4.684,6.297,11.523,5.895,6.297
7.699,6.716,7.625,3.709,11.919,5.856,3.709
13.665,9.825,9.291,2.895,7.121,3.251,2.895
5.187,5.866,8.877,12.749,10.219,6.994,12.749
6.332,1.724,3.319,7.139,2.546,11.581,7.139
6.761,9.085,8.184,8.519,6.712,6.344,8.519
12.282,10.667,0.500,6.359,0.500,3.813,6.359
3.655,9.821,6.765,8.665,7.429,3.856,8.665
6.205,7.417,5.937,9.977,8.330,5.894,9.977
9.962,7.408,14.091,6.995,4.093,11.262,6.995
4.811,10.921,6.817,10.760,11.268,11.141,10.760
4.840,8.253,5.299,3.523,9.219,7.506,3.523
5.945,2.852,5.189,9.084,8.198,12.145,9.084
9.649,7.605,4.470,9.488,6.261,3.331,9.488
7.237,7.749,6.918,5.761,9.259,9.673,5.761
2.632,3.313,7.463,9.461,3.234,3.820,9.461
10.543,5.535,13.809,6.491,10.386,13.712,6.491
13.534,6.392,3.057,6.489,12.623,7.121,6.489
6.058,10.714,8.991,9.006,7.849,0.500,9.006
11.571,8.709,1.282,8.046,9.979,10.381,8.046
11.148,7.528,6.248,8.759,10.531,9.055,8.759
11.090,7.156,10.363,6.041,7.286,10.669,6.041
4.384,6.698,10.714,7.059,6.602,10.123,7.059
3.341,10.733,9.526,8.653,10.209,6.717,8.653
11.919,6.721,5.376,12.620,2.691,2.916,12.620
12.338,8.429,9.760,8.697,7.571,3.810,8.697
3.208,5.820,11.672,7.186,8.192,10.008,7.186
3.866,9.484,2.981,7.148,5.368,7.138,7.148
6.371,7.404,5.762,4.994,5.548,6.729,4.994
10.174,3.342,7.515,1.169,7.048,6.597,1.169
8.329,8.526,7.929,10.252,7.460,6.565,10.252
13.003,4.448,8.139,7.021,9.164,8.595,7.021
14.881,10.539,6.687,7.421,10.501,6.945,7.421
10.105,12.004,5.249,8.010,9.000,6.197,8.010
10.530,10.499,8.643,2.659,9.725,10.715,2.659
5.520,8.954,4.863,8.711,8.470,3.612,8.711
9.042,4.775,6.427,4.383,9.635,8.942,4.383
11.430,6.884,8.183,6.390,7.169,5.171,6.390
12.631,7.163,8.138,6.864,12.571,5.609,6.864
8.152,7.956,3.380,6.926,12.292,14.405,10.576
5.935,8.341,2.967,7.130,3.618,11.015,13.775
3.894,4.019,12.938,7.701,3.720,10.075,3.636
8.308,8.838,2.006,5.743,8.672,7.505,8.699
8.896,6.640,7.823,7.919,9.623,8.071,6.745
6.123,8.429,3.466,10.134,7.648,2.643,8.259
7.676,6.226,5.502,5.055,12.309,10.440,6.968
7.174,9.717,6.196,11.971,11.059,8.456,7.416
11.200,7.903,4.027,8.046,6.517,9.046,7.760
11.093,7.464,2.719,4.154,3.910,0.573,5.760
7.985,3.499,12.193,7.037,4.009,14.765,4.857
5.508,8.373,10.133,10.658,9.428,10.040,8.729
9.598,10.453,3.265,11.249,9.713,7.303,5.043
12.606,11.363,5.612,5.543,9.475,9.058,11.927
9.127,3.889,7.572,8.627,6.505,5.548,5.902
8.926,12.192,11.038,9.851,8.047,11.943,4.151
10.111,3.018,12.236,8.180,14.421,5.240,5.379
4.913,12.173,6.339,10.523,9.333,6.995,6.107
10.988,4.738,9.468,10.587,10.246,9.139,2.427
7.893,7.688,10.255,3.263,8.439,4.516,6.434
7.984,6.038,5.952,9.154,8.764,11.133,5.530
4.610,6.115,7.464,11.606,6.048,4.476,5.510
8.511,3.519,6.216,7.051,11.359,7.382,9.234
8.862,3.381,9.240,12.276,5.689,3.472,6.929
3.103,9.135,7.164,7.637,8.090,10.704,5.506
9.347,1.112,9.030,7.275,9.877,6.407,9.124
1.423,5.946,5.811,6.504,11.104,11.499,3.237
8.357,8.926,4.662,4.600,6.444,5.803,11.776
8.822,5.083,7.900,6.157,9.250,7.324,9.259
8.621,5.358,7.246,4.981,9.349,7.616,17.371
7.371,9.904,12.583,7.291,7.899,8.817,10.919
9.559,6.290,9.741,6.719,5.774,8.640,14.842
11.785,3.861,11.856,6.703,7.942,11.921,10.561
10.876,0.500,10.962,8.838,10.740,7.404,9.461
10.928,11.004,11.631,3.113,7.255,8.064,0.500
3.965,7.148,7.962,7.339,9.447,13.451,8.828
6.274,4.671,7.129,0.500,7.939,6.069,2.620
10.002,9.299,5.913,7.649,2.871,5.415,4.357
0.500,5.552,7.335,1.259,6.974,7.249,8.680
6.148,6.860,7.902,4.926,12.298,12.633,4.453
8.187,3.045,8.942,2.527,4.414,7.991,3.732
6.063,7.349,7.427,12.178,7.431,5.793,8.185
9.913,5.154,0.502,8.551,6.386,11.651,0.741
10.512,10.828,16.028,9.862,4.556,4.405,6.144
7.669,9.155,8.104,13.194,4.560,6.982,11.085
9.710,7.858,8.878,3.747,9.503,13.311,11.868
10.369,5.037,7.347,11.002,7.178,9.612,10.148
1.770,7.491,10.387,3.433,10.527,8.453,8.434
6.955,11.277,9.858,4.113,9.097,8.413,3.066
6.539,5.130,6.323,9.705,12.362,8.571,8.471
7.616,10.333,7.628,11.881,6.501,5.999,10.123
6.805,10.057,9.767,3.311,8.863,6.861,9.191
7.580,6.145,9.919,4.560,10.159,13.727,2.927
11.487,13.578,11.520,7.775,6.973,8.188,8.689
10.356,12.141,8.202,5.308,4.001,7.512,1.198
9.102,7.075,9.507,8.294,7.438,11.739,11.501
9.895,10.411,8.634,8.838,12.121,7.122,7.939
5.309,9.429,9.211,9.556,4.419,6.964,7.776
8.598,5.252,7.800,4.897,9.346,8.341,5.427
5.640,9.578,11.183,8.162,7.750,12.417,9.317
8.614,7.312,8.644,10.576,9.169,6.559,4.886
3.759,3.341,9.325,5.863,7.562,7.761,7.947
8.087,6.591,6.451,12.079,4.647,13.311,7.756
11.880,4.069,16.354,7.610,8.038,9.153,8.762
8.300,8.535,11.829,5.234,8.936,0.500,7.269
7.794,8.482,7.000,9.889,5.280,11.188,5.100
11.156,5.988,7.631,3.898,8.400,6.532,9.129
7.891,8.164,9.530,6.757,9.985,10.013,7.957
8.445,3.803,5.069,8.747,7.913,10.124,3.846
6.877,7.584,9.296,6.737,9.273,7.090,6.375
2.889,6.729,7.617,3.448,7.793,13.872,4.960
8.351,8.147,11.815,9.385,6.666,6.808,7.546
7.696,5.480,11.144,9.402,7.387,5.118,6.814
2.742,9.971,4.314,8.180,11.470,6.447,11.494
7.910,8.618,8.734,5.335,7.420,9.637,4.306
10.278,2.394,5.352,10.091,15.010,11.359,10.597
13.103,11.098,11.591,4.525,7.051,5.421,10.370
4.081,5.654,9.429,4.406,5.408,6.213,10.345
8.881,10.483,10.474,10.430,12.758,12.360,7.916
9.897,7.456,6.502,5.478,13.587,9.863,4.819
8.797,5.941,14.712,9.118,9.493,5.332,6.621
12.282,7.716,16.061,10.191,5.402,8.395,6.192
1.597,11.073,7.725,4.667,7.423,8.864,7.664
8.049,8.034,9.166,11.523,7.691,10.813,5.309
5.698,8.623,6.298,6.894,3.924,9.212,8.700
11.973,7.887,7.637,7.831,7.950,5.776,12.131
8.064,8.438,3.482,9.659,6.408,7.048,10.241
8.896,10.291,15.355,8.010,5.818,5.829,9.247
6.056,10.957,6.511,3.636,8.136,10.477,6.292
11.046,4.840,7.900,9.324,3.950,10.653,11.025
6.482,6.421,9.809,6.585,11.608,4.666,6.835
5.116,11.544,6.961,9.764,9.012,11.208,12.192
7.062,9.752,7.843,14.364,9.655,7.008,5.987
10.561,3.978,6.934,8.475,4.218,6.888,9.378
6.761,6.729,7.916,8.398,9.959,10.126,11.444
3.037,8.544,5.025,11.038,5.230,8.248,2.568
6.684,11.926,6.907,8.703,10.228,4.102,4.358
2.226,6.092,7.450,0.500,7.921,11.557,11.592
10.819,4.741,7.131,10.566,10.412,6.883,2.454
4.935,5.639,8.111,5.082,11.670,8.059,8.637
10.047,11.822,7.284,9.193,11.128,13.221,6.971
8.313,4.522,9.952,7.529,5.799,8.730,9.163
6.936,7.581,7.361,8.784,8.239,7.544,8.298
9.333,10.140,7.772,7.575,8.462,8.998,8.999
5.013,5.943,6.415,13.094,6.004,8.176,3.562
6.964,6.281,6.709,11.796,2.470,11.082,13.603
8.362,8.201,4.380,12.799,9.807,9.193,8.619
7.450,10.799,8.788,8.597,5.164,11.369,6.198
10.616,5.959,4.620,8.395,6.074,11.399,3.563
6.237,6.593,5.794,11.405,15.468,8.521,7.363
1.878,2.273,8.554,2.544,7.403,14.422,13.057
7.497,5.890,8.805,10.025,2.841,5.084,1.109
5.970,8.854,7.013,9.008,6.518,9.708,8.356
1.020,1.684,0.500,7.481,4.844,11.864,14.495
9.876,1.729,8.970,11.397,8.386,5.789,1.958
5.173,7.400,8.683,12.264,2.901,4.853,8.203
10.907,11.178,3.783,2.574,6.335,11.562,5.133
8.634,6.746,9.446,11.521,4.046,6.421,9.435
8.260,10.975,5.059,11.385,9.661,11.869,5.889
11.849,12.122,3.076,6.640,12.067,10.824,9.404
5.857,6.409,5.615,7.682,6.851,9.208,4.042
7.993,6.404,7.988,6.916,3.929,7.764,10.915
12.001,5.114,7.473,7.820,10.990,8.666,0.500
6.526,2.375,4.946,2.708,7.297,8.743,9.037
6.157,7.343,7.880,7.478,8.684,4.418,5.898
9.903,12.017,10.394,8.952,6.878,7.179,8.503
9.673,5.774,8.056,4.713,4.994,6.296,4.844
5.547,7.173,5.182,4.440,7.159,5.657,11.487
7.842,5.725,6.757,7.401,10.020,6.255,5.098
5.643,12.312,5.728,10.306,4.511,10.869,8.407
9.254,17.777,6.871,8.090,7.827,7.732,6.752
6.179,7.069,11.538,4.792,8.917,10.399,7.577
14.843,12.289,5.030,9.372,3.425,11.350,6.363
10.734,5.738,14.712,12.199,9.571,4.561,12.958
7.045,11.516,5.128,10.101,2.569,9.794,5.956
7.454,9.807,17.294,3.508,11.215,9.098,9.450
11.683,5.820,13.347,12.267,7.812,13.702,14.905
5.327,5.996,8.142,15.598,10.607,11.615,9.355
9.191,7.511,6.327,3.137,6.939,9.869,5.237
5.282,6.115,9.176,3.632,4.018,7.344,10.315
11.913,8.146,4.596,11.362,8.952,6.811,10.337
7.418,9.892,4.904,10.653,6.008,6.297,10.049
10.398,11.527,12.969,4.508,10.031,3.709,11.176
6.819,10.799,7.627,9.667,6.200,2.895,6.821
11.519,6.817,8.111,10.170,10.175,12.749,10.717
11.237,9.827,0.500,10.415,4.230,7.139,7.494
7.409,9.524,7.137,10.300,10.354,8.519,8.177
9.421,5.357,2.660,6.312,10.730,6.359,7.320
11.547,8.467,5.737,8.554,5.723,8.665,10.492
7.964,6.680,5.533,13.773,8.809,9.977,3.052
5.099,10.109,4.546,7.854,9.004,6.995,5.462
7.533,12.662,13.219,7.029,11.069,10.760,6.305
6.465,3.676,5.658,2.150,8.254,3.523,6.512
4.564,8.076,8.214,8.538,10.872,9.084,7.894
8.916,9.124,10.335,11.631,2.656,9.488,2.688
7.905,7.454,11.764,4.125,12.656,5.761,5.953
6.056,8.826,9.636,12.925,13.750,9.461,7.975
10.791,8.840,4.229,12.663,10.262,6.491,7.285
11.424,3.090,11.343,10.440,10.920,6.489,5.570
10.782,10.131,8.805,0.500,10.815,9.006,5.079
7.601,9.836,11.321,15.937,8.943,8.046,10.333
12.151,8.884,10.394,4.819,6.980,8.759,9.574
12.144,7.744,10.313,6.076,3.511,6.041,7.701
10.169,6.123,9.196,5.057,3.636,7.059,6.820
9.586,8.255,8.781,6.648,9.988,8.653,6.747
10.256,3.946,4.972,7.768,11.686,12.620,7.468
9.032,6.834,5.500,9.024,9.227,8.697,10.522
9.323,3.975,9.210,8.433,5.646,7.186,6.391
11.004,12.019,9.227,9.827,10.600,7.148,11.965
7.290,10.690,9.486,5.016,9.001,4.994,6.726
11.277,8.164,9.915,7.849,12.123,1.169,2.597
12.955,4.966,8.654,6.138,7.126,10.252,12.695
6.490,7.954,7.059,8.543,4.742,7.021,3.545
5.950,2.874,6.138,6.923,9.523,7.421,10.885
7.842,9.017,9.053,9.238,5.791,8.010,4.434
5.261,5.664,7.305,7.249,2.750,2.659,4.471
11.569,10.293,6.290,4.784,10.198,8.711,6.097
11.223,1.558,7.549,14.008,6.228,4.383,7.418
4.680,11.030,8.919,7.974,8.946,6.390,4.709
9.363,5.937,5.612,10.296,7.498,6.864,3.674
12.334,8.152,10.428,6.003,6.972,8.601,4.245
8.692,5.935,9.460,12.072,7.218,10.389,13.666
6.614,3.894,8.700,11.081,3.620,12.412,10.602
11.178,8.308,9.083,13.034,7.989,9.224,19.510
12.325,8.896,6.719,12.495,7.138,7.516,8.923
4.415,6.123,9.823,6.391,2.900,14.748,9.424
7.885,7.676,11.479,6.282,7.263,12.615,9.738
10.642,7.174,7.773,12.374,8.858,14.741,5.827
5.655,11.200,6.395,10.891,8.677,10.421,9.876
3.277,11.093,13.492,4.408,6.931,2.069,9.002
7.474,7.985,8.172,13.453,6.886,9.372,7.446
9.176,5.508,14.378,9.678,7.899,8.733,9.110
8.067,9.598,4.693,9.081,12.068,6.929,11.008
7.926,12.606,8.647,8.004,10.444,8.776,9.759
6.915,9.127,6.050,4.345,6.916,7.623,10.334
5.578,8.926,6.484,7.721,3.244,8.647,6.460
6.176,10.111,9.183,5.791,9.829,5.112,10.721
9.421,4.913,10.589,5.621,13.335,2.854,6.117
9.730,10.988,7.804,11.783,5.031,7.861,6.041
7.573,7.893,10.688,8.760,4.576,2.672,1.661
11.069,7.984,5.608,10.476,5.943,12.056,11.117
6.732,4.610,8.735,7.102,7.840,5.068,10.662
9.407,8.511,7.750,6.657,5.781,8.294,5.140
10.095,8.862,0.500,10.481,7.384,6.338,12.304
6.029,3.103,14.724,11.911,6.516,13.003,6.757
6.366,9.347,5.248,5.571,7.547,6.843,9.819
5.675,1.423,7.832,8.921,14.186,0.627,5.016
8.422,8.357,4.279,11.447,13.463,10.263,10.198
8.499,8.822,6.493,7.079,4.137,11.656,5.158
6.842,8.621,7.752,4.505,10.103,10.429,8.969
4.833,7.371,6.387,14.215,10.774,9.802,9.224
4.723,9.559,4.749,5.319,7.384,7.588,6.691
5.428,11.785,7.423,10.396,3.793,12.308,2.054
11.333,10.876,6.707,7.797,5.057,10.606,15.097
6.148,10.928,4.933,8.203,6.753,7.587,10.334
6.400,3.965,5.844,7.774,5.769,11.894,6.657
6.540,6.274,5.397,5.846,8.874,5.804,11.638
9.406,10.002,4.379,6.121,9.821,5.456,8.173
6.128,0.500,7.927,5.230,7.545,4.917,10.756
11.121,6.148,11.767,4.576,7.757,13.089,5.383
11.850,8.187,6.748,10.866,5.601,11.003,5.954
8.474,6.063,7.619,8.283,9.766,12.731,6.164
8.782,9.913,5.311,8.902,11.213,6.757,10.236
3.683,10.512,2.934,9.191,7.772,5.300,11.414
6.372,7.669,12.701,8.365,6.211,8.191,9.161
9.635,9.710,6.059,11.954,4.942,6.951,7.904
10.433,10.369,8.449,8.774,9.611,9.614,2.960
1.982,1.770,3.779,9.891,3.555,7.607,7.837
11.011,6.955,4.920,6.921,8.959,5.662,5.543
2.086,6.539,7.514,10.386,8.377,9.670,5.217
7.715,7.616,7.843,9.086,5.467,5.662,8.952
9.401,6.805,7.565,7.322,7.155,6.821,5.363
7.963,7.580,8.270,11.128,9.976,11.577,9.307
9.245,11.487,8.195,5.338,4.178,9.278,5.237
12.567,10.356,10.819,13.036,8.592,8.646,12.133
11.702,9.102,15.414,4.085,14.040,4.410,4.731
3.919,9.895,12.962,10.518,6.891,7.851,11.638
4.449,5.309,12.192,6.289,6.158,10.355,6.010
2.984,8.598,5.951,9.582,4.761,4.843,8.667
5.689,5.640,10.280,9.305,13.962,8.217,8.007
4.158,8.092,10.449,5.661,6.324,7.849,7.090
8.096,9.674,9.106,9.641,8.121,12.071,9.697
9.016,6.587,8.082,4.702,0.500,7.925,8.765
4.118,4.115,9.596,6.611,10.241,12.935,2.830
7.984,5.730,11.639,10.094,10.487,7.975,6.749
3.242,9.539,5.773,10.236,8.895,8.695,12.844
8.551,4.031,12.107,10.300,3.712,6.674,5.461
7.997,9.639,6.996,4.278,7.179,8.355,4.551
16.884,12.286,6.841,10.746,5.664,7.760,10.376
2.471,9.165,15.087,2.601,9.244,9.422,2.526
13.964,9.487,11.099,4.074,6.127,6.857,8.047
9.391,6.688,7.799,7.141,10.644,5.303,8.362
10.833,8.581,10.794,10.417,8.469,8.143,8.164
5.906,1.968,12.094,6.186,5.391,8.799,11.510
3.539,3.073,10.900,8.488,7.991,0.500,7.884
12.356,8.980,12.121,5.978,5.604,6.228,13.417
7.660,12.854,8.554,9.306,5.499,8.105,10.638
12.289,6.918,9.412,3.543,5.421,7.615,12.444
10.349,5.454,5.918,7.916,10.553,10.195,4.143
2.849,9.327,5.951,4.779,8.014,8.567,12.092
6.288,4.706,8.422,12.584,4.506,11.703,9.681
8.514,7.887,4.941,9.796,8.493,9.073,11.418
11.148,1.909,9.416,5.158,9.008,6.123,5.471
0.500,14.190,7.628,4.133,12.116,7.341,5.821
2.933,0.500,10.082,5.813,9.687,13.124,5.950
9.598,3.562,9.320,12.765,9.965,7.352,10.423
9.689,5.415,6.467,6.850,10.693,8.834,6.329
14.156,12.338,0.500,12.560,4.698,7.905,7.481
7.892,12.490,4.701,3.625,3.899,11.808,3.297
7.719,11.290,7.809,2.312,7.383,8.383,5.910
6.130,4.977,12.209,4.001,13.823,4.862,8.429
6.620,12.160,7.687,7.127,5.352,11.659,6.874
9.360,5.045,8.761,9.859,10.489,12.204,9.512
10.029,10.426,7.445,4.308,7.374,9.230,8.056
10.288,8.138,0.500,8.968,6.961,10.891,13.057
5.545,4.416,8.743,7.011,5.034,14.410,6.126
8.920,10.808,6.892,7.675,11.324,9.299,3.589
10.245,9.884,3.977,11.931,6.500,5.447,8.976
7.885,3.844,8.883,3.146,12.904,4.913,8.660
10.034,11.395,7.324,9.454,8.144,9.224,6.194
11.353,9.456,14.600,6.933,3.742,6.376,9.726
11.746,10.726,0.500,6.828,7.986,10.958,12.213
4.523,8.969,5.813,9.631,13.377,10.095,5.291
8.364,7.894,7.505,10.952,7.836,6.990,9.417
5.264,9.487,6.544,2.107,8.459,4.821,9.059
5.889,11.368,8.679,9.666,6.932,12.742,9.725
7.660,7.764,9.246,6.662,6.977,16.578,11.336
8.823,6.204,8.420,9.142,12.020,9.805,12.745
10.905,8.044,7.562,12.053,11.500,6.739,14.549
5.936,6.613,5.921,8.402,9.428,6.110,8.898
12.836,4.829,7.620,11.837,15.990,6.397,2.142
4.472,7.435,9.022,1.682,8.362,4.798,8.791
11.307,9.475,7.481,1.576,12.893,10.369,6.342
7.494,12.737,1.214,12.029,9.454,5.342,5.487
9.191,7.629,10.870,13.992,5.436,6.322,9.999
6.947,7.004,6.189,13.744,8.282,5.940,16.987
10.829,6.876,9.005,5.514,14.061,9.198,13.582
9.300,6.433,6.089,12.355,4.948,6.440,5.894
8.591,9.184,9.314,6.345,4.697,7.430,14.672
5.342,7.064,6.383,7.706,8.022,3.885,10.795
10.576,6.615,8.534,10.070,11.225,5.663,11.745
5.863,9.262,0.500,10.827,10.067,11.814,8.466
12.079,8.122,13.815,6.141,5.708,4.699,4.064
7.610,4.365,10.250,5.381,4.019,6.664,4.393
5.234,3.979,8.291,4.798,9.473,5.775,7.378
9.889,5.512,6.963,12.989,7.098,1.007,12.358
3.898,8.300,5.714,10.189,11.187,8.425,3.759
6.757,5.677,5.184,7.240,13.180,12.655,10.026
8.747,7.991,4.951,3.379,1.936,8.264,12.861
6.737,13.027,10.474,6.777,9.724,2.762,5.616
3.448,9.683,3.575,10.866,6.310,12.094,9.436
9.385,11.821,9.381,12.634,11.877,7.083,10.027
9.402,13.099,11.511,8.031,0.500,6.458,11.291
8.180,6.499,7.509,9.074,2.202,7.059,7.695
5.335,10.117,10.696,8.844,7.275,9.149,2.887
10.091,0.613,9.302,9.104,9.056,6.150,6.639
4.525,4.753,7.532,6.577,9.371,6.482,10.327
4.406,8.174,7.329,4.363,5.069,6.935,10.714
10.430,5.381,11.882,6.749,12.377,14.491,6.998
5.478,9.009,11.949,7.744,1.302,7.231,9.725
9.118,5.372,4.812,5.990,9.961,3.896,10.243
10.191,10.764,7.856,11.227,6.401,5.401,11.792
4.667,12.996,1.400,10.006,7.136,8.825,8.172
11.523,10.538,6.912,9.232,13.182,9.913,3.982
6.894,6.685,13.464,9.510,5.318,5.958,5.745
7.831,5.733,8.666,6.307,8.065,5.344,2.303
9.659,6.837,6.333,9.416,5.597,8.592,5.670
8.010,9.328,9.999,8.852,8.408,6.125,7.169
3.636,3.248,9.851,7.904,2.700,1.840,3.125
9.324,9.655,9.668,3.917,11.698,5.706,8.560
6.585,7.258,10.524,11.000,9.265,14.751,9.361
9.764,10.328,8.821,9.058,11.423,11.639,7.650
14.364,5.039,8.795,12.977,9.075,10.990,5.561
8.475,7.020,9.442,10.329,7.871,8.816,10.902
8.398,8.214,9.893,8.731,8.697,5.816,16.811
11.038,7.237,16.305,10.427,5.703,3.427,7.412
8.703,8.674,7.020,5.321,5.856,6.041,11.822
0.500,6.036,5.885,8.830,4.512,8.270,6.662
10.566,5.694,5.700,9.621,8.793,8.766,7.567
5.082,11.067,2.818,7.174,5.060,5.774,10.333
9.193,5.687,6.068,9.819,4.970,12.035,5.469
7.529,6.054,5.573,5.798,10.741,8.918,7.546
8.784,6.601,9.434,7.129,9.807,7.730,5.440
7.575,10.434,10.403,8.300,11.443,4.963,6.187
13.094,4.713,4.364,6.161,8.355,11.177,10.823
11.796,10.450,7.800,10.916,8.201,7.640,2.421
12.799,12.763,4.463,6.684,7.950,4.149,7.371
8.597,12.704,6.320,5.859,5.642,8.428,3.678
8.395,6.942,8.613,10.372,10.334,4.959,2.942
11.405,3.181,7.438,6.456,12.651,8.779,10.906
2.544,6.884,7.478,9.956,6.240,8.996,7.145
10.025,8.083,10.910,9.654,4.032,6.210,13.210
9.008,13.608,8.936,0.500,15.342,11.579,10.016
7.481,11.988,6.066,11.527,4.914,4.524,7.531
11.397,8.853,5.880,8.027,9.073,11.536,6.516
12.264,6.331,3.559,5.275,8.504,8.010,7.162
2.574,3.307,7.382,5.219,8.291,8.116,8.795
11.521,12.301,12.773,11.367,9.098,9.602,7.242
11.385,8.107,10.157,9.664,4.693,4.242,10.051
6.640,4.359,6.875,8.356,8.092,10.258,12.113
6.351,6.076,6.381,12.401,7.462,7.560,7.654
11.671,13.812,5.695,6.133,8.011,6.551,9.989
6.252,9.008,11.319,9.629,11.252,5.958,9.548
13.338,5.667,5.824,10.392,7.785,5.945,3.684
14.020,7.666,8.552,6.042,3.889,8.805,6.724
11.022,6.904,5.007,6.844,9.350,8.755,4.942
10.947,8.664,1.382,11.569,10.959,13.444,8.789
11.789,5.309,5.494,11.573,10.862,6.820,6.258
5.529,4.199,10.344,5.730,4.832,10.948,7.814
6.958,12.808,8.094,6.873,8.860,8.737,10.599
7.050,9.057,6.221,12.720,7.459,10.933,10.007
15.591,9.907,12.395,6.572,8.984,8.561,10.753
9.212,7.183,7.850,10.211,14.321,6.507,9.729
5.802,11.112,13.648,9.924,8.243,10.398,8.961
12.907,10.964,6.328,6.084,10.667,9.085,5.363
5.291,6.283,8.541,1.347,7.953,2.569,4.348
8.016,7.543,7.775,9.798,6.985,9.784,7.049
10.208,5.639,8.769,6.337,9.598,4.329,9.033
5.178,9.982,10.203,7.138,8.384,7.662,8.426
8.648,7.928,10.425,11.923,9.850,11.413,8.752
6.440,8.161,7.112,10.582,4.916,5.651,5.785
8.978,10.733,4.637,5.621,9.083,8.560,8.964
14.455,0.951,7.038,4.493,9.366,11.315,3.932
5.638,11.053,7.272,9.594,2.627,11.438,11.924
7.952,3.356,8.239,9.310,5.050,9.225,3.724
1.569,4.753,9.289,6.805,11.193,8.665,7.862
8.261,11.616,7.832,10.562,9.900,11.749,6.073
3.330,7.716,11.676,9.622,9.854,9.929,7.896
7.473,7.321,7.975,6.034,14.842,6.984,9.809
6.157,7.478,3.826,2.940,4.101,13.016,2.384
7.340,11.229,13.904,8.824,6.003,10.796,8.290
8.927,5.154,12.790,8.208,7.708,1.963,5.968
10.384,2.719,9.363,9.671,8.834,5.763,7.466
4.376,9.483,13.511,6.031,8.237,10.171,10.612
8.809,8.185,7.265,5.735,10.581,9.117,6.126
10.511,7.624,6.885,3.505,9.937,7.115,6.731
7.207,8.721,4.326,4.656,4.994,13.586,6.378
10.078,9.407,8.656,5.451,2.431,9.099,11.178
10.427,8.258,7.862,4.594,9.228,3.709,7.589
12.418,11.103,8.278,9.454,7.483,4.964,12.864
11.719,9.288,8.367,8.392,6.331,3.538,12.193
10.945,7.614,7.003,8.191,11.805,10.775,8.234
11.438,6.899,7.759,9.704,11.680,5.895,13.703
7.925,14.719,5.247,8.546,7.900,5.743,5.649
7.183,6.389,8.304,1.763,5.758,6.154,5.081
8.472,11.988,8.076,5.954,7.689,4.184,9.288
8.674,5.843,3.837,8.942,7.576,5.848,5.024
4.302,11.751,15.054,8.658,9.826,3.305,8.437
8.160,2.999,5.161,6.956,6.709,9.376,6.473
8.298,9.391,7.283,4.865,6.090,8.073,6.140
8.488,7.675,4.621,0.841,11.083,10.224,9.463
6.931,7.444,0.500,14.735,6.132,1.990,5.385
7.517,13.688,6.489,11.392,4.379,3.809,10.707
7.598,8.559,11.755,6.898,7.411,9.991,10.469
9.189,8.122,11.682,9.579,1.665,5.563,14.129
5.789,6.778,7.061,7.485,8.721,4.438,2.820
5.235,6.249,12.358,8.927,5.972,8.897,6.590
11.745,10.017,9.670,8.029,6.384,8.383,6.538
12.189,8.620,7.880,6.055,5.220,9.399,8.516
7.001,7.650,3.909,7.352,3.039,12.482,5.907
4.946,7.090,10.277,8.101,6.599,8.224,9.433
10.426,9.697,8.525,6.988,7.435,9.665,5.448
8.754,8.765,8.934,4.096,5.018,4.989,7.369
6.216,2.830,6.271,3.439,3.936,10.807,4.812
9.391,6.749,10.546,7.997,5.164,9.387,4.681
8.544,12.844,11.450,7.255,6.833,7.132,11.342
5.144,5.461,18.485,7.171,5.338,12.949,12.445
7.542,4.551,12.266,4.722,2.517,7.207,4.529
8.474,10.376,6.183,7.166,6.904,9.735,5.626
6.097,2.526,4.835,6.855,11.457,8.030,9.979
4.047,8.047,8.928,6.095,11.594,5.719,5.713
11.024,8.362,8.249,7.717,8.333,5.213,7.255
10.354,8.164,1.958,14.221,3.470,7.197,9.797
6.861,11.510,7.509,6.503,9.001,2.281,10.160
14.208,7.884,6.903,14.052,5.804,3.740,9.218
9.349,13.417,7.630,4.853,1.602,8.953,8.643
1.652,10.638,7.299,8.474,11.979,9.773,3.850
6.194,12.444,10.312,6.886,4.682,10.284,8.037
6.122,4.143,13.595,9.096,7.076,5.545,6.533
5.676,12.092,9.968,11.400,11.095,12.925,5.851
4.674,9.681,5.092,8.581,5.863,5.948,8.869
12.267,11.418,5.887,8.228,11.068,8.949,1.032
8.712,5.471,6.490,9.745,9.292,13.379,11.628
10.103,5.821,8.119,9.286,5.702,1.988,5.758
3.715,5.950,7.096,7.953,4.593,5.770,11.716
9.360,10.423,7.301,7.825,9.148,8.813,9.523
12.744,6.329,5.680,8.930,13.573,11.712,9.760
13.039,7.481,10.730,9.891,9.903,5.607,1.380
6.087,3.297,10.262,6.065,4.670,8.263,4.567
8.612,5.910,10.547,11.839,9.890,9.476,8.676
7.037,8.429,7.776,6.043,10.326,11.925,10.919
5.668,6.874,9.161,5.113,5.439,8.092,7.416
7.804,9.512,5.450,8.653,7.398,6.595,8.164
8.329,8.056,5.119,4.331,4.684,7.304,7.651
4.819,13.057,6.457,5.445,6.050,7.469,10.752
5.635,6.126,9.519,5.378,9.363,7.565,7.204
9.480,3.589,7.547,1.145,11.978,4.349,12.980
9.499,8.976,4.766,12.061,11.061,4.664,2.724
11.961,8.660,8.221,4.819,11.664,10.172,3.949
7.102,6.194,9.059,10.498,9.055,8.680,7.508
7.918,9.726,8.391,9.158,11.936,4.643,9.531
7.829,12.213,6.171,8.728,7.731,12.119,11.992
4.893,5.291,8.078,5.853,8.065,5.162,7.692
6.422,9.417,6.712,5.097,8.783,5.400,5.675
9.557,9.059,6.887,7.117,3.519,7.603,8.130
8.821,9.725,7.445,4.552,7.003,12.290,6.964
14.950,11.336,9.638,11.596,4.616,8.731,6.366
7.123,12.745,12.718,2.457,7.999,11.544,4.848
11.573,14.549,11.505,9.721,8.949,11.365,4.357
12.102,8.898,8.905,7.324,5.918,9.723,6.687
12.438,2.142,6.162,3.226,12.110,6.881,12.758
12.479,8.791,6.236,8.634,6.262,8.675,9.250
9.604,6.342,6.149,9.940,14.235,3.232,2.727
12.662,5.487,9.721,8.623,4.457,7.737,12.217
7.639,9.999,0.500,7.869,10.132,14.269,7.278
3.198,16.987,8.538,6.244,8.945,12.412,12.511
14.746,13.582,0.500,0.500,13.822,13.652,8.206
11.103,5.894,6.900,7.894,8.716,7.401,13.140
4.807,14.672,13.314,9.096,5.008,8.304,9.731
6.786,10.795,5.125,8.370,11.852,1.217,7.580
6.559,5.857,8.504,8.914,7.654,7.160,6.559
7.761,7.993,10.222,6.334,9.989,8.750,7.761
13.311,12.001,7.341,4.803,9.548,8.501,13.311
9.153,6.526,4.546,9.280,3.684,9.816,9.153
0.500,6.157,12.696,4.116,6.724,5.958,0.500
11.188,9.903,7.426,9.113,4.942,2.454,11.188
6.532,9.673,11.110,1.406,8.789,6.618,6.532
10.013,5.547,7.237,6.028,6.258,13.767,10.013
10.124,7.842,9.693,9.582,7.814,3.318,10.124
7.090,5.643,7.775,7.869,10.599,12.141,7.090
13.872,9.254,7.277,9.151,10.007,7.562,13.872
6.808,6.179,7.774,5.197,10.753,9.423,6.808
5.118,14.843,9.990,7.345,9.729,8.515,5.118
6.447,10.734,4.914,13.142,8.961,8.560,6.447
9.637,7.045,5.553,10.702,5.363,7.098,9.637
11.359,7.454,10.829,9.958,4.348,5.342,11.359
5.421,11.683,6.507,6.165,7.049,12.326,5.421
6.213,5.327,8.682,10.164,9.033,2.384,6.213
12.360,9.191,4.431,6.268,8.426,8.411,12.360
9.863,5.282,7.159,1.454,8.752,7.059,9.863
5.332,11.913,12.839,6.366,5.785,8.983,5.332
8.395,7.418,8.607,7.211,8.964,9.644,8.395
8.864,10.398,8.985,6.653,3.932,9.895,8.864
10.813,6.819,7.383,6.406,11.924,10.966,10.813
9.212,11.519,8.671,5.647,3.724,7.410,9.212
5.776,11.237,2.746,8.198,7.862,8.684,5.776
7.048,7.409,3.524,4.787,6.073,6.615,7.048
5.829,9.421,9.454,9.481,7.896,7.442,5.829
10.477,11.547,2.683,6.918,9.809,8.436,10.477
10.653,7.964,14.349,7.252,2.384,9.516,10.653
4.666,5.099,10.183,6.806,8.290,9.383,4.666
11.208,7.533,4.511,2.325,5.968,8.186,11.208
7.008,6.465,0.700,9.513,7.466,6.600,7.008
6.888,4.564,0.500,4.575,10.612,2.862,6.888
10.126,8.916,9.326,8.611,6.126,4.990,10.126
8.248,7.905,8.225,5.988,6.731,8.887,8.248
4.102,6.056,13.367,6.284,6.378,5.709,4.102
11.557,10.791,10.261,6.083,11.178,6.650,11.557
6.883,11.424,13.900,10.699,7.589,6.145,6.883
8.059,10.782,12.093,13.496,12.864,14.082,8.059
13.221,7.601,7.575,9.305,12.193,10.666,13.221
8.730,12.151,7.700,8.768,8.234,8.785,8.730
7.544,12.144,5.987,6.870,13.703,12.254,7.544
8.998,10.169,7.344,9.139,5.649,7.855,8.998
8.176,9.586,6.790,5.705,5.081,11.757,8.176
11.082,10.256,7.513,10.996,9.288,5.326,11.082
9.193,9.032,11.937,10.484,5.024,9.249,9.193
11.369,9.323,6.794,7.766,8.437,9.071,11.369
11.399,11.004,5.079,10.020,6.473,11.649,11.399
8.521,7.290,6.579,3.548,6.140,10.316,8.521
14.422,11.277,6.905,13.218,9.463,12.006,14.422
5.084,12.955,6.557,6.076,5.385,12.101,5.084
9.708,6.490,7.548,4.757,10.707,6.729,9.708
11.864,5.950,6.826,10.813,10.469,7.057,11.864
5.789,7.842,11.071,7.769,14.129,17.355,5.789
4.853,5.261,10.353,6.148,2.820,6.090,4.853
11.562,11.569,5.854,5.132,6.590,8.388,11.562
6.421,11.223,10.371,11.987,6.538,9.119,6.421
11.869,4.680,11.455,6.517,8.516,7.817,11.869
10.824,9.363,7.790,6.293,5.907,7.057,10.824
9.433,5.824,7.803,9.245,7.488,9.399,8.837
5.448,8.877,9.420,7.178,11.143,10.152,7.619
7.369,9.354,4.188,9.629,9.504,7.048,4.743
4.812,8.480,0.500,3.203,3.397,10.693,2.386
4.681,9.324,9.991,6.156,6.453,6.444,11.556
11.342,5.533,14.132,8.061,9.322,12.007,5.040
12.445,5.475,11.477,10.050,8.346,12.368,15.056
4.529,4.045,5.662,9.389,5.930,8.667,5.212
5.626,10.247,6.825,8.736,3.724,5.584,9.532
9.979,8.223,6.351,3.706,7.888,11.294,10.297
5.713,4.137,9.026,5.315,2.908,8.855,9.779
7.255,6.664,9.699,4.986,10.371,4.983,13.846
9.797,8.658,5.305,7.047,10.427,9.766,7.479
10.160,2.129,9.098,6.925,6.025,11.043,7.305
9.218,8.775,8.402,7.054,7.826,5.922,7.868
8.643,9.351,11.630,7.399,7.252,9.498,9.901
3.850,6.689,6.971,4.251,4.425,4.733,11.412
8.037,8.714,8.270,11.622,10.977,7.392,10.820
6.533,7.090,2.029,8.675,8.865,7.091,5.588
5.851,10.380,6.572,5.139,6.977,10.790,4.610
8.869,7.473,11.253,7.567,9.520,7.393,10.677
1.032,6.789,3.588,6.487,11.208,7.808,5.289
11.628,9.720,5.727,10.181,12.038,12.711,3.519
5.758,7.218,7.282,3.373,8.476,7.062,12.041
11.716,7.272,6.351,6.010,4.554,7.266,7.058
9.523,5.858,3.770,7.675,12.210,9.512,10.288
9.760,11.844,5.355,5.894,8.332,8.925,6.811
1.380,10.457,7.581,9.760,9.760,3.221,13.022
4.567,6.578,14.842,6.131,8.691,3.943,7.185
8.676,9.624,9.769,11.825,11.204,6.559,4.003
10.919,7.405,7.961,6.014,8.163,3.306,7.307
7.416,2.615,10.742,5.964,7.915,10.164,8.919
8.164,3.122,2.904,9.926,7.372,11.513,9.824
7.651,6.052,10.639,5.468,11.137,7.938,10.493
10.752,7.559,7.755,11.373,6.641,6.544,5.214
7.204,6.884,7.294,10.394,8.899,11.720,6.648
12.980,9.527,5.795,11.346,9.718,10.209,9.789
2.724,12.282,7.582,10.489,10.973,13.448,7.539
3.949,9.257,8.856,2.065,11.608,4.880,11.382
7.508,10.836,5.859,7.021,5.092,6.895,8.939
9.531,10.534,4.916,8.100,5.615,4.666,8.445
11.992,13.625,8.826,7.605,5.867,3.750,12.477
7.692,11.225,12.227,12.536,10.497,13.657,9.399
5.675,9.334,10.867,10.207,5.332,11.719,9.399
8.130,6.566,10.770,12.798,6.322,5.373,6.099
6.964,7.181,6.031,13.300,10.822,12.689,8.347
6.366,6.776,6.636,8.805,6.736,6.541,0.500
4.848,3.253,7.004,12.543,15.689,8.750,13.281
4.357,9.140,15.381,8.829,11.675,7.159,11.495
6.687,9.576,7.416,5.271,9.151,2.631,8.580
12.758,8.266,11.949,2.163,10.353,3.774,9.397
9.250,8.853,11.321,5.942,9.614,10.001,10.618
2.727,8.684,6.694,12.981,9.966,5.504,9.791
12.217,11.572,8.266,7.609,6.677,7.451,12.997
7.278,9.481,10.878,9.043,10.610,5.466,7.033
12.511,6.472,8.903,5.596,8.764,11.056,7.420
8.206,6.902,7.708,9.910,4.727,8.262,6.647
13.140,6.295,9.833,8.164,4.188,6.530,10.945
9.731,10.820,4.113,8.575,6.436,10.452,9.379
7.580,5.179,6.003,6.286,5.208,8.603,9.425
9.171,11.281,6.075,9.151,6.642,9.715,8.157
4.302,7.273,8.584,5.368,6.625,11.424,7.003
6.003,12.380,0.500,10.311,4.828,4.583,7.663
5.973,5.847,6.744,12.714,4.134,12.122,0.500
5.341,11.727,8.840,5.716,12.314,10.080,9.492
7.252,7.445,5.631,6.926,11.947,8.082,6.441
7.823,4.209,8.716,12.139,8.950,2.959,8.120
7.947,6.787,4.092,9.736,11.242,6.623,18.661
3.333,7.421,7.496,11.339,7.481,6.909,9.623
14.410,6.581,5.130,10.228,6.867,5.990,7.318
4.133,11.689,13.380,17.552,9.261,14.489,12.251
4.517,2.918,6.164,5.348,10.990,8.971,3.990
8.700,13.702,6.114,5.557,7.543,7.388,10.825
14.782,4.629,8.282,4.265,4.580,7.066,2.953
5.275,2.933,5.519,6.952,9.561,8.097,6.177
8.988,6.551,6.516,13.431,15.097,6.977,3.342
5.898,6.945,8.111,8.214,4.952,4.896,11.285
5.943,10.781,9.828,4.093,4.692,8.758,13.955
2.314,7.472,5.409,6.941,4.679,6.887,8.821
8.578,4.324,7.355,3.344,6.735,6.486,6.106
12.080,8.643,6.636,7.415,12.581,10.035,10.964
8.294,11.523,9.312,11.889,7.327,10.973,6.441
6.562,11.919,9.726,10.357,14.657,6.102,6.481
12.379,7.121,8.474,7.575,17.441,6.261,5.912
14.034,10.219,7.959,7.013,14.347,13.443,14.150
13.151,2.546,14.609,7.290,3.515,6.724,10.982
3.635,6.712,5.238,2.035,8.649,9.056,9.764
2.892,0.500,12.567,10.546,13.083,9.724,6.963
9.309,7.429,9.466,7.262,3.186,9.092,5.089
10.045,8.330,6.444,10.594,1.530,12.804,6.649
4.042,4.093,8.039,2.760,7.244,4.718,7.580
11.570,11.268,3.052,8.842,6.401,6.823,8.352
13.546,9.219,6.933,8.404,8.809,4.903,2.891
12.292,8.198,0.500,8.850,7.902,4.474,4.342
10.706,6.261,9.762,10.663,10.176,8.904,4.363
11.878,9.259,5.180,7.544,6.775,12.630,6.222
6.680,3.234,12.856,3.870,6.238,7.958,6.139
8.550,10.386,5.840,4.391,11.625,10.340,12.299
12.080,12.623,8.193,6.327,10.373,5.374,8.560
7.910,7.849,3.787,10.096,12.185,6.404,8.365
7.477,9.979,7.195,7.302,8.013,2.341,9.883
8.067,10.531,7.642,3.635,6.737,12.873,7.745
11.111,7.286,9.072,10.077,4.493,7.263,7.696
9.035,6.602,14.520,7.263,7.900,13.725,7.910
3.167,10.209,12.852,2.940,9.066,14.693,10.261
7.482,2.691,10.397,8.863,7.738,6.746,7.032
8.260,7.571,7.394,10.724,7.532,7.789,10.295
2.902,8.192,7.525,9.367,13.164,10.020,5.779
7.900,5.368,7.435,7.709,11.886,9.591,8.896
4.631,5.548,5.754,10.595,8.626,8.581,15.714
10.637,7.048,10.064,11.951,10.677,6.019,10.548
11.481,7.460,8.061,7.499,4.889,7.044,12.138
7.729,9.164,9.804,8.461,7.299,5.673,5.698
0.500,10.501,7.749,6.330,7.080,7.411,14.787
12.683,9.000,9.674,9.429,16.555,2.847,12.321
13.329,9.725,14.576,6.894,12.140,5.516,5.531
6.870,8.470,10.428,4.589,13.134,11.555,5.902
7.777,9.635,12.462,6.028,1.559,7.648,6.568
9.453,7.169,6.553,11.041,11.551,8.855,4.614
11.448,12.571,7.784,8.702,7.569,7.322,11.084
1.834,10.636,9.259,9.433,9.665,6.003,11.000
5.597,10.412,7.915,5.448,11.391,12.072,9.229
5.730,7.790,5.796,7.369,5.022,11.081,7.681
3.939,9.148,9.281,4.812,10.900,13.034,7.244
8.265,8.310,8.560,4.681,6.972,12.495,12.559
5.870,3.537,9.697,11.342,7.911,6.391,14.387
17.118,3.643,11.866,12.445,8.504,6.282,7.432
9.431,1.732,6.288,4.529,12.243,12.374,4.835
13.284,6.481,8.697,5.626,8.205,10.891,8.222
7.161,10.900,6.428,9.979,7.650,4.408,15.647
10.679,8.707,4.854,5.713,11.705,13.453,3.342
10.125,7.063,5.981,7.255,3.439,9.678,6.828
13.709,2.428,8.313,9.797,4.654,9.081,6.365
9.668,9.966,5.530,10.160,10.144,8.004,2.444
10.447,14.241,3.390,9.218,3.488,4.345,7.106
1.552,6.962,4.223,8.643,6.536,7.721,11.331
6.759,4.235,6.957,3.850,7.882,5.791,8.524
8.268,4.855,14.218,8.037,2.633,5.621,8.459
10.547,3.727,12.383,6.533,3.685,11.783,5.455
6.099,3.632,1.127,5.851,7.382,8.760,10.047
7.351,7.062,7.469,8.869,1.861,10.476,4.647
9.170,9.763,10.633,1.032,5.524,7.102,5.355
6.574,4.191,7.233,11.628,10.481,6.657,10.724
6.860,10.702,8.169,5.758,7.263,10.481,4.853
7.158,7.601,4.811,11.716,13.814,11.911,6.237
10.076,10.389,8.868,9.523,8.330,5.571,7.673
9.996,2.138,8.007,9.760,10.034,8.921,9.956
5.804,10.356,5.210,1.380,5.849,11.447,4.562
11.491,8.272,10.202,4.567,5.923,7.079,7.476
10.930,8.936,12.204,8.676,5.765,4.505,8.796
6.077,4.524,10.080,10.919,9.474,14.215,7.531
6.591,7.187,4.008,7.416,9.097,5.319,13.700
2.672,6.975,9.426,8.164,5.194,10.396,9.990
10.572,8.090,11.178,7.651,9.768,7.797,6.717
12.894,10.803,12.564,10.752,10.948,8.203,4.852
10.075,11.951,13.212,7.204,7.952,7.774,8.106
10.120,7.493,12.602,12.980,5.524,5.846,6.065
11.336,12.368,6.768,2.724,8.821,6.121,3.736
8.749,6.223,9.614,3.949,4.712,5.230,10.265
9.792,3.069,10.270,7.508,11.026,4.576,4.090
7.476,15.079,8.502,9.531,9.658,10.866,12.888
11.445,4.123,9.235,11.992,6.028,8.283,10.279
4.602,8.436,4.594,7.692,8.599,8.902,8.303
9.793,2.778,9.174,5.675,8.724,9.191,8.828
5.462,9.891,6.738,8.130,12.278,8.365,7.092
3.806,7.448,7.654,6.964,7.583,11.954,3.291
11.773,2.593,15.673,6.366,6.091,8.774,10.185
12.431,4.831,8.880,4.848,4.097,9.891,2.913
11.059,6.700,9.160,4.357,6.564,6.921,5.155
6.329,12.726,6.156,6.687,1.383,10.386,5.930
12.460,6.427,3.775,12.758,12.539,9.086,9.509
3.742,6.724,4.417,9.250,9.982,7.322,8.966
1.193,6.374,7.755,2.727,4.165,11.128,8.886
6.363,11.331,8.199,12.217,7.706,5.338,11.500
9.242,8.112,0.500,7.278,8.988,13.036,6.827
14.085,11.545,6.740,12.511,7.374,4.085,9.395
2.691,5.601,8.472,8.206,9.905,10.518,4.747
1.512,7.134,5.541,13.140,4.042,6.289,7.896
4.522,5.146,6.987,9.731,7.824,9.582,8.608
6.646,3.456,8.554,7.580,5.223,9.305,7.522
8.101,7.459,6.807,4.245,10.070,3.893,6.409
6.988,9.639,0.500,13.666,10.827,9.379,6.404
4.096,5.773,0.836,10.602,6.141,6.875,5.114
3.439,10.628,14.114,19.510,5.381,14.481,2.375
7.997,10.715,5.813,8.923,4.798,10.260,7.343
7.255,3.676,4.152,9.424,12.989,7.882,12.017
7.171,6.723,5.485,9.738,10.189,13.000,5.774
4.722,6.107,4.324,5.827,7.240,12.663,7.173
7.166,6.382,12.321,9.876,3.379,5.558,5.725
6.855,5.310,8.266,9.002,6.777,15.071,12.312
6.095,4.934,7.639,7.446,10.866,8.523,17.777
7.717,10.462,8.016,9.110,12.634,5.016,7.069
14.221,5.330,5.311,11.008,8.031,3.732,12.289
6.503,6.088,3.995,9.759,9.074,6.659,5.738
14.052,9.956,7.873,10.334,8.844,9.555,11.516
4.853,10.412,8.331,6.460,9.104,11.262,9.807
8.474,3.963,7.785,10.721,6.577,0.500,5.820
6.886,11.193,8.197,6.117,4.363,7.919,5.996
9.096,9.018,9.185,6.041,6.749,9.942,7.511
11.400,10.920,5.527,1.661,7.744,7.166,6.115
8.581,5.971,7.239,11.117,5.990,10.207,8.146
8.228,10.403,6.154,10.662,11.227,10.708,9.892
9.745,3.080,2.119,5.140,10.006,3.789,11.527
9.286,9.573,14.884,12.304,9.232,7.355,10.799
7.953,8.902,6.497,6.757,9.510,7.217,6.817
7.825,8.135,7.962,9.819,6.307,8.636,9.827
8.930,7.084,8.343,5.016,9.416,9.839,9.524
9.891,5.113,4.610,10.198,8.852,8.705,5.357
6.065,4.587,11.510,5.158,7.904,3.414,8.467
11.839,10.460,8.191,8.969,3.917,9.022,6.680
6.043,8.885,9.711,9.224,11.000,17.612,10.109
5.113,8.088,11.503,6.691,9.058,7.714,12.662
8.653,8.184,6.990,2.054,12.977,8.661,3.676
4.331,14.228,6.552,15.097,10.329,10.844,8.076
5.445,7.383,8.030,10.334,8.731,7.211,9.124
5.378,11.295,10.069,6.657,10.427,10.309,7.454
1.145,10.409,10.309,11.638,5.321,7.244,8.826
12.061,9.843,4.906,8.173,8.830,4.116,8.840
4.819,6.785,11.573,10.756,9.621,11.512,3.090
10.498,8.380,7.722,5.383,7.174,12.421,10.131
9.158,13.948,9.636,5.954,9.819,4.600,9.836
8.728,10.545,5.994,6.164,5.798,6.135,8.884
5.853,12.872,6.747,10.236,7.129,7.614,7.744
5.097,5.088,9.184,11.414,8.300,0.790,6.123
7.117,2.512,4.536,9.161,6.161,5.821,8.255
4.552,11.730,9.930,7.904,10.916,5.398,3.946
11.596,6.501,7.215,2.960,6.684,5.039,6.834
2.457,6.947,8.827,7.837,5.859,10.683,3.975
9.721,7.426,8.587,5.543,10.372,2.210,12.019
7.324,4.548,7.117,5.217,6.456,5.850,10.690
3.226,7.866,10.901,8.952,9.956,6.615,8.164
8.634,9.929,14.750,5.363,9.654,4.053,4.966
9.940,6.337,10.456,9.307,0.500,10.698,7.954
8.623,6.070,7.546,5.237,11.527,6.115,2.874
7.869,4.788,8.618,12.133,8.027,7.626,9.017
6.244,1.272,7.891,4.731,5.275,10.535,5.664
0.500,6.664,10.179,11.638,5.219,9.037,10.293
7.894,7.440,8.412,6.010,11.367,9.138,1.558
9.096,9.672,13.854,8.667,9.664,12.000,11.030
8.370,8.413,10.271,8.007,8.356,11.074,5.937
12.066,7.101,5.692,8.716,8.098,2.459,12.292
4.774,13.518,10.344,5.198,8.556,5.448,3.618
8.289,7.886,4.985,6.849,2.791,8.288,3.720
9.570,4.894,9.263,10.743,7.363,8.711,8.672
6.558,7.598,10.766,8.935,6.225,10.920,9.623
8.108,12.464,9.541,1.902,12.302,6.618,7.648
7.808,7.061,5.989,7.513,8.319,10.608,12.309
8.062,6.197,10.556,6.821,8.777,9.251,11.059
9.294,11.083,5.108,6.529,8.791,5.580,6.517
11.589,5.952,9.170,9.178,4.935,6.409,3.910
7.157,9.663,7.855,6.995,4.550,5.913,4.009
0.510,7.072,10.579,7.237,14.355,3.169,9.428
9.790,9.276,11.327,9.199,6.877,10.444,9.713
5.941,8.551,7.955,7.784,12.888,3.521,9.475
6.979,8.907,5.528,12.319,5.299,3.887,6.505
9.265,5.317,5.729,8.505,8.037,6.614,8.047
7.371,6.188,6.884,5.649,10.086,4.500,14.421
5.768,8.103,7.148,11.154,9.945,10.258,9.333
12.170,3.623,7.469,9.441,9.129,7.311,10.246
5.764,9.190,7.611,6.638,8.566,4.684,8.439
9.190,10.140,5.844,12.833,7.118,8.322,8.764
5.109,9.197,4.910,3.000,6.938,10.689,6.048
11.450,7.523,0.500,9.879,3.251,9.017,11.359
8.812,7.634,5.779,10.727,8.282,4.545,5.689
2.906,6.569,13.606,7.041,11.255,7.590,8.090
8.156,3.597,3.464,12.587,6.712,0.778,9.877
3.834,6.872,7.368,6.795,8.638,9.666,11.104
13.986,8.648,5.640,7.379,10.851,5.918,6.444
12.631,9.015,2.341,10.795,10.533,11.703,9.250
2.276,12.025,7.781,9.483,11.927,5.336,9.349
6.790,4.139,7.044,7.469,8.809,6.029,7.899
11.558,4.288,8.923,9.696,5.837,3.478,5.774
9.690,11.994,12.679,0.500,7.164,8.914,7.942
8.011,11.874,2.984,8.132,11.630,14.073,10.740
4.099,8.762,15.272,8.054,10.799,9.104,7.255
12.636,8.311,9.392,6.833,12.262,11.863,9.447
9.605,7.690,8.694,10.827,7.342,7.004,7.939
10.663,7.417,9.826,9.614,1.714,9.132,2.871
4.104,11.202,8.256,8.885,11.929,10.096,6.974
5.147,7.464,11.256,12.311,6.967,7.781,12.298
11.493,9.731,5.609,4.687,11.562,11.533,4.414
12.403,4.584,3.001,3.195,6.309,11.166,7.431
15.213,6.088,4.499,4.861,5.272,6.744,6.386
7.761,2.265,7.854,15.223,2.787,1.980,4.556
6.906,3.828,8.418,9.686,13.581,4.080,4.560
10.562,10.345,6.526,8.203,13.718,7.437,9.503
6.320,9.403,12.304,11.967,5.021,17.098,7.178
3.282,6.853,10.534,10.205,8.220,6.231,10.527
7.150,10.800,10.261,11.117,10.077,9.623,9.097
7.340,7.071,10.363,4.771,13.259,11.383,12.362
4.587,6.656,9.623,8.646,4.476,6.453,6.501
5.456,10.112,14.479,9.956,8.920,13.708,8.863
7.635,3.664,7.094,7.971,6.616,12.115,10.159
8.808,10.592,10.807,5.728,10.183,4.955,6.973
4.037,12.326,9.644,9.915,12.458,14.415,4.001
6.273,3.647,4.276,8.599,6.292,12.495,7.438
8.436,15.826,6.764,10.004,12.012,9.199,12.121
9.214,8.710,7.694,2.339,7.108,2.768,4.419
3.602,10.739,11.414,12.616,7.564,10.038,9.346
10.368,11.971,7.778,8.150,10.166,7.381,7.750
9.537,11.745,10.833,11.281,4.886,9.565,7.560
5.956,8.466,3.455,7.273,7.947,8.718,6.551
8.546,4.064,8.363,12.380,7.756,7.805,5.958
7.207,4.393,10.051,5.847,8.762,8.756,5.945
6.994,7.378,6.914,11.727,7.269,7.302,8.805
6.593,12.358,9.320,7.445,5.100,5.484,8.755
16.373,3.759,7.150,4.209,9.129,9.658,13.444
11.634,10.026,9.063,6.787,7.957,10.035,6.820
5.703,12.861,1.712,7.421,3.846,7.863,10.948
6.187,5.616,9.414,6.581,6.375,6.505,8.737
4.198,9.436,6.299,11.689,4.960,7.226,10.933
6.991,10.027,5.421,2.918,7.546,6.643,8.561
5.814,11.291,6.858,13.702,6.814,11.783,6.507
9.709,7.695,11.001,4.629,11.494,9.471,10.398
3.650,2.887,10.901,2.933,4.306,4.275,9.085
9.970,6.639,8.643,6.551,10.597,6.902,2.569
3.465,10.327,10.681,6.945,10.370,11.541,9.784
5.938,10.714,6.709,10.781,10.345,2.459,4.329
9.342,6.998,3.937,7.472,7.916,8.265,7.662
11.347,9.725,0.500,4.324,4.819,2.153,11.413
3.121,10.243,10.436,8.643,6.621,5.080,5.651
7.394,11.792,7.556,11.523,6.192,2.610,8.560
1.792,8.172,8.032,11.919,7.664,1.269,11.315
6.585,3.982,7.979,7.121,5.309,9.870,11.438
11.897,5.745,11.955,10.219,8.700,3.244,9.225
12.038,2.303,4.160,2.546,12.131,8.664,8.665
12.097,5.670,4.676,6.712,10.241,8.202,11.749
11.352,7.169,14.515,0.500,9.247,7.799,9.929
8.364,3.125,9.813,7.429,6.292,8.323,6.984
5.281,8.560,6.247,8.330,11.025,9.581,13.016
10.926,9.361,2.477,4.093,6.835,10.691,10.796
7.694,7.650,5.176,11.268,12.192,10.186,1.963
9.282,5.561,6.784,9.219,5.987,4.408,5.763
7.148,10.902,7.636,8.198,9.378,11.169,10.171
2.880,16.811,8.507,6.261,11.444,2.707,9.117
10.300,7.412,7.166,9.259,2.568,4.650,7.115
10.039,11.822,11.867,3.234,4.358,11.893,13.586
6.756,6.662,4.133,10.386,11.592,11.084,9.099
11.618,7.567,7.305,12.623,2.454,11.163,3.709
4.233,10.333,6.152,7.849,8.637,9.968,4.964
5.545,5.469,10.248,9.979,6.971,4.819,3.538
9.600,7.546,8.672,10.531,9.163,9.178,10.775
11.195,5.440,10.737,7.286,8.298,9.894,5.895
5.920,6.187,8.495,6.602,8.999,8.836,5.743
8.195,10.823,15.899,10.209,3.562,11.982,6.154
8.961,2.421,10.750,2.691,13.603,8.117,4.184
10.080,7.371,6.737,7.571,8.619,8.884,5.848
0.500,3.678,8.197,8.192,6.198,0.789,3.305
5.113,2.942,7.136,5.368,3.563,6.932,9.376
11.490,10.906,10.884,5.548,7.363,8.572,8.073
7.303,7.145,11.731,7.048,13.057,3.028,10.224
3.598,13.210,10.204,7.460,1.109,9.450,1.990
8.475,10.016,7.113,9.164,8.356,10.208,3.809
12.957,7.531,6.294,10.501,14.495,7.413,9.991
4.292,6.516,12.640,9.000,1.958,6.301,5.563
9.423,7.162,10.893,9.725,8.203,7.089,4.438
9.149,8.795,4.773,8.470,5.133,16.830,8.897
4.148,7.242,7.758,9.635,9.435,10.929,8.383
8.001,10.051,4.766,7.169,5.889,7.592,9.399
5.344,12.113,6.279,12.571,9.404,8.439,12.482
9.565,9.145,11.058,6.615,4.946,5.853,13.367
8.718,9.692,9.975,9.262,10.426,4.456,10.935
7.805,8.034,4.894,8.122,8.754,0.682,2.743
8.756,5.523,2.476,4.365,6.216,9.980,8.449
7.302,5.787,8.111,3.979,9.391,6.619,3.469
5.484,4.813,7.469,5.512,8.544,3.969,5.805
9.658,8.592,9.899,8.300,5.144,6.261,6.686
10.035,7.557,7.957,5.677,7.542,11.529,7.423
7.863,6.599,12.067,7.991,8.474,8.086,9.894
6.505,8.417,11.303,13.027,6.097,6.586,9.357
7.226,3.193,8.375,9.683,4.047,6.981,6.745
6.643,6.407,8.258,11.821,11.024,1.946,6.451
11.783,9.404,12.398,13.099,10.354,8.495,8.252
9.471,4.790,9.321,6.499,6.861,17.939,8.171
4.275,6.728,9.413,10.117,14.208,12.117,6.033
6.902,8.594,10.878,0.613,9.349,2.635,9.952
11.541,7.591,11.467,4.753,1.652,6.042,6.515
2.459,10.775,14.815,8.174,6.194,1.516,8.186
8.265,6.133,6.377,5.381,6.122,7.627,8.602
2.153,7.730,5.597,9.009,5.676,6.157,7.126
5.080,3.835,4.944,5.372,4.674,8.775,8.748
2.610,8.796,14.118,10.764,12.267,10.270,10.948
1.269,4.766,8.821,12.996,8.712,6.833,11.662
9.870,9.212,7.224,10.538,10.103,4.305,0.500
3.244,8.107,9.368,6.685,3.715,3.985,6.804
8.664,5.575,0.533,5.733,9.360,9.643,4.363
8.202,11.404,7.754,6.837,12.744,5.412,10.665
7.799,8.000,7.523,9.328,13.039,12.781,6.688
8.323,9.480,2.977,3.248,6.087,7.070,11.932
9.581,6.222,7.677,9.655,8.612,7.909,5.801
10.691,7.074,5.716,7.258,7.037,6.028,3.827
10.186,10.322,6.148,10.328,5.668,12.456,6.133
4.408,9.362,10.063,5.039,7.804,8.208,8.984
11.169,6.563,10.692,7.020,8.329,4.588,6.839
2.707,10.182,8.322,8.214,4.819,7.656,9.688
4.650,6.916,9.091,7.237,5.635,4.585,7.160
11.893,11.764,6.145,8.674,9.480,3.326,13.242
11.084,7.313,10.083,6.036,9.499,5.151,8.222
11.163,7.462,9.244,5.694,11.961,7.747,11.324
9.968,2.421,6.376,11.067,7.102,6.738,10.256
4.819,9.529,4.856,5.687,7.918,6.164,0.500
9.178,10.053,9.913,6.054,7.829,8.747,6.606
9.894,8.249,6.716,6.601,4.893,11.084,5.000
8.836,6.067,7.421,10.434,6.422,9.572,11.156
11.982,13.036,10.051,4.713,9.557,8.177,10.202
8.117,8.289,7.350,10.450,8.821,8.982,8.662
8.884,6.313,12.086,12.763,14.950,9.047,10.731
0.789,4.084,7.044,12.704,7.123,9.324,4.347
6.932,10.037,0.752,6.942,11.573,9.738,11.456
8.572,6.380,10.745,3.181,12.102,8.013,4.993
3.028,8.567,7.547,6.884,12.438,8.639,3.618
9.450,14.055,3.979,8.083,12.479,7.269,11.483
10.208,5.292,8.116,13.608,9.604,4.483,6.053
7.413,4.397,7.411,11.988,12.662,3.677,4.791
6.301,6.355,7.212,8.853,7.639,8.330,7.544
7.089,6.591,13.509,6.331,3.198,4.576,13.658
16.830,11.773,4.044,3.307,14.746,0.793,11.725
10.929,8.271,6.620,12.301,11.103,9.325,9.953
7.592,9.043,5.132,8.107,4.807,10.897,4.026
8.439,7.643,4.571,4.359,6.786,9.370,8.298
8.166,9.786,8.214,10.326,4.541,11.000,7.320
7.919,8.006,9.244,4.947,8.576,9.229,6.664
5.956,5.033,3.067,1.502,12.770,7.681,13.094
8.781,11.333,8.132,4.843,8.763,7.244,10.200
10.384,6.209,9.074,9.432,1.565,12.559,12.131
14.432,6.938,1.201,12.634,9.124,14.387,7.885
7.251,6.818,9.040,5.153,8.457,7.432,4.792
12.992,8.632,7.991,7.199,5.877,4.835,5.448
8.059,11.526,9.353,12.324,4.635,8.222,4.560
8.206,5.204,4.557,11.272,4.456,15.647,8.288
9.445,4.222,8.122,7.209,2.074,3.342,4.483
0.831,12.938,9.805,7.652,6.943,6.828,14.380
6.695,9.694,12.574,7.134,11.390,6.365,5.151
10.550,7.840,8.084,9.618,9.631,2.444,9.151
2.479,7.359,4.972,4.280,8.366,7.106,7.355
6.174,12.044,7.717,8.682,8.675,11.331,5.784
13.230,4.193,9.293,7.880,3.550,8.524,7.590
9.031,4.309,9.012,14.285,2.612,8.459,8.056
10.825,5.797,15.398,4.924,9.683,5.455,10.540
7.188,6.106,8.015,8.054,6.578,10.047,5.869
9.868,8.091,5.823,6.228,10.487,4.647,7.160
4.147,7.585,6.606,7.532,5.344,5.355,0.500
11.154,8.304,10.033,8.713,8.062,10.724,7.817
8.431,4.343,5.941,10.377,10.027,4.853,5.432
12.951,5.432,4.730,10.524,8.850,6.237,13.038
8.853,11.591,4.923,3.252,3.569,7.673,8.929
8.029,10.348,14.889,6.100,1.689,9.956,14.381
3.237,8.382,9.543,5.216,5.295,4.562,5.630
10.293,4.671,8.186,5.357,11.657,7.476,8.538
3.614,6.093,11.519,10.404,3.687,8.796,6.061
12.326,11.992,11.361,13.463,11.241,7.531,7.464
5.955,9.911,7.187,2.345,8.016,13.700,14.653
8.751,4.729,12.096,8.697,10.550,9.990,6.760
9.043,6.104,10.890,7.949,6.402,6.717,9.547
6.705,6.968,7.088,7.065,10.772,4.852,3.706
8.898,10.298,6.217,10.708,6.032,8.106,7.684
7.893,9.928,8.958,9.112,10.625,6.065,11.213
9.659,10.913,9.668,6.021,4.566,3.736,9.651
8.880,13.113,7.715,12.982,4.306,10.265,10.388
7.325,9.360,5.784,13.080,9.793,4.090,9.254
2.420,6.948,8.726,8.130,4.104,12.888,5.512
8.732,3.344,2.404,11.787,10.210,10.279,7.578
4.553,9.891,9.050,8.735,7.713,8.303,5.347
7.081,4.339,7.150,8.257,9.392,8.828,8.237
13.811,7.772,7.294,8.249,4.785,7.092,9.953
3.840,8.644,5.359,4.962,7.636,3.291,7.777
11.622,1.974,9.250,6.049,8.281,10.185,8.966
9.997,11.827,0.500,7.584,13.375,2.913,9.428
9.111,7.065,3.124,1.394,6.426,5.155,8.257
9.305,11.780,7.302,7.657,11.263,5.930,0.646
7.022,11.717,3.118,6.508,7.398,9.509,8.405
9.415,10.767,12.761,3.755,9.795,8.966,4.990
4.783,8.817,9.618,4.998,14.659,8.886,12.172
8.240,5.927,6.527,5.762,8.444,11.500,13.185
9.859,9.719,12.022,7.300,9.131,6.827,11.668
6.347,7.314,8.492,8.727,8.311,9.395,13.288
5.906,7.544,10.373,9.178,6.686,4.747,6.324
5.867,7.396,7.199,9.446,6.890,7.896,7.959
6.895,4.938,7.105,6.610,6.847,8.608,7.514
8.035,7.315,10.605,3.567,1.278,7.522,9.168
4.886,6.227,10.360,10.300,10.636,8.281,5.824
7.947,3.372,11.433,8.488,10.412,5.802,8.877
7.756,14.100,7.708,5.740,7.790,1.109,9.354
8.762,8.068,9.133,7.666,9.148,4.744,8.480
7.269,2.714,9.348,6.448,8.310,8.104,9.324
5.100,7.381,12.167,4.958,3.537,4.719,5.533
9.129,9.234,11.204,6.050,3.643,6.162,5.475
7.957,10.305,6.969,11.088,1.732,8.907,4.045
3.846,9.198,10.681,8.301,6.481,8.325,10.247
6.375,14.394,11.653,12.597,10.900,10.146,8.223
4.960,6.079,17.113,6.346,8.707,10.218,4.137
7.546,4.124,6.749,10.220,7.063,1.617,6.664
6.814,6.783,6.512,8.348,2.428,10.239,8.658
11.494,3.112,10.762,8.507,9.966,12.719,2.129
4.306,5.563,7.122,8.258,14.241,4.041,8.775
10.597,14.457,7.237,8.790,6.962,10.326,9.351
10.370,3.540,9.020,7.427,4.235,3.368,6.689
10.345,9.930,10.398,10.058,4.855,6.473,8.714
7.916,4.165,6.296,7.166,3.727,11.298,7.090
4.819,7.536,9.059,7.900,3.632,0.551,10.380
6.621,6.187,7.857,7.264,7.062,4.186,7.473
6.192,0.500,12.483,8.266,9.763,0.500,6.789
7.664,6.043,8.222,8.089,4.191,14.624,9.720
5.309,10.002,10.563,7.500,10.702,6.315,7.218
8.700,5.919,6.009,6.192,7.601,5.615,7.272
12.131,12.315,7.537,4.495,10.389,10.757,5.858
10.241,6.689,7.602,4.366,2.138,15.646,11.844
9.247,8.422,10.444,5.450,10.356,7.954,10.457
6.292,8.268,9.275,11.201,8.272,10.719,6.578
11.025,3.097,6.140,4.317,8.936,9.508,9.624
6.835,5.928,9.322,2.084,4.524,8.534,7.405
12.192,4.497,9.538,10.033,7.187,6.362,2.615
5.987,7.904,7.490,8.201,6.975,4.343,3.122
9.378,14.993,6.997,8.049,8.090,14.761,6.052
11.444,9.057,6.978,6.889,10.803,3.646,7.559
2.568,8.294,2.546,9.628,11.951,5.438,6.884
4.358,8.412,7.519,10.668,7.493,10.156,9.527
11.592,10.995,7.581,13.329,12.368,9.169,12.282
2.454,5.079,4.682,3.936,6.223,13.356,9.257
8.637,9.189,8.487,5.791,3.069,7.143,10.836
6.971,11.756,0.500,8.550,15.079,7.045,10.534
9.163,4.111,4.532,12.455,4.123,7.251,13.625
8.298,13.033,4.303,6.038,8.436,8.543,11.225
8.999,7.129,13.656,11.025,2.778,8.650,9.334
3.562,8.069,2.847,7.959,9.891,7.145,6.566
13.603,5.426,8.334,10.557,7.448,6.514,7.181
8.619,8.720,9.470,7.914,2.593,9.225,6.776
6.198,4.097,8.371,10.360,4.831,10.128,3.253
3.563,8.111,10.520,14.978,6.700,6.507,9.140
7.363,6.768,5.580,7.344,12.726,7.329,9.576
13.057,11.296,0.647,8.591,6.427,4.457,8.266
1.109,0.500,9.510,10.369,6.724,2.327,8.853
8.356,11.093,4.748,7.852,6.374,9.524,8.684
14.495,6.902,6.338,12.346,11.331,4.200,11.572
1.958,0.500,4.262,7.668,8.112,6.612,9.481
8.203,5.488,11.016,5.251,11.545,7.482,6.472
5.133,3.462,8.381,7.416,5.601,9.678,6.902
9.435,3.165,4.265,7.848,7.134,7.256,6.295
5.889,10.304,8.164,8.004,5.146,4.758,10.820
9.404,7.606,6.360,4.118,3.456,5.079,5.179
7.090,7.836,6.762,5.853,6.615,7.916,2.052
9.697,8.432,7.452,4.456,9.262,6.291,15.807
8.765,5.505,7.175,0.682,8.122,8.983,9.548
2.830,13.616,4.399,9.980,4.365,6.062,11.983
6.749,11.748,7.459,6.619,3.979,7.264,6.083
12.844,7.997,7.043,3.969,5.512,6.705,7.602
5.461,8.504,0.500,6.261,8.300,9.410,7.020
4.551,7.249,6.353,11.529,5.677,6.798,7.727
10.376,11.360,9.846,8.086,7.991,6.096,10.778
2.526,11.736,4.294,6.586,13.027,10.144,4.679
8.047,11.093,9.734,6.981,9.683,9.724,7.033
8.362,7.686,9.028,1.946,11.821,8.626,5.933
8.164,9.045,7.841,8.495,13.099,7.571,10.763
11.510,8.514,8.669,17.939,6.499,11.554,8.471
7.884,9.603,5.434,12.117,10.117,9.514,7.649
13.417,11.311,9.329,2.635,0.613,5.727,8.756
10.638,10.828,3.187,6.042,4.753,6.381,9.908
12.444,7.456,3.866,1.516,8.174,9.569,6.001
4.143,6.794,8.414,7.627,5.381,8.627,0.500
12.092,11.381,3.622,6.157,9.009,8.741,4.010
9.681,6.532,14.140,8.775,5.372,5.356,13.710
11.418,6.545,8.682,10.270,10.764,8.744,9.696
5.471,10.309,10.400,6.833,12.996,9.652,9.035
5.821,10.557,10.889,4.305,10.538,10.193,10.774
5.950,1.460,7.454,3.985,6.685,3.427,7.779
10.423,4.789,8.406,9.643,5.733,6.701,9.373
6.329,9.732,9.537,5.412,6.837,8.903,8.680
7.481,13.443,8.464,12.781,9.328,6.283,6.515
3.297,11.305,12.796,7.070,3.248,5.568,7.492
5.910,8.622,11.734,7.909,9.655,5.756,7.498
8.429,10.391,9.937,6.028,7.258,9.022,6.004
6.874,5.161,12.820,12.456,10.328,8.721,7.615
9.512,10.526,10.143,8.208,5.039,6.320,8.764
8.056,9.562,12.109,4.588,7.020,11.673,6.783
13.057,4.357,11.020,7.656,8.214,6.527,6.767
6.126,4.548,9.825,4.585,7.237,10.864,10.647
3.589,8.370,7.233,3.326,8.674,9.152,7.541
8.976,4.959,6.892,5.151,6.036,10.227,9.825
8.660,8.023,8.559,7.747,5.694,9.527,4.997
6.194,5.623,9.462,6.738,11.067,2.370,6.719
9.726,8.525,5.632,6.164,5.687,9.249,8.401
12.213,11.244,7.408,8.747,6.054,9.028,10.421
5.291,0.894,9.843,11.084,6.601,6.802,3.773
9.417,8.818,7.986,9.572,10.434,8.812,7.516
9.059,12.047,5.358,8.177,4.713,7.990,8.618
9.725,15.640,5.177,8.982,10.450,2.499,5.946
11.336,14.504,12.669,9.047,12.763,9.091,10.080
12.745,8.011,3.335,9.324,12.704,8.355,2.386
14.549,8.258,6.683,9.738,6.942,11.937,10.409
8.898,6.948,9.458,8.013,3.181,7.045,13.041
2.142,10.199,0.500,8.639,6.884,8.174,11.120
8.791,7.807,9.488,7.269,8.083,2.521,6.280
6.342,8.496,3.265,4.483,13.608,12.675,6.891
5.487,9.634,10.332,3.677,11.988,13.007,5.552
9.999,8.762,14.101,8.330,8.853,6.283,9.182
16.987,8.522,5.101,4.576,6.331,9.605,12.233
13.582,13.339,7.882,0.793,3.307,7.559,6.410
5.894,6.201,8.951,9.325,12.301,4.535,9.338
14.672,13.790,6.603,10.897,8.107,12.540,9.368
10.795,11.796,9.320,9.370,4.359,8.692,5.347
12.401,9.678,0.744,6.255,0.500,0.654,8.166
6.133,2.965,2.971,10.650,6.908,3.804,7.919
9.629,10.402,11.587,11.166,5.759,10.405,5.956
10.392,8.606,6.030,8.891,5.597,7.588,8.781
6.042,12.827,5.210,7.875,6.801,9.902,10.384
6.844,4.748,6.684,4.310,8.232,8.967,14.432
11.569,9.964,7.645,8.128,2.840,5.460,7.251
11.573,9.832,7.178,3.363,11.457,5.468,12.992
5.730,7.434,6.376,6.930,10.066,5.075,8.059
6.873,9.399,4.283,4.591,9.456,9.733,8.206
12.720,8.456,4.901,11.379,0.603,8.806,9.445
6.572,13.696,8.318,6.172,8.752,8.142,0.831
10.211,13.809,8.869,6.999,5.257,11.005,6.695
9.924,12.806,3.069,6.057,6.181,4.462,10.550
6.084,6.310,8.251,10.252,4.221,9.050,2.479
1.347,12.216,2.233,4.703,10.362,12.432,6.174
9.798,2.348,17.023,11.761,8.437,14.800,13.230
6.337,7.489,9.443,3.382,4.974,11.510,9.031
7.138,7.695,11.124,4.788,4.269,5.366,10.825
11.923,7.898,9.033,6.679,7.189,3.072,7.188
10.582,7.808,9.628,5.711,12.589,8.165,9.868
5.621,8.775,13.777,7.975,7.110,10.342,4.147
4.493,9.970,5.965,5.222,9.349,10.644,11.154
9.594,8.325,8.904,3.696,10.262,3.707,8.431
9.310,7.333,13.608,5.747,9.063,12.670,12.951
6.805,8.357,9.745,10.116,6.738,5.300,8.853
10.562,8.250,11.204,7.179,8.093,6.365,8.029
9.622,6.213,9.048,15.508,8.079,8.562,3.237
6.034,5.850,15.208,6.136,10.104,10.671,10.293
2.940,10.510,8.232,5.522,11.932,11.451,3.614
8.824,6.262,6.621,2.209,3.315,7.718,12.326
8.208,9.120,8.332,4.282,11.280,7.620,5.955
9.671,9.868,8.987,4.433,5.269,11.171,8.751
6.031,9.752,6.633,7.439,6.728,11.088,9.043
5.735,7.670,3.692,12.086,7.626,5.424,6.705
3.505,5.767,8.044,7.328,7.900,15.042,8.898
4.656,9.603,7.580,2.366,11.600,4.990,7.893
5.451,6.525,7.730,8.916,7.231,3.158,9.659
4.594,10.040,6.057,9.955,1.892,2.994,8.880
9.454,4.663,5.945,5.695,11.516,2.541,7.325
8.392,13.151,10.212,8.374,1.449,4.013,2.420
8.191,5.705,9.557,12.792,6.715,10.490,8.732
9.704,13.319,7.698,11.267,8.971,9.959,4.553
8.546,6.921,7.981,6.563,5.506,8.642,7.081
1.763,6.733,9.562,5.032,8.311,8.824,13.811
5.954,11.895,12.957,11.299,10.173,7.843,3.840
8.942,5.425,3.405,6.644,10.165,6.035,11.622
8.658,8.654,11.058,15.649,6.501,8.337,9.997
6.956,8.676,8.371,6.518,8.061,11.188,9.111
4.865,4.902,6.223,8.534,11.906,6.023,9.305
0.841,4.817,7.378,5.100,9.633,6.300,7.022
14.735,12.807,8.745,2.888,10.234,9.457,9.415
11.392,12.478,7.295,7.208,9.858,9.302,4.783
6.898,15.832,8.063,7.113,8.051,17.905,8.240
9.579,9.439,7.976,16.550,5.066,5.595,9.859
7.485,8.539,5.624,6.967,8.127,4.668,6.347
8.927,2.913,7.927,11.622,11.782,5.454,5.906
8.029,7.638,7.434,11.701,4.787,7.599,5.867
6.055,8.106,7.664,8.933,4.900,1.155,6.895
7.352,2.669,8.957,3.919,8.704,8.701,8.035
