10.070,5.524,5.210,9.537,9.410,10.853,6.642
10.827,9.006,0.500,5.956,8.539,3.814,6.625
6.141,14.931,3.221,8.546,6.014,11.767,4.828
5.381,11.616,2.474,7.207,10.694,4.123,4.134
4.798,6.430,12.236,6.994,6.771,1.077,12.314
12.989,8.159,10.120,6.593,3.948,9.425,11.947
10.189,12.816,8.025,16.373,4.260,11.166,8.950
7.240,8.521,0.500,11.634,10.024,4.467,11.242
3.379,9.633,4.916,5.703,13.342,12.932,7.481
6.777,6.961,5.816,6.187,5.198,6.660,6.867
10.866,9.214,7.737,4.198,5.648,6.555,9.261
12.634,5.044,4.777,6.991,4.683,6.280,10.990
8.031,12.883,9.875,5.814,2.907,6.179,7.543
9.074,14.251,4.582,9.709,7.347,8.384,4.580
8.844,9.011,4.300,3.650,10.404,10.685,9.561
9.104,6.188,7.088,9.970,8.099,7.999,15.097
6.577,5.933,6.559,3.465,9.087,7.757,4.952
4.363,17.452,11.898,5.938,7.715,7.393,4.692
6.749,7.842,8.845,9.342,8.969,6.812,4.679
7.744,8.084,7.067,11.347,11.027,8.383,6.735
5.990,4.739,7.072,3.121,8.877,5.277,12.581
11.227,7.556,5.819,7.394,14.512,11.079,7.327
10.006,7.498,4.715,1.792,4.758,2.593,14.657
9.232,2.606,4.843,6.585,8.684,5.434,17.441
9.510,7.495,5.074,11.897,8.097,8.721,14.347
6.307,6.513,17.286,12.038,7.049,8.913,3.515
9.416,5.803,6.913,12.097,10.342,5.897,8.649
8.852,11.597,10.752,11.352,7.986,11.712,13.083
7.904,9.843,8.256,8.364,10.566,5.981,3.186
3.917,9.572,11.175,5.281,8.915,9.309,1.530
11.000,8.465,8.555,10.926,8.596,10.514,7.244
9.058,7.552,7.503,7.694,10.974,7.264,6.401
12.977,8.772,8.477,9.282,11.739,8.348,8.809
10.329,4.829,10.285,7.148,5.523,3.284,7.902
8.731,13.898,9.490,2.880,7.453,10.670,10.176
10.427,6.263,9.959,10.300,4.690,8.205,6.775
5.321,6.525,7.242,10.039,8.056,10.558,6.238
8.830,8.376,6.584,6.756,6.519,5.065,11.625
9.621,6.076,8.454,11.618,11.861,12.029,10.373
7.174,2.866,11.075,4.233,8.421,7.557,12.185
9.819,4.442,9.342,5.545,8.167,9.796,8.013
5.798,6.616,7.560,9.600,9.929,13.194,6.737
7.129,7.796,10.200,11.195,11.913,9.960,4.493
8.300,4.549,7.451,5.920,7.054,8.621,7.900
6.161,9.048,7.411,8.195,6.006,9.659,9.066
10.916,10.591,9.612,8.961,5.487,1.022,7.738
6.684,8.092,5.043,10.080,8.286,5.925,7.532
5.859,6.672,8.383,0.500,14.086,11.502,13.164
10.372,12.023,7.693,5.113,8.434,10.164,11.886
6.456,6.746,8.487,11.490,8.770,12.476,8.626
9.956,5.527,8.385,7.303,12.516,6.879,10.677
9.654,10.121,8.753,3.598,8.734,4.560,4.889
0.500,12.690,9.782,8.475,5.409,7.189,7.299
11.527,8.611,7.721,12.957,5.385,7.836,7.080
8.027,9.887,11.230,4.292,4.408,9.706,16.555
5.275,3.238,11.015,9.423,4.281,4.067,12.140
5.219,7.866,11.295,9.149,8.756,13.087,13.134
11.367,6.186,12.209,4.148,5.723,14.288,1.559
9.664,10.567,11.913,8.001,8.174,8.815,11.551
8.356,7.402,11.243,5.344,7.800,0.500,7.569
7.849,11.225,1.769,6.352,3.932,7.459,8.289
12.071,10.067,0.500,8.933,7.254,9.639,12.377
7.925,5.708,11.250,6.428,9.358,5.773,8.138
12.935,4.019,8.079,8.057,5.253,10.628,8.459
7.975,9.473,7.653,6.346,4.179,10.715,8.547
8.695,7.098,5.520,13.508,5.138,3.676,11.014
6.674,11.187,4.356,10.379,9.003,6.723,5.073
8.355,13.180,7.601,6.161,11.025,6.107,7.408
7.760,1.936,6.241,12.287,8.953,6.382,6.362
9.422,9.724,5.965,7.802,9.201,5.310,10.001
6.857,6.310,12.294,7.584,7.893,4.934,10.132
5.303,11.877,6.623,10.753,7.836,10.462,10.277
8.143,0.500,6.855,12.304,12.305,5.330,10.032
8.799,2.202,7.138,7.055,6.881,6.088,6.025
0.500,7.275,6.438,5.327,5.264,9.956,11.536
6.228,9.056,4.225,12.024,7.632,10.412,5.190
8.105,9.371,9.878,10.169,13.200,3.963,5.953
7.615,5.069,5.791,4.233,12.949,11.193,6.909
10.195,12.377,5.678,3.799,3.654,9.018,6.803
8.567,1.302,8.436,10.643,8.947,10.920,12.165
11.703,9.961,5.953,5.368,10.287,5.971,11.682
9.073,6.401,7.911,4.893,4.851,10.403,11.039
6.123,7.136,8.377,4.122,11.130,3.080,8.508
7.341,13.182,8.322,6.265,0.883,9.573,10.497
13.124,5.318,8.433,11.191,4.899,8.902,9.333
7.352,8.065,5.960,10.986,11.928,8.135,9.353
8.834,5.597,7.265,8.920,4.068,7.084,11.079
7.905,8.408,9.814,10.025,8.199,5.113,4.622
11.808,2.700,11.866,8.521,4.231,4.587,6.739
8.383,11.698,8.322,13.111,13.181,10.460,4.678
4.862,9.265,10.926,15.087,3.962,8.885,6.292
11.659,11.423,7.377,9.975,10.145,8.088,5.903
12.204,9.075,5.214,9.445,7.064,8.184,4.608
9.230,7.871,3.865,4.831,5.955,14.228,6.630
10.891,8.697,4.222,8.435,11.771,7.383,8.027
14.410,5.703,8.371,10.147,9.944,11.295,6.706
9.299,5.856,7.795,3.643,13.034,10.409,6.062
5.447,4.512,12.693,12.825,8.460,9.843,7.970
4.913,8.793,11.949,3.613,9.870,6.785,8.320
9.224,5.060,9.373,13.842,7.346,8.380,13.146
6.376,4.970,8.998,9.054,3.509,13.948,7.731
10.958,10.741,8.946,4.343,5.892,10.545,6.097
10.095,9.807,11.640,7.577,14.642,12.872,3.316
6.990,11.443,9.601,6.629,10.276,5.088,9.668
4.821,8.355,9.854,4.302,9.370,2.512,9.817
12.742,8.201,8.557,11.450,7.780,11.730,6.451
16.578,7.950,12.672,9.475,6.726,6.501,5.659
9.805,5.642,10.674,8.643,5.790,6.947,7.677
6.739,10.334,8.350,6.700,4.446,7.426,9.647
6.110,12.651,8.152,4.788,5.966,4.548,8.390
6.397,6.240,10.056,9.376,5.640,7.866,8.911
4.798,4.032,8.008,6.807,9.515,9.929,2.121
10.369,15.342,8.466,9.794,10.223,6.337,8.326
5.342,4.914,7.775,4.022,7.596,6.070,6.541
6.322,9.073,7.891,10.922,10.942,4.788,2.644
5.940,8.504,3.891,9.404,12.745,1.272,7.888
9.198,8.291,4.757,12.045,5.550,6.664,0.500
6.440,9.098,3.747,9.858,5.449,7.440,6.699
7.430,4.693,17.653,4.241,6.313,9.672,11.217
3.885,8.092,14.014,14.819,10.630,8.413,5.403
10.036,10.070,1.476,7.678,12.848,5.853,9.743
6.711,10.827,0.500,4.855,4.871,4.456,12.574
5.865,6.141,13.073,8.285,9.554,0.682,7.924
5.080,5.381,9.636,6.117,11.693,9.980,6.326
11.227,4.798,6.249,9.066,9.664,6.619,1.164
5.959,12.989,0.546,12.679,8.328,3.969,9.148
5.070,10.189,4.879,11.139,2.480,6.261,12.742
4.027,7.240,6.178,6.006,3.107,11.529,5.201
6.959,3.379,4.270,9.112,7.445,8.086,8.405
6.019,6.777,6.230,6.995,11.011,6.586,14.911
8.294,10.866,5.150,10.485,11.021,6.981,4.792
12.199,12.634,7.264,8.338,10.307,1.946,7.166
9.551,8.031,7.061,13.551,13.112,8.495,8.598
5.214,9.074,8.973,10.828,9.908,17.939,5.707
8.191,8.844,5.669,7.946,9.903,12.117,9.608
8.648,9.104,6.158,11.065,9.357,2.635,10.518
10.015,6.577,7.011,8.058,3.272,6.042,2.188
5.201,4.363,3.990,4.268,10.080,1.516,6.057
7.165,6.749,7.421,7.593,10.342,7.627,4.185
7.190,7.744,5.688,4.288,7.079,6.157,11.275
7.849,5.990,10.287,6.083,13.186,8.775,6.425
9.916,11.227,7.265,12.834,4.487,10.270,5.634
1.923,10.006,6.917,6.919,7.811,6.833,11.038
7.921,9.232,11.757,5.634,7.298,4.305,8.168
10.282,9.510,11.207,5.706,9.414,3.985,12.015
7.176,6.307,11.793,4.942,6.419,9.643,14.175
3.673,9.416,12.919,8.399,11.255,5.412,10.878
8.506,8.852,10.986,7.671,11.518,12.781,11.343
14.960,7.904,11.772,4.961,5.377,7.070,10.895
4.818,3.917,9.545,8.811,9.587,7.909,9.546
4.798,11.000,10.232,6.534,9.263,6.028,3.590
1.154,9.058,9.263,10.706,4.490,12.456,3.562
6.980,12.977,9.604,4.825,11.230,8.208,12.178
10.031,10.329,9.636,8.270,4.433,4.588,5.481
5.588,8.731,9.731,7.711,8.946,7.656,5.087
9.781,10.427,9.877,10.859,6.276,4.585,13.977
8.329,5.321,8.638,12.179,3.778,3.326,7.974
11.781,8.830,7.567,8.632,7.995,5.151,6.550
8.936,9.621,6.857,8.629,10.133,7.747,7.182
15.104,7.174,8.744,8.877,9.645,6.738,2.999
4.624,9.819,7.977,6.878,9.930,6.164,7.671
7.498,5.798,8.379,4.751,8.648,8.747,9.631
8.910,7.129,12.254,10.682,5.239,11.084,4.641
9.196,8.300,7.231,5.383,11.376,9.572,5.058
11.019,6.161,8.590,2.750,7.101,8.177,3.533
4.820,10.916,5.157,5.559,6.343,8.982,9.143
3.587,6.684,3.941,10.998,2.357,9.047,7.906
5.724,5.859,5.031,3.178,4.796,9.324,13.824
10.756,10.372,17.478,7.706,10.047,9.738,7.044
8.403,6.456,8.029,10.747,6.423,8.013,15.539
6.709,9.956,7.975,4.643,5.320,8.639,6.868
6.993,9.654,10.774,7.943,8.135,7.269,11.185
11.199,0.500,7.268,6.358,9.812,4.483,6.506
12.348,11.527,9.094,5.842,3.443,3.677,5.337
12.409,8.027,8.650,10.424,5.779,8.330,8.125
9.933,5.275,6.931,13.236,8.602,4.576,9.732
11.703,5.219,7.984,7.457,4.391,0.793,9.712
6.428,11.367,9.497,6.661,2.941,9.325,9.006
3.424,9.664,7.140,5.501,10.266,10.897,6.496
3.645,8.356,8.601,7.192,7.423,9.370,8.044
9.224,7.062,1.752,9.289,10.327,9.565,7.101
6.362,9.861,0.500,10.763,2.633,8.718,13.518
4.088,13.527,4.591,5.552,7.756,7.805,7.886
9.020,2.785,0.500,3.258,5.586,8.756,4.894
8.561,10.275,15.961,7.899,1.317,7.302,7.598
8.407,7.413,9.562,10.255,13.624,5.484,12.464
5.379,10.781,8.737,9.033,4.558,9.658,7.061
8.888,6.917,9.496,10.106,7.263,10.035,6.197
9.648,11.996,8.017,11.729,6.790,7.863,11.083
10.496,9.869,9.289,4.869,11.870,6.505,5.952
6.561,7.465,7.721,10.791,6.230,7.226,9.663
5.981,9.839,10.521,3.642,6.118,6.643,7.072
10.934,8.841,3.989,8.145,12.066,11.783,9.276
2.373,11.023,6.289,9.620,7.529,9.471,8.551
8.826,3.641,4.148,0.761,7.603,4.275,8.907
7.089,4.784,4.283,5.304,11.821,6.902,5.317
11.109,7.534,8.746,9.151,13.563,11.541,6.188
7.906,10.979,9.639,9.193,8.144,2.459,8.103
6.483,8.200,7.120,8.513,8.226,8.265,3.623
4.815,9.963,6.335,7.864,5.153,2.153,9.190
4.634,10.527,5.589,6.036,6.782,5.080,10.140
5.722,5.347,7.024,3.192,6.769,2.610,9.197
11.185,8.543,6.934,8.115,12.287,1.269,7.523
11.293,5.350,3.759,8.190,1.709,9.870,7.634
6.803,6.220,5.177,8.202,12.286,3.244,6.569
6.674,11.684,11.934,7.763,5.646,8.664,3.597
8.075,7.841,7.648,7.803,14.415,8.202,6.872
8.269,10.695,8.377,3.582,9.724,7.799,8.648
6.582,8.156,7.378,13.252,14.609,8.323,9.015
7.944,9.404,8.716,9.183,12.556,9.581,12.025
4.583,10.719,4.781,7.604,3.478,10.691,4.139
3.588,5.927,3.801,4.760,11.196,10.186,4.288
10.733,4.439,4.308,9.393,12.188,4.408,11.994
10.789,6.596,8.714,10.968,4.950,11.169,11.874
3.165,7.640,9.742,8.641,10.342,2.707,8.762
8.601,9.772,8.705,5.897,6.912,4.650,8.311
7.275,9.878,9.179,12.200,9.890,11.893,7.690
11.469,7.683,8.716,3.500,11.788,11.084,7.417
12.740,10.899,14.313,13.258,8.415,11.163,11.202
11.670,5.447,9.406,3.850,10.717,9.968,7.464
7.407,7.672,12.635,11.669,1.810,4.819,9.731
2.643,10.266,10.549,4.064,9.190,9.178,4.584
11.832,8.900,9.945,8.063,3.554,9.894,6.088
7.223,10.694,7.525,8.162,11.281,8.836,2.265
10.662,9.465,7.880,8.588,8.423,11.982,3.828
7.779,9.346,10.126,7.297,9.135,8.117,10.345
2.121,7.504,7.005,5.416,3.661,8.884,9.403
4.947,6.826,7.624,6.298,11.531,0.789,6.853
10.198,14.650,8.310,13.400,7.669,6.932,10.800
12.533,6.308,7.515,8.067,12.752,8.572,7.071
6.987,1.414,10.106,4.811,11.319,3.028,6.656
1.232,2.634,10.979,9.512,7.061,9.450,10.112
12.376,2.440,8.734,6.767,6.814,10.208,3.664
7.413,9.713,10.192,12.541,10.880,7.413,10.592
9.286,4.954,10.958,9.029,7.865,6.301,12.326
5.797,6.199,9.457,10.295,7.131,7.089,3.647
10.895,4.908,7.275,13.834,4.243,16.830,15.826
12.498,2.439,12.584,6.526,8.604,10.929,8.710
8.052,5.779,8.463,10.830,6.546,7.592,10.739
7.004,13.448,10.744,6.678,9.176,8.439,11.971
4.480,12.115,6.791,8.522,6.058,4.886,10.013
6.375,7.341,7.296,9.779,8.327,7.947,7.988
8.236,7.298,4.762,3.798,12.797,7.756,8.509
5.733,7.582,3.555,4.054,8.455,8.762,7.396
7.754,8.294,6.023,10.461,9.095,7.269,6.313
16.010,6.138,5.779,4.704,12.830,5.100,14.162
5.481,9.430,8.349,10.536,6.228,9.129,11.664
12.269,14.170,8.470,7.277,5.006,7.957,9.464
6.304,4.559,10.839,8.692,9.706,3.846,10.234
8.091,7.194,6.156,9.555,9.894,6.375,9.353
12.058,10.616,9.556,4.094,7.155,4.960,7.124
4.530,7.036,10.135,5.547,0.500,7.546,6.398
13.060,3.957,0.500,9.616,7.537,6.814,10.498
4.381,5.035,5.839,10.290,8.560,11.494,4.776
7.072,7.293,10.983,2.790,8.713,4.306,11.895
5.884,9.868,10.812,12.370,6.935,10.597,5.905
2.438,7.901,8.001,9.564,10.020,10.370,9.330
7.416,10.043,7.654,7.590,7.650,10.345,3.938
7.190,11.386,4.843,6.062,3.738,7.916,8.572
10.318,8.836,7.679,6.195,9.081,4.819,7.488
1.814,7.114,1.831,4.650,8.907,6.621,11.784
7.492,5.036,3.044,11.060,9.630,6.192,5.922
6.313,13.376,8.913,9.158,11.274,7.664,6.823
6.524,7.226,7.504,6.599,8.813,5.309,9.204
6.902,12.755,6.109,9.940,5.573,8.700,4.625
10.074,7.315,6.155,10.920,8.176,12.131,5.846
6.095,7.020,16.048,12.381,7.369,10.241,10.742
8.218,9.332,13.251,5.847,5.295,9.247,6.277
7.045,6.231,8.854,9.416,4.042,6.292,6.759
9.158,11.835,13.287,7.790,4.984,11.025,8.786
6.095,6.662,10.801,3.523,2.765,6.835,14.234
6.920,4.402,12.204,10.537,8.592,12.192,12.627
6.943,6.678,8.199,3.918,10.628,5.987,7.760
6.040,8.630,8.082,8.131,6.890,9.378,10.354
7.522,6.521,9.287,9.718,4.356,11.444,12.457
5.952,8.628,7.794,5.831,12.634,2.568,10.250
7.907,3.857,6.694,11.192,9.813,4.358,9.869
5.786,5.315,9.798,11.197,5.140,11.592,4.606
8.420,11.127,6.457,9.492,10.868,2.454,13.074
3.959,3.602,5.583,5.232,6.874,8.637,11.884
1.028,8.173,8.936,3.968,5.848,6.971,8.199
8.113,7.831,3.915,12.529,10.033,9.163,8.969
5.463,4.849,5.634,10.742,10.662,8.298,3.491
5.691,6.898,6.871,12.881,9.799,8.999,2.205
7.613,9.232,4.748,8.669,4.166,3.562,12.725
10.681,11.298,4.493,2.221,10.673,13.603,9.776
14.481,13.466,8.557,9.546,11.306,8.619,17.759
3.369,7.649,8.920,5.316,11.534,6.198,12.755
2.634,2.620,6.051,7.466,11.330,3.563,8.511
10.839,6.122,8.405,3.605,10.620,7.363,6.994
7.605,7.967,12.735,8.407,8.652,13.057,7.904
6.273,8.632,6.194,12.196,6.416,1.109,6.792
8.074,4.675,7.353,8.541,8.033,8.356,12.443
7.499,3.843,14.201,3.467,7.304,14.495,14.889
10.232,5.682,11.060,9.944,2.633,1.958,8.857
7.169,9.721,11.121,8.458,5.052,8.203,4.582
4.662,11.922,8.875,9.385,14.736,5.133,6.452
7.525,10.419,6.903,8.215,4.298,9.435,5.984
6.134,4.773,10.495,9.430,4.179,5.889,9.096
9.293,10.312,10.618,5.079,5.653,9.404,12.267
6.034,7.320,9.582,14.198,4.541,6.324,4.886
8.713,6.664,8.717,8.258,8.576,8.121,7.947
9.883,13.094,9.621,10.173,12.770,0.500,7.756
5.328,10.200,8.843,9.274,8.763,10.241,8.762
7.068,12.131,7.786,9.770,1.565,10.487,7.269
7.901,7.885,9.735,11.216,9.124,8.895,5.100
4.142,4.792,7.694,4.435,8.457,3.712,9.129
0.500,5.448,9.602,11.297,5.877,7.179,7.957
4.142,4.560,13.039,7.033,4.635,5.664,3.846
9.151,8.288,11.505,10.976,4.456,9.244,6.375
8.556,4.483,8.054,8.642,2.074,6.127,4.960
8.437,14.380,7.527,7.832,6.943,10.644,7.546
7.000,5.151,10.055,6.116,11.390,8.469,6.814
7.182,9.151,6.664,6.858,9.631,5.391,11.494
12.943,7.355,11.583,5.527,8.366,7.991,4.306
2.667,5.784,8.691,5.747,8.675,5.604,10.597
3.749,7.590,8.510,9.628,3.550,5.499,10.370
8.953,8.056,9.025,8.292,2.612,5.421,10.345
6.464,10.540,18.299,9.891,9.683,10.553,7.916
7.405,5.869,10.731,5.115,6.578,8.014,4.819
3.854,7.160,6.697,14.349,10.487,4.506,6.621
7.125,0.500,6.743,5.930,5.344,8.493,6.192
8.761,7.817,9.021,9.612,8.062,9.008,7.664
7.493,5.432,12.036,7.643,10.027,12.116,5.309
9.160,13.038,6.836,9.504,8.850,9.687,8.700
4.792,8.929,6.625,2.949,3.569,9.965,12.131
13.280,14.381,6.814,8.753,1.689,10.693,10.241
11.104,5.630,6.336,7.518,5.295,4.698,9.247
11.625,8.538,10.453,4.856,11.657,3.899,6.292
9.316,6.061,10.328,5.724,3.687,7.383,11.025
11.777,7.464,11.476,6.756,11.241,13.823,6.835
6.408,14.653,7.682,9.538,8.016,5.352,12.192
8.163,6.760,4.394,7.764,10.550,10.489,5.987
10.128,9.547,6.287,13.217,6.402,7.374,9.378
14.178,3.706,4.636,8.567,10.772,6.961,11.444
8.570,7.684,6.627,4.148,6.032,5.034,2.568
7.883,11.213,8.920,8.204,10.625,11.324,4.358
9.704,9.651,0.500,5.496,4.566,6.500,11.592
14.038,10.388,6.412,15.406,4.306,12.904,2.454
8.570,9.254,13.104,10.407,9.793,8.144,8.637
4.117,5.512,5.693,4.363,4.104,3.742,6.971
0.500,7.578,7.295,12.817,10.210,7.986,9.163
10.456,5.347,3.326,8.074,7.713,13.377,8.298
8.804,8.237,2.537,7.925,9.392,7.836,8.999
5.022,9.953,5.548,9.465,4.785,8.459,3.562
7.774,7.777,12.303,10.707,7.636,6.932,13.603
8.492,8.966,12.338,6.571,8.281,6.977,8.619
4.918,9.428,8.917,11.276,13.375,12.020,6.198
5.621,8.257,10.056,9.973,6.426,11.500,3.563
12.647,0.646,3.231,8.690,11.263,9.428,7.363
4.853,8.405,5.119,6.156,7.398,15.990,13.057
8.942,4.990,6.409,8.649,9.795,8.362,1.109
10.403,12.172,8.027,4.761,14.659,12.893,8.356
4.042,13.185,5.852,7.182,8.444,9.454,14.495
9.672,11.668,4.595,7.220,9.131,5.436,1.958
4.472,13.288,3.940,12.335,8.311,8.282,8.203
9.617,6.324,6.435,5.488,6.686,14.061,5.133
10.842,7.959,7.192,10.917,6.890,4.948,9.435
9.346,7.514,5.751,8.966,6.847,4.697,5.889
10.104,9.168,8.243,8.239,1.278,8.022,9.404
6.001,11.000,7.839,0.500,6.003,10.636,11.637
7.561,9.229,8.337,10.281,12.072,10.412,10.787
6.715,7.681,12.087,6.923,11.081,7.790,12.695
11.386,7.244,9.687,9.914,13.034,9.148,6.438
2.897,12.559,12.376,7.176,12.495,8.310,6.014
8.498,14.387,8.489,5.606,6.391,3.537,7.488
11.818,7.432,10.181,7.888,6.282,3.643,8.908
4.240,4.835,10.961,10.950,12.374,1.732,6.882
8.312,8.222,9.957,13.112,10.891,6.481,8.130
11.266,15.647,11.731,9.514,4.408,10.900,7.536
10.208,3.342,10.586,12.663,13.453,8.707,7.783
9.472,6.828,11.820,11.804,9.678,7.063,6.129
1.800,6.365,11.035,4.124,9.081,2.428,4.122
4.486,2.444,6.922,7.419,8.004,9.966,9.402
11.208,7.106,7.184,7.314,4.345,14.241,7.634
8.088,11.331,7.312,6.752,7.721,6.962,6.441
11.852,8.524,6.759,3.586,5.791,4.235,6.008
10.874,8.459,9.365,6.489,5.621,4.855,6.258
7.746,5.455,7.473,5.757,11.783,3.727,3.242
6.131,10.047,7.098,12.071,8.760,3.632,10.406
4.498,4.647,6.275,5.816,10.476,7.062,16.024
2.116,5.355,0.917,2.663,7.102,9.763,3.931
7.350,10.724,4.145,12.157,6.657,4.191,4.230
10.316,4.853,13.054,8.474,10.481,10.702,6.496
10.735,6.237,6.493,11.094,11.911,7.601,7.365
11.067,7.673,7.849,2.744,5.571,10.389,12.327
9.541,9.956,6.401,9.100,8.921,2.138,7.114
7.076,4.562,8.075,11.122,11.447,10.356,6.058
7.932,7.476,9.191,9.271,7.079,8.272,2.713
13.882,8.796,13.005,5.124,4.505,8.936,11.547
7.494,7.531,8.729,9.233,14.215,4.524,6.886
9.322,13.700,10.098,3.015,5.319,7.187,13.194
13.381,9.990,5.284,8.068,10.396,6.975,9.578
9.932,6.717,7.674,11.050,7.797,8.090,5.531
5.954,4.852,9.515,7.830,8.203,10.803,11.369
13.359,8.106,12.697,8.737,7.774,11.951,2.605
3.914,6.065,7.876,9.299,5.846,7.493,10.692
7.623,3.736,5.725,8.569,6.121,12.368,5.864
9.493,10.265,4.245,9.230,5.230,6.223,1.323
9.153,4.090,2.148,9.039,4.576,3.069,5.797
11.212,12.888,5.304,8.326,10.866,15.079,11.914
9.286,10.279,4.543,2.943,8.283,4.123,13.728
6.309,8.303,6.133,3.758,8.902,8.436,9.566
6.756,8.828,3.550,4.741,9.191,2.778,4.480
6.448,7.092,9.917,9.975,8.365,9.891,8.614
3.163,3.291,9.610,10.090,11.954,7.448,6.241
7.956,10.185,11.437,11.971,8.774,2.593,9.590
11.814,2.913,9.164,4.471,9.891,4.831,11.279
8.005,5.155,8.804,12.514,6.921,6.700,9.037
7.809,5.930,4.017,7.091,10.386,12.726,6.440
9.679,9.509,5.702,6.519,9.086,6.427,7.669
13.228,8.966,2.171,8.623,7.322,6.724,8.934
4.505,8.886,3.083,13.043,11.128,6.374,7.595
7.428,11.500,6.489,7.049,5.338,11.331,3.538
16.719,6.827,6.581,6.085,13.036,8.112,7.184
11.293,9.395,7.657,2.577,4.085,11.545,8.491
5.885,4.747,8.042,2.988,10.518,5.601,7.720
9.728,7.896,6.746,11.147,6.289,7.134,6.328
7.695,8.608,15.730,4.359,9.582,5.146,9.271
7.104,7.522,8.730,14.952,9.305,3.456,10.160
9.289,6.599,7.982,10.020,3.893,10.978,6.707
10.763,7.435,12.327,10.640,9.379,6.206,12.068
5.552,5.018,12.229,10.257,6.875,9.098,13.676
3.258,3.936,13.312,10.105,14.481,2.911,9.348
7.899,5.164,6.862,9.093,10.260,8.119,3.895
10.255,6.833,10.230,4.754,7.882,8.651,5.697
9.033,5.338,12.412,5.714,13.000,7.770,6.821
10.106,2.517,12.092,8.925,12.663,14.141,11.081
11.729,6.904,12.889,5.078,5.558,12.048,7.141
4.869,11.457,6.027,6.062,15.071,9.675,8.584
10.791,11.594,5.399,9.330,8.523,10.034,9.402
3.642,8.333,0.633,9.148,5.016,7.874,3.687
8.145,3.470,7.905,9.712,3.732,4.875,13.769
9.620,9.001,6.715,11.450,6.659,11.805,5.152
0.761,5.804,7.957,10.082,9.555,11.560,7.930
5.304,1.602,10.287,17.216,11.262,1.231,10.685
9.151,11.979,11.502,8.191,0.500,5.881,5.187
9.193,4.682,8.880,8.600,7.919,10.594,7.998
8.513,7.076,10.354,11.924,9.942,10.021,9.964
7.864,11.095,6.851,7.230,7.166,6.653,12.285
6.036,5.863,10.309,10.255,10.207,7.092,8.462
3.192,11.068,11.119,2.820,10.708,7.754,10.843
8.115,9.292,9.420,8.094,3.789,10.535,10.391
8.190,5.702,6.024,8.757,7.355,12.487,8.551
8.202,4.593,6.292,6.433,7.217,6.456,3.993
7.763,9.148,7.801,7.378,8.636,6.026,8.693
7.803,13.573,7.960,13.644,9.839,8.962,4.336
3.582,9.903,5.962,9.776,8.705,7.111,4.872
13.252,4.670,7.226,3.659,3.414,10.142,10.288
9.183,9.890,9.204,6.122,9.022,3.473,7.048
7.604,10.326,5.845,6.680,17.612,4.842,2.605
4.760,5.439,3.488,11.710,7.714,7.021,7.311
9.393,7.398,0.500,8.718,8.661,3.945,4.664
10.968,4.684,5.942,8.725,10.844,11.412,8.294
8.641,6.050,8.744,9.094,7.211,9.557,11.634
5.897,9.363,10.997,3.952,10.309,10.963,9.357
12.200,11.978,9.506,6.833,7.244,7.116,13.695
3.500,11.061,7.045,11.686,4.116,7.900,4.684
13.258,11.664,3.427,6.088,11.512,9.043,5.787
3.850,9.055,7.606,10.648,12.421,7.208,8.118
11.669,11.936,7.724,7.136,4.600,10.134,15.486
4.064,7.731,6.706,8.311,6.135,8.393,11.601
8.063,8.065,11.869,8.709,7.614,8.502,12.754
8.162,8.783,6.422,10.642,0.790,7.808,5.803
8.588,3.519,8.406,5.664,5.821,7.442,6.214
7.297,7.003,4.413,8.106,5.398,9.780,11.043
5.416,4.616,6.953,8.596,5.039,6.196,11.519
6.298,7.999,8.067,9.245,10.683,11.802,5.872
13.400,8.949,3.239,10.056,2.210,7.631,3.403
8.067,5.918,13.888,6.901,5.850,4.771,8.263
4.811,12.110,12.752,13.983,6.615,8.142,3.558
9.512,6.262,5.573,8.286,4.053,11.784,4.807
6.767,14.235,7.306,7.004,10.698,8.528,6.983
12.541,4.457,9.000,9.181,6.115,6.064,10.251
9.029,10.132,11.132,6.809,7.626,7.579,9.167
10.295,8.945,7.765,12.506,10.535,5.396,10.199
13.834,13.822,5.876,9.718,9.037,15.437,14.720
6.526,8.716,5.080,5.109,9.138,7.759,7.299
10.830,5.008,4.851,8.989,12.000,8.470,10.466
6.678,11.852,5.716,12.222,11.074,6.951,8.704
13.377,7.956,3.976,3.724,10.636,6.642,5.638
4.490,8.341,6.976,14.807,10.412,6.625,8.814
4.636,4.019,9.366,7.819,7.790,4.828,8.480
5.074,8.838,5.957,10.104,9.148,4.134,7.718
6.342,6.640,7.426,8.044,8.310,12.314,12.092
3.742,8.429,12.072,6.667,3.537,11.947,10.259
9.890,6.226,15.832,10.907,3.643,8.950,8.499
10.006,9.717,11.343,11.189,1.732,11.242,10.122
3.799,7.903,6.241,3.628,6.481,7.481,3.280
8.686,7.464,8.653,12.596,10.900,6.867,9.644
3.738,3.499,5.157,13.282,8.707,9.261,8.777
5.873,8.373,10.185,7.679,7.063,10.990,8.631
6.468,10.453,8.309,7.247,2.428,7.543,3.724
7.827,11.363,9.155,2.381,9.966,4.580,13.575
15.117,3.889,8.153,4.618,14.241,9.561,4.783
9.403,12.192,7.831,9.784,6.962,15.097,5.202
13.316,3.018,11.531,10.997,4.235,4.952,7.084
5.413,12.173,7.026,8.070,4.855,4.692,8.560
7.713,4.738,7.319,5.977,3.727,4.679,2.031
5.086,7.688,10.258,10.279,3.632,6.735,8.313
10.185,6.038,11.768,6.985,7.062,12.581,12.664
7.949,6.115,8.827,9.297,9.763,7.327,10.074
11.816,3.519,6.155,8.600,4.191,14.657,11.522
5.718,3.381,4.623,7.286,10.702,17.441,11.773
9.836,9.135,7.781,5.310,7.601,14.347,9.617
8.304,1.112,8.156,5.529,10.389,3.515,6.329
9.717,5.946,7.558,14.063,2.138,8.649,9.417
5.899,8.926,10.348,11.298,10.356,13.083,14.107
8.628,5.083,8.212,7.583,8.272,3.186,2.937
11.142,5.358,5.006,5.521,8.936,1.530,9.495
7.533,9.904,4.356,6.484,4.524,7.244,7.093
13.236,6.290,3.917,11.445,7.187,6.401,11.047
5.864,3.861,5.048,6.143,6.975,8.809,7.877
9.654,0.500,7.410,9.128,8.090,7.902,9.662
10.629,11.004,5.662,10.225,10.803,10.176,5.284
8.312,7.148,5.207,7.050,11.951,6.775,6.914
8.716,4.671,6.731,7.303,7.493,6.238,8.144
8.803,9.299,4.522,6.291,12.368,11.625,12.333
10.487,5.552,13.766,7.396,6.223,10.373,11.027
10.575,6.860,10.250,7.469,3.069,12.185,6.845
10.646,3.045,12.229,2.620,15.079,8.013,12.851
8.624,7.349,6.334,7.665,4.123,6.737,6.600
6.671,5.154,7.870,6.693,8.436,4.493,10.048
7.652,10.828,8.358,8.603,2.778,7.900,4.280
9.969,9.155,10.341,12.150,9.891,9.066,11.053
7.996,7.858,7.970,7.079,7.448,7.738,8.710
0.650,5.037,1.367,9.934,2.593,7.532,7.183
8.474,7.491,6.537,12.820,4.831,13.164,10.721
10.948,11.277,6.768,9.479,6.700,11.886,13.641
5.031,5.130,5.383,2.801,12.726,8.626,5.742
7.996,10.333,0.500,8.267,6.427,10.677,12.791
7.809,10.057,9.396,11.407,6.724,4.889,4.281
3.080,6.145,9.395,8.668,6.374,7.299,9.147
3.491,13.578,8.770,8.709,11.331,7.080,8.496
6.838,12.141,6.696,10.437,8.112,16.555,2.713
6.064,7.075,7.862,10.936,11.545,12.140,0.500
7.258,10.411,13.200,2.807,5.601,13.134,7.881
13.054,9.429,15.383,9.985,7.134,1.559,7.716
11.587,5.252,10.610,5.772,5.146,11.551,11.384
6.830,9.578,6.964,9.911,3.456,7.569,8.452
5.684,12.848,10.844,9.169,12.066,10.576,6.785
4.280,4.871,13.606,7.562,4.774,5.863,6.729
7.492,9.554,10.488,4.647,8.289,12.079,9.686
4.029,11.693,12.474,8.038,9.570,7.610,7.505
8.108,9.664,11.335,8.936,6.558,5.234,6.946
10.968,8.328,12.582,5.280,8.108,9.889,8.029
13.150,2.480,10.493,8.400,7.808,3.898,12.059
6.446,3.107,6.503,9.985,8.062,6.757,6.951
9.384,7.445,6.364,7.913,9.294,8.747,14.588
8.709,11.011,4.692,9.273,11.589,6.737,15.463
2.768,11.021,2.763,7.793,7.157,3.448,6.656
9.616,10.307,0.921,6.666,0.510,9.385,11.076
4.619,13.112,0.500,7.387,9.790,9.402,2.546
13.225,9.908,7.661,11.470,5.941,8.180,6.985
7.331,9.903,2.618,7.420,6.979,5.335,10.419
5.773,9.357,1.933,15.010,9.265,10.091,7.828
8.695,3.272,14.361,7.051,7.371,4.525,6.785
10.490,10.080,9.594,5.408,5.768,4.406,7.841
6.722,10.342,9.598,12.758,12.170,10.430,11.320
7.806,7.079,10.569,13.587,5.764,5.478,13.740
8.780,13.186,9.552,9.493,9.190,9.118,18.647
5.016,4.487,8.595,5.402,5.109,10.191,8.776
9.450,7.811,12.956,7.423,11.450,4.667,7.670
9.140,7.298,12.102,7.691,8.812,11.523,13.916
12.472,9.414,9.975,3.924,2.906,6.894,8.930
9.361,6.419,7.878,7.950,8.156,7.831,8.995
10.295,11.255,7.857,6.408,3.834,9.659,2.156
0.833,11.518,8.252,5.818,13.986,8.010,6.677
9.417,5.377,6.329,8.136,12.631,3.636,1.856
12.737,9.587,4.602,3.950,2.276,9.324,9.689
11.290,9.263,8.260,11.608,6.790,6.585,9.505
3.705,4.490,9.185,9.012,11.558,9.764,9.390
9.384,11.230,5.299,9.655,9.690,14.364,5.554
10.295,4.433,6.008,4.218,8.011,8.475,8.542
7.301,8.946,6.642,9.959,4.099,8.398,7.416
10.276,6.276,7.410,5.230,12.636,11.038,8.513
8.492,3.778,6.992,10.228,9.605,8.703,9.630
9.564,7.995,4.614,7.921,10.663,0.500,4.291
6.555,10.133,8.954,10.412,4.104,10.566,8.062
8.448,9.645,9.303,11.670,5.147,5.082,11.104
8.400,9.930,7.687,11.128,11.493,9.193,14.640
3.566,8.648,9.390,5.799,12.403,7.529,12.284
7.711,5.239,10.579,8.239,15.213,8.784,10.044
3.621,11.376,11.660,8.462,7.761,7.575,7.900
7.977,7.101,7.842,6.004,6.906,13.094,9.105
10.287,6.343,5.894,2.470,10.562,11.796,4.663
4.494,2.357,4.791,9.807,6.320,12.799,7.967
13.386,4.796,7.195,5.164,3.282,8.597,5.737
9.226,10.047,7.288,6.074,7.150,8.395,7.616
3.433,6.423,5.445,15.468,7.340,11.405,10.815
10.925,5.320,6.970,7.403,4.587,2.544,7.854
2.968,8.135,7.422,2.841,5.456,10.025,4.879
8.457,9.812,7.608,6.518,7.635,9.008,9.679
7.150,3.443,8.908,4.844,8.808,7.481,10.305
14.935,5.779,8.048,8.386,4.037,11.397,6.173
1.681,8.602,10.112,2.901,6.273,12.264,9.037
9.725,4.391,7.311,6.335,8.436,2.574,2.525
11.847,2.941,6.962,4.046,9.214,11.521,5.852
7.859,10.266,6.728,9.661,3.602,11.385,4.523
6.702,7.423,11.498,12.067,10.368,6.640,6.491
9.433,8.926,6.141,16.589,5.524,6.615,8.092
5.448,1.725,5.146,9.554,9.006,9.262,9.674
7.369,13.487,6.475,7.098,14.931,8.122,6.587
4.812,10.115,2.723,5.154,11.616,4.365,4.115
4.681,3.456,6.403,2.687,6.430,3.979,5.730
11.342,6.343,7.376,10.158,8.159,5.512,9.539
12.445,9.200,5.267,8.352,12.816,8.300,4.031
4.529,5.663,6.386,5.726,8.521,5.677,9.639
5.626,9.672,6.699,4.615,9.633,7.991,12.286
9.979,10.569,10.158,4.170,6.961,13.027,9.165
5.713,4.539,7.256,9.687,9.214,9.683,9.487
7.255,6.681,3.631,7.086,5.044,11.821,6.688
9.797,7.711,7.897,9.268,12.883,13.099,8.581
10.160,10.392,0.500,8.635,14.251,6.499,1.968
9.218,3.839,3.409,3.504,9.011,10.117,3.073
8.643,10.366,5.009,11.705,6.188,0.613,8.980
3.850,4.791,0.500,9.872,5.933,4.753,12.854
8.037,11.058,0.500,10.765,17.452,8.174,6.918
6.533,8.755,14.725,11.516,7.842,5.381,5.454
5.851,11.750,8.701,11.448,8.084,9.009,9.327
8.869,1.470,9.823,11.378,4.739,5.372,4.706
1.032,5.391,10.673,9.984,7.556,10.764,7.887
11.628,11.551,8.229,9.582,7.498,12.996,1.909
5.758,12.380,8.647,4.228,2.606,10.538,14.190
11.716,11.346,9.365,9.495,7.495,6.685,0.500
9.523,6.166,13.180,1.487,6.513,5.733,3.562
9.760,9.566,7.048,0.599,5.803,6.837,5.415
1.380,7.267,9.886,5.903,11.597,9.328,12.338
4.567,7.693,8.250,9.873,9.843,3.248,12.490
8.676,9.420,11.875,5.699,9.572,9.655,11.290
10.919,10.026,9.445,5.979,8.465,7.258,4.977
7.416,3.398,7.988,9.860,7.552,10.328,12.160
8.164,5.459,8.214,2.303,8.772,5.039,5.045
7.651,6.257,8.232,0.500,4.829,7.020,10.426
10.752,12.598,11.213,11.948,13.898,8.214,8.138
7.204,7.214,9.613,11.561,6.263,7.237,4.416
12.980,9.819,8.842,1.925,6.525,8.674,10.808
2.724,7.184,7.395,13.829,8.376,6.036,9.884
3.949,8.294,9.348,11.904,6.076,5.694,3.844
7.508,9.629,8.268,6.863,2.866,11.067,11.395
9.531,3.969,10.868,10.086,4.442,5.687,9.456
11.992,11.649,9.277,10.078,6.616,6.054,10.726
7.692,10.292,9.437,7.167,7.796,6.601,8.969
5.675,6.803,9.538,4.507,4.549,10.434,7.894
8.130,4.308,13.132,6.765,9.048,4.713,9.487
6.964,6.295,5.391,8.163,10.591,10.450,11.368
6.366,7.748,9.996,4.221,8.092,12.763,7.764
4.848,5.703,12.704,9.104,6.672,12.704,6.204
4.357,7.017,12.240,5.524,12.023,6.942,8.044
6.687,13.813,9.837,11.261,6.746,3.181,6.613
12.758,7.333,9.389,6.468,5.527,6.884,4.829
9.250,9.303,9.122,9.421,10.121,8.083,7.435
2.727,5.198,8.881,6.888,12.690,13.608,9.475
12.217,12.468,8.435,11.747,8.611,11.988,12.737
7.278,10.607,7.017,5.641,9.887,8.853,7.629
12.511,5.383,7.663,1.461,3.238,6.331,7.004
8.206,8.335,9.088,8.902,7.866,3.307,6.876
13.140,7.381,5.861,5.242,6.186,12.301,6.433
9.731,11.134,3.270,6.007,10.567,8.107,9.184
7.580,5.242,8.417,2.011,7.402,4.359,7.064
12.115,9.438,7.295,12.334,2.703,0.500,4.138
7.341,7.619,2.531,8.692,7.334,7.797,8.669
7.298,5.649,0.500,6.614,5.702,3.428,11.447
7.582,4.606,2.911,11.178,6.557,5.778,4.984
8.294,11.518,6.457,12.325,6.685,5.258,7.755
6.138,7.157,6.813,4.415,10.627,7.718,11.148
9.430,7.420,13.189,7.885,4.838,3.975,10.356
14.170,7.498,7.213,10.642,6.613,11.147,3.216
4.559,4.812,0.500,5.655,8.995,9.047,11.867
7.194,13.223,9.547,3.277,4.443,8.155,10.791
10.616,9.039,11.528,7.474,9.827,10.592,5.056
7.036,8.263,5.415,9.176,11.068,7.093,7.354
3.957,6.189,5.587,8.067,9.004,9.448,8.623
5.035,0.500,4.317,7.926,2.987,13.623,8.114
7.293,7.352,6.833,6.915,7.647,11.806,7.747
9.868,10.154,5.166,5.578,5.231,4.457,5.356
7.901,7.774,7.554,6.176,6.171,9.726,8.587
10.043,10.339,8.993,9.421,6.520,10.584,11.669
11.386,12.101,12.801,9.730,8.585,2.268,6.922
8.836,13.398,6.850,7.573,7.113,7.453,3.034
7.114,9.926,8.435,11.069,8.319,9.606,9.222
5.036,5.421,9.760,6.732,8.059,7.731,3.907
13.376,15.199,8.005,9.407,8.243,8.361,9.147
7.226,8.992,11.243,10.095,9.913,6.136,1.243
12.755,8.488,9.031,6.029,11.147,5.640,6.062
7.315,3.625,7.534,6.366,6.481,4.004,8.321
7.020,5.542,12.387,5.675,11.377,7.058,7.258
9.332,4.262,6.592,8.422,10.446,8.896,0.500
6.231,2.659,9.636,8.499,11.906,8.540,7.266
11.835,7.173,5.711,6.842,9.380,3.298,9.450
6.662,5.358,7.754,4.833,7.573,0.500,10.202
4.402,8.527,8.901,4.723,11.985,9.474,6.936
6.678,7.458,9.546,5.428,5.053,1.661,6.795
8.630,9.897,11.057,11.333,8.557,7.866,5.090
6.521,9.558,6.118,6.148,2.415,6.974,7.409
8.628,3.386,4.254,6.400,6.063,3.896,7.226
3.857,2.189,6.174,6.540,8.328,17.365,7.547
5.315,7.641,7.312,9.406,4.519,9.749,8.163
11.127,9.479,6.551,6.128,8.805,9.487,11.021
3.602,12.642,15.273,11.121,12.853,7.187,10.300
8.173,8.428,9.169,11.850,1.216,8.332,6.645
7.831,5.988,4.135,8.474,6.300,9.211,3.030
4.849,7.796,3.763,8.782,6.057,8.453,9.544
6.898,7.215,7.047,3.683,6.165,5.221,8.208
9.232,11.151,6.384,6.372,6.779,10.187,12.460
11.298,8.545,9.643,9.635,3.365,7.736,9.151
13.466,8.647,9.909,10.433,11.465,5.409,13.400
7.649,8.888,10.130,1.982,8.536,7.899,8.087
2.620,8.356,10.074,11.011,7.231,4.936,12.910
6.122,6.932,9.959,2.086,13.462,12.510,10.375
7.967,13.484,7.562,7.715,10.588,8.666,8.044
8.632,5.871,11.161,9.401,5.626,7.593,14.449
4.675,9.756,11.393,7.963,11.350,10.694,13.297
3.843,2.613,6.861,9.245,3.995,9.389,6.506
5.682,6.471,8.179,12.567,8.314,12.769,9.348
9.721,12.550,10.348,11.702,8.948,10.410,6.068
11.922,2.897,12.358,3.919,9.463,12.595,5.571
10.419,4.329,10.479,4.449,10.625,2.883,2.733
4.773,7.201,11.202,2.984,10.339,10.140,3.218
10.312,8.848,6.972,5.689,10.691,6.935,11.276
8.837,6.143,9.567,9.208,10.013,8.716,7.654
7.619,13.922,6.956,7.764,7.988,5.198,9.989
4.743,4.662,5.757,8.666,8.509,6.849,9.548
2.386,6.873,10.035,8.743,7.396,10.743,3.684
11.556,7.122,9.818,4.418,6.313,8.935,6.724
5.040,15.403,9.437,7.179,14.162,1.902,4.942
15.056,11.376,8.245,6.296,11.664,7.513,8.789
5.212,4.264,12.160,5.657,9.464,6.821,6.258
9.532,6.650,10.380,6.255,10.234,6.529,7.814
10.297,13.119,8.532,10.869,9.353,9.178,10.599
9.779,9.202,7.772,7.732,7.124,6.995,10.007
13.846,11.488,7.559,10.399,6.398,7.237,10.753
7.479,5.872,9.765,11.350,10.498,9.199,9.729
7.305,10.340,10.015,4.561,4.776,7.784,8.961
7.868,7.883,9.945,9.794,11.895,12.319,5.363
9.901,6.215,14.134,9.098,5.905,8.505,4.348
11.412,10.242,11.494,13.702,9.330,5.649,7.049
10.820,6.933,10.347,11.615,3.938,11.154,9.033
5.588,10.514,11.405,9.869,8.572,9.441,8.426
4.610,7.282,11.845,7.344,7.488,6.638,8.752
10.677,10.464,7.041,6.811,11.784,12.833,5.785
5.289,10.035,6.397,6.297,5.922,3.000,8.964
3.519,6.200,9.801,3.709,6.823,9.879,3.932
12.041,5.713,11.212,2.895,9.204,10.727,11.924
7.058,7.810,9.367,12.749,4.625,7.041,3.724
10.288,5.369,8.319,7.139,5.846,12.587,7.862
6.811,9.031,5.460,8.519,10.742,6.795,6.073
13.022,10.014,7.931,6.359,6.277,7.379,7.896
7.185,8.212,8.794,8.665,6.759,10.795,9.809
4.003,9.756,9.774,9.977,8.786,9.483,2.384
7.307,8.464,7.938,6.995,14.234,7.469,8.290
8.919,4.298,6.775,10.760,12.627,9.696,5.968
9.824,9.124,9.415,3.523,7.760,0.500,7.466
10.493,11.323,8.045,9.084,10.354,8.132,10.612
5.214,9.196,7.968,9.488,12.457,8.054,6.126
6.648,6.898,2.996,5.761,10.250,6.833,6.731
9.789,7.777,4.740,9.461,9.869,10.827,6.378
7.539,14.887,8.948,6.491,4.606,9.614,11.178
11.382,10.282,11.270,6.489,13.074,8.885,7.589
8.939,3.470,7.836,9.006,11.884,12.311,12.864
8.445,8.295,8.402,8.046,8.199,4.687,12.193
12.477,10.709,7.749,8.759,8.969,3.195,8.234
9.399,9.629,14.876,6.041,3.491,4.861,13.703
9.399,6.225,0.500,7.059,2.205,15.223,5.649
6.099,8.581,6.283,8.653,12.725,9.686,5.081
8.347,8.021,0.500,12.620,9.776,8.203,9.288
0.500,3.868,5.995,8.697,17.759,11.967,5.024
13.281,10.620,13.471,7.186,12.755,10.205,8.437
11.495,4.647,7.409,7.148,8.511,11.117,6.473
8.580,10.089,7.173,4.994,6.994,4.771,6.140
9.397,6.790,7.740,1.169,7.904,8.646,9.463
10.618,8.202,9.424,10.252,6.792,9.956,5.385
9.791,11.079,2.588,7.021,12.443,7.971,10.707
12.997,11.336,4.717,7.421,14.889,5.728,10.469
7.033,4.267,6.662,8.010,8.857,9.915,14.129
7.420,12.938,5.644,2.659,4.582,8.599,2.820
6.647,12.876,4.461,8.711,6.452,10.004,6.590
10.945,6.328,2.699,4.383,5.984,2.339,6.538
9.379,8.727,3.745,6.390,9.096,12.616,8.516
9.425,10.593,4.768,6.864,12.267,8.150,5.907
10.046,9.496,7.131,8.021,4.042,0.500,7.849
10.912,7.872,6.065,6.530,10.915,6.908,12.071
6.351,6.479,7.220,5.728,0.500,5.759,7.925
6.385,10.495,9.951,8.013,9.037,5.597,12.935
15.276,6.357,11.050,9.750,5.898,6.801,7.975
9.174,4.077,9.299,8.597,8.503,8.232,8.695
7.948,7.510,10.828,7.326,4.844,2.840,6.674
7.333,9.554,9.114,13.197,11.487,11.457,8.355
10.091,4.600,8.844,10.268,5.098,10.066,7.760
9.253,4.917,7.512,7.068,8.407,9.456,9.422
7.773,12.060,13.471,5.505,6.752,0.603,6.857
6.263,9.437,14.344,4.241,7.577,8.752,5.303
10.753,6.229,8.448,10.053,6.363,5.257,8.143
10.429,12.493,10.670,7.451,12.958,6.181,8.799
8.475,11.124,9.910,5.851,5.956,4.221,0.500
8.841,7.725,8.481,6.366,9.450,10.362,6.228
8.992,7.499,9.105,6.571,14.905,8.437,8.105
9.470,6.592,8.287,8.476,9.355,4.974,7.615
8.898,12.749,7.977,9.822,5.237,4.269,10.195
4.438,7.534,6.850,6.946,10.315,7.189,8.567
5.407,11.230,6.865,5.578,10.337,12.589,11.703
11.052,8.175,1.384,9.412,10.049,7.110,9.073
11.474,9.849,3.624,5.861,11.176,9.349,6.123
5.762,8.727,6.320,12.211,6.821,10.262,7.341
9.248,3.465,8.443,8.067,10.717,9.063,13.124
4.663,1.164,15.372,10.352,7.494,6.738,7.352
5.617,11.217,10.002,6.604,8.177,8.093,8.834
6.158,10.266,4.589,7.283,7.320,8.079,7.905
10.463,9.528,4.357,7.096,10.492,10.104,11.808
14.936,9.447,7.945,5.821,3.052,11.932,8.383
8.987,11.328,6.281,8.643,5.462,3.315,4.862
7.360,10.984,3.300,10.523,6.305,11.280,11.659
1.759,12.596,5.495,1.850,6.512,5.269,12.204
4.729,5.712,6.768,1.117,7.894,6.728,9.230
9.269,13.267,8.250,7.393,2.688,7.626,10.891
6.557,5.616,4.837,13.787,5.953,7.900,14.410
8.549,8.656,6.088,11.985,7.975,11.600,9.299
11.428,12.537,8.538,13.224,7.285,7.231,5.447
5.267,9.499,9.371,6.655,5.570,1.892,4.913
9.100,10.367,10.859,8.499,5.079,11.516,9.224
9.629,7.280,9.509,9.806,10.333,1.449,6.376
5.645,7.838,7.978,9.657,9.574,6.715,10.958
6.379,11.419,13.843,8.094,7.701,8.971,10.095
11.192,8.619,8.595,7.117,6.820,5.506,6.990
15.241,8.582,11.921,11.962,6.747,8.311,4.821
10.884,10.669,7.052,9.256,7.468,10.173,12.742
7.978,3.899,10.045,9.451,10.522,10.165,16.578
6.375,8.337,5.374,8.573,6.391,6.501,9.805
5.914,3.710,8.740,6.390,11.965,8.061,6.739
11.710,15.042,6.277,7.996,6.726,11.906,6.110
9.041,4.005,6.453,9.076,2.597,9.633,6.397
9.531,6.233,6.690,9.060,12.695,10.234,4.798
8.867,4.915,5.868,3.332,3.545,9.858,10.369
10.562,9.910,0.500,6.206,10.885,8.051,5.342
12.303,7.579,9.525,7.621,4.434,5.066,6.322
14.227,11.807,6.913,14.330,4.471,8.127,5.940
3.431,7.965,1.294,8.961,6.097,11.782,9.198
6.026,9.924,8.455,1.655,7.418,4.787,6.440
10.774,13.465,13.298,3.485,4.709,4.900,7.430
10.850,7.881,8.427,4.117,3.674,8.704,3.885
11.637,0.500,10.005,6.972,11.281,8.614,7.488
10.787,7.797,8.074,7.218,7.273,3.759,11.143
12.695,3.428,7.725,3.620,12.380,8.087,9.504
6.438,5.778,9.223,7.989,5.847,11.880,3.397
6.014,5.258,13.071,7.138,11.727,8.300,6.453
7.488,7.718,12.540,2.900,7.445,7.794,9.322
8.908,3.975,10.925,7.263,4.209,11.156,8.346
6.882,11.147,9.170,8.858,6.787,7.891,5.930
8.130,9.047,9.837,8.677,7.421,8.445,3.724
7.536,8.155,5.635,6.931,6.581,6.877,7.888
7.783,10.592,7.689,6.886,11.689,2.889,2.908
6.129,7.093,9.019,7.899,2.918,8.351,10.371
4.122,9.448,6.077,12.068,13.702,7.696,10.427
9.402,13.623,7.791,10.444,4.629,2.742,6.025
7.634,11.806,7.749,6.916,2.933,7.910,7.826
6.441,4.457,4.701,3.244,6.551,10.278,7.252
6.008,9.726,9.618,9.829,6.945,13.103,4.425
6.258,10.584,8.672,13.335,10.781,4.081,10.977
3.242,2.268,5.026,5.031,7.472,8.881,8.865
10.406,7.453,11.725,4.576,4.324,9.897,6.977
16.024,9.606,9.263,5.943,8.643,8.797,9.520
3.931,7.731,6.585,7.840,11.523,12.282,11.208
4.230,8.361,9.005,5.781,11.919,1.597,12.038
6.496,6.136,10.399,7.384,7.121,8.049,8.476
7.365,5.640,9.490,6.516,10.219,5.698,4.554
12.327,4.004,1.623,7.547,2.546,11.973,12.210
7.114,7.058,5.083,14.186,6.712,8.064,8.332
6.058,8.896,6.068,13.463,0.500,8.896,9.760
2.713,8.540,6.182,4.137,7.429,6.056,8.691
11.547,3.298,8.241,10.103,8.330,11.046,11.204
6.886,0.500,8.170,10.774,4.093,6.482,8.163
13.194,9.474,6.954,7.384,11.268,5.116,7.915
9.578,1.661,0.821,3.793,9.219,7.062,7.372
5.531,7.866,6.741,5.057,8.198,10.561,11.137
11.369,6.974,5.761,6.753,6.261,6.761,6.641
2.605,3.896,6.463,5.769,9.259,3.037,8.899
10.692,17.365,9.555,8.874,3.234,6.684,9.718
5.864,9.749,10.443,9.821,10.386,2.226,10.973
1.323,9.487,9.476,7.545,12.623,10.819,11.608
5.797,7.187,6.485,7.757,7.849,4.935,5.092
11.914,8.332,4.997,5.601,9.979,10.047,5.615
13.728,9.211,0.500,9.766,10.531,8.313,5.867
9.566,8.453,2.707,11.213,7.286,6.936,10.497
4.480,5.221,8.444,7.772,6.602,9.333,5.332
8.614,10.187,7.247,6.211,10.209,5.013,6.322
6.241,7.736,6.839,4.942,2.691,6.964,10.822
9.590,5.409,7.058,9.611,7.571,8.362,6.736
11.279,7.899,8.679,3.555,8.192,7.450,15.689
9.037,4.936,11.559,8.959,5.368,10.616,11.675
6.440,12.510,9.304,8.377,5.548,6.237,9.151
7.669,8.666,11.382,5.467,7.048,1.878,10.353
8.934,7.593,16.663,7.155,7.460,7.497,9.614
7.595,10.694,7.317,9.976,9.164,5.970,9.966
3.538,9.389,6.594,4.178,10.501,1.020,6.677
7.184,12.769,7.049,8.592,9.000,9.876,10.610
8.491,10.410,7.299,14.040,9.725,5.173,8.764
7.720,12.595,7.660,6.891,8.470,10.907,4.727
6.328,2.883,5.423,6.158,9.635,8.634,4.188
9.271,10.140,15.843,4.761,7.169,8.260,6.436
10.160,6.935,10.355,13.962,12.571,11.849,5.208
8.101,9.208,9.806,12.292,6.559,7.849,10.978
6.988,7.764,10.839,3.618,7.761,12.071,6.206
4.096,8.666,12.460,3.720,13.311,7.925,9.098
3.439,8.743,14.208,8.672,9.153,12.935,2.911
7.997,4.418,11.666,9.623,0.500,7.975,8.119
7.255,7.179,10.055,7.648,11.188,8.695,8.651
7.171,6.296,8.099,12.309,6.532,6.674,7.770
4.722,5.657,13.101,11.059,10.013,8.355,14.141
7.166,6.255,6.866,6.517,10.124,7.760,12.048
6.855,10.869,10.547,3.910,7.090,9.422,9.675
6.095,7.732,7.417,4.009,13.872,6.857,10.034
7.717,10.399,8.303,9.428,6.808,5.303,7.874
14.221,11.350,9.398,9.713,5.118,8.143,4.875
6.503,4.561,5.369,9.475,6.447,8.799,11.805
14.052,9.794,9.298,6.505,9.637,0.500,11.560
4.853,9.098,7.290,8.047,11.359,6.228,1.231
8.474,13.702,6.655,14.421,5.421,8.105,5.881
6.886,11.615,6.303,9.333,6.213,7.615,10.594
9.096,9.869,7.448,10.246,12.360,10.195,10.021
11.400,7.344,11.049,8.439,9.863,8.567,6.653
8.581,6.811,13.298,8.764,5.332,11.703,7.092
8.228,6.297,10.651,6.048,8.395,9.073,7.754
9.745,3.709,8.262,11.359,8.864,6.123,10.535
9.286,2.895,8.102,5.689,10.813,7.341,12.487
7.953,12.749,8.542,8.090,9.212,13.124,6.456
7.825,7.139,5.484,9.877,5.776,7.352,6.026
8.930,8.519,5.804,11.104,7.048,8.834,8.962
9.891,6.359,6.804,6.444,5.829,7.905,7.111
6.065,8.665,2.802,9.250,10.477,11.808,10.142
11.839,9.977,4.171,9.349,10.653,8.383,3.473
6.043,6.995,4.287,7.899,4.666,4.862,4.842
5.113,10.760,10.353,5.774,11.208,11.659,7.021
8.653,3.523,9.913,7.942,7.008,12.204,3.945
4.331,9.084,2.499,10.740,6.888,9.230,11.412
5.445,9.488,7.198,7.255,10.126,10.891,9.557
5.378,5.761,0.500,9.447,8.248,14.410,10.963
1.145,9.461,9.385,7.939,4.102,9.299,7.116
12.061,6.491,5.232,2.871,11.557,5.447,7.900
4.819,6.489,6.191,6.974,6.883,4.913,9.043
10.498,9.006,13.117,12.298,8.059,9.224,7.208
9.158,8.046,6.112,4.414,13.221,6.376,10.134
8.728,8.759,5.557,7.431,8.730,10.958,8.393
5.853,6.041,2.282,6.386,7.544,10.095,8.502
5.097,7.059,8.645,4.556,8.998,6.990,7.808
7.117,8.653,14.847,4.560,8.176,4.821,7.442
4.552,12.620,9.411,9.503,11.082,12.742,9.780
11.596,8.697,6.745,7.178,9.193,16.578,6.196
2.457,7.186,7.825,10.527,11.369,9.805,11.802
9.721,7.148,7.338,9.097,11.399,6.739,7.631
7.324,4.994,8.800,12.362,8.521,6.110,4.771
3.226,1.169,8.804,6.501,14.422,6.397,8.142
8.634,10.252,9.724,8.863,5.084,4.798,11.784
9.940,7.021,9.653,10.159,9.708,10.369,8.528
8.623,7.421,7.267,6.973,11.864,5.342,6.064
7.869,8.010,5.050,4.001,5.789,6.322,7.579
6.244,2.659,2.885,7.438,4.853,5.940,5.396
0.500,8.711,5.899,12.121,11.562,9.198,15.437
7.894,4.383,9.498,4.419,6.421,6.440,7.759
9.096,6.390,6.479,9.346,11.869,7.430,8.470
8.370,6.864,8.408,7.750,10.824,3.885,6.951
9.459,5.711,8.502,10.576,6.861,10.020,6.208
13.113,3.409,7.115,13.775,7.372,10.640,10.335
8.186,8.986,4.367,3.636,9.037,10.257,7.124
5.463,11.385,7.610,8.699,2.004,10.105,11.383
9.166,9.997,5.181,6.745,9.533,9.093,7.908
7.214,3.063,7.872,8.259,11.624,4.754,8.173
12.140,4.471,13.265,6.968,10.477,5.714,11.266
12.997,5.817,11.831,7.416,9.089,8.925,9.259
10.319,5.995,9.549,7.760,8.795,5.078,6.480
12.934,9.656,8.647,5.760,4.708,6.062,6.791
8.153,8.103,8.054,4.857,8.200,9.330,11.890
9.842,13.208,7.164,8.729,5.657,9.148,9.421
9.310,11.454,9.005,5.043,4.849,9.712,12.389
3.027,3.794,8.458,11.927,6.323,11.450,10.123
3.453,6.622,7.837,5.902,4.615,10.082,6.965
11.458,9.167,9.032,4.151,5.252,17.216,7.261
6.222,9.066,6.943,5.379,12.935,8.191,12.766
5.645,4.157,12.206,6.107,7.093,8.600,9.415
6.506,5.446,11.140,2.427,7.720,11.924,13.543
13.507,4.961,6.369,6.434,10.293,7.230,8.399
11.006,6.202,8.423,5.530,8.013,10.255,4.549
9.386,7.368,6.161,5.510,9.417,2.820,5.089
9.575,9.181,6.886,9.234,7.221,8.094,11.069
6.831,16.053,6.073,6.929,5.594,8.757,7.272
13.029,1.751,11.093,5.506,11.641,6.433,6.182
11.404,6.800,3.728,9.124,3.988,7.378,7.957
8.121,12.203,6.782,3.237,12.293,13.644,1.548
3.033,7.577,1.326,11.776,10.786,9.776,8.265
10.547,10.589,7.190,9.259,11.880,3.659,7.733
9.703,7.363,7.320,17.371,9.922,6.122,4.438
6.028,8.102,4.346,10.919,4.588,6.680,9.863
5.257,14.525,10.610,14.842,5.039,11.710,9.460
5.161,6.790,14.020,10.561,8.955,8.718,8.271
11.228,9.004,8.384,9.461,9.915,8.725,8.858
4.811,3.254,9.460,0.500,10.570,9.094,10.830
4.461,11.708,8.386,8.828,9.207,3.952,10.851
8.695,6.904,8.883,2.620,11.998,6.833,6.957
10.437,6.635,12.289,4.357,6.658,11.686,5.360
7.557,7.238,9.039,8.680,9.348,6.088,7.725
5.385,3.581,13.006,4.453,11.414,10.648,9.780
7.438,9.152,7.813,3.732,5.883,7.136,12.384
7.746,5.607,8.340,8.185,3.425,8.311,8.697
10.975,9.509,12.951,0.741,8.876,8.709,11.548
5.658,3.203,10.295,6.144,10.155,10.642,11.631
10.839,11.094,4.540,11.085,6.898,5.664,5.557
6.997,7.699,8.007,11.868,5.888,8.106,7.215
8.105,9.333,5.691,10.148,4.669,8.596,8.428
12.310,15.807,2.613,8.434,8.580,9.245,11.523
9.395,8.723,5.220,3.066,7.021,10.056,6.062
11.363,4.010,8.480,8.471,8.796,6.901,11.917
12.185,6.032,6.263,10.123,8.882,13.983,12.029
6.832,3.796,4.669,9.191,7.747,8.286,3.942
3.451,4.107,6.816,2.927,11.048,7.004,13.979
7.180,7.298,9.100,8.689,6.936,9.181,6.780
5.460,6.703,7.399,1.198,8.737,6.809,8.508
3.860,8.314,5.422,11.501,4.065,12.506,5.302
6.304,8.092,0.500,7.939,4.508,9.718,6.505
5.522,8.204,4.768,7.776,7.335,5.109,12.350
9.635,6.106,13.882,5.427,9.248,8.989,5.902
4.931,5.122,13.678,9.317,7.311,12.222,9.684
6.076,6.208,5.654,9.066,9.708,9.169,5.999
13.812,10.335,3.917,10.681,7.225,7.562,6.538
9.008,7.124,4.839,8.435,9.752,4.647,12.741
5.667,11.383,6.207,2.375,8.122,8.038,9.698
7.666,7.908,4.269,9.746,5.222,8.936,4.440
6.904,8.173,7.122,5.752,3.297,5.280,6.656
8.664,11.266,5.606,11.044,8.999,8.400,6.191
5.309,9.259,7.063,7.186,4.744,9.985,5.825
4.199,6.480,8.260,3.031,11.375,7.913,10.704
12.808,6.791,11.598,4.736,4.731,9.273,8.049
9.057,11.890,8.587,7.958,8.652,7.793,7.293
9.907,9.421,9.395,6.917,10.920,6.666,8.176
7.183,12.389,8.461,8.649,9.782,7.387,9.513
11.112,10.123,8.028,7.316,2.273,11.470,2.187
10.964,6.965,6.339,9.315,7.644,7.420,7.645
6.283,7.261,9.623,7.965,13.616,15.010,8.345
7.543,12.766,6.574,8.991,7.910,7.051,10.332
5.639,9.415,4.741,6.848,6.126,5.408,10.642
9.982,13.543,5.274,7.818,9.313,12.758,9.357
7.928,8.399,4.105,3.720,7.806,13.587,9.065
8.161,4.549,13.560,7.328,11.814,9.493,3.144
10.733,5.089,9.259,8.877,6.417,5.402,8.053
0.951,11.069,15.286,4.950,10.460,7.423,8.418
11.053,7.272,7.843,12.342,8.088,7.691,4.280
3.356,6.182,6.777,8.030,8.299,3.924,6.185
4.753,7.957,10.914,3.611,8.806,7.950,5.474
11.616,1.548,8.270,4.024,6.234,6.408,8.381
7.716,8.265,6.883,7.117,5.783,5.818,11.231
7.321,7.733,8.880,10.395,3.291,8.136,6.337
7.478,4.438,6.708,4.827,10.727,3.950,9.548
11.229,9.863,5.233,8.196,5.323,11.608,5.653
5.154,9.460,7.957,3.717,3.346,9.012,7.672
2.719,8.271,6.372,10.475,8.647,9.655,5.654
9.483,8.858,6.464,6.692,8.143,4.218,3.160
8.185,10.830,8.673,8.572,8.896,9.959,8.534
7.624,10.851,10.068,10.578,7.245,5.230,7.553
8.721,6.957,10.037,4.586,13.041,10.228,5.542
9.407,5.360,14.254,3.410,7.211,7.921,3.485
8.258,7.725,9.831,1.470,2.007,10.412,8.170
11.103,9.780,7.319,1.868,10.059,11.670,6.700
9.288,12.384,12.480,16.798,11.048,11.128,10.379
7.614,8.697,11.625,9.069,6.067,5.799,5.862
6.899,11.548,10.178,11.141,9.209,8.239,10.154
14.719,11.631,4.253,6.340,8.644,8.462,7.576
6.389,5.557,9.822,6.680,9.066,6.004,5.360
11.988,7.215,11.272,6.242,6.762,2.470,5.273
5.843,8.428,8.540,9.720,9.467,9.807,11.358
11.751,11.523,9.830,4.461,11.089,5.164,9.309
2.999,6.062,11.582,7.647,7.742,6.074,7.380
9.391,11.917,7.761,9.016,7.702,15.468,5.160
7.675,12.029,10.205,8.323,2.765,7.403,7.375
7.444,3.942,10.192,5.880,10.351,2.841,8.304
13.688,13.979,6.985,4.327,5.435,6.518,3.086
8.559,6.780,7.249,2.752,5.595,4.844,6.129
8.122,8.508,6.770,5.879,10.664,8.386,7.189
6.778,5.302,5.309,9.620,11.643,2.901,8.924
6.249,6.505,5.131,6.906,9.601,6.335,5.584
10.017,12.350,0.500,6.832,10.078,4.046,5.725
8.620,5.902,0.500,6.865,10.551,9.661,3.209
7.650,9.684,13.569,8.143,6.661,12.067,10.954
8.281,9.151,6.863,7.849,7.678,11.637,7.626
5.802,5.368,0.501,12.071,4.855,10.787,6.729
1.109,10.311,1.623,7.925,8.285,12.695,4.173
4.744,12.714,10.866,12.935,6.117,6.438,6.482
8.104,5.716,6.626,7.975,9.066,6.014,7.012
4.719,6.926,3.611,8.695,12.679,7.488,15.814
6.162,12.139,5.803,6.674,11.139,8.908,5.804
8.907,9.736,5.095,8.355,6.006,6.882,6.956
8.325,11.339,4.777,7.760,9.112,8.130,4.075
10.146,10.228,1.074,9.422,6.995,7.536,12.670
10.218,17.552,11.247,6.857,10.485,7.783,7.134
1.617,5.348,6.979,5.303,8.338,6.129,9.631
10.239,5.557,7.695,8.143,13.551,4.122,6.997
12.719,4.265,7.503,8.799,10.828,9.402,1.638
4.041,6.952,7.612,0.500,7.946,7.634,8.590
10.326,13.431,6.080,6.228,11.065,6.441,1.911
3.368,8.214,8.428,8.105,8.058,6.008,3.972
6.473,4.093,4.029,7.615,4.268,6.258,6.059
11.298,6.941,6.765,10.195,7.593,3.242,8.468
0.551,3.344,7.324,8.567,4.288,10.406,6.979
4.186,7.415,4.923,11.703,6.083,16.024,8.022
0.500,11.889,4.685,9.073,12.834,3.931,12.144
14.624,10.357,5.397,6.123,6.919,4.230,12.203
6.315,7.575,4.424,7.341,5.634,6.496,12.518
5.615,7.013,3.978,13.124,5.706,7.365,10.235
10.757,7.290,15.421,7.352,4.942,12.327,5.782
15.646,2.035,7.393,8.834,8.399,7.114,8.699
7.954,10.546,8.303,7.905,7.671,6.058,11.276
10.719,7.262,9.153,11.808,4.961,2.713,10.581
9.508,10.594,9.726,8.383,8.811,11.547,8.436
8.534,2.760,11.602,4.862,6.534,6.886,6.213
6.362,8.842,6.982,11.659,10.706,13.194,3.582
4.343,8.404,13.035,12.204,4.825,9.578,3.147
14.761,8.850,9.786,9.230,8.270,5.531,9.428
3.646,10.663,8.391,10.891,7.711,11.369,10.004
5.438,7.544,8.145,14.410,10.859,2.605,5.248
10.156,3.870,7.568,9.299,12.179,10.692,17.522
9.169,4.391,12.745,5.447,8.632,5.864,10.188
13.356,6.327,8.482,4.913,8.629,1.323,10.613
7.143,10.096,10.526,9.224,8.877,5.797,5.978
7.045,7.302,10.475,6.376,6.878,11.914,7.925
7.251,3.635,11.053,10.958,4.751,13.728,8.801
8.543,10.077,7.963,10.095,10.682,9.566,8.004
8.650,7.263,8.190,6.990,5.383,4.480,2.164
7.145,2.940,6.728,4.821,2.750,8.614,7.338
6.514,8.863,5.722,12.742,5.559,6.241,4.106
9.225,10.724,8.510,16.578,10.998,9.590,10.274
10.128,9.367,10.395,9.805,3.178,11.279,2.180
6.507,7.709,9.059,6.739,7.706,9.037,14.690
7.329,10.595,7.047,6.110,10.747,6.440,12.894
4.457,11.951,7.159,6.397,4.643,7.669,8.014
2.327,7.499,10.414,4.798,7.943,8.934,5.357
9.524,8.461,9.725,10.369,6.358,7.595,10.577
4.200,6.330,10.495,5.342,5.842,3.538,5.295
6.612,9.429,9.470,6.322,10.424,7.184,6.685
7.482,6.894,12.210,5.940,13.236,8.491,12.903
9.678,4.589,10.927,9.198,7.457,7.720,10.123
7.256,6.028,8.980,6.440,6.661,6.328,5.984
4.758,11.041,12.213,7.430,5.501,9.271,5.133
5.079,8.702,12.103,3.885,7.192,10.160,9.787
8.421,9.000,5.520,1.834,8.914,6.003,10.327
8.317,5.681,10.031,5.597,6.334,12.072,2.633
10.016,7.904,3.993,5.730,4.803,11.081,7.756
7.570,7.387,9.311,3.939,9.280,13.034,5.586
0.500,6.070,9.248,8.265,4.116,12.495,1.317
9.870,7.668,8.979,5.870,9.113,6.391,13.624
7.295,6.999,7.319,17.118,1.406,6.282,4.558
11.257,0.726,8.053,9.431,6.028,12.374,7.263
9.853,2.044,8.352,13.284,9.582,10.891,6.790
8.579,7.754,11.432,7.161,7.869,4.408,11.870
8.442,3.352,10.387,10.679,9.151,13.453,6.230
9.938,9.751,11.895,10.125,5.197,9.678,6.118
7.598,6.753,10.579,13.709,7.345,9.081,12.066
5.194,15.359,11.965,9.668,13.142,8.004,7.529
8.644,7.821,11.464,10.447,10.702,4.345,7.603
13.191,12.659,12.828,1.552,9.958,7.721,11.821
6.696,6.501,13.949,6.759,6.165,5.791,13.563
9.665,4.853,6.941,8.268,10.164,5.621,8.144
8.358,2.689,8.400,10.547,6.268,11.783,8.226
10.469,5.442,12.027,6.099,1.454,8.760,5.153
3.756,9.740,12.420,7.351,6.366,10.476,6.782
6.744,6.552,9.435,9.170,7.211,7.102,6.769
9.429,0.500,10.073,6.574,6.653,6.657,12.287
4.800,4.877,9.373,6.860,6.406,10.481,1.709
7.570,7.048,8.508,7.158,5.647,11.911,12.286
9.586,9.326,7.519,10.076,8.198,5.571,5.646
8.529,9.320,7.340,9.996,4.787,8.921,14.415
11.093,8.953,7.991,5.804,9.481,11.447,9.724
8.714,9.865,7.935,11.491,6.918,7.079,14.609
6.450,13.121,9.339,10.930,7.252,4.505,12.556
10.249,6.418,7.619,6.077,6.806,14.215,3.478
10.743,6.838,8.710,6.591,2.325,5.319,11.196
0.805,9.212,6.407,2.672,9.513,10.396,12.188
3.933,9.759,6.764,10.572,4.575,7.797,4.950
7.550,7.041,6.953,12.894,8.611,8.203,10.342
5.586,11.336,8.384,10.075,5.988,7.774,6.912
8.827,9.931,11.682,10.120,6.284,5.846,9.890
5.552,7.777,7.818,11.336,6.083,6.121,11.788
7.638,12.895,7.327,8.749,10.699,5.230,8.415
10.846,6.173,7.843,9.792,13.496,4.576,10.717
7.634,6.896,1.347,7.476,9.305,10.866,1.810
11.162,2.926,3.103,11.445,8.768,8.283,9.190
9.974,7.019,3.243,4.602,6.870,8.902,3.554
3.092,8.842,13.979,9.793,9.139,9.191,11.281
11.391,7.559,7.287,5.462,5.705,8.365,8.423
7.356,8.536,7.720,3.806,10.996,11.954,9.135
8.117,7.355,6.330,11.773,10.484,8.774,3.661
8.320,7.716,0.787,12.431,7.766,9.891,11.531
5.536,6.477,6.193,11.059,10.020,6.921,7.669
7.097,4.563,9.309,6.329,3.548,10.386,12.752
0.694,8.541,1.266,12.460,13.218,9.086,11.319
7.319,7.101,12.132,3.742,6.076,7.322,7.061
4.383,3.828,7.249,1.193,4.757,11.128,6.814
7.896,2.888,5.171,6.363,10.813,5.338,10.880
4.806,9.557,4.431,9.242,7.769,13.036,7.865
8.003,7.746,6.479,14.085,6.148,4.085,7.131
4.152,5.805,4.346,2.691,5.132,10.518,4.243
5.538,11.460,3.932,1.512,11.987,6.289,8.604
6.435,11.705,7.123,4.522,6.517,9.582,6.546
8.915,9.439,6.459,6.646,6.293,9.305,9.176
10.974,8.101,7.717,6.058,8.654,6.208,5.093
2.011,6.988,4.211,8.327,8.598,10.335,9.004
12.184,4.096,5.865,12.797,10.206,7.124,7.935
4.466,3.439,7.677,8.455,9.282,11.383,5.072
10.267,7.997,9.880,9.095,13.045,7.908,5.036
5.559,7.255,11.010,12.830,5.768,8.173,3.101
9.190,7.171,12.576,6.228,9.282,11.266,7.801
4.009,4.722,9.265,5.006,9.238,9.259,4.359
10.728,7.166,7.831,9.706,11.952,6.480,4.736
10.968,6.855,7.848,9.894,12.238,6.791,5.642
9.510,6.095,4.985,7.155,3.883,11.890,9.282
9.840,7.717,4.624,0.500,6.506,9.421,4.820
4.973,14.221,0.500,7.537,6.625,12.389,7.573
7.432,6.503,2.108,8.560,8.221,10.123,7.178
7.003,14.052,6.362,8.713,11.828,6.965,6.849
10.313,4.853,14.212,6.935,7.385,7.261,8.454
2.087,8.474,11.771,10.020,7.798,12.766,0.500
3.653,6.886,9.170,7.650,3.146,9.415,9.374
7.584,9.096,5.943,3.738,9.734,13.543,4.003
8.979,11.400,10.316,9.081,8.347,8.399,9.144
6.015,8.581,10.105,8.907,8.221,4.549,7.819
4.999,8.228,7.985,9.630,9.469,5.089,8.368
12.286,9.745,10.632,11.274,10.903,11.069,7.531
7.098,9.286,5.348,8.813,6.054,7.272,8.724
9.836,7.953,7.636,5.573,11.972,6.182,11.085
5.941,7.825,9.836,8.176,9.913,7.957,5.444
4.296,8.930,3.726,7.369,7.199,1.548,11.531
4.745,9.891,5.808,5.295,7.063,8.265,6.715
6.817,6.065,6.498,4.042,8.785,7.733,8.754
6.083,11.839,0.500,4.984,12.368,4.438,12.734
4.418,6.043,6.744,2.765,10.826,9.863,11.205
10.461,5.113,6.903,8.592,6.199,9.460,10.408
9.299,8.653,5.335,10.628,12.655,8.271,6.205
3.927,4.331,4.746,6.890,3.367,8.858,9.155
5.824,5.445,10.851,4.356,7.445,10.830,6.656
7.561,5.378,5.491,12.634,10.158,10.851,4.064
2.331,1.145,10.817,9.813,10.597,6.957,9.682
7.304,12.061,8.045,5.140,9.674,5.360,5.531
7.469,4.819,9.497,10.868,9.022,7.725,7.868
6.396,10.498,6.910,6.874,3.255,9.780,6.593
12.270,9.158,10.541,5.848,8.872,12.384,0.615
9.679,8.728,6.969,10.033,9.789,8.697,7.956
6.529,5.853,10.288,10.662,9.629,11.548,6.351
9.647,5.097,12.399,9.799,12.743,11.631,12.258
5.596,7.117,6.636,4.166,7.433,5.557,8.832
8.780,4.552,9.788,10.673,11.193,7.215,8.152
10.414,11.596,7.001,11.306,9.300,8.428,11.432
4.485,2.457,11.332,11.534,7.462,11.523,7.637
7.589,9.721,11.702,11.330,12.155,6.062,11.220
12.050,7.324,8.286,10.620,7.879,11.917,6.573
7.871,3.226,9.362,8.652,12.602,12.029,8.925
6.894,8.634,10.323,6.416,8.680,3.942,7.321
8.130,9.940,6.666,8.033,5.327,13.979,9.142
6.847,8.623,12.428,7.304,11.675,6.780,6.806
3.846,7.869,9.094,2.633,12.620,8.508,11.902
4.382,6.244,10.823,5.052,4.303,5.302,3.695
4.734,0.500,13.056,14.736,3.089,6.505,8.735
8.694,7.894,6.108,4.298,8.221,12.350,6.587
8.522,9.096,5.474,4.179,10.381,5.902,6.659
6.860,8.370,4.438,5.653,8.998,9.684,8.598
6.614,7.836,10.391,7.836,7.312,9.851,9.897
6.180,8.432,9.826,8.432,3.341,6.959,4.887
10.877,5.505,10.364,5.505,6.591,3.090,5.806
3.964,13.616,10.140,13.616,4.069,7.069,8.948
5.691,11.748,13.579,11.748,8.535,5.022,8.942
7.942,7.997,10.409,7.997,8.482,2.016,8.681
4.152,8.504,13.094,8.504,5.988,6.107,6.812
8.564,7.249,7.006,7.249,8.164,8.936,9.024
5.441,11.360,9.544,11.360,3.803,6.987,4.824
9.265,11.736,9.740,11.736,7.584,8.775,4.532
12.851,11.093,9.920,11.093,6.729,6.779,4.553
3.924,7.686,8.699,7.686,8.147,2.202,6.524
9.491,9.045,6.952,9.045,5.480,10.731,8.374
8.295,8.514,5.513,8.514,9.971,14.850,9.697
10.364,9.603,5.688,9.603,8.618,8.039,9.033
12.193,11.311,6.669,11.311,2.394,6.867,8.405
8.121,10.828,5.839,10.828,11.098,10.273,12.150
5.009,7.456,8.945,7.456,5.654,14.039,6.866
11.168,6.794,7.561,6.794,10.483,8.529,3.665
6.211,11.381,9.495,11.381,7.456,9.747,12.235
6.816,6.532,6.834,6.532,5.941,11.078,5.948
4.991,6.545,9.165,6.545,7.716,7.871,5.507
9.743,10.309,8.774,10.309,11.073,4.355,8.832
5.247,10.557,7.917,10.557,8.034,12.196,7.103
7.975,1.460,4.484,1.460,8.623,9.522,6.802
11.665,4.789,10.983,4.789,7.887,2.403,7.437
4.682,9.732,7.885,9.732,8.438,12.749,2.955
3.612,13.443,4.689,13.443,10.291,11.366,9.518
6.643,11.305,11.188,11.305,10.957,8.451,6.316
7.312,8.622,6.768,8.622,4.840,5.771,6.730
11.592,10.391,5.271,10.391,6.421,6.924,0.500
7.168,5.161,7.982,5.161,11.544,8.549,9.446
3.474,10.526,3.854,10.526,9.752,7.430,7.509
5.787,9.562,5.141,9.562,3.978,6.347,2.454
7.672,4.357,0.500,4.357,6.729,15.975,7.887
5.597,4.548,0.500,4.548,8.544,4.088,5.832
7.481,8.370,5.845,8.370,11.926,8.973,9.122
8.721,4.959,6.252,4.959,6.092,5.000,3.121
8.119,8.023,13.336,8.023,4.741,6.425,7.210
2.326,5.623,16.149,5.623,5.639,3.340,16.586
8.684,8.525,10.555,8.525,11.822,6.758,12.650
13.925,11.244,9.924,11.244,4.522,6.262,10.113
7.320,0.894,5.098,0.894,7.581,1.673,8.238
4.083,8.818,5.757,8.818,10.140,7.374,9.402
8.484,12.047,7.524,12.047,5.943,12.117,9.229
12.514,15.640,10.605,15.640,6.281,7.465,7.378
12.722,14.504,10.440,14.504,8.201,9.401,9.176
8.806,8.011,8.168,8.011,10.799,8.059,6.794
8.940,8.258,7.418,8.258,5.959,13.049,5.229
7.826,6.948,5.417,6.948,6.593,8.260,12.956
3.862,10.199,3.637,10.199,2.273,5.783,9.221
3.300,7.807,3.837,7.807,5.890,8.092,5.638
12.923,8.496,6.547,8.496,8.854,5.058,10.758
9.455,9.634,8.105,9.634,1.684,10.526,4.255
11.357,8.762,7.243,8.762,1.729,6.011,8.055
9.072,8.522,8.410,8.522,7.400,4.949,6.265
7.372,13.339,13.775,13.339,11.178,5.434,5.189
7.104,6.201,9.926,6.201,6.746,8.917,11.276
11.509,13.790,7.460,13.790,10.975,9.058,7.603
6.862,11.796,7.268,11.796,12.122,8.870,13.384
8.926,9.792,7.353,13.730,5.999,6.599,7.090
1.725,1.125,6.319,9.546,6.538,7.435,9.697
13.487,8.464,7.504,8.014,12.741,5.018,8.765
10.115,11.079,6.311,8.613,9.698,3.936,2.830
3.456,7.853,4.731,7.390,4.440,5.164,6.749
6.343,6.879,6.459,8.036,6.656,6.833,12.844
9.200,10.402,5.004,7.585,6.191,5.338,5.461
5.663,7.245,4.018,8.644,5.825,2.517,4.551
9.672,1.258,3.044,8.572,10.704,6.904,10.376
10.569,5.346,5.519,13.378,8.049,11.457,2.526
4.539,4.785,3.174,11.052,7.293,11.594,8.047
6.681,6.329,14.335,6.883,8.176,8.333,8.362
7.711,13.737,7.777,4.301,9.513,3.470,8.164
10.392,7.264,6.684,12.014,2.187,9.001,11.510
3.839,2.730,6.980,9.640,7.645,5.804,7.884
10.366,8.193,6.415,8.585,8.345,1.602,13.417
4.791,9.744,6.426,6.720,10.332,11.979,10.638
11.058,2.015,7.649,9.049,10.642,4.682,12.444
8.755,8.830,2.762,7.059,9.357,7.076,4.143
11.750,6.401,10.377,11.408,9.065,11.095,12.092
1.470,10.082,6.258,7.496,3.144,5.863,9.681
5.391,8.709,9.547,9.600,8.053,11.068,11.418
11.551,3.990,5.432,12.239,8.418,9.292,5.471
12.380,3.571,6.124,12.463,4.280,5.702,5.821
11.346,6.786,2.925,8.265,6.185,4.593,5.950
6.166,6.207,0.500,7.733,5.474,9.148,10.423
9.566,2.867,0.603,9.050,8.381,13.573,6.329
7.267,0.708,14.607,7.966,11.231,9.903,7.481
7.693,4.178,7.200,8.125,6.337,4.670,3.297
9.420,5.752,8.613,5.125,9.548,9.890,5.910
10.026,9.726,7.074,7.919,5.653,10.326,8.429
3.398,7.745,12.187,8.790,7.672,5.439,6.874
5.459,9.232,6.691,8.535,5.654,7.398,9.512
6.257,5.681,10.296,6.891,3.160,4.684,8.056
12.598,7.294,8.077,9.263,8.534,6.050,13.057
7.214,9.845,8.795,10.719,7.553,9.363,6.126
9.819,12.449,7.922,6.771,5.542,11.978,3.589
7.184,9.001,9.878,5.001,3.485,11.061,8.976
8.294,5.286,7.668,7.805,8.170,11.664,8.660
9.629,10.142,7.922,5.524,6.700,9.055,6.194
3.969,5.230,11.961,11.585,10.379,11.936,9.726
11.649,4.847,10.641,5.585,5.862,7.731,12.213
10.292,8.283,9.903,13.300,10.154,8.065,5.291
6.803,5.570,9.213,8.759,7.576,8.783,9.417
4.308,5.739,7.405,9.534,5.360,3.519,9.059
6.295,3.721,9.517,8.289,5.273,7.003,9.725
7.748,10.130,10.706,5.853,11.358,4.616,11.336
5.703,8.376,11.370,10.475,9.309,7.999,12.745
7.017,10.015,9.914,7.756,7.380,8.949,14.549
13.813,5.084,10.836,10.218,5.160,5.918,8.898
7.333,5.950,9.798,3.176,7.375,12.110,2.142
9.303,2.476,8.738,7.438,8.304,6.262,8.791
5.198,9.481,9.951,7.998,3.086,14.235,6.342
12.468,4.778,9.601,11.169,6.129,4.457,5.487
10.607,12.964,9.584,10.644,7.189,10.132,9.999
5.383,5.921,12.195,4.394,8.924,8.945,16.987
8.335,9.634,10.510,4.696,5.584,13.822,13.582
7.381,6.768,11.591,3.557,5.725,8.716,5.894
11.134,9.623,11.819,11.361,3.209,5.008,14.672
5.242,13.819,7.584,7.076,10.954,11.852,10.795
12.066,12.401,7.127,7.034,9.345,4.815,5.502
4.774,6.133,4.537,3.681,8.211,12.041,10.336
8.289,9.629,8.905,10.736,7.922,8.148,1.180
9.570,10.392,7.353,9.602,5.470,11.075,4.883
6.558,6.042,3.372,10.594,11.081,8.375,0.500
8.108,6.844,6.918,10.327,7.738,11.624,4.183
7.808,11.569,8.035,9.923,4.454,3.755,12.245
8.062,11.573,6.879,7.183,7.709,12.543,9.922
9.294,5.730,6.464,2.760,10.069,10.768,2.843
11.589,6.873,7.740,6.513,8.553,5.728,14.138
7.157,12.720,8.810,8.586,8.140,5.443,7.733
0.510,6.572,7.043,3.336,4.688,10.449,10.782
9.790,10.211,5.272,8.619,8.636,7.665,7.257
5.941,9.924,5.462,8.420,10.256,6.596,9.680
6.979,6.084,7.902,7.375,14.709,4.925,6.604
9.265,1.347,8.196,8.084,10.663,3.866,7.468
7.371,9.798,5.466,8.662,7.141,9.910,8.035
5.768,6.337,14.601,4.643,6.851,12.254,10.059
12.170,7.138,16.160,8.224,0.500,6.276,6.485
5.764,11.923,7.513,2.602,8.608,7.589,9.445
9.190,10.582,10.012,8.020,11.599,11.780,7.081
5.109,5.621,6.028,6.581,5.895,10.162,10.023
11.450,4.493,7.288,8.742,5.856,7.699,9.745
8.812,9.594,11.232,9.549,3.251,13.665,3.799
2.906,9.310,10.621,8.836,6.994,5.187,7.912
8.156,6.805,5.835,12.979,11.581,6.332,5.893
3.834,10.562,8.295,2.398,6.344,6.761,6.616
13.986,9.622,4.219,10.460,3.813,12.282,11.937
12.631,6.034,0.633,10.254,3.856,3.655,4.178
2.276,2.940,6.298,8.997,5.894,6.205,7.473
6.790,8.824,5.518,7.527,11.262,9.962,4.416
11.558,8.208,11.108,6.797,11.141,4.811,6.515
9.690,9.671,8.905,12.290,7.506,4.840,9.624
8.011,6.031,11.140,6.151,12.145,5.945,12.349
4.099,5.735,9.377,9.071,3.331,9.649,6.699
12.636,3.505,9.123,4.410,9.673,7.237,10.524
9.605,4.656,9.243,11.242,3.820,2.632,13.819
10.663,5.451,14.076,9.678,13.712,10.543,11.932
4.104,4.594,15.240,5.078,7.121,13.534,3.674
5.147,9.454,7.652,7.244,0.500,6.058,7.172
11.493,8.392,7.055,4.993,10.381,11.571,7.033
12.403,8.191,11.292,11.631,9.055,11.148,12.699
15.213,9.704,5.475,7.877,10.669,11.090,6.914
7.761,8.546,11.172,5.889,10.123,4.384,9.900
6.906,1.763,10.213,7.169,6.717,3.341,6.887
10.562,5.954,6.241,13.245,2.916,11.919,4.377
6.320,8.942,0.500,8.747,3.810,12.338,1.028
3.282,8.658,6.310,6.748,10.008,3.208,1.512
7.150,6.956,11.725,6.125,7.138,3.866,7.974
7.340,4.865,9.525,4.131,6.729,6.371,6.555
4.587,0.841,9.667,7.924,6.597,10.174,11.368
5.456,14.735,9.606,9.530,6.565,8.329,13.043
7.635,11.392,8.059,8.125,8.595,13.003,9.455
8.808,6.898,9.028,6.974,6.945,14.881,11.959
4.037,9.579,7.064,2.975,6.197,10.105,9.301
6.273,7.485,6.465,13.160,10.715,10.530,9.275
8.436,8.927,5.273,8.674,3.612,5.520,8.434
9.214,8.029,6.082,11.317,8.942,9.042,9.123
3.602,6.055,6.206,6.073,5.171,11.430,11.156
10.368,7.352,7.445,3.047,5.609,12.631,9.267
3.893,11.745,8.817,8.157,0.500,9.208,8.614
9.379,8.466,9.422,7.003,7.797,7.764,3.759
6.875,4.064,9.735,7.663,3.428,8.666,8.087
14.481,4.393,10.173,0.500,5.778,8.743,11.880
10.260,7.378,7.834,9.492,5.258,4.418,8.300
7.882,12.358,7.285,6.441,7.718,7.179,7.794
13.000,3.759,7.187,8.120,3.975,6.296,11.156
12.663,10.026,10.431,18.661,11.147,5.657,7.891
5.558,12.861,10.157,9.623,9.047,6.255,8.445
15.071,5.616,10.514,7.318,8.155,10.869,6.877
8.523,9.436,9.468,12.251,10.592,7.732,2.889
5.016,10.027,12.214,3.990,7.093,10.399,8.351
3.732,11.291,9.253,10.825,9.448,11.350,7.696
6.659,7.695,10.400,2.953,13.623,4.561,2.742
9.555,2.887,10.228,6.177,11.806,9.794,7.910
11.262,6.639,10.994,3.342,4.457,9.098,10.278
0.500,10.327,12.069,11.285,9.726,13.702,13.103
7.919,10.714,11.858,13.955,10.584,11.615,4.081
9.942,6.998,13.132,8.821,2.268,9.869,8.881
7.166,9.725,11.997,6.106,7.453,7.344,9.897
10.207,10.243,7.399,10.964,9.606,6.811,8.797
10.708,11.792,7.046,6.441,7.731,6.297,12.282
3.789,8.172,7.983,6.481,8.361,3.709,1.597
7.355,3.982,8.560,5.912,6.136,2.895,8.049
7.217,5.745,8.137,14.150,5.640,12.749,5.698
8.636,2.303,8.925,10.982,4.004,7.139,11.973
9.839,5.670,6.833,9.764,7.058,8.519,8.064
8.705,7.169,6.494,6.963,8.896,6.359,8.896
3.414,3.125,7.425,5.089,8.540,8.665,6.056
9.022,8.560,7.628,6.649,3.298,9.977,11.046
17.612,9.361,6.969,7.580,0.500,6.995,6.482
7.714,7.650,7.006,8.352,9.474,10.760,5.116
8.661,5.561,4.057,2.891,1.661,3.523,7.062
10.844,10.902,0.769,4.342,7.866,9.084,10.561
7.211,16.811,0.500,4.363,6.974,9.488,6.761
10.309,7.412,14.177,6.222,3.896,5.761,3.037
7.244,11.822,11.509,6.139,17.365,9.461,6.684
4.116,6.662,6.756,12.299,9.749,6.491,2.226
11.512,7.567,7.499,8.560,9.487,6.489,10.819
12.421,10.333,8.223,8.365,7.187,9.006,4.935
4.600,5.469,5.205,9.883,8.332,8.046,10.047
6.135,7.546,6.595,7.745,9.211,8.759,8.313
7.614,5.440,9.056,7.696,8.453,6.041,6.936
0.790,6.187,5.491,7.910,5.221,7.059,9.333
5.821,10.823,8.913,10.261,10.187,8.653,5.013
5.398,2.421,7.721,7.032,7.736,12.620,6.964
5.039,7.371,6.970,10.295,5.409,8.697,8.362
10.683,3.678,3.932,5.779,7.899,7.186,7.450
2.210,2.942,9.737,8.896,4.936,7.148,10.616
5.850,10.906,7.028,15.714,12.510,4.994,6.237
6.615,7.145,5.423,10.548,8.666,1.169,1.878
4.053,13.210,5.789,12.138,7.593,10.252,7.497
10.698,10.016,8.625,5.698,10.694,7.021,5.970
6.115,7.531,2.974,14.787,9.389,7.421,1.020
7.626,6.516,10.876,12.321,12.769,8.010,9.876
10.535,7.162,0.500,5.531,10.410,2.659,5.173
9.037,8.795,3.703,5.902,12.595,8.711,10.907
9.138,7.242,3.570,6.568,2.883,4.383,8.634
12.000,10.051,12.804,4.614,10.140,6.390,8.260
11.074,12.113,8.024,11.084,6.935,6.864,11.849
7.654,9.095,4.853,9.000,5.801,5.134,5.663
9.989,7.075,4.846,5.681,7.312,7.528,11.814
9.548,7.616,3.743,7.904,5.218,8.138,4.699
3.684,9.194,2.660,7.387,7.380,7.047,6.664
6.724,10.686,7.810,6.070,9.165,7.224,5.775
4.942,7.946,0.500,7.668,6.453,9.019,1.007
8.789,7.722,11.083,6.999,5.696,13.950,8.425
6.258,11.442,7.774,0.726,9.635,6.103,12.655
7.814,7.359,7.355,2.044,4.859,9.621,8.264
10.599,7.797,4.540,7.754,9.694,11.182,2.762
10.007,9.895,7.726,3.352,16.019,6.674,12.094
10.753,8.772,5.507,9.751,4.831,4.654,7.083
9.729,4.076,7.821,6.753,8.526,8.608,6.458
8.961,9.893,7.590,15.359,9.700,7.027,7.059
5.363,3.400,8.199,7.821,2.355,12.197,9.149
4.348,8.941,9.513,12.659,7.250,7.611,6.150
7.049,11.236,6.500,6.501,13.099,8.769,6.482
9.033,13.047,9.247,4.853,5.396,10.913,6.935
8.426,11.522,7.916,2.689,4.628,3.790,14.491
8.752,14.443,9.635,5.442,11.094,5.043,7.231
5.785,9.574,9.881,9.740,10.498,5.360,3.896
8.964,4.543,9.298,6.552,8.508,7.485,5.401
3.932,5.397,9.425,0.500,5.511,9.324,8.825
11.924,10.930,8.709,4.877,4.937,9.928,9.913
3.724,12.461,4.577,7.048,9.418,4.628,5.958
7.862,8.443,5.205,9.326,8.105,3.795,5.344
6.073,5.641,1.706,9.320,4.549,11.130,8.592
7.896,3.433,2.003,8.953,4.027,11.383,6.125
9.809,14.154,3.832,9.865,10.212,7.266,1.840
2.384,11.509,16.116,13.121,11.982,8.715,5.706
8.290,8.401,8.567,6.418,10.253,0.500,14.751
5.968,5.930,7.647,6.838,2.210,9.001,11.639
7.466,10.644,10.336,9.212,6.847,2.554,10.990
10.612,13.376,7.553,9.759,8.169,2.243,8.816
6.126,10.820,6.736,7.041,13.354,8.666,5.816
6.731,5.548,9.951,11.336,6.507,6.162,3.427
6.378,5.526,9.848,9.931,10.319,8.897,6.041
11.178,9.798,9.710,7.777,6.398,5.557,8.270
7.589,9.987,8.443,12.895,7.315,9.916,8.766
12.864,7.493,7.217,6.173,5.688,11.428,5.774
12.193,12.924,8.341,6.896,4.781,8.902,12.035
8.234,4.313,8.355,2.926,6.798,8.112,8.918
13.703,7.312,4.643,7.019,7.654,10.252,7.730
5.649,12.896,6.946,8.842,5.279,7.048,4.963
5.081,7.478,7.349,7.559,8.127,11.027,11.177
9.288,6.240,8.527,8.536,8.686,11.701,7.640
5.024,3.524,7.756,7.355,9.772,9.385,4.149
8.437,8.210,8.628,7.716,7.867,5.476,8.428
6.473,5.107,7.399,6.477,11.176,7.872,4.959
6.140,10.802,10.057,4.563,6.472,11.327,8.779
9.463,9.367,17.393,8.541,5.244,12.961,8.996
5.385,6.950,9.071,7.101,8.232,8.636,6.210
10.707,6.294,10.365,3.828,8.581,8.128,11.579
10.469,5.545,10.720,2.888,12.383,12.863,4.524
14.129,13.046,11.684,9.557,5.053,10.162,11.536
2.820,6.830,9.482,7.746,9.159,7.462,8.010
6.590,6.369,9.587,5.805,5.914,7.530,8.116
6.538,8.600,10.015,11.460,5.410,0.500,9.602
8.516,9.101,9.550,11.705,13.491,9.781,4.242
5.907,8.242,12.553,9.439,11.871,5.324,10.258
8.918,10.504,10.488,10.050,5.277,5.638,8.021
13.608,7.155,11.055,7.356,9.297,8.814,6.530
10.939,8.204,11.297,10.905,10.183,8.480,5.728
12.427,5.855,11.465,11.581,15.149,7.718,8.013
10.811,10.366,12.312,0.500,8.741,12.092,9.750
8.894,10.556,10.530,10.504,10.115,10.259,8.597
7.355,8.884,9.141,4.020,10.764,8.499,7.326
8.917,2.463,10.010,10.802,5.273,10.122,13.197
9.175,6.717,10.239,9.262,6.129,3.280,10.268
4.730,4.814,10.249,6.242,5.176,9.644,7.068
3.148,9.139,9.173,6.368,5.011,8.777,5.505
7.568,8.629,11.972,1.604,8.599,8.631,4.241
6.263,4.222,8.913,5.325,8.076,3.724,10.053
8.140,12.024,8.239,2.165,10.345,13.575,7.451
4.976,6.029,7.486,5.343,8.963,4.783,5.851
5.554,5.539,13.543,12.140,10.755,5.202,6.366
12.662,16.509,9.585,6.095,10.796,7.084,6.571
2.662,9.872,9.994,3.741,10.792,8.560,8.476
11.374,10.615,9.716,5.787,9.800,2.031,9.822
9.650,9.837,7.759,9.216,7.968,8.313,6.946
7.930,8.038,9.291,8.153,10.884,12.664,5.578
10.247,7.757,9.830,3.433,7.474,10.074,9.412
2.271,11.770,9.958,5.610,13.123,11.522,5.861
9.393,7.909,10.049,5.146,11.103,11.773,12.211
5.442,6.663,6.535,5.609,12.354,9.617,8.067
7.162,14.543,8.956,7.313,9.473,6.329,10.352
4.406,10.257,7.203,3.889,6.847,9.417,6.604
6.775,9.066,9.935,4.798,7.046,14.107,7.283
9.285,7.295,8.320,5.947,6.026,2.937,7.096
8.351,4.026,7.814,4.106,11.000,9.495,5.821
8.655,6.461,7.684,11.217,11.157,7.093,8.643
4.515,9.606,6.663,1.970,11.834,11.047,10.523
1.421,7.502,4.562,7.033,7.792,7.877,1.850
4.687,12.008,6.231,11.685,4.152,9.662,1.117
5.086,10.883,3.404,2.300,8.903,5.284,7.393
6.429,3.465,6.029,5.019,5.607,6.914,13.787
13.327,7.771,3.681,7.298,8.949,8.144,11.985
5.061,7.753,5.136,10.459,4.994,12.333,13.224
5.024,8.150,4.152,13.690,6.552,11.027,6.655
6.862,6.470,1.446,10.067,11.529,6.845,8.499
8.578,0.845,12.869,12.931,10.538,12.851,9.806
6.798,8.409,6.579,11.855,5.637,6.600,9.657
11.592,6.137,0.500,12.190,8.372,10.048,8.094
12.770,4.222,3.475,11.296,7.790,4.280,7.117
11.218,7.768,3.167,13.297,11.778,11.053,11.962
8.564,4.436,14.859,10.482,11.532,8.710,9.256
5.059,7.310,7.353,7.932,7.357,7.183,9.451
10.918,6.124,7.804,8.621,7.854,10.721,8.573
4.045,6.309,6.804,4.999,7.243,13.641,6.390
4.576,9.614,6.753,6.509,4.831,5.742,7.996
9.560,8.372,7.108,7.465,8.184,12.791,9.076
6.529,12.315,8.032,7.823,3.975,4.281,9.060
5.579,4.850,6.299,7.424,10.150,9.147,3.332
9.537,10.942,8.064,5.784,6.160,8.496,6.206
5.499,5.444,5.589,13.174,6.931,2.713,7.621
6.095,10.690,8.129,6.452,8.150,0.500,14.330
5.063,10.044,8.074,5.257,7.955,7.881,8.961
3.529,9.647,10.120,4.121,6.701,7.716,1.655
7.140,5.632,0.500,5.284,6.952,11.384,3.485
7.854,6.783,7.875,11.318,11.495,8.452,4.117
9.399,0.500,13.077,5.524,6.599,5.468,3.411
10.152,10.281,5.911,9.006,7.435,7.124,7.571
7.048,6.923,10.660,14.931,5.018,12.104,11.030
10.693,9.914,9.344,11.616,3.936,1.930,11.346
6.444,7.176,10.164,6.430,5.164,12.204,4.769
12.007,5.606,11.771,8.159,6.833,11.103,7.106
12.368,7.888,12.098,12.816,5.338,12.975,9.893
8.667,10.950,12.685,8.521,2.517,9.389,6.635
5.584,13.112,10.186,9.633,6.904,6.833,4.526
11.294,9.514,6.435,6.961,11.457,8.163,8.359
8.855,12.663,6.239,9.214,11.594,6.648,7.569
4.983,11.804,8.082,5.044,8.333,9.051,7.663
9.766,4.124,5.865,12.883,3.470,8.768,7.005
11.043,7.419,7.383,14.251,9.001,7.317,11.732
5.922,7.314,2.399,9.011,5.804,5.440,5.977
9.498,6.752,3.554,6.188,1.602,8.224,9.800
4.733,3.586,15.725,5.933,11.979,12.399,10.130
7.392,6.489,8.830,17.452,4.682,0.500,5.901
7.091,5.757,5.918,7.842,7.076,10.013,8.888
10.790,12.071,7.747,8.084,11.095,10.348,5.719
7.393,5.816,6.754,4.739,5.863,9.830,7.144
7.808,2.663,5.209,7.556,11.068,8.811,4.248
12.711,12.157,8.164,7.498,9.292,10.752,7.289
7.062,8.474,7.874,2.606,5.702,8.181,10.002
7.266,11.094,1.161,7.495,4.593,11.771,5.680
9.512,2.744,2.377,6.513,9.148,8.299,8.988
8.925,9.100,6.628,5.803,13.573,7.099,9.587
3.221,11.122,5.034,11.597,9.903,8.936,9.626
3.943,9.271,8.998,9.843,4.670,9.538,6.293
6.559,5.124,8.122,9.572,9.890,7.798,6.877
3.306,9.233,8.701,8.465,10.326,5.756,8.316
10.164,3.015,4.888,7.552,5.439,4.646,7.674
11.513,8.068,4.568,8.772,7.398,8.670,9.055
7.938,11.050,8.621,4.829,4.684,7.168,10.741
6.544,7.830,10.643,13.898,6.050,12.379,10.827
11.720,8.737,9.585,6.263,9.363,7.868,11.602
10.209,9.299,6.510,6.525,11.978,8.477,7.794
13.448,8.569,6.055,8.376,11.061,8.352,8.925
4.880,9.230,5.837,6.076,11.664,4.288,9.561
6.895,9.039,6.072,2.866,9.055,7.611,9.024
4.666,8.326,4.485,4.442,11.936,11.550,4.955
3.750,2.943,2.893,6.616,7.731,9.203,7.926
13.657,3.758,5.074,7.796,8.065,10.147,10.544
11.719,4.741,13.300,4.549,8.783,16.897,9.947
5.373,9.975,9.014,9.048,3.519,3.368,3.764
12.689,10.090,8.613,10.591,7.003,7.922,13.359
6.541,11.971,11.577,8.092,4.616,5.522,9.045
8.750,4.471,7.755,6.672,7.999,11.825,9.152
7.159,12.514,8.266,12.023,8.949,14.343,6.832
2.631,7.091,7.969,6.746,5.918,7.489,10.759
3.774,6.519,7.484,5.527,12.110,7.110,4.198
10.001,8.623,6.650,10.121,6.262,6.856,3.347
5.504,13.043,9.598,12.690,14.235,7.202,10.069
7.451,7.049,10.401,8.611,4.457,15.904,7.070
5.466,6.085,9.366,9.887,10.132,5.219,1.202
11.056,2.577,13.203,3.238,8.945,6.966,9.693
8.262,2.988,8.483,7.866,13.822,3.384,10.128
6.530,11.147,9.418,6.186,8.716,10.887,6.416
10.452,4.359,7.461,10.567,5.008,4.901,7.557
8.603,14.952,13.115,7.402,11.852,7.974,7.704
3.411,10.814,8.148,13.367,0.654,4.426,11.000
7.571,7.113,9.409,10.935,3.804,3.846,9.229
11.030,6.333,10.209,2.743,10.405,11.053,7.681
11.346,5.930,9.770,8.449,7.588,9.522,7.244
4.769,13.696,6.440,3.469,9.902,2.504,12.559
7.106,7.573,8.322,5.805,8.967,10.310,14.387
9.893,4.323,5.263,6.686,5.460,10.000,7.432
6.635,10.650,10.461,7.423,5.468,6.332,4.835
4.526,0.876,4.454,9.894,5.075,8.934,8.222
8.359,3.169,5.885,9.357,9.733,3.650,15.647
7.569,5.586,0.500,6.745,8.806,7.620,3.342
7.663,1.121,0.529,6.451,8.142,7.052,6.828
7.005,9.672,4.333,8.252,11.005,11.213,6.365
11.732,7.911,4.496,8.171,4.462,4.573,2.444
5.977,7.013,4.140,6.033,9.050,5.206,7.106
9.800,10.195,14.489,9.952,12.432,6.970,11.331
10.130,9.714,9.251,6.515,14.800,13.274,8.524
5.901,8.179,6.303,8.186,11.510,5.840,8.459
8.888,11.726,5.886,8.602,5.366,6.497,5.455
5.719,10.572,9.428,7.126,3.072,7.172,10.047
7.144,7.457,7.218,8.748,8.165,7.286,4.647
4.248,12.191,6.087,10.948,10.342,6.088,5.355
7.289,12.527,9.448,11.662,10.644,10.765,10.724
10.002,9.330,8.425,0.500,3.707,3.980,4.853
5.680,3.740,5.173,6.804,12.670,9.029,6.237
8.988,9.242,9.143,4.363,5.300,3.704,7.673
9.587,9.531,9.049,10.665,6.365,7.162,9.956
9.626,5.403,8.307,6.688,8.562,7.363,4.562
6.293,9.051,10.564,11.932,10.671,9.123,7.476
6.877,4.471,13.206,5.801,11.451,10.360,8.796
8.316,6.315,11.656,3.827,7.718,2.951,7.531
7.674,8.013,10.523,6.133,7.620,7.106,13.700
9.055,11.549,7.787,8.984,11.171,4.139,9.990
10.741,10.104,6.018,6.839,11.088,11.444,6.717
10.827,9.414,11.792,9.688,5.424,11.641,4.852
11.602,11.611,7.989,7.160,15.042,7.508,8.106
7.794,3.069,7.155,13.242,4.990,9.670,6.065
8.925,7.614,9.849,8.222,3.158,5.376,3.736
9.561,8.440,11.075,11.324,2.994,17.005,10.265
9.024,8.246,9.817,10.256,2.541,7.575,4.090
4.955,6.250,10.597,0.500,4.013,6.399,12.888
7.926,6.696,10.845,6.606,10.490,4.332,10.279
10.544,3.478,9.163,5.000,9.959,8.532,8.303
9.947,0.500,9.478,11.156,8.642,5.971,8.828
3.764,3.242,12.581,10.202,8.824,3.766,7.092
13.359,9.930,11.965,8.662,7.843,2.901,3.291
9.045,2.296,12.001,10.731,6.035,7.809,10.185
9.152,6.525,7.198,4.347,8.337,9.726,2.913
6.832,10.923,6.908,11.456,11.188,10.396,5.155
10.759,10.929,8.472,4.993,6.023,12.929,5.930
4.198,1.955,5.338,3.618,6.300,11.147,9.509
3.347,7.725,8.901,11.483,9.457,10.467,8.966
10.069,9.373,8.132,6.053,9.302,8.470,8.886
7.070,1.666,8.908,4.791,17.905,10.455,11.500
1.202,4.452,6.804,7.544,5.595,15.069,6.827
9.693,5.929,0.500,13.658,4.668,2.679,9.395
10.128,6.398,3.536,11.725,5.454,6.646,4.747
6.416,10.464,8.087,9.953,7.599,4.579,7.896
7.557,11.621,3.940,4.026,1.155,7.830,8.608
7.704,12.571,8.652,8.298,8.701,10.700,7.522
6.599,3.864,11.746,4.480,8.148,12.334,2.052
7.435,12.660,12.193,6.375,5.146,8.692,15.807
5.018,6.045,8.044,8.236,9.941,6.614,9.548
3.936,7.856,3.500,5.733,3.014,11.178,11.983
5.164,6.425,7.558,7.754,10.489,12.325,6.083
6.833,5.881,9.115,16.010,5.590,4.415,7.602
5.338,7.083,7.726,5.481,7.863,7.885,7.020
2.517,13.548,10.872,12.269,4.747,10.642,7.727
6.904,9.722,12.500,6.304,2.857,5.655,10.778
11.457,10.098,9.090,8.091,2.428,3.277,4.679
11.594,11.420,8.648,12.058,8.342,7.474,7.033
8.333,7.125,4.810,4.530,5.873,9.176,5.933
3.470,7.251,5.644,13.060,12.202,8.067,10.763
9.001,5.486,4.119,4.381,6.486,7.926,8.471
5.804,6.107,6.421,7.072,3.109,6.915,7.649
1.602,6.164,5.697,5.884,11.715,5.578,8.756
11.979,12.832,5.964,2.438,8.384,6.176,9.908
4.682,13.083,9.235,7.416,4.668,9.421,6.001
7.076,7.500,6.514,7.190,4.595,9.730,0.500
11.095,6.115,8.997,10.318,3.950,7.573,4.010
5.863,6.172,14.372,1.814,14.384,11.069,13.710
11.068,9.717,7.157,7.492,8.373,6.732,9.696
9.292,2.752,8.932,6.313,11.468,9.407,9.035
5.702,9.418,9.143,6.524,6.345,10.095,10.774
4.593,8.315,5.645,6.902,12.205,6.029,7.779
9.148,6.884,0.500,10.074,8.980,6.366,9.373
13.573,10.126,8.861,6.095,4.753,5.675,8.680
9.903,8.054,14.205,8.218,4.695,8.422,6.515
4.670,8.230,7.757,7.045,8.999,8.499,7.492
9.890,8.531,11.026,9.158,13.683,6.842,7.498
10.326,7.950,4.804,6.095,11.491,4.833,6.004
5.439,5.649,8.687,6.920,4.800,4.723,7.615
7.398,7.479,8.388,6.943,11.336,5.428,8.764
4.684,17.068,3.863,6.040,8.901,11.333,6.783
6.050,4.399,2.504,7.522,6.628,6.148,6.767
9.363,8.506,5.234,5.952,3.438,6.400,10.647
11.978,10.937,8.376,7.907,13.630,6.540,7.541
11.061,3.934,9.809,5.786,10.320,9.406,9.825
11.664,5.977,7.885,8.420,8.995,6.128,4.997
9.055,5.916,10.243,3.959,8.730,11.121,6.719
11.936,8.411,7.190,1.028,9.930,11.850,8.401
7.731,5.904,5.315,8.113,3.182,8.474,10.421
8.065,3.451,7.003,5.463,10.148,8.782,3.773
8.783,8.969,9.841,5.691,9.222,3.683,7.516
3.519,9.555,7.449,7.613,8.089,6.372,8.618
7.003,5.286,6.707,10.681,7.886,9.635,5.946
4.616,5.317,6.053,14.481,6.634,10.433,10.080
7.999,4.477,7.356,3.369,6.353,1.982,2.386
8.949,5.404,1.305,2.634,4.942,11.011,10.409
5.918,4.965,9.715,10.839,6.280,2.086,13.041
12.110,6.744,8.479,7.605,8.947,7.715,11.120
6.262,6.390,8.447,6.273,9.329,9.401,6.280
14.235,11.514,12.737,8.074,11.428,7.963,6.891
4.457,7.226,12.160,7.499,1.167,9.245,5.552
10.132,12.984,14.321,10.232,6.667,12.567,9.182
8.945,9.695,9.879,7.169,7.485,11.702,12.233
13.822,9.513,9.148,4.662,3.042,3.919,6.410
8.716,11.019,10.494,7.525,10.357,4.449,9.338
5.008,5.707,5.569,6.134,6.769,2.984,9.368
11.852,10.384,5.046,9.293,3.194,5.689,5.347
9.537,8.536,11.118,10.326,5.502,13.377,0.500
5.956,8.855,9.945,4.947,10.336,4.490,10.281
8.546,5.478,7.421,1.502,1.180,4.636,6.923
7.207,11.279,12.924,4.843,4.883,5.074,9.914
6.994,7.909,9.872,9.432,0.500,6.342,7.176
6.593,9.817,10.143,12.634,4.183,3.742,5.606
16.373,9.912,10.780,5.153,12.245,9.890,7.888
11.634,7.540,8.204,7.199,9.922,10.006,10.950
5.703,6.976,9.859,12.324,2.843,3.799,13.112
6.187,9.897,10.566,11.272,14.138,8.686,9.514
4.198,6.702,8.043,7.209,7.733,3.738,12.663
6.991,11.216,7.340,7.652,10.782,5.873,11.804
5.814,8.825,6.069,7.134,7.257,6.468,4.124
9.709,1.658,10.282,9.618,9.680,7.827,7.419
3.650,6.619,11.017,4.280,6.604,15.117,7.314
9.970,6.094,10.418,8.682,7.468,9.403,6.752
3.465,13.423,10.629,7.880,8.035,13.316,3.586
5.938,1.167,10.868,14.285,10.059,5.413,6.489
9.342,6.236,10.156,4.924,6.485,7.713,5.757
11.347,9.246,8.063,8.054,9.445,5.086,12.071
3.121,8.708,10.236,6.228,7.081,10.185,5.816
7.394,10.258,10.266,7.532,10.023,7.949,2.663
1.792,14.318,10.204,8.713,9.745,11.816,12.157
6.585,7.761,11.645,10.377,3.799,5.718,8.474
11.897,9.835,7.335,10.524,7.912,9.836,11.094
12.038,10.949,6.539,3.252,5.893,8.304,2.744
12.097,10.557,6.473,6.100,6.616,9.717,9.100
11.352,5.363,8.642,5.216,11.937,5.899,11.122
8.364,6.368,8.092,5.357,4.178,8.628,9.271
5.281,10.203,9.733,10.404,7.473,11.142,5.124
10.926,9.005,7.282,13.463,4.416,7.533,9.233
7.694,5.340,8.600,2.345,6.515,13.236,3.015
9.282,11.581,6.994,8.697,9.624,5.864,8.068
7.148,6.631,6.531,7.949,12.349,9.654,11.050
2.880,7.591,5.378,7.065,6.699,10.629,7.830
10.300,8.145,10.043,10.708,10.524,8.312,8.737
10.039,7.541,16.734,9.112,13.819,8.716,9.299
6.756,3.294,8.565,6.021,11.932,8.803,8.569
11.618,7.780,7.076,12.982,3.674,10.487,9.230
4.233,4.939,6.747,13.080,7.172,10.575,9.039
5.545,5.436,5.825,8.130,7.033,10.646,8.326
9.600,6.414,9.264,11.787,12.699,8.624,2.943
11.195,6.943,5.683,8.735,6.914,6.671,3.758
5.920,5.229,4.454,8.257,9.900,7.652,4.741
8.195,8.576,5.964,8.249,6.887,9.969,9.975
8.961,3.598,7.985,4.962,4.377,7.996,10.090
10.080,7.015,5.793,6.049,1.028,0.650,11.971
0.500,5.655,3.971,7.584,1.512,8.474,4.471
5.113,8.504,6.025,1.394,7.974,10.948,12.514
11.490,7.268,6.925,7.657,6.555,5.031,7.091
7.303,3.097,6.562,6.508,11.368,7.996,6.519
3.598,6.390,1.776,3.755,13.043,7.809,8.623
8.475,11.283,12.208,4.998,9.455,3.080,13.043
12.957,5.501,5.420,5.762,11.959,3.491,7.049
4.292,12.698,1.960,7.300,9.301,6.838,6.085
9.423,7.936,4.289,8.727,9.275,6.064,2.577
9.149,5.444,0.500,9.178,8.434,7.258,2.988
4.148,7.498,3.702,9.446,9.123,13.054,11.147
8.001,0.500,12.269,6.610,11.156,11.587,4.359
5.344,4.418,2.595,3.567,9.267,6.830,14.952
10.020,7.459,9.590,10.365,10.046,10.974,8.601
10.640,9.639,13.116,10.761,10.912,2.011,10.389
10.257,5.773,8.813,2.371,6.351,12.184,12.412
10.105,10.628,12.391,11.464,6.385,4.466,9.224
9.093,10.715,10.148,8.818,15.276,10.267,7.516
4.754,3.676,7.918,6.200,9.174,5.559,14.748
5.714,6.723,11.087,11.329,7.948,9.190,12.615
8.925,6.107,11.776,11.452,7.333,4.009,14.741
5.078,6.382,8.698,8.399,10.091,10.728,10.421
6.062,5.310,9.939,13.108,9.253,10.968,2.069
9.330,4.934,6.316,7.799,7.773,9.510,9.372
9.148,10.462,5.783,6.577,6.263,9.840,8.733
9.712,5.330,7.295,8.576,10.753,4.973,6.929
11.450,6.088,11.326,3.574,10.429,7.432,8.776
10.082,9.956,5.563,11.993,8.475,7.003,7.623
17.216,10.412,5.291,3.994,8.841,10.313,8.647
8.191,3.963,3.732,11.037,8.992,2.087,5.112
8.600,11.193,0.500,9.429,9.470,3.653,2.854
11.924,9.018,10.540,8.466,8.898,7.584,7.861
7.230,10.920,6.237,9.335,4.438,8.979,2.672
10.255,5.971,4.565,7.033,5.407,6.015,12.056
2.820,10.403,8.160,5.981,11.052,4.999,5.068
8.094,3.080,7.441,6.229,11.474,12.286,8.294
8.757,9.573,7.465,8.112,5.762,7.098,6.338
6.433,8.902,15.820,6.075,9.248,9.836,13.003
7.378,8.135,7.149,8.698,4.663,5.941,6.843
13.644,7.084,6.550,5.302,5.617,4.296,0.627
9.776,5.113,5.244,11.120,6.158,4.745,10.263
3.659,4.587,9.445,10.150,10.463,6.817,11.656
6.122,10.460,7.308,5.067,14.936,6.083,10.429
6.680,8.885,5.766,10.019,8.987,4.418,9.802
11.710,8.088,7.141,5.650,7.360,10.461,7.588
8.718,8.184,7.144,12.966,1.759,9.299,12.308
8.725,14.228,9.059,6.438,4.729,3.927,10.606
9.094,7.383,10.008,4.893,9.269,5.824,7.587
3.952,11.295,7.517,4.907,6.557,7.561,11.894
6.833,10.409,6.307,4.799,8.549,2.331,5.804
11.686,9.843,4.835,8.043,11.428,7.304,5.456
6.088,6.785,5.162,6.794,5.267,7.469,4.917
10.648,8.380,13.281,13.736,9.100,6.396,13.089
7.136,13.948,9.420,10.908,9.629,12.270,11.003
8.311,10.545,6.446,4.990,5.645,9.679,12.731
8.709,12.872,10.514,5.705,6.379,6.529,6.757
10.642,5.088,8.071,10.424,11.192,9.647,5.300
5.664,2.512,0.500,6.966,15.241,5.596,8.191
8.106,11.730,4.248,5.951,10.884,8.780,6.951
8.596,6.501,5.814,5.445,7.978,10.414,9.614
9.245,6.947,8.799,2.065,6.375,4.485,7.607
10.056,7.426,13.361,14.205,5.914,7.589,5.662
6.901,4.548,12.120,2.626,11.710,12.050,9.670
13.983,7.866,14.194,1.846,9.041,7.871,5.662
8.286,9.929,9.548,8.841,9.531,6.894,6.821
7.004,6.337,7.143,7.152,8.867,8.130,11.577
9.181,6.070,6.522,8.075,10.562,6.847,9.278
6.809,4.788,6.816,5.650,12.303,3.846,8.646
12.506,1.272,7.512,14.677,14.227,4.382,4.410
9.718,6.664,6.680,2.697,3.431,4.734,7.851
5.109,7.440,7.260,6.536,6.026,8.694,10.355
8.989,9.672,8.055,12.748,10.774,8.522,4.843
12.222,8.413,5.551,10.884,10.850,6.860,8.217
7.462,5.093,8.336,9.151,7.836,11.745,10.587
8.011,9.004,11.515,5.368,8.432,8.466,8.146
11.252,7.935,9.525,10.311,5.505,4.064,6.829
7.785,5.072,8.780,12.714,13.616,4.393,10.107
3.889,5.036,6.892,5.716,11.748,7.378,1.523
9.350,3.101,10.065,6.926,7.997,12.358,11.794
10.959,7.801,2.884,12.139,8.504,3.759,7.370
10.862,4.359,9.273,9.736,7.249,10.026,8.125
4.832,4.736,9.985,11.339,11.360,12.861,3.587
8.860,5.642,8.267,10.228,11.736,5.616,4.831
7.459,9.282,14.652,17.552,11.093,9.436,6.198
8.984,4.820,9.639,5.348,7.686,10.027,10.715
14.321,7.573,9.072,5.557,9.045,11.291,10.493
8.243,7.178,6.455,4.265,8.514,7.695,11.870
10.667,6.849,6.348,6.952,9.603,2.887,5.992
7.953,8.454,8.497,13.431,11.311,6.639,8.071
6.985,0.500,9.098,8.214,10.828,10.327,4.513
9.598,9.374,8.664,4.093,7.456,10.714,6.933
8.384,4.003,8.347,6.941,6.794,6.998,5.699
9.850,9.144,11.079,3.344,11.381,9.725,9.552
4.916,7.819,7.795,7.415,6.532,10.243,8.141
9.083,8.368,8.209,11.889,6.545,11.792,8.586
9.366,7.531,2.701,10.357,10.309,8.172,9.694
2.627,8.724,8.479,7.575,10.557,3.982,6.184
5.050,11.085,7.124,7.013,1.460,5.745,4.452
11.193,5.444,10.717,7.290,4.789,2.303,8.425
9.900,11.531,9.577,2.035,9.732,5.670,3.339
9.854,6.715,8.951,10.546,13.443,7.169,6.184
14.842,8.754,5.324,7.262,11.305,3.125,10.275
4.101,12.734,1.708,10.594,8.622,8.560,8.836
6.003,11.205,5.996,2.760,10.391,9.361,7.051
7.708,10.408,5.251,8.842,5.161,7.650,15.884
8.834,6.205,5.231,8.404,10.526,5.561,9.061
8.237,9.155,5.573,8.850,9.562,10.902,6.380
10.581,6.656,3.657,10.663,4.357,16.811,6.987
9.937,4.064,7.794,7.544,4.548,7.412,13.880
4.994,9.682,7.776,3.870,8.370,11.822,14.767
2.431,5.531,11.449,4.391,4.959,6.662,3.899
9.228,7.868,5.906,6.327,8.023,7.567,6.932
7.483,6.593,12.100,10.096,5.623,10.333,12.523
6.331,0.615,7.570,7.302,8.525,5.469,4.278
11.805,7.956,7.934,3.635,11.244,7.546,9.084
11.680,6.351,12.373,10.077,0.894,5.440,3.053
7.900,12.258,11.592,7.263,8.818,6.187,8.374
5.758,8.832,5.895,2.940,12.047,10.823,6.684
7.689,8.152,9.379,8.863,15.640,2.421,5.328
7.576,11.432,12.357,10.724,14.504,7.371,10.971
9.826,7.637,11.045,9.367,8.011,3.678,9.743
6.709,11.220,11.531,7.709,8.258,2.942,9.295
6.090,6.573,6.289,10.595,6.948,10.906,4.684
11.083,8.925,7.034,11.951,10.199,7.145,8.900
6.132,7.321,6.310,7.499,7.807,13.210,8.349
4.379,9.142,3.732,8.461,8.496,10.016,7.044
7.411,6.806,4.238,6.330,9.634,7.531,8.989
1.665,11.902,5.256,9.429,8.762,6.516,4.850
8.721,3.695,4.068,6.894,8.522,7.162,2.500
5.972,8.735,3.599,4.589,13.339,8.795,8.015
6.384,6.587,3.447,6.028,6.201,7.242,13.029
5.220,6.659,13.442,11.041,13.790,10.051,3.978
3.039,8.598,14.218,8.702,11.796,12.113,9.915
0.500,6.785,6.741,6.785,9.433,9.678,8.421
6.908,6.729,5.097,6.729,5.448,2.965,8.317
5.759,9.686,12.641,9.686,7.369,10.402,10.016
5.597,7.505,12.699,7.505,4.812,8.606,7.570
6.801,6.946,11.808,6.946,4.681,12.827,0.500
8.232,8.029,11.275,8.029,11.342,4.748,9.870
2.840,12.059,14.113,12.059,12.445,9.964,7.295
11.457,6.951,13.540,6.951,4.529,9.832,11.257
10.066,14.588,13.784,14.588,5.626,7.434,9.853
9.456,15.463,13.309,15.463,9.979,9.399,8.579
0.603,6.656,11.708,6.656,5.713,8.456,8.442
8.752,11.076,3.857,11.076,7.255,13.696,9.938
5.257,2.546,8.919,2.546,9.797,13.809,7.598
6.181,6.985,10.836,6.985,10.160,12.806,5.194
4.221,10.419,10.754,10.419,9.218,6.310,8.644
10.362,7.828,5.142,7.828,8.643,12.216,13.191
8.437,6.785,6.736,6.785,3.850,2.348,6.696
4.974,7.841,7.544,7.841,8.037,7.489,9.665
4.269,11.320,5.390,11.320,6.533,7.695,8.358
7.189,13.740,6.960,13.740,5.851,7.898,10.469
12.589,18.647,7.543,18.647,8.869,7.808,3.756
7.110,8.776,7.576,8.776,1.032,8.775,6.744
9.349,7.670,5.546,7.670,11.628,9.970,9.429
10.262,13.916,6.540,13.916,5.758,8.325,4.800
9.063,8.930,6.119,8.930,11.716,7.333,7.570
6.738,8.995,4.225,8.995,9.523,8.357,9.586
8.093,2.156,2.842,2.156,9.760,8.250,8.529
8.079,6.677,6.245,6.677,1.380,6.213,11.093
10.104,1.856,5.731,1.856,4.567,5.850,8.714
11.932,9.689,14.104,9.689,8.676,10.510,6.450
3.315,9.505,8.494,9.505,10.919,6.262,10.249
11.280,9.390,8.156,9.390,7.416,9.120,10.743
5.269,5.554,7.481,5.554,8.164,9.868,0.805
6.728,8.542,6.314,8.542,7.651,9.752,3.933
7.626,7.416,8.565,7.416,10.752,7.670,7.550
7.900,8.513,8.905,8.513,7.204,5.767,5.586
11.600,9.630,9.316,9.630,12.980,9.603,8.827
7.231,4.291,9.103,4.291,2.724,6.525,5.552
1.892,8.062,3.464,8.062,3.949,10.040,7.638
11.516,11.104,7.300,11.104,7.508,4.663,10.846
1.449,14.640,6.812,14.640,9.531,13.151,7.634
6.715,12.284,7.015,12.284,11.992,5.705,11.162
8.971,10.044,9.139,10.044,7.692,13.319,9.974
5.506,7.900,6.973,7.900,5.675,6.921,3.092
8.311,9.105,4.722,9.105,8.130,6.733,11.391
10.173,4.663,6.874,4.663,6.964,11.895,7.356
10.165,7.967,13.377,7.967,6.366,5.425,8.117
6.501,5.737,6.760,5.737,4.848,8.654,8.320
8.061,7.616,8.147,7.616,4.357,8.676,5.536
11.906,10.815,7.537,10.815,6.687,4.902,7.097
9.633,7.854,10.327,7.854,12.758,4.817,0.694
10.234,4.879,9.011,4.879,9.250,12.807,7.319
9.858,9.679,6.511,9.679,2.727,12.478,4.383
8.051,10.305,0.500,10.305,12.217,15.832,7.896
5.066,6.173,8.587,6.173,7.278,9.439,4.806
8.127,9.037,7.338,9.037,12.511,8.539,8.003
11.782,2.525,5.835,2.525,8.206,2.913,4.152
4.787,5.852,6.227,5.852,13.140,7.638,5.538
4.900,4.523,6.571,4.523,9.731,8.106,6.435
8.704,6.491,5.311,6.491,7.580,2.669,8.915
10.504,6.559,7.999,4.444,12.334,5.801,9.145
7.155,7.761,0.500,12.929,8.692,7.312,9.692
8.204,13.311,4.901,9.075,6.614,5.218,8.034
5.855,9.153,3.180,7.358,11.178,7.380,5.523
10.366,0.500,4.095,0.500,12.325,9.165,5.787
10.556,11.188,6.360,9.888,4.415,6.453,4.813
8.884,6.532,7.758,7.019,7.885,5.696,8.592
2.463,10.013,8.223,7.568,10.642,9.635,7.557
6.717,10.124,12.869,4.582,5.655,4.859,6.599
4.814,7.090,11.215,4.189,3.277,9.694,8.417
9.139,13.872,6.693,6.727,7.474,16.019,3.193
8.629,6.808,4.853,9.076,9.176,4.831,6.407
4.222,5.118,12.938,4.930,8.067,8.526,9.404
12.024,6.447,7.489,14.024,7.926,9.700,4.790
6.029,9.637,7.532,3.975,6.915,2.355,6.728
5.539,11.359,12.037,3.141,5.578,7.250,8.594
16.509,5.421,14.662,4.412,6.176,13.099,7.591
9.872,6.213,8.444,12.238,9.421,5.396,10.775
10.615,12.360,9.401,9.116,9.730,4.628,6.133
9.837,9.863,6.202,3.953,7.573,11.094,7.730
8.038,5.332,4.048,4.578,11.069,10.498,3.835
7.757,8.395,5.728,9.989,6.732,8.508,8.796
11.770,8.864,6.986,10.255,9.407,5.511,4.766
7.909,10.813,6.396,10.583,10.095,4.937,9.212
6.663,9.212,7.232,12.493,6.029,9.418,8.107
14.543,5.776,14.958,7.981,6.366,8.105,5.575
10.257,7.048,10.251,8.277,5.675,4.549,11.404
9.066,5.829,9.440,7.894,8.422,4.027,8.000
7.295,10.477,8.614,5.970,8.499,10.212,9.480
4.026,10.653,7.919,5.670,6.842,11.982,6.222
6.461,4.666,10.786,10.409,4.833,10.253,7.074
9.606,11.208,6.878,9.703,4.723,2.210,10.322
7.502,7.008,7.311,8.755,5.428,6.847,9.362
12.008,6.888,4.667,10.453,11.333,8.169,6.563
10.883,10.126,6.639,8.295,6.148,13.354,10.182
3.465,8.248,7.086,8.026,6.400,6.507,6.916
7.771,4.102,8.909,3.461,6.540,10.319,11.764
7.753,11.557,10.573,14.244,9.406,6.398,7.313
8.150,6.883,9.702,8.469,6.128,7.315,7.462
6.470,8.059,12.174,9.547,11.121,5.688,2.421
0.845,13.221,13.321,8.858,11.850,4.781,9.529
8.409,8.730,10.728,5.186,8.474,6.798,10.053
6.137,7.544,10.238,5.265,8.782,7.654,8.249
4.222,8.998,4.415,6.111,3.683,5.279,6.067
7.768,8.176,8.075,4.310,6.372,8.127,13.036
4.436,11.082,8.215,6.781,9.635,8.686,8.289
7.310,9.193,1.275,13.420,10.433,9.772,6.313
6.124,11.369,5.802,10.312,1.982,7.867,4.084
6.309,11.399,9.131,9.094,11.011,11.176,10.037
9.614,8.521,5.233,11.934,2.086,6.472,6.380
8.372,14.422,9.334,7.334,7.715,5.244,8.567
12.315,5.084,9.134,6.849,9.401,8.232,14.055
4.850,9.708,7.577,9.988,7.963,8.581,5.292
10.942,11.864,7.176,5.767,9.245,12.383,4.397
5.444,5.789,9.192,13.297,12.567,5.053,6.355
10.690,4.853,4.369,10.316,11.702,9.159,6.591
10.044,11.562,11.762,9.792,3.919,5.914,11.773
9.647,6.421,6.854,2.692,4.449,5.410,8.271
5.632,11.869,5.316,7.301,2.984,13.491,9.043
6.783,10.824,9.202,5.888,5.689,11.871,7.643
16.589,4.042,9.263,9.245,8.152,6.351,8.536
9.554,10.915,8.770,7.178,5.935,11.671,8.855
7.098,0.500,7.764,9.629,3.894,6.252,5.478
5.154,9.037,5.328,3.203,8.308,13.338,11.279
2.687,5.898,6.133,6.156,8.896,14.020,7.909
10.158,8.503,10.223,8.061,6.123,11.022,9.817
8.352,4.844,15.041,10.050,7.676,10.947,9.912
5.726,11.487,13.296,9.389,7.174,11.789,7.540
4.615,5.098,6.707,8.736,11.200,5.529,6.976
4.170,8.407,5.733,3.706,11.093,6.958,9.897
9.687,6.752,5.811,5.315,7.985,7.050,6.702
7.086,7.577,6.737,4.986,5.508,15.591,11.216
9.268,6.363,4.903,7.047,9.598,9.212,8.825
8.635,12.958,8.833,6.925,12.606,5.802,1.658
3.504,5.956,7.110,7.054,9.127,12.907,6.619
11.705,9.450,7.112,7.399,8.926,5.291,6.094
9.872,14.905,10.400,4.251,10.111,8.016,13.423
10.765,9.355,8.369,11.622,4.913,10.208,1.167
11.516,5.237,4.626,8.675,10.988,5.178,6.236
11.448,10.315,11.033,5.139,7.893,8.648,9.246
11.378,10.337,10.138,7.567,7.984,6.440,8.708
9.984,10.049,6.862,6.487,4.610,8.978,10.258
9.582,11.176,6.054,10.181,8.511,14.455,14.318
4.228,6.821,7.809,3.373,8.862,5.638,7.761
9.495,10.717,0.568,6.010,3.103,7.952,9.835
1.487,7.494,8.972,7.675,9.347,1.569,10.949
0.599,8.177,15.091,5.894,1.423,8.261,10.557
5.903,7.320,7.402,9.760,8.357,3.330,5.363
9.873,10.492,6.195,6.131,8.822,7.473,6.368
5.699,3.052,4.374,11.825,8.621,6.157,10.203
5.979,5.462,9.482,6.014,7.371,7.340,9.005
9.860,6.305,10.957,5.964,9.559,8.927,5.340
2.303,6.512,13.312,9.926,11.785,10.384,11.581
0.500,7.894,9.535,5.468,10.876,4.376,6.631
11.948,2.688,11.750,11.373,10.928,8.809,7.591
11.561,5.953,7.296,10.394,3.965,10.511,8.145
1.925,7.975,6.224,11.346,6.274,7.207,7.541
13.829,7.285,4.653,10.489,10.002,10.078,3.294
11.904,5.570,3.587,2.065,0.500,10.427,7.780
6.863,5.079,7.304,7.021,6.148,12.418,4.939
10.086,10.333,8.229,8.100,8.187,11.719,5.436
10.078,9.574,13.690,7.605,6.063,10.945,6.414
7.167,7.701,10.348,12.536,9.913,11.438,6.943
4.507,6.820,9.539,10.207,10.512,7.925,5.229
6.765,6.747,6.575,12.798,7.669,7.183,8.576
8.163,7.468,8.797,13.300,9.710,8.472,3.598
4.221,10.522,4.425,8.805,10.369,8.674,7.015
9.104,6.391,4.317,12.543,1.770,4.302,5.655
5.524,11.965,1.917,8.829,6.955,8.160,8.504
11.261,6.726,9.409,5.271,6.539,8.298,7.268
6.468,2.597,8.161,2.163,7.616,8.488,3.097
9.421,12.695,8.509,5.942,6.805,6.931,6.390
6.888,3.545,10.157,12.981,7.580,7.517,11.283
11.747,10.885,9.507,7.609,11.487,7.598,5.501
5.641,4.434,7.486,9.043,10.356,9.189,12.698
1.461,4.471,2.874,5.596,9.102,5.789,7.936
8.902,6.097,5.981,9.910,9.895,5.235,5.444
5.242,7.418,7.944,8.164,5.309,11.745,7.498
6.007,4.709,10.925,8.575,8.598,12.189,0.500
2.011,3.674,10.454,6.286,5.640,7.001,4.418
1.525,10.036,7.475,9.095,7.654,8.289,9.665
3.693,6.711,9.031,7.075,9.989,12.377,11.391
6.977,5.865,8.254,7.616,9.548,8.138,5.022
5.409,5.080,15.441,9.194,3.684,8.459,10.900
4.438,11.227,10.669,10.686,6.724,8.547,6.972
11.118,5.959,9.403,7.946,4.942,11.014,7.911
6.204,5.070,10.719,7.722,8.789,5.073,8.504
3.154,4.027,6.910,11.442,6.258,7.408,12.243
8.055,6.959,5.614,7.359,7.814,6.362,8.205
6.720,6.019,6.149,7.797,10.599,10.001,7.650
5.853,8.294,0.500,9.895,10.007,10.132,11.705
2.687,12.199,6.783,8.772,10.753,10.277,3.439
12.854,9.551,4.938,4.076,9.729,10.032,4.654
9.639,5.214,10.172,9.893,8.961,6.025,10.144
5.725,8.191,4.852,3.400,5.363,11.536,3.488
11.633,8.648,6.849,8.941,4.348,5.190,6.536
13.409,10.015,1.500,11.236,7.049,5.953,7.882
5.370,5.201,0.500,13.047,9.033,6.909,2.633
10.012,7.165,6.212,11.522,8.426,6.803,3.685
10.210,7.190,12.408,14.443,8.752,12.165,7.382
10.687,7.849,6.209,9.574,5.785,11.682,1.861
4.844,9.916,9.020,4.543,8.964,11.039,5.524
7.944,1.923,9.060,5.397,3.932,8.508,10.481
1.784,7.921,16.564,10.930,11.924,10.497,7.263
3.233,10.282,7.513,12.461,3.724,9.333,13.814
6.777,7.176,7.296,8.443,7.862,9.353,8.330
11.631,3.673,9.029,5.641,6.073,11.079,10.034
3.295,8.506,8.312,3.433,7.896,4.622,5.849
8.245,14.960,13.784,14.154,9.809,6.739,5.923
7.452,4.818,12.568,11.509,2.384,4.678,5.765
8.436,4.798,9.300,8.401,8.290,6.292,9.474
3.244,1.154,12.778,5.930,5.968,5.903,9.097
7.770,6.980,8.654,10.644,7.466,4.608,5.194
5.189,10.031,7.920,13.376,10.612,6.630,9.768
5.375,5.588,7.900,10.820,6.126,8.027,10.948
4.895,9.781,8.515,5.548,6.731,6.706,7.952
11.639,8.329,7.233,5.526,6.378,6.062,5.524
4.886,11.781,8.435,9.798,11.178,7.970,8.821
5.513,8.936,5.180,9.987,7.589,8.320,4.712
11.907,15.104,5.021,7.493,12.864,13.146,11.026
13.836,4.624,6.974,12.924,12.193,7.731,9.658
12.424,7.498,8.942,4.313,8.234,6.097,6.028
10.069,8.910,8.949,7.312,13.703,3.316,8.599
8.031,9.196,9.439,12.896,5.649,9.668,8.724
13.109,11.019,8.539,7.478,5.081,9.817,12.278
5.595,4.820,5.209,6.240,9.288,6.451,7.583
8.241,3.587,6.062,3.524,5.024,5.659,6.091
5.174,5.724,6.043,8.210,8.437,7.677,4.097
9.649,10.756,8.166,5.107,6.473,9.647,6.564
8.878,8.403,10.027,10.802,6.140,8.390,1.383
7.610,6.709,6.462,9.367,9.463,8.911,12.539
6.430,6.993,5.876,6.950,5.385,2.121,9.982
1.941,11.199,6.742,6.294,10.707,8.326,4.165
7.091,12.348,10.383,5.545,10.469,6.541,7.706
7.411,12.409,9.406,13.046,14.129,2.644,8.988
3.874,9.933,6.416,6.830,2.820,7.888,7.374
11.578,11.703,7.390,6.369,6.590,0.500,9.905
7.477,6.428,4.363,8.600,6.538,6.699,4.042
6.270,3.424,9.347,9.101,8.516,11.217,7.824
9.978,3.645,10.596,8.242,5.907,5.403,5.223
9.897,6.942,9.838,3.749,7.626,5.502,3.864
4.887,5.426,12.830,6.450,6.729,10.336,12.660
5.806,3.437,9.937,6.203,4.173,1.180,6.045
8.948,8.943,7.452,8.324,6.482,4.883,7.856
8.942,3.372,8.135,6.267,7.012,0.500,6.425
8.681,7.232,9.666,10.792,15.814,4.183,5.881
6.812,7.978,7.031,9.742,5.804,12.245,7.083
9.024,11.732,16.624,12.197,6.956,9.922,13.548
4.824,7.152,7.964,7.275,4.075,2.843,9.722
4.532,9.217,9.708,11.789,12.670,14.138,10.098
4.553,3.405,14.615,3.776,7.134,7.733,11.420
6.524,1.593,12.539,8.475,9.631,10.782,7.125
8.374,1.470,10.353,1.223,6.997,7.257,7.251
9.697,5.862,6.909,8.358,1.638,9.680,5.486
9.033,5.804,8.430,8.479,8.590,6.604,6.107
8.405,8.041,12.262,9.471,1.911,7.468,6.164
12.150,11.428,7.449,4.823,3.972,8.035,12.832
6.866,5.697,9.089,6.845,6.059,10.059,13.083
3.665,10.444,11.744,1.900,8.468,6.485,7.500
12.235,6.647,11.139,7.784,6.979,9.445,6.115
5.948,8.541,11.321,10.446,8.022,7.081,6.172
5.507,10.351,9.594,7.179,12.144,10.023,9.717
8.832,8.826,10.124,4.194,12.203,9.745,2.752
7.103,5.264,7.354,9.282,12.518,3.799,9.418
6.802,7.587,8.790,12.895,10.235,7.912,8.315
7.437,7.194,8.029,8.039,5.782,5.893,6.884
2.955,10.242,4.499,0.500,8.699,6.616,10.126
9.518,4.701,6.791,3.908,11.276,11.937,8.054
6.316,3.418,0.500,3.507,10.581,4.178,8.230
6.730,7.346,6.191,7.716,8.436,7.473,8.531
0.500,10.078,5.900,10.362,6.213,4.416,7.950
9.446,7.904,6.812,8.413,3.582,6.515,5.649
7.509,7.484,5.523,9.213,3.147,9.624,7.479
2.454,8.136,8.488,5.195,9.428,12.349,17.068
7.887,9.424,7.803,11.407,10.004,6.699,4.399
5.832,7.102,7.608,6.450,5.248,10.524,8.506
9.122,6.606,6.631,5.063,17.522,13.819,10.937
3.121,9.549,8.177,5.810,10.188,11.932,3.934
7.210,10.188,9.730,8.749,10.613,3.674,5.977
16.586,7.353,8.185,9.432,5.978,7.172,5.916
12.650,0.500,6.296,8.055,7.925,7.033,8.411
10.113,6.318,6.305,11.801,8.801,12.699,5.904
8.238,6.938,7.652,7.485,8.004,6.914,3.451
9.402,5.219,3.542,7.344,2.164,9.900,8.969
9.229,11.891,5.938,5.027,7.338,6.887,9.555
7.378,7.793,6.454,5.126,4.106,4.377,5.286
9.176,6.202,6.283,9.584,10.274,1.028,5.317
6.794,4.651,10.886,9.928,2.180,1.512,4.477
5.229,10.037,7.464,8.969,14.690,7.974,5.404
12.956,11.086,6.213,9.393,12.894,6.555,4.965
9.221,7.417,6.152,8.006,8.014,11.368,6.744
5.638,3.157,6.157,7.030,5.357,13.043,6.390
10.758,12.927,0.500,9.914,10.577,9.455,11.514
4.255,14.631,13.616,7.327,5.295,11.959,7.226
8.055,7.156,9.246,16.246,6.685,9.301,12.984
6.265,14.045,7.422,14.690,12.903,9.275,9.695
5.189,5.684,5.445,6.122,10.123,8.434,9.513
11.276,9.012,3.440,5.634,5.984,9.123,11.019
7.603,11.264,5.236,12.100,5.133,11.156,5.707
13.384,2.964,3.987,6.593,9.787,9.267,10.384
10.576,1.525,10.794,2.459,10.814,5.093,2.561
5.863,3.693,8.091,5.448,7.113,9.004,4.592
12.079,6.977,4.861,8.288,6.333,7.935,2.377
7.610,5.409,4.348,8.711,5.930,5.072,6.127
5.234,4.438,6.543,10.920,13.696,5.036,5.291
9.889,11.118,7.029,6.618,7.573,3.101,9.051
3.898,6.204,5.044,10.608,4.323,7.801,1.673
6.757,3.154,6.822,9.251,10.650,4.359,11.449
8.747,8.055,7.345,5.580,0.876,4.736,9.897
6.737,6.720,3.994,6.409,3.169,5.642,11.476
3.448,5.853,5.962,5.913,5.586,9.282,7.340
9.385,2.687,3.598,3.169,1.121,4.820,5.473
9.402,12.854,1.123,10.444,9.672,7.573,9.721
8.180,9.639,13.960,3.521,7.911,7.178,7.350
5.335,5.725,11.608,3.887,7.013,6.849,17.301
10.091,11.633,4.661,6.614,10.195,8.454,9.993
4.525,13.409,5.227,4.500,9.714,0.500,4.329
4.406,5.370,7.730,10.258,8.179,9.374,12.166
10.430,10.012,7.557,7.311,11.726,4.003,6.050
5.478,10.210,8.322,4.684,10.572,9.144,3.329
9.118,10.687,8.578,8.322,7.457,7.819,8.118
10.191,4.844,9.658,10.689,12.191,8.368,6.515
4.667,7.944,5.254,9.017,12.527,7.531,11.493
11.523,1.784,7.588,4.545,9.330,8.724,10.740
6.894,3.233,8.887,7.590,3.740,11.085,9.186
7.831,6.777,5.265,0.778,9.242,5.444,13.326
9.659,11.631,7.857,9.666,9.531,11.531,6.568
8.010,3.295,11.297,5.918,5.403,6.715,15.275
3.636,8.245,8.003,11.703,9.051,8.754,5.844
9.324,7.452,8.866,5.336,4.471,12.734,6.359
6.585,8.436,8.333,6.029,6.315,11.205,14.745
9.764,3.244,17.819,3.478,8.013,10.408,8.517
14.364,7.770,12.880,8.914,11.549,6.205,11.046
8.475,5.189,9.964,14.073,10.104,9.155,8.670
8.398,5.375,6.833,9.104,9.414,6.656,5.575
11.038,4.895,7.690,11.863,11.611,4.064,8.588
8.703,11.639,7.133,7.004,3.069,9.682,9.104
0.500,4.886,11.313,9.132,7.614,5.531,7.114
10.566,5.513,12.790,10.096,8.440,7.868,12.747
5.082,11.907,12.182,7.781,8.246,6.593,6.859
9.193,13.836,9.836,11.533,6.250,0.615,6.700
7.529,12.424,6.591,11.166,6.696,7.956,9.892
8.784,10.069,9.631,6.744,3.478,6.351,5.561
7.575,8.031,8.460,1.980,0.500,12.258,4.308
13.094,13.109,11.001,4.080,3.242,8.832,12.753
11.796,5.595,8.248,7.437,9.930,8.152,2.665
12.799,8.241,4.523,17.098,2.296,11.432,9.082
8.597,5.174,0.500,6.231,6.525,7.637,7.185
8.395,9.649,4.605,9.623,10.923,11.220,13.656
11.405,8.878,9.694,11.383,10.929,6.573,9.278
2.544,7.610,6.008,6.453,1.955,8.925,16.911
10.025,6.430,7.952,13.708,7.725,7.321,7.000
9.008,1.941,7.174,12.115,9.373,9.142,4.358
7.481,7.091,9.592,4.955,1.666,6.806,11.034
11.397,7.411,9.168,14.415,4.452,11.902,9.769
12.264,3.874,6.535,12.495,5.929,3.695,8.592
2.574,11.578,7.986,9.199,6.398,8.735,10.000
11.521,7.477,10.922,2.768,10.464,6.587,9.451
11.385,6.270,9.639,10.038,11.621,6.659,2.028
6.640,9.978,9.129,7.381,12.571,8.598,13.430
4.158,10.365,10.331,6.942,12.115,9.289,11.745
8.096,10.761,6.466,5.426,7.341,10.763,8.466
9.016,2.371,4.551,3.437,7.298,5.552,4.064
4.118,11.464,10.855,8.943,7.582,3.258,4.393
7.984,8.818,10.355,3.372,8.294,7.899,7.378
3.242,6.200,9.806,7.232,6.138,10.255,12.358
8.551,11.329,9.199,7.978,9.430,9.033,3.759
7.997,11.452,10.116,11.732,14.170,10.106,10.026
16.884,8.399,6.089,7.152,4.559,11.729,12.861
2.471,13.108,4.045,9.217,7.194,4.869,5.616
13.964,7.799,10.167,3.405,10.616,10.791,9.436
9.391,6.577,8.734,1.593,7.036,3.642,10.027
10.833,8.576,10.875,1.470,3.957,8.145,11.291
5.906,3.574,7.243,5.862,5.035,9.620,7.695
3.539,11.993,12.091,5.804,7.293,0.761,2.887
12.356,3.994,11.007,8.041,9.868,5.304,6.639
7.660,11.037,11.386,11.428,7.901,9.151,10.327
12.289,9.429,12.091,5.697,10.043,9.193,10.714
10.349,8.466,8.371,10.444,11.386,8.513,6.998
2.849,9.335,5.334,6.647,8.836,7.864,9.725
6.288,7.033,2.288,8.541,7.114,6.036,10.243
8.514,5.981,12.262,10.351,5.036,3.192,11.792
11.148,6.229,15.252,8.826,13.376,8.115,8.172
0.500,8.112,10.245,5.264,7.226,8.190,3.982
2.933,6.075,9.226,7.587,12.755,8.202,5.745
9.598,8.698,12.936,7.194,7.315,7.763,2.303
9.689,5.302,11.309,10.242,7.020,7.803,5.670
14.156,11.120,7.125,4.701,9.332,3.582,7.169
7.892,10.150,10.295,3.418,6.231,13.252,3.125
7.719,5.067,10.374,7.346,11.835,9.183,8.560
6.130,10.019,5.727,10.078,6.662,7.604,9.361
6.620,5.650,4.720,7.904,4.402,4.760,7.650
9.360,12.966,6.567,7.484,6.678,9.393,5.561
10.029,6.438,8.193,8.136,8.630,10.968,10.902
10.288,4.893,8.084,9.424,6.521,8.641,16.811
5.545,4.907,5.790,7.102,8.628,5.897,7.412
8.920,4.799,6.268,6.606,3.857,12.200,11.822
10.245,8.043,7.669,9.549,5.315,3.500,6.662
7.885,6.794,6.714,10.188,11.127,13.258,7.567
10.034,13.736,6.017,7.353,3.602,3.850,10.333
11.353,10.908,10.732,0.500,8.173,11.669,5.469
11.746,4.990,5.574,6.318,7.831,4.064,7.546
4.523,5.705,5.419,6.938,4.849,8.063,5.440
8.364,10.424,0.500,5.219,6.898,8.162,6.187
5.264,6.966,4.525,11.891,9.232,8.588,10.823
5.889,5.951,5.639,7.793,11.298,7.297,2.421
7.660,5.445,6.869,6.202,13.466,5.416,7.371
8.823,2.065,8.259,4.651,7.649,6.298,3.678
10.905,14.205,7.952,10.037,2.620,13.400,2.942
5.936,2.626,7.769,11.086,6.122,8.067,10.906
12.836,1.846,8.202,7.417,7.967,4.811,7.145
4.472,8.841,6.331,3.157,8.632,9.512,13.210
11.307,7.152,9.653,12.927,4.675,6.767,10.016
7.494,8.075,6.852,14.631,3.843,12.541,7.531
9.191,5.650,0.500,7.156,5.682,9.029,6.516
6.947,14.677,6.310,14.045,9.721,10.295,7.162
10.829,2.697,13.756,5.684,11.922,13.834,8.795
9.300,6.536,6.937,9.012,10.419,6.526,7.242
8.591,12.748,7.018,11.264,4.773,10.830,10.051
5.342,10.884,5.032,2.964,10.312,6.678,12.113
