8.157,8.289,2.692,16.589,2.561,10.587,13.377
7.003,12.377,4.833,9.554,4.592,8.146,4.490
7.663,8.138,4.354,7.098,2.377,6.829,4.636
0.500,8.459,3.967,5.154,6.127,10.107,5.074
9.492,8.547,6.619,2.687,5.291,1.523,6.342
6.441,11.014,3.968,10.158,9.051,11.794,3.742
8.120,5.073,3.699,8.352,1.673,7.370,9.890
18.661,7.408,3.591,5.726,11.449,8.125,10.006
9.623,6.362,3.597,4.615,9.897,3.587,3.799
7.318,10.001,3.242,4.170,11.476,4.831,8.686
12.251,10.132,3.680,9.687,7.340,6.198,3.738
3.990,10.277,3.575,7.086,5.473,10.715,5.873
10.825,10.032,3.495,9.268,9.721,10.493,6.468
2.953,6.025,3.488,8.635,7.350,11.870,7.827
6.177,11.536,5.700,3.504,17.301,5.992,15.117
3.342,5.190,4.740,11.705,9.993,8.071,9.403
11.285,5.953,3.389,9.872,4.329,4.513,13.316
13.955,6.909,9.957,10.765,12.166,6.933,5.413
8.821,6.803,8.060,11.516,6.050,5.699,7.713
6.106,12.165,7.838,11.448,3.329,9.552,5.086
10.964,11.682,7.600,11.378,8.118,8.141,10.185
6.441,11.039,7.434,9.984,6.515,8.586,7.949
6.481,8.508,7.236,9.582,11.493,9.694,11.816
5.912,10.497,7.033,4.228,10.740,6.184,5.718
14.150,9.333,7.072,9.495,9.186,4.452,9.836
10.982,9.353,7.271,1.487,13.326,8.425,8.304
9.764,11.079,7.468,0.599,6.568,3.339,9.717
6.963,4.622,7.651,5.903,15.275,6.184,5.899
5.089,6.739,7.786,9.873,5.844,10.275,8.628
6.649,4.678,7.759,5.699,6.359,8.836,11.142
7.580,6.292,7.897,5.979,14.745,7.051,7.533
8.352,5.903,8.184,9.860,8.517,15.884,13.236
2.891,4.608,8.592,2.303,11.046,9.061,5.864
4.342,6.630,9.017,0.500,8.670,6.380,9.654
4.363,8.027,9.350,11.948,5.575,6.987,10.629
6.222,6.706,9.530,11.561,8.588,13.880,8.312
6.139,6.062,9.586,1.925,9.104,14.767,8.716
12.299,7.970,9.617,13.829,7.114,3.899,8.803
8.560,8.320,9.673,11.904,12.747,6.932,10.487
8.365,13.146,9.845,6.863,6.859,12.523,10.575
9.883,7.731,9.944,10.086,6.700,4.278,10.646
7.745,6.097,9.924,10.078,9.892,9.084,8.624
7.696,3.316,9.922,7.167,5.561,3.053,6.671
7.910,9.668,10.021,4.507,4.308,8.374,7.652
10.261,9.817,10.248,6.765,12.753,6.684,9.969
7.032,6.451,10.691,8.163,2.665,5.328,7.996
10.295,5.659,11.355,4.221,9.082,10.971,0.650
5.779,7.677,11.767,9.104,7.185,9.743,8.474
8.896,9.647,12.177,5.524,13.656,9.295,10.948
15.714,8.390,12.836,11.261,9.278,4.684,5.031
10.548,8.911,10.274,6.468,16.911,8.900,7.996
12.138,2.121,14.561,9.421,7.000,8.349,7.809
5.698,8.326,11.390,6.888,4.358,7.044,3.080
14.787,6.541,10.828,11.747,11.034,8.989,3.491
12.321,2.644,10.179,5.641,9.769,4.850,6.838
5.531,7.888,10.006,1.461,8.592,2.500,6.064
5.902,0.500,9.783,8.902,10.000,8.015,7.258
6.568,6.699,9.665,5.242,9.451,13.029,13.054
4.614,11.217,9.594,6.007,2.028,3.978,11.587
11.084,5.403,14.749,2.011,13.430,9.915,6.830
6.943,8.716,1.360,6.255,10.327,5.901,8.642
8.962,5.198,4.354,10.650,2.633,6.306,9.017
4.838,6.849,4.679,11.166,7.756,11.633,6.029
14.016,10.743,4.937,8.891,5.586,7.680,10.754
6.333,8.935,4.254,7.875,1.317,13.463,10.934
9.225,1.902,2.822,4.310,13.624,5.359,5.262
18.473,7.513,2.919,8.128,4.558,6.232,8.316
10.109,6.821,2.973,3.363,7.263,12.857,10.591
9.766,6.529,3.037,6.930,6.790,7.172,9.690
8.138,9.178,6.180,4.591,11.870,8.575,7.055
8.688,6.995,6.646,11.379,6.230,11.508,10.833
7.849,7.237,4.064,6.172,6.118,10.776,8.514
7.310,9.199,4.148,6.999,12.066,3.000,5.669
6.146,7.784,4.289,6.057,7.529,7.048,7.563
4.311,12.319,4.448,10.252,7.603,9.168,8.006
9.524,8.505,4.523,4.703,11.821,2.866,5.224
5.063,5.649,4.630,11.761,13.563,7.296,8.830
9.946,11.154,7.833,3.382,8.144,8.654,7.417
9.438,9.441,5.295,4.788,8.226,10.659,5.978
10.848,6.638,8.539,6.679,5.153,11.279,12.259
4.852,12.833,9.099,5.711,6.782,17.151,8.447
9.380,3.000,6.672,7.975,6.769,7.549,14.654
8.257,9.879,6.898,5.222,12.287,6.298,6.222
5.314,10.727,7.113,3.696,1.709,8.560,7.689
5.229,7.041,7.321,5.747,12.286,10.824,14.371
8.927,12.587,7.578,10.116,5.646,11.654,6.579
9.357,6.795,7.607,7.179,14.415,7.224,2.414
7.361,7.379,7.934,15.508,9.724,12.242,11.869
6.833,10.795,11.116,6.136,14.609,14.010,5.743
2.783,9.483,8.662,5.522,12.556,6.446,10.583
11.360,7.469,8.751,2.209,3.478,5.791,4.305
7.409,9.696,12.035,4.282,11.196,1.438,8.595
5.686,0.500,9.542,4.433,12.188,6.960,1.706
5.852,8.132,9.729,7.439,4.950,9.371,8.781
6.540,8.054,12.958,12.086,10.342,9.862,7.291
4.534,6.833,10.461,7.328,6.912,12.734,6.492
8.415,10.827,13.610,2.366,9.890,9.943,0.500
8.051,9.614,11.235,8.916,11.788,6.586,6.013
7.694,8.885,11.222,9.955,8.415,8.407,2.925
16.824,12.311,11.082,5.695,10.717,10.414,9.472
9.261,4.687,11.069,8.374,1.810,12.964,10.972
11.813,3.195,11.150,12.792,9.190,4.260,5.523
10.475,4.861,11.027,11.267,3.554,6.458,5.413
8.940,15.223,11.024,6.563,11.281,4.051,7.955
8.506,9.686,10.934,5.032,8.423,8.588,3.878
7.823,8.203,10.844,11.299,9.135,5.727,7.709
8.429,11.967,10.741,6.644,3.661,12.463,9.724
5.884,10.205,10.510,15.649,11.531,6.673,3.305
5.261,11.117,10.267,6.518,7.669,3.860,9.645
6.899,4.771,10.040,8.534,12.752,10.758,9.271
6.135,8.646,9.779,5.100,11.319,10.246,9.935
3.328,9.956,12.696,2.888,7.061,5.400,10.328
5.515,7.971,9.679,7.208,6.814,6.473,10.209
7.897,5.728,9.263,7.113,10.880,9.182,8.596
5.533,9.915,8.795,16.550,7.865,12.009,10.920
8.859,8.599,8.252,6.967,7.131,8.767,8.878
9.686,10.004,7.715,11.622,4.243,5.335,6.241
4.112,2.339,7.182,11.701,8.604,9.211,10.542
10.114,12.616,9.734,8.933,6.546,8.906,12.485
10.243,8.150,6.745,3.919,9.176,8.774,9.000
8.224,11.281,8.749,8.848,6.255,8.166,7.459
9.665,7.273,13.428,6.160,10.650,7.919,9.639
4.989,12.380,9.271,10.909,11.166,5.956,5.773
10.807,5.847,9.400,5.619,8.891,8.781,10.628
9.387,11.727,9.217,7.805,7.875,10.384,10.715
7.132,7.445,9.189,13.104,4.310,14.432,3.676
12.949,4.209,9.194,8.674,8.128,7.251,6.723
7.207,6.787,9.129,6.141,3.363,12.992,6.107
9.735,7.421,9.083,5.965,6.930,8.059,6.382
8.030,6.581,9.047,6.266,4.591,8.206,5.310
5.719,11.689,9.042,6.740,11.379,9.445,4.934
5.213,2.918,13.653,4.203,6.172,0.831,10.462
7.197,13.702,9.690,8.327,6.999,6.695,5.330
2.281,4.629,9.447,9.899,6.057,10.550,6.088
3.740,2.933,9.369,4.837,10.252,2.479,9.956
8.953,6.551,10.340,16.717,4.703,6.174,10.412
9.773,6.945,9.376,8.428,11.761,13.230,3.963
10.284,10.781,9.379,9.732,3.382,9.031,11.193
5.545,7.472,14.087,3.718,4.788,10.825,9.018
12.925,4.324,14.453,9.566,6.679,7.188,10.920
5.948,8.643,10.227,13.311,5.711,9.868,5.971
8.949,11.523,10.193,15.520,7.975,4.147,10.403
13.379,11.919,10.144,15.258,5.222,11.154,3.080
1.988,7.121,10.050,12.920,3.696,8.431,9.573
5.770,10.219,10.011,1.720,5.747,12.951,8.902
8.813,2.546,10.099,9.463,10.116,8.853,8.135
11.712,6.712,9.845,8.589,7.179,8.029,7.084
5.607,0.500,9.725,4.413,15.508,3.237,5.113
8.263,7.429,9.599,13.390,6.136,10.293,4.587
9.476,8.330,9.440,8.404,5.522,3.614,10.460
11.925,4.093,9.319,5.555,2.209,12.326,8.885
8.092,11.268,9.168,4.937,4.282,5.955,8.088
6.595,9.219,9.035,12.759,4.433,8.751,8.184
7.304,8.198,8.848,8.018,7.439,9.043,14.228
7.469,6.261,8.645,5.680,12.086,6.705,7.383
7.565,9.259,8.513,5.470,7.328,8.898,11.295
4.349,3.234,8.270,10.080,2.366,7.893,10.409
4.664,10.386,8.046,4.978,8.916,9.659,9.843
10.172,12.623,7.811,6.435,9.955,8.880,6.785
8.680,7.849,7.572,10.618,5.695,7.325,8.380
4.643,9.979,7.313,9.956,8.374,2.420,13.948
12.119,10.531,7.047,7.774,12.792,8.732,10.545
5.162,7.286,6.762,10.104,11.267,4.553,12.872
5.400,6.602,6.466,11.141,6.563,7.081,5.088
7.603,10.209,6.170,14.680,5.032,13.811,2.512
12.290,2.691,5.869,11.213,11.299,3.840,11.730
8.731,7.571,5.552,6.893,6.644,11.622,6.501
11.544,8.192,5.202,9.468,15.649,9.997,6.947
11.365,5.368,4.866,6.505,6.518,9.111,7.426
9.723,5.548,4.507,5.163,8.534,9.305,4.548
6.881,7.048,4.138,7.529,5.100,7.022,7.866
8.675,7.460,3.734,7.184,2.888,9.415,9.929
3.232,9.164,3.332,9.559,7.208,4.783,6.337
7.737,10.501,2.909,8.093,7.113,8.240,6.070
14.269,9.000,7.548,11.141,16.550,9.859,4.788
12.412,9.725,2.718,4.076,6.967,6.347,1.272
13.652,8.470,2.272,14.826,11.622,5.906,6.664
7.401,9.635,1.824,4.436,11.701,5.867,7.440
8.304,7.169,1.448,1.770,8.933,6.895,9.672
1.217,12.571,1.217,6.962,3.919,8.035,8.413
8.614,4.541,3.716,9.095,0.500,6.324,6.599
3.759,8.576,3.686,7.075,7.797,8.121,7.435
8.087,12.770,3.675,7.616,3.428,0.500,5.018
11.880,8.763,3.703,9.194,5.778,10.241,3.936
8.300,1.565,3.791,10.686,5.258,10.487,5.164
7.794,9.124,3.765,7.946,7.718,8.895,6.833
11.156,8.457,9.256,7.722,3.975,3.712,5.338
7.891,5.877,4.174,11.442,11.147,7.179,2.517
8.445,4.635,4.257,7.359,9.047,5.664,6.904
6.877,4.456,4.317,7.797,8.155,9.244,11.457
2.889,2.074,4.372,9.895,10.592,6.127,11.594
8.351,6.943,4.436,8.772,7.093,10.644,8.333
7.696,11.390,4.504,4.076,9.448,8.469,3.470
2.742,9.631,4.569,9.893,13.623,5.391,9.001
7.910,8.366,4.602,3.400,11.806,7.991,5.804
10.278,8.675,4.688,8.941,4.457,5.604,1.602
13.103,3.550,4.584,11.236,9.726,5.499,11.979
4.081,2.612,10.629,13.047,10.584,5.421,4.682
8.881,9.683,12.481,11.522,2.268,10.553,7.076
9.897,6.578,10.876,14.443,7.453,8.014,11.095
8.797,10.487,7.141,9.574,9.606,4.506,5.863
12.282,5.344,6.760,4.543,7.731,8.493,11.068
1.597,8.062,6.804,5.397,8.361,9.008,9.292
8.049,10.027,7.014,10.930,6.136,12.116,5.702
5.698,8.850,7.195,12.461,5.640,9.687,4.593
11.973,3.569,7.371,8.443,4.004,9.965,9.148
8.064,1.689,7.538,5.641,7.058,10.693,13.573
8.896,5.295,7.647,3.433,8.896,4.698,9.903
6.056,11.657,7.746,14.154,8.540,3.899,4.670
11.046,3.687,7.953,11.509,3.298,7.383,9.890
6.482,11.241,8.100,8.401,0.500,13.823,10.326
5.116,8.016,8.228,5.930,9.474,5.352,5.439
7.062,10.550,8.344,10.644,1.661,10.489,7.398
10.561,6.402,8.462,13.376,7.866,7.374,4.684
6.761,10.772,8.645,10.820,6.974,6.961,6.050
3.037,6.032,8.753,5.548,3.896,5.034,9.363
6.684,10.625,8.818,5.526,17.365,11.324,11.978
2.226,4.566,8.887,9.798,9.749,6.500,11.061
10.819,4.306,8.939,9.987,9.487,12.904,11.664
4.935,9.793,8.957,7.493,7.187,8.144,9.055
10.047,4.104,8.962,12.924,8.332,3.742,11.936
8.313,10.210,8.964,4.313,9.211,7.986,7.731
6.936,7.713,8.946,7.312,8.453,13.377,8.065
9.333,9.392,8.895,12.896,5.221,7.836,8.783
5.013,4.785,8.816,7.478,10.187,8.459,3.519
6.964,7.636,8.708,6.240,7.736,6.932,7.003
8.362,8.281,8.574,3.524,5.409,6.977,4.616
7.450,13.375,8.412,8.210,7.899,12.020,7.999
10.616,6.426,13.928,5.107,4.936,11.500,8.949
6.237,11.263,14.172,10.802,12.510,9.428,5.918
1.878,7.398,14.446,9.367,8.666,15.990,12.110
7.497,9.795,14.788,6.950,7.593,8.362,6.262
5.970,14.659,15.108,6.294,10.694,12.893,14.235
1.020,8.444,9.620,5.545,9.389,9.454,4.457
9.876,9.131,12.626,13.046,12.769,5.436,10.132
5.173,8.311,9.408,6.830,10.410,8.282,8.945
10.907,6.686,9.420,6.369,12.595,14.061,13.822
8.634,6.890,9.187,8.600,2.883,4.948,8.716
8.260,6.847,8.908,9.101,10.140,4.697,5.008
11.849,1.278,8.727,8.242,6.935,8.022,11.852
9.145,10.297,3.251,12.066,13.730,6.559,5.468
9.692,6.510,6.487,4.774,9.546,7.761,7.124
8.034,1.848,6.582,8.289,8.014,13.311,12.104
5.523,7.981,3.651,9.570,8.613,9.153,1.930
5.787,9.580,6.894,6.558,7.390,0.500,12.204
4.813,6.462,3.879,8.108,8.036,11.188,11.103
8.592,7.118,3.898,7.808,7.585,6.532,12.975
7.557,5.911,3.916,8.062,8.644,10.013,9.389
6.599,9.401,3.933,9.294,8.572,10.124,6.833
8.417,4.562,3.949,11.589,13.378,7.090,8.163
3.193,12.337,7.242,7.157,11.052,13.872,6.648
6.407,9.700,4.192,0.510,6.883,6.808,9.051
9.404,8.387,4.215,9.790,4.301,5.118,8.768
4.790,7.643,4.237,5.941,12.014,6.447,7.317
6.728,13.039,4.256,6.979,9.640,9.637,5.440
8.594,9.398,4.267,9.265,8.585,11.359,8.224
7.591,6.155,4.279,7.371,6.720,5.421,12.399
10.775,8.426,7.573,5.768,9.049,6.213,0.500
6.133,10.031,7.708,12.170,7.059,12.360,10.013
7.730,5.310,4.758,5.764,11.408,9.863,10.348
3.835,10.586,7.993,9.190,7.496,5.332,9.830
8.796,7.350,8.214,5.109,9.600,8.395,8.811
4.766,9.023,8.441,11.450,12.239,8.864,10.752
9.212,8.451,8.753,8.812,12.463,10.813,8.181
8.107,2.674,5.718,2.906,8.265,9.212,11.771
5.575,6.428,5.772,8.156,7.733,5.776,8.299
11.404,9.955,5.846,3.834,9.050,7.048,7.099
8.000,2.027,5.899,13.986,7.966,5.829,8.936
9.480,3.993,5.927,12.631,8.125,10.477,9.538
6.222,9.545,5.958,2.276,5.125,10.653,7.798
7.074,6.787,6.022,6.790,7.919,4.666,5.756
10.322,8.092,6.210,11.558,8.790,11.208,4.646
9.362,3.639,7.865,9.690,8.535,7.008,8.670
6.563,7.288,9.810,8.011,6.891,6.888,7.168
10.182,8.658,9.994,4.099,9.263,10.126,12.379
6.916,8.104,10.191,12.636,10.719,8.248,7.868
11.764,5.045,10.284,9.605,6.771,4.102,8.477
7.313,11.896,10.703,10.663,5.001,11.557,8.352
7.462,4.960,10.901,4.104,7.805,6.883,4.288
2.421,5.689,11.003,5.147,5.524,8.059,7.611
9.529,12.965,10.969,11.493,11.585,13.221,11.550
10.053,3.880,11.145,12.403,5.585,8.730,9.203
8.249,9.524,11.397,15.213,13.300,7.544,10.147
6.067,7.562,8.370,7.761,8.759,8.998,16.897
13.036,4.585,8.376,6.906,9.534,8.176,3.368
8.289,9.924,8.324,10.562,8.289,11.082,7.922
6.313,11.749,11.601,6.320,5.853,9.193,5.522
4.084,10.638,11.790,3.282,10.475,11.369,11.825
10.037,9.477,8.569,7.150,7.756,11.399,14.343
6.380,7.505,11.924,7.340,10.218,8.521,7.489
8.567,9.468,12.093,4.587,3.176,14.422,7.110
14.055,2.267,12.251,5.456,7.438,5.084,6.856
5.292,8.374,12.401,7.635,7.998,9.708,7.202
4.397,2.276,12.533,8.808,11.169,11.864,15.904
6.355,6.506,12.717,4.037,10.644,5.789,5.219
6.591,11.258,12.921,6.273,4.394,4.853,6.966
11.773,11.166,9.761,8.436,4.696,11.562,3.384
8.271,8.681,9.713,9.214,3.557,6.421,10.887
9.043,10.850,9.673,3.602,11.361,11.869,4.901
7.643,6.778,12.804,10.368,7.076,10.824,7.974
8.021,11.000,5.335,8.101,8.101,9.957,0.654
6.530,9.229,5.332,6.988,6.988,2.475,3.804
5.728,7.681,5.345,4.096,4.096,5.213,10.405
8.013,7.244,5.349,3.439,3.439,9.641,7.588
9.750,12.559,5.365,7.997,7.997,0.500,9.902
8.597,14.387,5.365,7.255,7.255,8.354,8.967
7.326,7.432,5.374,7.171,7.171,11.454,5.460
13.197,4.835,5.364,4.722,4.722,6.469,5.468
10.268,8.222,5.364,7.166,7.166,8.180,5.075
7.068,15.647,5.364,6.855,6.855,8.266,9.733
5.505,3.342,5.369,6.095,6.095,6.256,8.806
4.241,6.828,5.369,7.717,7.717,12.974,8.142
10.053,6.365,5.379,14.221,14.221,7.133,11.005
7.451,2.444,5.392,6.503,6.503,11.206,4.462
5.851,7.106,5.407,14.052,14.052,8.962,9.050
6.366,11.331,5.448,4.853,4.853,12.175,12.432
6.571,8.524,9.212,8.474,8.474,11.829,14.800
8.476,8.459,5.742,6.886,6.886,6.853,11.510
9.822,5.455,5.769,9.096,9.096,10.532,5.366
6.946,10.047,5.803,11.400,11.400,6.985,3.072
5.578,4.647,5.835,8.581,8.581,9.141,8.165
9.412,5.355,5.851,8.228,8.228,9.671,10.342
5.861,10.724,5.874,9.745,9.745,6.716,10.644
12.211,4.853,5.887,9.286,9.286,9.825,3.707
8.067,6.237,5.903,7.953,7.953,5.866,12.670
10.352,7.673,5.934,7.825,7.825,1.724,5.300
6.604,9.956,5.967,8.930,8.930,9.085,6.365
7.283,4.562,5.999,9.891,9.891,10.667,8.562
7.096,7.476,6.033,6.065,6.065,9.821,10.671
5.821,8.796,6.069,11.839,11.839,7.417,11.451
8.643,7.531,6.105,6.043,6.043,7.408,7.718
10.523,13.700,6.143,5.113,5.113,10.921,7.620
1.850,9.990,6.184,8.653,8.653,8.253,11.171
1.117,6.717,6.226,4.331,4.331,2.852,11.088
7.393,4.852,6.266,5.445,5.445,7.605,5.424
13.787,8.106,6.305,5.378,5.378,7.749,15.042
11.985,6.065,10.094,1.145,1.145,3.313,4.990
13.224,3.736,10.505,12.061,12.061,5.535,3.158
6.655,10.265,10.874,4.819,4.819,6.392,2.994
8.499,4.090,11.261,10.498,10.498,10.714,2.541
9.806,12.888,7.779,9.158,9.158,8.709,4.013
9.657,10.279,11.733,8.728,8.728,7.528,10.490
8.094,8.303,8.320,5.853,5.853,7.156,9.959
7.117,8.828,12.219,5.097,5.097,6.698,8.642
11.962,7.092,12.623,7.117,7.117,10.733,8.824
9.256,3.291,13.034,4.552,4.552,6.721,7.843
9.451,10.185,9.747,11.596,11.596,8.429,6.035
8.573,2.913,9.734,2.457,2.457,5.820,8.337
6.390,5.155,9.847,9.721,9.721,9.484,11.188
7.996,5.930,9.972,7.324,7.324,7.404,6.023
9.076,9.509,10.102,3.226,3.226,3.342,6.300
9.060,8.966,10.288,8.634,8.634,8.526,9.457
3.332,8.886,12.765,9.940,9.940,4.448,9.302
6.206,11.500,12.978,8.623,8.623,10.539,17.905
7.621,6.827,10.999,7.869,7.869,12.004,5.595
14.330,9.395,11.172,6.244,6.244,10.499,4.668
8.961,4.747,11.289,0.500,0.500,8.954,5.454
1.655,7.896,15.245,7.894,7.894,4.775,7.599
3.485,8.608,12.760,9.096,9.096,6.884,1.155
4.117,7.522,15.630,8.370,8.370,7.163,8.701
7.626,7.488,0.505,8.614,10.300,5.663,2.459
6.729,11.143,2.183,3.759,8.488,11.814,5.448
4.173,9.504,3.204,8.087,5.740,4.699,8.288
6.482,3.397,5.471,11.880,7.666,6.664,8.711
7.012,6.453,3.908,8.300,6.448,5.775,10.920
15.814,9.322,4.136,7.794,4.958,1.007,6.618
5.804,8.346,3.229,11.156,6.050,8.425,10.608
6.956,5.930,3.480,7.891,11.088,12.655,9.251
4.075,3.724,3.782,8.445,8.301,8.264,5.580
12.670,7.888,4.228,6.877,12.597,2.762,6.409
7.134,2.908,4.557,2.889,6.346,12.094,5.913
9.631,10.371,4.479,8.351,10.220,7.083,3.169
6.997,10.427,4.261,7.696,8.348,6.458,10.444
1.638,6.025,4.415,2.742,8.507,7.059,3.521
8.590,7.826,4.357,7.910,8.258,9.149,3.887
1.911,7.252,4.563,10.278,8.790,6.150,6.614
3.972,4.425,5.099,13.103,7.427,6.482,4.500
6.059,10.977,6.486,4.081,10.058,6.935,10.258
8.468,8.865,8.172,8.881,7.166,14.491,7.311
6.979,6.977,9.176,9.897,7.900,7.231,4.684
8.022,9.520,8.191,8.797,7.264,3.896,8.322
12.144,11.208,9.080,12.282,8.266,5.401,10.689
12.203,12.038,10.525,1.597,8.089,8.825,9.017
12.518,8.476,8.288,8.049,7.500,9.913,4.545
10.235,4.554,8.315,5.698,6.192,5.958,7.590
5.782,12.210,7.819,11.973,4.495,5.344,0.778
8.699,8.332,11.365,8.064,4.366,8.592,9.666
11.276,9.760,8.222,8.896,5.450,6.125,5.918
10.581,8.691,8.834,6.056,11.201,1.840,11.703
8.436,11.204,10.534,11.046,4.317,5.706,5.336
6.213,8.163,8.780,6.482,2.084,14.751,6.029
3.582,7.915,9.126,5.116,10.033,11.639,3.478
3.147,7.372,8.532,7.062,8.201,10.990,8.914
9.428,11.137,7.504,10.561,8.049,8.816,14.073
10.004,6.641,8.447,6.761,6.889,5.816,9.104
5.248,8.899,9.670,3.037,9.628,3.427,11.863
17.522,9.718,8.934,6.684,10.668,6.041,7.004
10.188,10.973,9.463,2.226,13.329,8.270,9.132
10.613,11.608,10.630,10.819,3.936,8.766,10.096
5.978,5.092,12.992,4.935,5.791,5.774,7.781
7.925,5.615,9.074,10.047,8.550,12.035,11.533
8.801,5.867,10.706,8.313,12.455,8.918,11.166
8.004,10.497,9.571,6.936,6.038,7.730,6.744
2.164,5.332,7.567,9.333,11.025,4.963,1.980
7.338,6.322,7.887,5.013,7.959,11.177,4.080
4.106,10.822,9.800,6.964,10.557,7.640,7.437
10.274,6.736,10.067,8.362,7.914,4.149,17.098
2.180,15.689,8.241,7.450,10.360,8.428,6.231
14.690,11.675,11.659,10.616,14.978,4.959,9.623
12.894,9.151,11.055,6.237,7.344,8.779,11.383
8.014,10.353,10.315,1.878,8.591,8.996,6.453
5.357,9.614,9.546,7.497,10.369,6.210,13.708
10.577,9.966,10.505,5.970,7.852,11.579,12.115
5.295,6.677,9.869,1.020,12.346,4.524,4.955
6.685,10.610,12.733,9.876,7.668,11.536,14.415
12.903,8.764,12.279,5.173,5.251,8.010,12.495
10.123,4.727,13.223,10.907,7.416,8.116,9.199
5.984,4.188,11.543,8.634,7.848,9.602,2.768
5.133,6.436,8.202,8.260,8.004,4.242,10.038
9.787,5.208,11.213,11.849,4.118,10.258,7.381
3.411,5.857,6.370,5.134,6.001,8.192,11.637
7.571,7.993,5.801,7.528,7.561,7.871,10.787
11.030,12.001,5.929,8.138,6.715,12.002,12.695
11.346,6.526,5.968,7.047,11.386,11.779,6.438
4.769,6.157,5.942,7.224,2.897,8.216,6.014
7.106,9.903,6.258,9.019,8.498,5.724,7.488
9.893,9.673,6.385,13.950,11.818,11.089,8.908
6.635,5.547,6.403,6.103,4.240,12.111,6.882
4.526,7.842,6.565,9.621,8.312,2.183,8.130
8.359,5.643,6.101,11.182,11.266,7.043,7.536
7.569,9.254,6.018,6.674,10.208,8.001,7.783
7.663,6.179,5.972,4.654,9.472,7.182,6.129
7.005,14.843,6.008,8.608,1.800,9.391,4.122
11.732,10.734,6.020,7.027,4.486,4.301,9.402
5.977,7.045,6.085,12.197,11.208,3.628,7.634
9.800,7.454,6.122,7.611,8.088,6.122,6.441
10.130,11.683,6.374,8.769,11.852,7.829,6.008
5.901,5.327,6.394,10.913,10.874,3.373,6.258
8.888,9.191,6.187,3.790,7.746,8.961,3.242
5.719,5.282,5.630,5.043,6.131,6.621,10.406
7.144,11.913,5.081,5.360,4.498,4.840,16.024
4.248,7.418,5.600,7.485,2.116,6.641,3.931
7.289,10.398,5.080,9.324,7.350,9.802,4.230
10.002,6.819,5.129,9.928,10.316,10.314,6.496
5.680,11.519,5.257,4.628,10.735,7.274,7.365
8.988,11.237,5.228,3.795,11.067,9.594,12.327
9.587,7.409,5.213,11.130,9.541,11.195,7.114
9.626,9.421,5.221,11.383,7.076,10.320,6.058
6.293,11.547,4.092,7.266,7.932,2.852,2.713
6.877,7.964,12.631,8.715,13.882,5.586,11.547
8.316,5.099,12.489,0.500,7.494,12.757,6.886
7.674,7.533,12.251,9.001,9.322,3.301,13.194
9.055,6.465,12.220,2.554,13.381,6.113,9.578
10.741,4.564,12.219,2.243,9.932,9.365,5.531
10.827,8.916,12.261,8.666,5.954,4.575,11.369
11.602,7.905,12.302,6.162,13.359,9.356,2.605
7.794,6.056,11.903,8.897,3.914,7.253,10.692
8.925,10.791,12.242,5.557,7.623,10.653,5.864
9.561,11.424,12.254,9.916,9.493,8.368,1.323
9.024,10.782,12.317,11.428,9.153,3.746,5.797
4.955,7.601,12.219,8.902,11.212,4.215,11.914
7.926,12.151,12.241,8.112,9.286,4.342,13.728
10.544,12.144,12.254,10.252,6.309,6.396,9.566
9.947,10.169,12.321,7.048,6.756,11.487,4.480
3.764,9.586,12.317,11.027,6.448,10.297,8.614
13.359,10.256,12.355,11.701,3.163,5.615,6.241
9.045,9.032,12.369,9.385,7.956,4.113,9.590
9.152,9.323,5.966,5.476,11.814,8.243,11.279
6.832,11.004,6.289,7.872,8.005,3.270,9.037
10.759,7.290,6.287,11.327,7.809,7.098,6.440
4.198,11.277,6.294,12.961,9.679,5.739,7.669
3.347,12.955,6.527,8.636,13.228,9.070,8.934
10.069,6.490,6.556,8.128,4.505,6.773,7.595
7.070,5.950,6.604,12.863,7.428,6.589,3.538
1.202,7.842,6.644,10.162,16.719,5.402,7.184
9.693,5.261,6.444,7.462,11.293,4.701,8.491
10.128,11.569,6.761,7.530,5.885,7.979,7.720
6.416,11.223,6.492,0.500,9.728,8.329,6.328
7.557,4.680,6.758,9.781,7.695,12.248,9.271
7.704,9.363,12.781,5.324,7.104,8.631,10.160
10.576,2.052,1.677,12.115,4.444,7.560,7.836
13.775,15.807,2.771,7.341,12.929,6.551,8.432
3.636,9.548,1.318,7.298,9.075,5.958,5.505
8.699,11.983,1.974,7.582,7.358,5.945,13.616
6.745,6.083,2.102,8.294,0.500,8.805,11.748
8.259,7.602,1.570,6.138,9.888,8.755,7.997
6.968,7.020,1.516,9.430,7.019,13.444,8.504
7.416,7.727,1.466,14.170,7.568,6.820,7.249
7.760,10.778,1.416,4.559,4.582,10.948,11.360
5.760,4.679,1.395,7.194,4.189,8.737,11.736
4.857,7.033,11.670,10.616,6.727,10.933,11.093
8.729,5.933,9.525,7.036,9.076,8.561,7.686
5.043,10.763,9.706,3.957,4.930,6.507,9.045
11.927,8.471,9.781,5.035,14.024,10.398,8.514
5.902,7.649,9.511,7.293,3.975,9.085,9.603
4.151,8.756,8.087,9.868,3.141,2.569,11.311
5.379,9.908,6.710,7.901,4.412,9.784,10.828
6.107,6.001,7.113,10.043,12.238,4.329,7.456
2.427,0.500,8.955,11.386,9.116,7.662,6.794
6.434,4.010,9.260,8.836,3.953,11.413,11.381
5.530,13.710,9.487,7.114,4.578,5.651,6.532
5.510,9.696,10.025,5.036,9.989,8.560,6.545
9.234,9.035,10.200,13.376,10.255,11.315,10.309
6.929,10.774,8.416,7.226,10.583,11.438,10.557
5.506,7.779,8.125,12.755,12.493,9.225,1.460
9.124,9.373,8.229,7.315,7.981,8.665,4.789
3.237,8.680,8.339,7.020,8.277,11.749,9.732
11.776,6.515,8.416,9.332,7.894,9.929,13.443
9.259,7.492,8.489,6.231,5.970,6.984,11.305
17.371,7.498,8.860,11.835,5.670,13.016,8.622
10.919,6.004,8.430,6.662,10.409,10.796,10.391
14.842,7.615,8.522,4.402,9.703,1.963,5.161
10.561,8.764,9.088,6.678,8.755,5.763,10.526
9.461,6.783,9.277,8.630,10.453,10.171,9.562
0.500,6.767,9.463,6.521,8.295,9.117,4.357
8.828,10.647,10.756,8.628,8.026,7.115,4.548
2.620,7.541,9.278,3.857,3.461,13.586,8.370
4.357,9.825,10.424,5.315,14.244,9.099,4.959
8.680,4.997,10.079,11.127,8.469,3.709,8.023
4.453,6.719,9.626,3.602,9.547,4.964,5.623
3.732,8.401,9.428,8.173,8.858,3.538,8.525
8.185,10.421,8.881,7.831,5.186,10.775,11.244
0.741,3.773,9.526,4.849,5.265,5.895,0.894
6.144,7.516,8.613,6.898,6.111,5.743,8.818
11.085,8.618,11.144,9.232,4.310,6.154,12.047
11.868,5.946,9.692,11.298,6.781,4.184,15.640
10.148,10.080,9.340,13.466,13.420,5.848,14.504
8.434,2.386,9.526,7.649,10.312,3.305,8.011
3.066,10.409,9.526,2.620,9.094,9.376,8.258
8.471,13.041,9.370,6.122,11.934,8.073,6.948
10.123,11.120,9.285,7.967,7.334,10.224,10.199
9.191,6.280,8.495,8.632,6.849,1.990,7.807
2.927,6.891,8.406,4.675,9.988,3.809,8.496
8.689,5.552,5.833,3.843,5.767,9.991,9.634
1.198,9.182,9.969,5.682,13.297,5.563,8.762
11.501,12.233,10.425,9.721,10.316,4.438,8.522
7.939,6.410,10.378,11.922,9.792,8.897,13.339
7.776,9.338,10.344,10.419,2.692,8.383,6.201
5.427,9.368,10.365,4.773,7.301,9.399,13.790
9.317,5.347,10.399,10.312,5.888,12.482,11.796
8.289,9.678,10.883,9.145,5.865,6.926,7.849
12.377,2.965,10.880,9.692,8.296,7.130,12.071
8.138,10.402,10.885,8.034,3.999,7.701,7.925
8.459,8.606,10.877,5.523,3.952,5.743,12.935
8.547,12.827,10.867,5.787,11.588,7.919,7.975
11.014,4.748,10.872,4.813,8.359,10.134,8.695
5.073,9.964,10.874,8.592,13.349,5.055,6.674
7.408,9.832,10.870,7.557,8.062,11.971,8.355
6.362,7.434,10.868,6.599,9.224,8.046,7.760
10.001,9.399,10.867,8.417,10.080,4.154,9.422
10.132,8.456,10.853,3.193,6.530,7.037,6.857
10.277,13.696,10.860,6.407,9.874,10.658,5.303
10.032,13.809,10.862,9.404,12.201,11.249,8.143
6.025,12.806,10.845,4.790,12.314,5.543,8.799
11.536,6.310,10.847,6.728,7.069,8.627,0.500
5.190,12.216,10.885,8.594,10.845,9.851,6.228
5.953,2.348,6.453,7.591,7.597,8.180,8.105
6.909,7.489,10.685,10.775,4.027,10.523,7.615
6.803,7.695,10.689,6.133,8.228,10.587,10.195
12.165,7.898,10.689,7.730,8.193,3.263,8.567
11.682,7.808,10.686,3.835,7.062,9.154,11.703
11.039,8.775,10.679,8.796,6.039,11.606,9.073
8.508,9.970,10.676,4.766,11.261,7.051,6.123
10.497,8.325,10.674,9.212,5.268,12.276,7.341
9.333,7.333,10.670,8.107,5.512,7.637,13.124
9.353,8.357,10.662,5.575,7.774,7.275,7.352
11.079,8.250,10.658,11.404,11.754,6.504,8.834
4.622,6.213,10.653,8.000,6.245,4.600,7.905
6.739,5.850,10.648,9.480,7.395,6.157,11.808
4.678,10.510,10.639,6.222,16.644,4.981,8.383
6.292,6.262,6.206,7.074,8.527,7.291,4.862
5.903,9.120,6.049,10.322,7.539,6.719,11.659
4.608,9.868,5.870,9.362,9.580,6.703,12.204
6.630,9.752,5.700,6.563,2.887,8.838,9.230
8.027,7.670,5.532,10.182,3.936,3.113,10.891
6.706,5.767,5.345,6.916,14.232,7.339,14.410
6.062,9.603,5.190,11.764,8.145,0.500,9.299
7.970,6.525,5.020,7.313,6.192,7.649,5.447
8.320,10.040,4.843,7.462,9.463,1.259,4.913
13.146,4.663,4.659,2.421,10.246,4.926,9.224
7.731,13.151,9.129,9.529,5.945,2.527,6.376
6.097,5.705,8.990,10.053,8.327,12.178,10.958
3.316,13.319,4.501,8.249,4.325,8.551,10.095
9.668,6.921,4.352,6.067,7.823,9.862,6.990
9.817,6.733,4.187,13.036,8.693,13.194,4.821
6.451,11.895,4.026,8.289,9.625,3.747,12.742
5.659,5.425,3.867,6.313,1.236,11.002,16.578
7.677,8.654,3.710,4.084,7.372,3.433,9.805
9.647,8.676,3.563,10.037,9.123,4.113,6.739
8.390,4.902,3.404,6.380,9.245,9.705,6.110
8.911,4.817,3.258,8.567,9.877,11.881,6.397
2.121,12.807,3.097,14.055,6.132,3.311,4.798
8.326,12.478,7.409,5.292,7.007,4.560,10.369
6.541,15.832,2.613,4.397,9.664,7.775,5.342
2.644,9.439,7.466,6.355,8.983,5.308,6.322
7.888,8.539,7.429,6.591,5.480,8.294,5.940
0.500,2.913,7.706,11.773,13.154,8.838,9.198
6.699,7.638,3.039,8.271,7.076,9.556,6.440
11.217,8.106,7.381,9.043,8.562,4.897,7.430
5.403,2.669,7.404,7.643,13.310,8.162,3.885
9.245,5.468,4.269,7.488,8.192,5.824,2.052
7.178,7.124,3.846,11.143,7.871,8.877,15.807
9.629,12.104,3.831,9.504,12.002,9.354,9.548
3.203,1.930,3.777,3.397,11.779,8.480,11.983
6.156,12.204,4.021,6.453,8.216,9.324,6.083
8.061,11.103,4.101,9.322,5.724,5.533,7.602
10.050,12.975,4.155,8.346,11.089,5.475,7.020
9.389,9.389,4.117,5.930,12.111,4.045,7.727
8.736,6.833,3.976,3.724,2.183,10.247,10.778
3.706,8.163,3.973,7.888,7.043,8.223,4.679
5.315,6.648,3.878,2.908,8.001,4.137,7.033
4.986,9.051,3.766,10.371,7.182,6.664,5.933
7.047,8.768,3.780,10.427,9.391,8.658,10.763
6.925,7.317,3.647,6.025,4.301,2.129,8.471
7.054,5.440,3.628,7.826,3.628,8.775,7.649
7.399,8.224,3.712,7.252,6.122,9.351,8.756
4.251,12.399,3.620,4.425,7.829,6.689,9.908
11.622,0.500,13.057,10.977,3.373,8.714,6.001
8.675,10.013,6.499,8.865,8.961,7.090,0.500
5.139,10.348,6.649,6.977,6.621,10.380,4.010
7.567,9.830,6.941,9.520,4.840,7.473,13.710
6.487,8.811,7.219,11.208,6.641,6.789,9.696
10.181,10.752,7.534,12.038,9.802,9.720,9.035
3.373,8.181,7.819,8.476,10.314,7.218,10.774
6.010,11.771,8.085,4.554,7.274,7.272,7.779
7.675,8.299,8.373,12.210,9.594,5.858,9.373
5.894,7.099,8.670,8.332,11.195,11.844,8.680
9.760,8.936,8.959,9.760,10.320,10.457,6.515
6.131,9.538,9.235,8.691,2.852,6.578,7.492
11.825,7.798,9.505,11.204,5.586,9.624,7.498
6.014,5.756,9.769,8.163,12.757,7.405,6.004
5.964,4.646,10.026,7.915,3.301,2.615,7.615
9.926,8.670,10.267,7.372,6.113,3.122,8.764
5.468,7.168,10.497,11.137,9.365,6.052,6.783
11.373,12.379,10.823,6.641,4.575,7.559,6.767
10.394,7.868,9.345,8.899,9.356,6.884,10.647
11.346,8.477,11.404,9.718,7.253,9.527,7.541
10.489,8.352,11.732,10.973,10.653,12.282,9.825
2.065,4.288,15.789,11.608,8.368,9.257,4.997
7.021,7.611,12.289,5.092,3.746,10.836,6.719
8.100,11.550,9.575,5.615,4.215,10.534,8.401
7.605,9.203,12.339,5.867,4.342,13.625,10.421
12.536,10.147,10.585,10.497,6.396,11.225,3.773
10.207,16.897,10.494,5.332,11.487,9.334,7.516
12.798,3.368,10.377,6.322,10.297,6.566,8.618
13.300,7.922,10.228,10.822,5.615,7.181,5.946
8.805,5.522,10.077,6.736,4.113,6.776,10.080
12.543,11.825,9.909,15.689,8.243,3.253,2.386
8.829,14.343,9.730,11.675,3.270,9.140,10.409
5.271,7.489,9.557,9.151,7.098,9.576,13.041
2.163,7.110,9.485,10.353,5.739,8.266,11.120
5.942,6.856,9.291,9.614,9.070,8.853,6.280
12.981,7.202,9.157,9.966,6.773,8.684,6.891
7.609,15.904,8.929,6.677,6.589,11.572,5.552
9.043,5.219,8.842,10.610,5.402,9.481,9.182
5.596,6.966,8.720,8.764,4.701,6.472,12.233
9.910,3.384,8.575,4.727,7.979,6.902,6.410
8.164,10.887,8.462,4.188,8.329,6.295,9.338
8.575,4.901,8.482,6.436,12.248,10.820,9.368
6.286,7.974,10.601,5.208,8.631,5.179,5.347
4.158,8.098,9.468,7.101,7.090,4.426,9.743
8.096,8.556,11.299,13.518,9.697,3.846,12.574
9.016,2.791,11.302,7.886,8.765,11.053,7.924
4.118,7.363,11.335,4.894,2.830,9.522,6.326
7.984,6.225,11.352,7.598,6.749,2.504,1.164
3.242,12.302,11.352,12.464,12.844,10.310,9.148
8.551,8.319,11.327,7.061,5.461,10.000,12.742
7.997,8.777,11.356,6.197,4.551,6.332,5.201
16.884,8.791,11.311,11.083,10.376,8.934,8.405
2.471,4.935,11.366,5.952,2.526,3.650,14.911
13.964,4.550,11.416,9.663,8.047,7.620,4.792
9.391,14.355,11.382,7.072,8.362,7.052,7.166
10.833,6.877,11.473,9.276,8.164,11.213,8.598
5.906,12.888,11.413,8.551,11.510,4.573,5.707
3.539,5.299,11.359,8.907,7.884,5.206,9.608
12.356,8.037,7.181,5.317,13.417,6.970,10.518
7.660,10.086,7.324,6.188,10.638,13.274,2.188
12.289,9.945,7.085,8.103,12.444,5.840,6.057
10.349,9.129,6.889,3.623,4.143,6.497,4.185
2.849,8.566,11.423,9.190,12.092,7.172,11.275
6.288,7.118,11.549,10.140,9.681,7.286,6.425
8.514,6.938,7.039,9.197,11.418,6.088,5.634
11.148,3.251,6.806,7.523,5.471,10.765,11.038
0.500,8.282,7.190,7.634,5.821,3.980,8.168
2.933,11.255,6.760,6.569,5.950,9.029,12.015
9.598,6.712,6.572,3.597,10.423,3.704,14.175
9.689,8.638,6.424,6.872,6.329,7.162,10.878
14.156,10.851,6.279,8.648,7.481,7.363,11.343
7.892,10.533,10.177,9.015,3.297,9.123,10.895
7.719,11.927,10.411,12.025,5.910,10.360,9.546
6.130,8.809,10.132,4.139,8.429,2.951,3.590
6.620,5.837,10.171,4.288,6.874,7.106,3.562
9.360,7.164,10.324,11.994,9.512,4.139,12.178
10.029,11.630,10.285,11.874,8.056,11.444,5.481
10.288,10.799,10.296,8.762,13.057,11.641,5.087
5.545,12.262,6.707,8.311,6.126,7.508,13.977
8.920,7.342,9.716,7.690,3.589,9.670,7.974
10.245,1.714,9.622,7.417,8.976,5.376,6.550
7.885,11.929,10.379,11.202,8.660,17.005,7.182
10.034,6.967,10.403,7.464,6.194,7.575,2.999
11.353,11.562,5.270,9.731,9.726,6.399,7.671
11.746,6.309,4.936,4.584,12.213,4.332,9.631
4.523,5.272,5.170,6.088,5.291,8.532,4.641
8.364,2.787,5.054,2.265,9.417,5.971,5.058
5.264,13.581,5.048,3.828,9.059,3.766,3.533
5.889,13.718,5.384,10.345,9.725,2.901,9.143
7.660,5.021,7.188,9.403,11.336,7.809,7.906
8.823,8.220,3.997,6.853,12.745,9.726,13.824
10.905,10.077,3.673,10.800,14.549,10.396,7.044
5.936,13.259,3.504,7.071,8.898,12.929,15.539
12.836,4.476,4.168,6.656,2.142,11.147,6.868
4.472,8.920,3.153,10.112,8.791,10.467,11.185
11.307,6.616,7.489,3.664,6.342,8.470,6.506
7.494,10.183,7.506,10.592,5.487,10.455,5.337
9.191,12.458,6.477,12.326,9.999,15.069,8.125
6.947,6.292,2.606,3.647,16.987,2.679,9.732
10.829,12.012,2.331,15.826,13.582,6.646,9.712
9.300,7.108,2.193,8.710,5.894,4.579,9.006
8.591,7.564,2.049,10.739,14.672,7.830,6.496
5.342,10.166,7.148,11.971,10.795,10.700,8.044
7.462,9.496,9.347,8.098,6.034,9.459,8.601
8.011,7.872,9.728,8.556,8.713,13.113,10.389
11.252,6.479,9.728,2.791,9.883,8.186,12.412
7.785,10.495,9.822,7.363,5.328,5.463,9.224
3.889,6.357,9.957,6.225,7.068,9.166,7.516
9.350,4.077,10.082,12.302,7.901,7.214,14.748
10.959,7.510,9.904,8.319,4.142,12.140,12.615
10.862,9.554,10.049,8.777,0.500,12.997,14.741
4.832,4.600,9.815,8.791,4.142,10.319,10.421
8.860,4.917,10.828,4.935,9.151,12.934,2.069
7.459,12.060,10.113,4.550,8.556,8.153,9.372
8.984,9.437,10.122,14.355,8.437,9.842,8.733
14.321,6.229,10.103,6.877,7.000,9.310,6.929
8.243,12.493,10.081,12.888,7.182,3.027,8.776
10.667,11.124,10.065,5.299,12.943,3.453,7.623
7.953,7.725,10.154,8.037,2.667,11.458,8.647
6.985,7.499,9.803,10.086,3.749,6.222,5.112
9.598,6.592,10.167,9.945,8.953,5.645,2.854
8.384,12.749,10.207,9.129,6.464,6.506,7.861
9.850,7.534,10.171,8.566,7.405,13.507,2.672
4.916,11.230,10.075,7.118,3.854,11.006,12.056
9.083,8.175,9.964,6.938,7.125,9.386,5.068
9.366,9.849,9.802,3.251,8.761,9.575,8.294
2.627,8.727,9.475,8.282,7.493,6.831,6.338
5.050,3.465,10.170,11.255,9.160,13.029,13.003
11.193,1.164,9.715,6.712,4.792,11.404,6.843
9.900,11.217,9.620,8.638,13.280,8.121,0.627
9.854,10.266,9.531,10.851,11.104,3.033,10.263
14.842,9.528,9.429,10.533,11.625,10.547,11.656
4.101,9.447,9.312,11.927,9.316,9.703,10.429
6.003,11.328,9.164,8.809,11.777,6.028,9.802
7.708,10.984,9.014,5.837,6.408,5.257,7.588
8.834,12.596,8.878,7.164,8.163,5.161,12.308
8.237,5.712,8.774,11.630,10.128,11.228,10.606
10.581,13.267,8.711,10.799,14.178,4.811,7.587
9.937,5.616,8.530,12.262,8.570,4.461,11.894
4.994,8.656,8.516,7.342,7.883,8.695,5.804
2.431,12.537,8.511,1.714,9.704,10.437,5.456
9.228,9.499,8.461,11.929,14.038,7.557,4.917
7.483,10.367,8.405,6.967,8.570,5.385,13.089
6.331,7.280,8.129,11.562,4.117,7.438,11.003
11.805,7.838,7.622,6.309,0.500,7.746,12.731
11.680,11.419,7.541,5.272,10.456,10.975,6.757
7.900,8.619,7.269,2.787,8.804,5.658,5.300
5.758,8.582,6.261,13.581,5.022,10.839,8.191
7.689,10.669,6.570,13.718,7.774,6.997,6.951
7.576,3.899,4.964,5.021,8.492,8.105,9.614
9.826,8.337,5.704,8.220,4.918,12.310,7.607
6.709,3.710,5.559,10.077,5.621,9.395,5.662
6.090,15.042,4.800,13.259,12.647,11.363,9.670
11.083,4.005,4.932,4.476,4.853,12.185,5.662
6.132,6.233,4.627,8.920,8.942,6.832,6.821
4.379,4.915,1.873,6.616,10.403,3.451,11.577
7.411,9.910,2.325,10.183,4.042,7.180,9.278
1.665,7.579,1.555,12.458,9.672,5.460,8.646
8.721,11.807,1.014,6.292,4.472,3.860,4.410
5.972,7.965,0.616,12.012,9.617,6.304,7.851
6.384,9.924,0.500,7.108,10.842,5.522,10.355
5.220,13.465,0.500,7.564,9.346,9.635,4.843
3.039,7.881,13.337,10.166,10.104,4.931,8.217
7.160,7.173,3.987,7.682,10.576,8.914,11.745
8.750,7.730,3.988,6.916,13.775,6.334,8.466
8.501,5.922,4.002,7.820,3.636,4.803,4.064
9.816,8.328,4.011,2.708,8.699,9.280,4.393
5.958,5.640,4.027,7.478,6.745,4.116,7.378
2.454,8.343,4.026,8.952,8.259,9.113,12.358
6.618,6.458,7.317,4.713,6.968,1.406,3.759
13.767,5.762,4.243,4.440,7.416,6.028,10.026
3.318,8.543,7.614,7.401,7.760,9.582,12.861
12.141,12.300,7.858,10.306,5.760,7.869,5.616
7.562,7.899,7.994,8.090,4.857,9.151,9.436
9.423,9.791,4.877,4.792,8.729,5.197,10.027
8.515,12.470,8.453,9.372,5.043,7.345,11.291
8.560,10.703,8.732,12.199,11.927,13.142,7.695
7.098,8.199,5.672,10.101,5.902,10.702,2.887
5.342,10.817,5.713,3.508,4.151,9.958,6.639
12.326,3.520,5.754,12.267,5.379,6.165,10.327
2.384,9.641,5.796,15.598,6.107,10.164,10.714
8.411,10.705,5.837,3.137,2.427,6.268,6.998
7.059,5.387,5.879,3.632,6.434,1.454,9.725
8.983,9.477,5.922,11.362,5.530,6.366,10.243
9.644,11.942,5.965,10.653,5.510,7.211,11.792
9.895,6.643,6.009,4.508,9.234,6.653,8.172
10.966,11.613,6.056,9.667,6.929,6.406,3.982
7.410,8.940,9.451,10.170,5.506,5.647,5.745
8.684,8.414,6.401,10.415,9.124,8.198,2.303
6.615,6.505,6.452,10.300,3.237,4.787,5.670
7.442,9.983,6.505,6.312,11.776,9.481,7.169
8.436,5.584,6.560,8.554,9.259,6.918,3.125
9.516,7.164,6.616,13.773,17.371,7.252,8.560
9.383,10.323,6.671,7.854,10.919,6.806,9.361
8.186,11.897,6.723,7.029,14.842,2.325,7.650
6.600,11.206,6.771,2.150,10.561,9.513,5.561
2.862,4.619,6.817,8.538,9.461,4.575,10.902
4.990,7.981,6.870,11.631,0.500,8.611,16.811
8.887,5.223,6.929,4.125,8.828,5.988,7.412
5.709,8.079,7.640,12.925,2.620,6.284,11.822
6.650,7.335,7.093,12.663,4.357,6.083,6.662
6.145,11.896,7.207,10.440,8.680,10.699,7.567
14.082,7.410,7.275,0.500,4.453,13.496,10.333
10.666,10.142,7.344,15.937,3.732,9.305,5.469
8.785,10.538,7.413,4.819,8.185,8.768,7.546
12.254,7.753,7.484,6.076,0.741,6.870,5.440
7.855,6.615,7.555,5.057,6.144,9.139,6.187
11.757,1.825,11.023,6.648,11.085,5.705,10.823
5.326,5.461,11.390,7.768,11.868,10.996,2.421
9.249,8.333,11.711,9.024,10.148,10.484,7.371
9.071,8.261,12.040,8.433,8.434,7.766,3.678
11.649,10.425,12.366,9.827,3.066,10.020,2.942
10.316,8.699,12.724,5.016,8.471,3.548,10.906
12.006,9.017,13.085,7.849,10.123,13.218,7.145
12.101,11.637,13.457,6.138,9.191,6.076,13.210
6.729,12.640,13.845,8.543,2.927,4.757,10.016
7.057,7.831,10.893,6.923,8.689,10.813,7.531
17.355,4.455,11.032,9.238,1.198,7.769,6.516
6.090,7.330,11.174,7.249,11.501,6.148,7.162
8.388,10.362,14.815,4.784,7.939,5.132,8.795
9.119,7.093,11.714,14.008,7.776,11.987,7.242
7.817,5.329,11.865,7.974,5.427,6.517,10.051
7.057,8.251,15.353,10.296,9.317,6.293,12.113
16.589,9.208,1.955,8.224,11.000,10.070,9.957
9.554,7.764,4.151,9.665,9.229,10.827,2.475
7.098,8.666,7.760,4.989,7.681,6.141,5.213
5.154,8.743,3.860,10.807,7.244,5.381,9.641
2.687,4.418,3.197,9.387,12.559,4.798,0.500
10.158,7.179,3.359,7.132,14.387,12.989,8.354
8.352,6.296,3.260,12.949,7.432,10.189,11.454
5.726,5.657,4.202,7.207,4.835,7.240,6.469
4.615,6.255,4.706,9.735,8.222,3.379,8.180
4.170,10.869,5.337,8.030,15.647,6.777,8.266
9.687,7.732,5.539,5.719,3.342,10.866,6.256
7.086,10.399,6.148,5.213,6.828,12.634,12.974
9.268,11.350,4.191,7.197,6.365,8.031,7.133
8.635,4.561,4.177,2.281,2.444,9.074,11.206
3.504,9.794,4.376,3.740,7.106,8.844,8.962
11.705,9.098,4.560,8.953,11.331,9.104,12.175
9.872,13.702,4.164,9.773,8.524,6.577,11.829
10.765,11.615,10.023,10.284,8.459,4.363,6.853
11.516,9.869,10.447,5.545,5.455,6.749,10.532
11.448,7.344,6.043,12.925,10.047,7.744,6.985
11.378,6.811,5.862,5.948,4.647,5.990,9.141
9.984,6.297,6.765,8.949,5.355,11.227,9.671
9.582,3.709,8.199,13.379,10.724,10.006,6.716
4.228,2.895,9.858,1.988,4.853,9.232,9.825
9.495,12.749,7.439,5.770,6.237,9.510,5.866
1.487,7.139,6.979,8.813,7.673,6.307,1.724
0.599,8.519,7.120,11.712,9.956,9.416,9.085
5.903,6.359,7.460,5.607,4.562,8.852,10.667
9.873,8.665,6.469,8.263,7.476,7.904,9.821
5.699,9.977,7.389,9.476,8.796,3.917,7.417
5.979,6.995,7.405,11.925,7.531,11.000,7.408
9.860,10.760,7.576,8.092,13.700,9.058,10.921
2.303,3.523,7.796,6.595,9.990,12.977,8.253
0.500,9.084,8.038,7.304,6.717,10.329,2.852
11.948,9.488,8.177,7.469,4.852,8.731,7.605
11.561,5.761,8.297,7.565,8.106,10.427,7.749
1.925,9.461,8.447,4.349,6.065,5.321,3.313
13.829,6.491,8.642,4.664,3.736,8.830,5.535
11.904,6.489,8.828,10.172,10.265,9.621,6.392
6.863,9.006,9.001,8.680,4.090,7.174,10.714
10.086,8.046,9.152,4.643,12.888,9.819,8.709
10.078,8.759,9.315,12.119,10.279,5.798,7.528
7.167,6.041,9.465,5.162,8.303,7.129,7.156
4.507,7.059,9.685,5.400,8.828,8.300,6.698
6.765,8.653,10.198,7.603,7.092,6.161,10.733
8.163,12.620,10.057,12.290,3.291,10.916,6.721
4.221,8.697,10.183,8.731,10.185,6.684,8.429
9.104,7.186,10.218,11.544,2.913,5.859,5.820
5.524,7.148,10.339,11.365,5.155,10.372,9.484
11.261,4.994,10.688,9.723,5.930,6.456,7.404
6.468,1.169,11.133,6.881,9.509,9.956,3.342
9.421,10.252,11.155,8.675,8.966,9.654,8.526
6.888,7.021,13.683,3.232,8.886,0.500,4.448
11.747,7.421,11.932,7.737,11.500,11.527,10.539
5.641,8.010,11.289,14.269,6.827,8.027,12.004
1.461,2.659,12.450,12.412,9.395,5.275,10.499
8.902,8.711,16.515,13.652,4.747,5.219,8.954
5.242,4.383,11.648,7.401,7.896,11.367,4.775
6.007,6.390,11.674,8.304,8.608,9.664,6.884
2.011,6.864,12.016,1.217,7.522,8.356,7.163
0.500,5.853,10.242,2.459,10.814,9.743,6.642
7.797,4.456,14.292,5.448,7.113,12.574,6.625
3.428,0.682,13.624,8.288,6.333,7.924,4.828
5.778,9.980,14.777,8.711,5.930,6.326,4.134
5.258,6.619,11.134,10.920,13.696,1.164,12.314
7.718,3.969,10.549,6.618,7.573,9.148,11.947
3.975,6.261,10.545,10.608,4.323,12.742,8.950
11.147,11.529,10.575,9.251,10.650,5.201,11.242
9.047,8.086,10.506,5.580,0.876,8.405,7.481
8.155,6.586,10.922,6.409,3.169,14.911,6.867
10.592,6.981,10.538,5.913,5.586,4.792,9.261
7.093,1.946,10.447,3.169,1.121,7.166,10.990
9.448,8.495,10.273,10.444,9.672,8.598,7.543
13.623,17.939,10.142,3.521,7.911,5.707,4.580
11.806,12.117,9.136,3.887,7.013,9.608,9.561
4.457,2.635,9.114,6.614,10.195,10.518,15.097
9.726,6.042,14.056,4.500,9.714,2.188,4.952
10.584,1.516,11.581,10.258,8.179,6.057,4.692
2.268,7.627,11.511,7.311,11.726,4.185,4.679
7.453,6.157,10.913,4.684,10.572,11.275,6.735
9.606,8.775,11.623,8.322,7.457,6.425,12.581
7.731,10.270,8.984,10.689,12.191,5.634,7.327
8.361,6.833,8.638,9.017,12.527,11.038,14.657
6.136,4.305,8.146,4.545,9.330,8.168,17.441
5.640,3.985,7.717,7.590,3.740,12.015,14.347
4.004,9.643,7.157,0.778,9.242,14.175,3.515
7.058,5.412,6.747,9.666,9.531,10.878,8.649
8.896,12.781,6.468,5.918,5.403,11.343,13.083
8.540,7.070,5.962,11.703,9.051,10.895,3.186
3.298,7.909,5.597,5.336,4.471,9.546,1.530
0.500,6.028,9.906,6.029,6.315,3.590,7.244
9.474,12.456,5.333,3.478,8.013,3.562,6.401
1.661,8.208,5.065,8.914,11.549,12.178,8.809
7.866,4.588,4.288,14.073,10.104,5.481,7.902
6.974,7.656,4.124,9.104,9.414,5.087,10.176
3.896,4.585,3.738,11.863,11.611,13.977,6.775
17.365,3.326,3.399,7.004,3.069,7.974,6.238
9.749,5.151,7.498,9.132,7.614,6.550,11.625
9.487,7.747,7.573,10.096,8.440,7.182,10.373
7.187,6.738,7.039,7.781,8.246,2.999,12.185
8.332,6.164,7.337,11.533,6.250,7.671,8.013
9.211,8.747,7.247,11.166,6.696,9.631,6.737
8.453,11.084,7.294,6.744,3.478,4.641,4.493
5.221,9.572,7.252,1.980,0.500,5.058,7.900
10.187,8.177,7.128,4.080,3.242,3.533,9.066
7.736,8.982,7.058,7.437,9.930,9.143,7.738
5.409,9.047,6.935,17.098,2.296,7.906,7.532
7.899,9.324,6.907,6.231,6.525,13.824,13.164
4.936,9.738,6.802,9.623,10.923,7.044,11.886
12.510,8.013,6.662,11.383,10.929,15.539,8.626
8.666,8.639,6.668,6.453,1.955,6.868,10.677
7.593,7.269,6.524,13.708,7.725,11.185,4.889
10.694,4.483,6.415,12.115,9.373,6.506,7.299
9.389,3.677,6.256,4.955,1.666,5.337,7.080
12.769,8.330,5.983,14.415,4.452,8.125,16.555
10.410,4.576,5.821,12.495,5.929,9.732,12.140
12.595,0.793,5.499,9.199,6.398,9.712,13.134
2.883,9.325,5.129,2.768,10.464,9.006,1.559
10.140,10.897,0.668,10.038,11.621,6.496,11.551
6.935,9.370,0.536,7.381,12.571,8.044,7.569
9.627,7.682,2.779,6.034,6.942,7.062,13.367
7.664,6.916,4.161,8.713,5.426,9.861,10.935
5.047,7.820,4.033,9.883,3.437,13.527,2.743
6.177,2.708,3.815,5.328,8.943,2.785,8.449
9.198,7.478,4.753,7.068,3.372,10.275,3.469
9.245,8.952,5.035,7.901,7.232,7.413,5.805
10.317,4.713,2.431,4.142,7.978,10.781,6.686
8.421,4.440,7.926,0.500,11.732,6.917,7.423
6.293,7.401,3.999,4.142,7.152,11.996,9.894
7.006,10.306,4.012,9.151,9.217,9.869,9.357
4.372,8.090,4.018,8.556,3.405,7.465,6.745
4.352,4.792,4.097,8.437,1.593,9.839,6.451
8.502,9.372,4.184,7.000,1.470,8.841,8.252
4.255,12.199,4.272,7.182,5.862,11.023,8.171
6.870,10.101,4.373,12.943,5.804,3.641,6.033
8.979,3.508,4.888,2.667,8.041,4.784,9.952
6.169,12.267,3.919,3.749,11.428,7.534,6.515
8.790,15.598,9.021,8.953,5.697,10.979,8.186
3.374,3.137,9.465,6.464,10.444,8.200,8.602
0.500,3.632,5.377,7.405,6.647,9.963,7.126
4.461,11.362,6.260,3.854,8.541,10.527,8.748
7.488,10.653,6.316,7.125,10.351,5.347,10.948
3.406,4.508,6.543,8.761,8.826,8.543,11.662
10.574,9.667,6.744,7.493,5.264,5.350,0.500
12.851,10.170,7.929,9.160,7.587,6.220,6.804
10.431,10.415,7.469,4.792,7.194,11.684,4.363
14.222,10.300,9.204,13.280,10.242,7.841,10.665
10.807,6.312,5.873,11.104,4.701,10.695,6.688
5.950,8.554,6.211,11.625,3.418,8.156,11.932
6.016,13.773,7.761,9.316,7.346,9.404,5.801
9.173,7.854,8.040,11.777,10.078,10.719,3.827
7.806,7.029,8.282,6.408,7.904,5.927,6.133
7.773,2.150,8.340,8.163,7.484,4.439,8.984
12.184,8.538,8.739,10.128,8.136,6.596,6.839
10.754,11.631,8.754,14.178,9.424,7.640,9.688
8.624,4.125,8.883,8.570,7.102,9.772,7.160
9.208,12.925,9.064,7.883,6.606,9.878,13.242
8.241,12.663,9.259,9.704,9.549,7.683,8.222
5.782,10.440,9.479,14.038,10.188,10.899,11.324
6.280,0.500,9.702,8.570,7.353,5.447,10.256
11.701,15.937,9.889,4.117,0.500,7.672,0.500
8.965,4.819,10.073,0.500,6.318,10.266,6.606
6.636,6.076,10.205,10.456,6.938,8.900,5.000
10.503,5.057,10.370,8.804,5.219,10.694,11.156
5.275,6.648,10.544,5.022,11.891,9.465,10.202
9.154,7.768,10.783,7.774,7.793,9.346,8.662
9.000,9.024,11.111,8.492,6.202,7.504,10.731
10.278,8.433,11.062,4.918,4.651,6.826,4.347
6.848,9.827,11.175,5.621,10.037,14.650,11.456
13.367,5.016,11.332,12.647,11.086,6.308,4.993
9.199,7.849,11.440,4.853,7.417,1.414,3.618
8.620,6.138,11.493,8.942,3.157,2.634,11.483
9.055,8.543,11.631,10.403,12.927,2.440,6.053
2.791,6.923,11.210,4.042,14.631,9.713,4.791
6.038,9.238,15.303,9.672,7.156,4.954,7.544
8.593,7.249,11.340,4.472,14.045,6.199,13.658
14.705,4.784,10.985,9.617,5.684,4.908,11.725
5.693,14.008,10.797,10.842,9.012,2.439,9.953
6.631,7.974,10.679,9.346,11.264,5.779,4.026
12.249,10.296,13.164,10.104,2.964,13.448,8.298
9.496,4.245,1.013,12.723,9.066,5.801,14.405
7.872,13.666,0.503,9.641,10.681,7.312,11.015
6.479,10.602,0.503,11.096,8.435,5.218,10.075
10.495,19.510,0.503,7.924,2.375,7.380,7.505
6.357,8.923,0.503,3.774,9.746,9.165,8.071
4.077,9.424,4.081,7.137,5.752,6.453,2.643
7.510,9.738,5.970,4.713,11.044,5.696,10.440
9.554,5.827,5.254,9.695,7.186,9.635,8.456
4.600,9.876,6.194,17.983,3.031,4.859,9.046
4.917,9.002,6.902,4.387,4.736,9.694,0.573
12.060,7.446,7.160,8.611,7.958,16.019,14.765
9.437,9.110,7.685,11.497,6.917,4.831,10.040
6.229,11.008,8.058,8.829,8.649,8.526,7.303
12.493,9.759,8.870,4.365,7.316,9.700,9.058
11.124,10.334,8.991,9.789,9.315,2.355,5.548
7.725,6.460,6.993,14.155,7.965,7.250,11.943
7.499,10.721,5.019,1.907,8.991,13.099,5.240
6.592,6.117,9.192,9.030,6.848,5.396,6.995
12.749,6.041,9.752,12.028,7.818,4.628,9.139
7.534,1.661,10.328,12.379,3.720,11.094,4.516
11.230,11.117,11.017,8.582,7.328,10.498,11.133
8.175,10.662,11.442,9.453,8.877,8.508,4.476
9.849,5.140,11.749,9.526,4.950,5.511,7.382
8.727,12.304,7.551,6.957,12.342,4.937,3.472
3.465,6.757,10.279,6.486,8.030,9.418,10.704
1.164,9.819,10.874,6.169,3.611,8.105,6.407
11.217,5.016,8.449,0.782,4.024,4.549,11.499
10.266,10.198,6.691,10.553,7.117,4.027,5.803
9.528,5.158,7.177,8.978,10.395,10.212,7.324
9.447,8.969,7.326,9.121,4.827,11.982,7.616
11.328,9.224,7.581,6.913,8.196,10.253,8.817
10.984,6.691,7.543,5.028,3.717,2.210,8.640
12.596,2.054,7.478,6.659,10.475,6.847,11.921
5.712,15.097,7.974,8.809,6.692,8.169,7.404
13.267,10.334,8.237,4.983,8.572,13.354,8.064
5.616,6.657,8.213,4.290,10.578,6.507,13.451
8.656,11.638,7.981,12.722,4.586,10.319,6.069
12.537,8.173,7.959,7.072,3.410,6.398,5.415
9.499,10.756,7.994,5.080,1.470,7.315,7.249
10.367,5.383,8.062,13.863,1.868,5.688,12.633
7.280,5.954,8.001,8.411,16.798,4.781,7.991
7.838,6.164,7.980,6.871,9.069,6.798,5.793
11.419,10.236,8.232,4.298,11.141,7.654,11.651
8.619,11.414,8.030,8.670,6.340,5.279,4.405
8.582,9.161,8.029,9.913,6.680,8.127,6.982
10.669,7.904,7.923,7.121,6.242,8.686,13.311
3.899,2.960,8.111,7.123,9.720,9.772,9.612
8.337,7.837,8.137,6.500,4.461,7.867,8.453
3.710,5.543,8.266,5.271,7.647,11.176,8.413
15.042,5.217,8.310,10.926,9.016,6.472,8.571
4.005,8.952,14.813,8.584,8.323,5.244,5.999
6.233,5.363,15.347,4.981,5.880,8.232,6.861
4.915,9.307,9.870,7.944,4.327,8.581,13.727
9.910,5.237,10.001,10.202,2.752,12.383,8.188
7.579,12.133,10.049,7.611,5.879,5.053,7.512
11.807,4.731,10.329,10.510,9.620,9.159,11.739
7.965,11.638,10.731,3.650,6.906,5.914,7.122
9.924,6.010,10.837,4.730,6.832,5.410,6.964
13.465,8.667,10.943,9.571,6.865,13.491,8.341
7.881,8.007,11.014,10.770,8.143,11.871,12.417
7.488,9.066,8.969,7.459,8.848,7.462,8.926
11.143,10.681,8.950,9.639,6.160,8.011,1.725
9.504,8.435,8.996,5.773,10.909,11.252,13.487
3.397,2.375,9.077,10.628,5.619,7.785,10.115
6.453,9.746,9.131,10.715,7.805,3.889,3.456
9.322,5.752,9.122,3.676,13.104,9.350,6.343
8.346,11.044,9.045,6.723,8.674,10.959,9.200
5.930,7.186,8.910,6.107,6.141,10.862,5.663
3.724,3.031,8.700,6.382,5.965,4.832,9.672
7.888,4.736,10.255,5.310,6.266,8.860,10.569
2.908,7.958,9.178,4.934,6.740,7.459,4.539
10.371,6.917,9.060,10.462,4.203,8.984,6.681
10.427,8.649,8.844,5.330,8.327,14.321,7.711
6.025,7.316,8.538,6.088,9.899,8.243,10.392
7.826,9.315,8.303,9.956,4.837,10.667,3.839
7.252,7.965,9.359,10.412,16.717,7.953,10.366
4.425,8.991,9.488,3.963,8.428,6.985,4.791
10.977,6.848,9.391,11.193,9.732,9.598,11.058
8.865,7.818,9.515,9.018,3.718,8.384,8.755
6.977,3.720,9.595,10.920,9.566,9.850,11.750
9.520,7.328,9.690,5.971,13.311,4.916,1.470
11.208,8.877,9.848,10.403,15.520,9.083,5.391
12.038,4.950,10.031,3.080,15.258,9.366,11.551
8.476,12.342,10.131,9.573,12.920,2.627,12.380
4.554,8.030,10.151,8.902,1.720,5.050,11.346
12.210,3.611,10.223,8.135,9.463,11.193,6.166
8.332,4.024,10.355,7.084,8.589,9.900,9.566
9.760,7.117,10.703,5.113,4.413,9.854,7.267
8.691,10.395,10.707,4.587,13.390,14.842,7.693
11.204,4.827,10.239,10.460,8.404,4.101,9.420
8.163,8.196,9.881,8.885,5.555,6.003,10.026
7.915,3.717,9.685,8.088,4.937,7.708,3.398
7.372,10.475,9.544,8.184,12.759,8.834,5.459
11.137,6.692,9.691,14.228,8.018,8.237,6.257
6.641,8.572,9.893,7.383,5.680,10.581,12.598
8.899,10.578,9.681,11.295,5.470,9.937,7.214
9.718,4.586,9.385,10.409,10.080,4.994,9.819
10.973,3.410,9.277,9.843,4.978,2.431,7.184
11.608,1.470,9.177,6.785,6.435,9.228,8.294
5.092,1.868,9.147,8.380,10.618,7.483,9.629
5.615,16.798,8.909,13.948,9.956,6.331,3.969
5.867,9.069,8.432,10.545,7.774,11.805,11.649
10.497,11.141,8.170,12.872,10.104,11.680,10.292
5.332,6.340,7.797,5.088,11.141,7.900,6.803
6.322,6.680,7.373,2.512,14.680,5.758,4.308
10.822,6.242,7.062,11.730,11.213,7.689,6.295
6.736,9.720,6.721,6.501,6.893,7.576,7.748
15.689,4.461,6.207,6.947,9.468,9.826,5.703
11.675,7.647,5.603,7.426,6.505,6.709,7.017
9.151,9.016,4.999,4.548,5.163,6.090,13.813
10.353,8.323,4.323,7.866,7.529,11.083,7.333
9.614,5.880,3.826,9.929,7.184,6.132,9.303
9.966,4.327,3.090,6.337,9.559,4.379,5.198
6.677,2.752,1.363,6.070,8.093,7.411,12.468
10.610,5.879,0.761,4.788,11.141,1.665,10.607
8.764,9.620,0.507,1.272,4.076,8.721,5.383
4.727,6.906,0.500,6.664,14.826,5.972,8.335
4.188,6.832,0.500,7.440,4.436,6.384,7.381
6.436,6.865,0.500,9.672,1.770,5.220,11.134
5.208,8.143,13.493,8.413,6.962,3.039,5.242
10.814,14.405,4.913,9.000,11.637,9.792,10.046
7.113,11.015,4.905,5.681,10.787,1.125,10.912
6.333,10.075,4.847,7.904,12.695,8.464,6.351
5.930,7.505,4.625,7.387,6.438,11.079,6.385
13.696,8.071,4.681,6.070,6.014,7.853,15.276
7.573,2.643,2.554,7.668,7.488,6.879,9.174
4.323,10.440,3.999,6.999,8.908,10.402,7.948
10.650,8.456,3.939,0.726,6.882,7.245,7.333
0.876,9.046,12.915,2.044,8.130,1.258,10.091
3.169,0.573,5.383,7.754,7.536,5.346,9.253
5.586,14.765,5.429,3.352,7.783,4.785,7.773
1.121,10.040,5.475,9.751,6.129,6.329,6.263
9.672,7.303,5.512,6.753,4.122,13.737,10.753
7.911,9.058,5.546,15.359,9.402,7.264,10.429
7.013,5.548,5.584,7.821,7.634,2.730,8.475
10.195,11.943,5.609,12.659,6.441,8.193,8.841
9.714,5.240,5.665,6.501,6.008,9.744,8.992
8.179,6.995,5.703,4.853,6.258,2.015,9.470
11.726,9.139,5.743,2.689,3.242,8.830,8.898
10.572,4.516,5.690,5.442,10.406,6.401,4.438
7.457,11.133,5.831,9.740,16.024,10.082,5.407
12.191,4.476,5.886,6.552,3.931,8.709,11.052
12.527,7.382,5.983,0.500,4.230,3.990,11.474
9.330,3.472,8.848,4.877,6.496,3.571,5.762
3.740,10.704,6.442,7.048,7.365,6.786,9.248
9.242,6.407,6.525,9.326,12.327,6.207,4.663
9.531,11.499,6.627,9.320,7.114,2.867,5.617
5.403,5.803,6.693,8.953,6.058,0.708,6.158
9.051,7.324,6.802,9.865,2.713,4.178,10.463
4.471,7.616,6.888,13.121,11.547,5.752,14.936
6.315,8.817,7.059,6.418,6.886,9.726,8.987
8.013,8.640,7.183,6.838,13.194,7.745,7.360
11.549,11.921,7.315,9.212,9.578,9.232,1.759
10.104,7.404,7.453,9.759,5.531,5.681,4.729
9.414,8.064,7.599,7.041,11.369,7.294,9.269
11.611,13.451,7.752,11.336,2.605,9.845,6.557
3.069,6.069,7.914,9.931,10.692,12.449,8.549
7.614,5.415,8.085,7.777,5.864,9.001,11.428
8.440,7.249,8.265,12.895,1.323,5.286,5.267
8.246,12.633,8.454,6.173,5.797,10.142,9.100
6.250,7.991,8.653,6.896,11.914,5.230,9.629
6.696,5.793,8.863,2.926,13.728,4.847,5.645
3.478,11.651,9.087,7.019,9.566,8.283,6.379
0.500,4.405,9.324,8.842,4.480,5.570,11.192
3.242,6.982,9.571,7.559,8.614,5.739,15.241
9.930,13.311,9.828,8.536,6.241,3.721,10.884
2.296,9.612,10.098,7.355,9.590,10.130,7.978
6.525,8.453,10.381,7.716,11.279,8.376,6.375
10.923,8.413,10.684,6.477,9.037,10.015,5.914
10.929,8.571,10.965,4.563,6.440,5.084,11.710
1.955,5.999,11.294,8.541,7.669,5.950,9.041
7.725,6.861,11.645,7.101,8.934,2.476,9.531
9.373,13.727,12.004,3.828,7.595,9.481,8.867
1.666,8.188,12.395,2.888,3.538,4.778,10.562
4.452,7.512,12.820,9.557,7.184,12.964,12.303
5.929,11.739,13.250,7.746,8.491,5.921,14.227
6.398,7.122,13.637,5.805,7.720,9.634,3.431
10.464,6.964,14.119,11.460,6.328,6.768,6.026
11.621,8.341,14.546,11.705,9.271,9.623,10.774
12.571,12.417,14.518,9.439,10.160,13.819,10.850
6.224,6.614,1.802,6.926,5.277,6.615,6.351
6.351,6.180,1.188,7.130,9.297,9.262,11.671
12.497,10.877,4.701,7.701,10.183,8.122,6.252
8.151,3.964,1.729,5.743,15.149,4.365,13.338
10.237,5.691,6.732,7.919,8.741,3.979,14.020
5.117,7.942,5.829,10.134,10.115,5.512,11.022
7.593,4.152,6.834,5.055,10.764,8.300,10.947
11.853,8.564,8.851,11.971,5.273,5.677,11.789
10.018,5.441,6.650,8.046,6.129,7.991,5.529
8.511,9.265,5.907,4.154,5.176,13.027,6.958
6.868,12.851,7.909,7.037,5.011,9.683,7.050
10.345,3.924,6.088,10.658,8.599,11.821,15.591
8.200,9.491,6.613,11.249,8.076,13.099,9.212
5.720,8.295,6.485,5.543,10.345,6.499,5.802
4.649,10.364,6.547,8.627,8.963,10.117,12.907
8.689,12.193,7.224,9.851,10.755,0.613,5.291
1.600,8.121,6.656,8.180,10.796,4.753,8.016
6.017,5.009,8.072,10.523,10.792,8.174,10.208
8.809,11.168,7.636,10.587,9.800,5.381,5.178
10.446,6.211,9.595,3.263,7.968,9.009,8.648
6.130,6.816,8.544,9.154,10.884,5.372,6.440
7.061,4.991,7.923,11.606,7.474,10.764,8.978
6.537,9.743,7.747,7.051,13.123,12.996,14.455
9.202,5.247,8.600,12.276,11.103,10.538,5.638
9.119,7.975,8.708,7.637,12.354,6.685,7.952
7.582,11.665,8.569,7.275,9.473,5.733,1.569
5.706,4.682,8.723,6.504,6.847,6.837,8.261
13.301,3.612,8.988,4.600,7.046,9.328,3.330
3.206,6.643,8.821,6.157,6.026,3.248,7.473
8.163,7.312,8.841,4.981,11.000,9.655,6.157
6.995,11.592,9.159,7.291,11.157,7.258,7.340
9.873,7.168,9.886,6.719,11.834,10.328,8.927
8.718,3.474,10.781,6.703,7.792,5.039,10.384
10.701,5.787,11.513,8.838,4.152,7.020,4.376
5.451,7.672,12.181,3.113,8.903,8.214,8.809
6.309,5.597,12.803,7.339,5.607,7.237,10.511
0.500,7.481,9.218,0.500,8.949,8.674,7.207
3.229,8.721,13.856,7.649,4.994,6.036,10.078
9.552,8.119,14.214,1.259,6.552,5.694,10.427
8.301,2.326,13.658,4.926,11.529,11.067,12.418
10.360,8.684,10.971,2.527,10.538,5.687,11.719
3.135,13.925,9.874,12.178,5.637,6.054,10.945
7.477,7.320,9.517,8.551,8.372,6.601,11.438
8.574,4.083,10.061,9.862,7.790,10.434,7.925
14.202,8.484,12.287,13.194,11.778,4.713,7.183
7.906,12.514,12.150,3.747,11.532,10.450,8.472
10.014,12.722,12.279,11.002,7.357,12.763,8.674
7.596,8.806,9.184,3.433,7.854,12.704,4.302
13.998,8.940,8.540,4.113,7.243,6.942,8.160
9.371,7.826,7.816,9.705,4.831,3.181,8.298
8.094,3.862,7.279,11.881,8.184,6.884,8.488
11.134,3.300,6.523,3.311,3.975,8.083,6.931
11.751,12.923,5.949,4.560,10.150,13.608,7.517
10.567,9.455,8.623,7.775,6.160,11.988,7.598
8.051,11.357,5.184,5.308,6.931,8.853,9.189
7.170,9.072,4.292,8.294,8.150,6.331,5.789
8.435,7.372,3.501,8.838,7.955,3.307,5.235
4.335,7.104,2.882,9.556,6.701,12.301,11.745
13.120,11.509,2.606,4.897,6.952,8.107,12.189
9.562,6.862,4.700,8.162,11.495,4.359,7.001
6.972,5.093,7.327,7.654,5.663,4.815,10.674
7.218,9.004,7.306,9.989,11.814,12.041,9.433
3.620,7.935,7.486,9.548,4.699,8.148,4.464
7.989,5.072,7.926,3.684,6.664,11.075,8.616
7.138,5.036,7.665,6.724,5.775,8.375,5.655
2.900,3.101,7.627,4.942,1.007,11.624,3.428
7.263,7.801,7.487,8.789,8.425,3.755,3.972
8.858,4.359,8.833,6.258,12.655,12.543,0.500
8.677,4.736,8.416,7.814,8.264,10.768,11.060
6.931,5.642,8.666,10.599,2.762,5.728,9.869
6.886,9.282,8.747,10.007,12.094,5.443,8.147
7.899,4.820,8.760,10.753,7.083,10.449,5.123
12.068,7.573,8.615,9.729,6.458,7.665,10.040
10.444,7.178,8.325,8.961,7.059,6.596,8.360
6.916,6.849,8.041,5.363,9.149,4.925,10.661
3.244,8.454,6.736,4.348,6.150,3.866,8.856
9.829,0.500,6.990,7.049,6.482,9.910,11.778
13.335,9.374,8.146,9.033,6.935,12.254,6.326
5.031,4.003,8.397,8.426,14.491,6.276,9.331
4.576,9.144,8.629,8.752,7.231,7.589,9.344
5.943,7.819,8.584,5.785,3.896,11.780,16.692
7.840,8.368,8.469,8.964,5.401,10.162,6.864
5.781,7.531,8.302,3.932,8.825,7.699,14.206
7.384,8.724,7.648,11.924,9.913,13.665,8.677
6.516,11.085,9.196,3.724,5.958,5.187,5.100
7.547,5.444,8.601,7.862,5.344,6.332,5.892
14.186,11.531,8.668,6.073,8.592,6.761,6.110
13.463,6.715,8.739,7.896,6.125,12.282,8.437
4.137,8.754,8.786,9.809,1.840,3.655,5.738
10.103,12.734,8.850,2.384,5.706,6.205,6.332
10.774,11.205,8.965,8.290,14.751,9.962,10.764
7.384,10.408,9.173,5.968,11.639,4.811,8.082
3.793,6.205,9.562,7.466,10.990,4.840,8.937
5.057,9.155,10.126,10.612,8.816,5.945,11.842
6.753,6.656,10.802,6.126,5.816,9.649,11.612
5.769,4.064,10.533,6.731,3.427,7.237,2.814
8.874,9.682,9.531,6.378,6.041,2.632,9.109
9.821,5.531,10.778,11.178,8.270,10.543,8.298
7.545,7.868,11.621,7.589,8.766,13.534,10.200
7.757,6.593,13.358,12.864,5.774,6.058,8.937
5.601,0.615,10.077,12.193,12.035,11.571,4.429
9.766,7.956,10.892,8.234,8.918,11.148,2.799
11.213,6.351,11.050,13.703,7.730,11.090,6.948
7.772,12.258,11.039,5.649,4.963,4.384,6.651
6.211,8.832,10.850,5.081,11.177,3.341,7.405
4.942,8.152,10.578,9.288,7.640,11.919,6.409
9.611,11.432,10.176,5.024,4.149,12.338,1.865
3.555,7.637,9.404,8.437,8.428,3.208,8.435
8.959,11.220,8.306,6.473,4.959,3.866,7.968
8.377,6.573,7.263,6.140,8.779,6.371,7.963
5.467,8.925,6.007,9.463,8.996,10.174,10.074
7.155,7.321,4.507,5.385,6.210,8.329,9.315
9.976,9.142,2.731,10.707,11.579,13.003,8.339
4.178,6.806,1.314,10.469,4.524,14.881,7.176
8.592,11.902,0.672,14.129,11.536,10.105,12.952
14.040,3.695,0.506,2.820,8.010,10.530,8.391
6.891,8.735,0.500,6.590,8.116,5.520,13.009
6.158,6.587,0.500,6.538,9.602,9.042,6.493
4.761,6.659,0.500,8.516,4.242,11.430,9.469
13.962,8.598,12.715,5.907,10.258,12.631,7.777
7.985,9.897,8.466,6.324,11.225,10.046,13.730
7.273,4.887,13.268,8.121,10.067,10.912,9.546
11.195,5.806,13.780,0.500,5.708,6.351,8.014
5.583,8.948,9.465,10.241,4.019,6.385,8.613
6.242,8.942,9.445,10.487,9.473,15.276,7.390
7.541,8.681,9.505,8.895,7.098,9.174,8.036
7.973,6.812,9.479,3.712,11.187,7.948,7.585
10.698,9.024,9.440,7.179,13.180,7.333,8.644
4.909,4.824,9.491,5.664,1.936,10.091,8.572
14.512,4.532,9.432,9.244,9.724,9.253,13.378
15.007,4.553,9.381,6.127,6.310,7.773,11.052
10.900,6.524,14.267,10.644,11.877,6.263,6.883
10.003,8.374,9.910,8.469,0.500,10.753,4.301
5.420,9.697,9.884,5.391,2.202,10.429,12.014
12.579,9.033,9.854,7.991,7.275,8.475,9.640
7.031,8.405,9.802,5.604,9.056,8.841,8.585
9.070,12.150,14.591,5.499,9.371,8.992,6.720
5.047,6.866,10.195,5.421,5.069,9.470,9.049
0.500,3.665,10.266,10.553,12.377,8.898,7.059
5.913,12.235,10.205,8.014,1.302,4.438,11.408
7.986,5.948,10.137,4.506,9.961,5.407,7.496
11.640,5.507,10.062,8.493,6.401,11.052,9.600
8.645,8.832,9.958,9.008,7.136,11.474,12.239
8.856,7.103,9.846,12.116,13.182,5.762,12.463
8.542,6.802,9.723,9.687,5.318,9.248,8.265
9.346,7.437,9.726,9.965,8.065,4.663,7.733
12.317,2.955,9.557,10.693,5.597,5.617,9.050
8.626,9.518,9.420,4.698,8.408,6.158,7.966
9.341,6.316,9.305,3.899,2.700,10.463,8.125
4.740,6.730,9.181,7.383,11.698,14.936,5.125
10.998,0.500,9.065,13.823,9.265,8.987,7.919
8.312,9.446,8.909,5.352,11.423,7.360,8.790
3.366,7.509,8.745,10.489,9.075,1.759,8.535
8.269,2.454,8.566,7.374,7.871,4.729,6.891
13.041,7.887,8.385,6.961,8.697,9.269,9.263
14.740,5.832,8.190,5.034,5.703,6.557,10.719
7.556,9.122,7.980,11.324,5.856,8.549,6.771
10.140,3.121,7.779,6.500,4.512,11.428,5.001
13.728,7.210,7.464,12.904,8.793,5.267,7.805
10.633,16.586,7.278,8.144,5.060,9.100,5.524
7.751,12.650,7.000,3.742,4.970,9.629,11.585
8.002,10.113,6.724,7.986,10.741,5.645,5.585
11.992,8.238,6.446,13.377,9.807,6.379,13.300
6.592,9.402,6.155,7.836,11.443,11.192,8.759
9.897,9.229,5.854,8.459,8.355,15.241,9.534
0.500,7.378,5.595,6.932,8.201,10.884,8.289
10.798,9.176,5.270,6.977,7.950,7.978,5.853
10.074,6.794,4.938,12.020,5.642,6.375,10.475
5.753,5.229,4.588,11.500,10.334,5.914,7.756
10.412,12.956,4.238,9.428,12.651,11.710,10.218
7.273,9.221,3.870,15.990,6.240,9.041,3.176
8.593,5.638,3.487,8.362,4.032,9.531,7.438
5.483,10.758,8.156,12.893,15.342,8.867,7.998
4.161,4.255,3.985,9.454,4.914,10.562,11.169
6.508,8.055,3.635,5.436,9.073,12.303,10.644
10.667,6.265,2.986,8.282,8.504,14.227,4.394
1.652,5.189,2.470,14.061,8.291,3.431,4.696
10.414,11.276,2.066,4.948,9.098,6.026,3.557
14.015,7.603,1.689,4.697,4.693,10.774,11.361
11.797,13.384,1.443,8.022,8.092,10.850,7.076
8.536,9.086,0.500,8.243,8.092,10.050,12.547
8.855,6.432,3.829,9.973,9.674,7.356,13.184
5.478,9.276,4.521,9.145,6.587,10.905,9.765
11.279,6.790,5.360,8.599,4.115,11.581,8.631
7.909,8.348,7.639,6.959,5.730,0.500,10.864
9.817,9.012,3.440,1.522,9.539,10.504,8.352
9.912,4.712,3.600,8.165,4.031,4.020,9.124
7.540,7.782,3.891,12.642,9.639,10.802,4.794
6.976,2.413,4.269,7.169,12.286,9.262,7.088
9.897,12.311,4.526,7.252,9.165,6.242,1.777
6.702,4.420,4.764,8.927,9.487,6.368,5.627
11.216,2.080,5.029,5.041,6.688,1.604,6.975
8.825,7.469,5.305,4.213,8.581,5.325,6.572
1.658,7.064,5.575,7.997,1.968,2.165,13.272
6.619,5.409,5.826,9.386,3.073,5.343,7.946
6.094,8.022,6.131,8.912,8.980,12.140,12.212
13.423,11.519,10.770,4.820,12.854,6.095,6.609
1.167,7.504,7.175,6.470,6.918,3.741,8.887
6.236,10.280,7.713,11.287,5.454,5.787,6.622
9.246,9.412,8.014,6.776,9.327,9.216,6.094
8.708,6.764,8.266,9.002,4.706,8.153,6.083
10.258,6.190,8.522,8.349,7.887,3.433,8.878
14.318,3.388,8.759,8.857,1.909,5.610,13.859
7.761,6.038,8.989,10.196,14.190,5.146,8.881
9.835,5.808,9.186,9.375,0.500,5.609,7.694
10.949,7.965,9.369,7.247,3.562,7.313,9.979
10.557,8.789,9.526,14.850,5.415,3.889,12.282
5.363,4.876,9.728,9.847,12.338,4.798,6.569
6.368,5.453,14.177,4.981,12.490,5.947,8.613
10.203,2.379,10.866,7.260,11.290,4.106,8.643
9.005,5.301,11.023,8.255,4.977,11.217,3.528
5.340,4.938,11.187,12.133,12.160,1.970,10.012
11.581,12.507,11.321,4.296,5.045,7.033,7.986
6.631,4.489,11.406,4.361,10.426,11.685,7.357
7.591,0.842,11.500,6.316,8.138,2.300,9.946
8.145,13.285,11.551,8.944,4.416,5.019,7.414
7.541,12.177,11.551,9.336,10.808,7.298,6.303
3.294,10.819,11.528,10.796,9.884,10.459,8.798
7.780,10.094,11.491,12.373,3.844,13.690,5.155
4.939,6.243,11.415,10.770,11.395,10.067,11.653
5.436,8.527,11.257,6.332,9.456,12.931,11.825
6.414,9.435,11.077,10.937,10.726,11.855,10.992
6.943,2.665,10.886,6.959,8.969,12.190,7.011
5.229,14.421,10.654,9.405,7.894,11.296,9.436
8.576,11.650,10.379,7.353,9.487,13.297,11.435
3.598,5.018,10.066,10.562,11.368,10.482,7.211
7.015,10.513,9.709,6.054,7.764,7.932,10.291
5.655,4.715,9.307,8.918,6.204,8.621,11.281
8.504,2.676,8.861,10.042,8.044,4.999,11.614
7.268,14.659,8.378,2.859,6.613,6.509,11.786
3.097,12.455,7.848,7.011,4.829,7.465,7.665
6.390,11.724,7.286,11.862,7.435,7.823,6.202
11.283,10.778,6.658,5.399,9.475,7.424,13.971
5.501,9.980,10.246,7.555,12.737,5.784,11.107
12.698,4.459,6.676,10.165,7.629,13.174,8.781
7.936,5.158,5.806,6.075,7.004,6.452,8.191
5.444,2.851,4.939,3.251,6.876,5.257,5.527
7.498,9.135,4.144,9.667,6.433,4.121,9.891
0.500,7.322,3.471,4.475,9.184,5.284,9.215
4.418,9.968,3.115,13.449,7.064,11.318,7.659
2.703,4.158,4.768,3.411,7.173,7.678,3.893
7.334,8.096,4.465,7.571,7.730,4.855,9.379
5.702,9.016,4.369,11.030,5.922,8.285,6.875
6.557,4.118,4.240,11.346,8.328,6.117,14.481
6.685,7.984,4.018,4.769,5.640,9.066,10.260
10.627,3.242,3.699,7.106,8.343,12.679,7.882
4.838,8.551,10.081,9.893,6.458,11.139,13.000
6.613,7.997,5.273,6.635,5.762,6.006,12.663
8.995,16.884,5.298,4.526,8.543,9.112,5.558
4.443,2.471,5.321,8.359,12.300,6.995,15.071
9.827,13.964,5.331,7.569,7.899,10.485,8.523
11.068,9.391,5.346,7.663,9.791,8.338,5.016
9.004,10.833,5.378,7.005,12.470,13.551,3.732
2.987,5.906,5.456,11.732,10.703,10.828,6.659
7.647,3.539,5.554,5.977,8.199,7.946,9.555
5.231,12.356,5.662,9.800,10.817,11.065,11.262
6.171,7.660,5.799,10.130,3.520,8.058,0.500
6.520,12.289,5.917,5.901,9.641,4.268,7.919
8.585,10.349,5.916,8.888,10.705,7.593,9.942
7.113,2.849,5.741,5.719,5.387,4.288,7.166
8.319,6.288,5.579,7.144,9.477,6.083,10.207
8.059,8.514,5.539,4.248,11.942,12.834,10.708
8.243,11.148,5.511,7.289,6.643,6.919,3.789
9.913,0.500,5.326,10.002,11.613,5.634,7.355
11.147,2.933,10.758,5.680,8.940,5.706,7.217
6.481,9.598,6.441,8.988,8.414,4.942,8.636
11.377,9.689,6.557,9.587,6.505,8.399,9.839
10.446,14.156,6.664,9.626,9.983,7.671,8.705
11.906,7.892,6.766,6.293,5.584,4.961,3.414
9.380,7.719,6.870,6.877,7.164,8.811,9.022
7.573,6.130,6.990,8.316,10.323,6.534,17.612
11.985,6.620,7.131,7.674,11.897,10.706,7.714
5.053,9.360,7.286,9.055,11.206,4.825,8.661
8.557,10.029,7.449,10.741,4.619,8.270,10.844
2.415,10.288,7.615,10.827,7.981,7.711,7.211
6.063,5.545,7.789,11.602,5.223,10.859,10.309
8.328,8.920,7.968,7.794,8.079,12.179,7.244
4.519,10.245,8.142,8.925,7.335,8.632,4.116
8.805,7.885,8.313,9.561,11.896,8.629,11.512
12.853,10.034,8.490,9.024,7.410,8.877,12.421
1.216,11.353,8.683,4.955,10.142,6.878,4.600
6.300,11.746,8.903,7.926,10.538,4.751,6.135
6.057,4.523,9.162,10.544,7.753,10.682,7.614
6.165,8.364,9.458,9.947,6.615,5.383,0.790
6.779,5.264,9.755,3.764,1.825,2.750,5.821
3.365,5.889,10.018,13.359,5.461,5.559,5.398
11.465,7.660,10.259,9.045,8.333,10.998,5.039
8.536,8.823,10.498,9.152,8.261,3.178,10.683
7.231,10.905,10.751,6.832,10.425,7.706,2.210
13.462,5.936,11.020,10.759,8.699,10.747,5.850
10.588,12.836,11.302,4.198,9.017,4.643,6.615
5.626,4.472,11.607,3.347,11.637,7.943,4.053
11.350,11.307,11.924,10.069,12.640,6.358,10.698
3.995,7.494,12.331,7.070,7.831,5.842,6.115
8.314,9.191,12.878,1.202,4.455,10.424,7.626
8.948,6.947,13.432,9.693,7.330,13.236,10.535
9.463,10.829,13.820,10.128,10.362,7.457,9.037
10.625,9.300,14.084,6.416,7.093,6.661,9.138
10.339,8.591,12.807,7.557,5.329,5.501,12.000
10.691,5.342,16.492,7.704,8.251,7.192,11.074
9.095,7.560,2.728,10.853,6.943,9.345,3.932
7.075,6.551,2.665,3.814,8.962,8.211,7.254
7.616,5.958,2.675,11.767,4.838,7.922,9.358
9.194,5.945,2.580,4.123,14.016,5.470,5.253
10.686,8.805,2.526,1.077,6.333,11.081,4.179
7.946,8.755,2.559,9.425,9.225,7.738,5.138
7.722,13.444,2.504,11.166,18.473,4.454,9.003
11.442,6.820,5.701,4.467,10.109,7.709,11.025
7.359,10.948,5.989,12.932,9.766,10.069,8.953
7.797,8.737,6.254,6.660,8.138,8.553,9.201
9.895,10.933,6.682,6.555,8.688,8.140,7.893
8.772,8.561,6.940,6.280,7.849,4.688,7.836
4.076,6.507,7.207,6.179,7.310,8.636,12.305
9.893,10.398,7.449,8.384,6.146,10.256,6.881
3.400,9.085,7.712,10.685,4.311,14.709,5.264
8.941,2.569,7.983,7.999,9.524,10.663,7.632
11.236,9.784,4.964,7.757,5.063,7.141,13.200
13.047,4.329,8.321,7.393,9.946,6.851,12.949
11.522,7.662,8.641,6.812,9.438,0.500,3.654
14.443,11.413,8.962,8.383,10.848,8.608,8.947
9.574,5.651,6.003,5.277,4.852,11.599,10.287
4.543,8.560,6.063,11.079,9.380,5.895,4.851
5.397,11.315,6.114,2.593,8.257,5.856,11.130
10.930,11.438,9.528,5.434,5.314,3.251,0.883
12.461,9.225,9.907,8.721,5.229,6.994,4.899
8.443,8.665,6.975,8.913,8.927,11.581,11.928
5.641,11.749,7.055,5.897,9.357,6.344,4.068
3.433,9.929,7.146,11.712,7.361,3.813,8.199
14.154,6.984,7.237,5.981,6.833,3.856,4.231
11.509,13.016,7.326,9.309,2.783,5.894,13.181
8.401,10.796,7.415,10.514,11.360,11.262,3.962
5.930,1.963,7.504,7.264,7.409,11.141,10.145
10.644,5.763,7.593,8.348,5.686,7.506,7.064
13.376,10.171,7.681,3.284,5.852,12.145,5.955
10.820,9.117,7.774,10.670,6.540,3.331,11.771
5.548,7.115,7.865,8.205,4.534,9.673,9.944
5.526,13.586,7.951,10.558,8.415,3.820,13.034
9.798,9.099,8.037,5.065,8.051,13.712,8.460
9.987,3.709,8.121,12.029,7.694,7.121,9.870
7.493,4.964,8.205,7.557,16.824,0.500,7.346
12.924,3.538,8.287,9.796,9.261,10.381,3.509
4.313,10.775,8.369,13.194,11.813,9.055,5.892
7.312,5.895,8.449,9.960,10.475,10.669,14.642
12.896,5.743,8.526,8.621,8.940,10.123,10.276
7.478,6.154,12.032,9.659,8.506,6.717,9.370
6.240,4.184,9.142,1.022,7.823,2.916,7.780
3.524,5.848,9.253,5.925,8.429,3.810,6.726
8.210,3.305,9.397,11.502,5.884,10.008,5.790
5.107,9.376,9.554,10.164,5.261,7.138,4.446
10.802,8.073,9.723,12.476,6.899,6.729,5.966
9.367,10.224,9.906,6.879,6.135,6.597,5.640
6.950,1.990,10.051,4.560,3.328,6.565,9.515
6.294,3.809,10.266,7.189,5.515,8.595,10.223
5.545,9.991,13.646,7.836,7.897,6.945,7.596
13.046,5.563,11.446,9.706,5.533,6.197,10.942
6.830,4.438,11.378,4.067,8.859,10.715,12.745
6.369,8.897,11.389,13.087,9.686,3.612,5.550
8.600,8.383,14.959,14.288,4.112,8.942,5.449
9.101,9.399,15.545,8.815,10.114,5.171,6.313
8.242,12.482,16.137,0.500,10.243,5.609,10.630
7.836,3.749,8.967,13.367,6.615,11.683,6.926
8.432,6.450,13.705,10.935,9.262,4.912,7.130
5.505,6.203,14.106,2.743,8.122,7.686,7.701
13.616,8.324,14.588,8.449,4.365,9.358,5.743
11.748,6.267,10.302,3.469,3.979,7.722,7.919
7.997,10.792,10.479,5.805,5.512,13.969,10.134
8.504,9.742,10.219,6.686,8.300,9.585,5.055
7.249,12.197,10.125,7.423,5.677,3.307,11.971
11.360,7.275,10.190,9.894,7.991,6.263,8.046
11.736,11.789,10.075,9.357,13.027,9.481,4.154
11.093,3.776,10.066,6.745,9.683,7.187,7.037
7.686,8.475,10.068,6.451,11.821,11.616,10.658
9.045,1.223,9.999,8.252,13.099,5.690,11.249
8.514,8.358,9.951,8.171,6.499,8.103,5.543
9.603,8.479,9.869,6.033,10.117,2.092,8.627
11.311,9.471,14.386,9.952,0.613,11.027,9.851
10.828,4.823,10.188,6.515,4.753,9.470,8.180
7.456,6.845,10.057,8.186,8.174,6.464,10.523
6.794,1.900,9.882,8.602,5.381,9.256,10.587
11.381,7.784,9.797,7.126,9.009,2.742,3.263
6.532,10.446,9.743,8.748,5.372,7.633,9.154
6.545,7.179,9.672,10.948,10.764,9.313,11.606
10.309,4.194,9.601,11.662,12.996,10.164,7.051
10.557,9.282,9.496,0.500,10.538,10.760,12.276
1.460,12.895,9.368,6.804,6.685,2.266,7.637
4.789,8.039,9.244,4.363,5.733,6.023,7.275
9.732,0.500,9.086,10.665,6.837,8.775,6.504
13.443,3.908,8.954,6.688,9.328,6.911,4.600
11.305,3.507,8.813,11.932,3.248,4.217,6.157
8.622,7.716,8.665,5.801,9.655,12.965,4.981
10.391,10.362,8.504,3.827,7.258,3.923,7.291
5.161,8.413,8.325,6.133,10.328,9.716,6.719
10.526,9.213,8.145,8.984,5.039,3.588,6.703
9.562,5.195,7.957,6.839,7.020,8.817,8.838
4.357,11.407,7.751,9.688,8.214,7.215,3.113
4.548,6.450,7.533,7.160,7.237,4.964,7.339
8.370,5.063,7.282,13.242,8.674,12.264,0.500
4.959,5.810,7.091,8.222,6.036,8.890,7.649
8.023,8.749,6.868,11.324,5.694,8.149,1.259
5.623,9.432,6.627,10.256,11.067,11.028,4.926
8.525,8.055,6.381,0.500,5.687,6.755,2.527
11.244,11.801,6.082,6.606,6.054,3.800,12.178
0.894,7.485,5.849,5.000,6.601,4.586,8.551
8.818,7.344,5.549,11.156,10.434,13.014,9.862
12.047,5.027,5.304,10.202,4.713,11.881,13.194
15.640,5.126,5.000,8.662,10.450,2.642,3.747
14.504,9.584,4.688,10.731,12.763,6.840,11.002
8.011,9.928,4.425,4.347,12.704,7.353,3.433
8.258,8.969,4.128,11.456,6.942,9.847,4.113
6.948,9.393,3.763,4.993,3.181,7.218,9.705
10.199,8.006,8.632,3.618,6.884,2.906,11.881
7.807,7.030,3.642,11.483,8.083,9.883,3.311
8.496,9.914,3.265,6.053,13.608,7.002,4.560
9.634,7.327,8.364,4.791,11.988,6.810,7.775
8.762,16.246,3.165,7.544,8.853,11.678,5.308
8.522,14.690,2.839,13.658,6.331,10.167,8.294
13.339,6.122,2.492,11.725,3.307,11.055,8.838
6.201,5.634,2.098,9.953,12.301,5.811,9.556
13.790,12.100,1.692,4.026,8.107,12.725,4.897
11.796,6.593,6.899,8.298,4.359,6.509,8.162
6.926,6.615,4.898,10.070,9.627,10.504,5.824
7.130,9.262,4.865,10.827,7.664,7.155,8.877
7.701,8.122,4.862,6.141,5.047,8.204,9.354
5.743,4.365,4.858,5.381,6.177,5.855,8.480
7.919,3.979,4.833,4.798,9.198,10.366,9.324
10.134,5.512,4.816,12.989,9.245,10.556,5.533
5.055,8.300,4.846,10.189,10.317,8.884,5.475
11.971,5.677,4.919,7.240,8.421,2.463,4.045
8.046,7.991,4.826,3.379,6.293,6.717,10.247
4.154,13.027,4.896,6.777,7.006,4.814,8.223
7.037,9.683,4.918,10.866,4.372,9.139,4.137
10.658,11.821,4.859,12.634,4.352,8.629,6.664
11.249,13.099,6.383,8.031,8.502,4.222,8.658
5.543,6.499,8.722,9.074,4.255,12.024,2.129
8.627,10.117,5.214,8.844,6.870,6.029,8.775
9.851,0.613,5.180,9.104,8.979,5.539,9.351
8.180,4.753,5.164,6.577,6.169,16.509,6.689
10.523,8.174,5.145,4.363,8.790,9.872,8.714
10.587,5.381,5.118,6.749,3.374,10.615,7.090
3.263,9.009,9.482,7.744,0.500,9.837,10.380
9.154,5.372,9.927,5.990,4.461,8.038,7.473
11.606,10.764,8.979,11.227,7.488,7.757,6.789
7.051,12.996,6.487,10.006,3.406,11.770,9.720
12.276,10.538,6.499,9.232,10.574,7.909,7.218
7.637,6.685,6.521,9.510,12.851,6.663,7.272
7.275,5.733,6.573,6.307,10.431,14.543,5.858
6.504,6.837,6.624,9.416,14.222,10.257,11.844
4.600,9.328,6.677,8.852,10.807,9.066,10.457
6.157,3.248,6.731,7.904,5.950,7.295,6.578
4.981,9.655,6.791,3.917,6.016,4.026,9.624
7.291,7.258,6.858,11.000,9.173,6.461,7.405
6.719,10.328,6.939,9.058,7.806,9.606,2.615
6.703,5.039,7.013,12.977,7.773,7.502,3.122
8.838,7.020,7.097,10.329,12.184,12.008,6.052
3.113,8.214,7.181,8.731,10.754,10.883,7.559
7.339,7.237,7.267,10.427,8.624,3.465,6.884
0.500,8.674,7.359,5.321,9.208,7.771,9.527
7.649,6.036,7.457,8.830,8.241,7.753,12.282
1.259,5.694,7.560,9.621,5.782,8.150,9.257
4.926,11.067,7.672,7.174,6.280,6.470,10.836
2.527,5.687,7.778,9.819,11.701,0.845,10.534
12.178,6.054,7.887,5.798,8.965,8.409,13.625
8.551,6.601,8.003,7.129,6.636,6.137,11.225
9.862,10.434,12.444,8.300,10.503,4.222,9.334
13.194,4.713,9.484,6.161,5.275,7.768,6.566
3.747,10.450,9.720,10.916,9.154,4.436,7.181
11.002,12.763,10.072,6.684,9.000,7.310,6.776
3.433,12.704,10.218,5.859,10.278,6.124,3.253
4.113,6.942,10.498,10.372,6.848,6.309,9.140
9.705,3.181,10.848,6.456,13.367,9.614,9.576
11.881,6.884,11.205,9.956,9.199,8.372,8.266
3.311,8.083,11.534,9.654,8.620,12.315,8.853
4.560,13.608,12.019,0.500,9.055,4.850,8.684
7.775,11.988,11.064,11.527,2.791,10.942,11.572
5.308,8.853,11.734,8.027,6.038,5.444,9.481
8.294,6.331,11.947,5.275,8.593,10.690,6.472
8.838,3.307,15.965,5.219,14.705,10.044,6.902
9.556,12.301,13.156,11.367,5.693,9.647,6.295
4.897,8.107,13.982,9.664,6.631,5.632,10.820
8.162,4.359,17.426,8.356,12.249,6.783,5.179
6.255,5.824,13.042,9.245,10.297,9.433,9.897
10.650,8.877,8.801,7.178,6.510,5.448,4.887
11.166,9.354,8.694,9.629,1.848,7.369,5.806
8.891,8.480,12.351,3.203,7.981,4.812,8.948
7.875,9.324,9.795,6.156,9.580,4.681,8.942
4.310,5.533,9.875,8.061,6.462,11.342,8.681
8.128,5.475,12.606,10.050,7.118,12.445,6.812
3.363,4.045,12.584,9.389,5.911,4.529,9.024
6.930,10.247,12.267,8.736,9.401,5.626,4.824
4.591,8.223,12.314,3.706,4.562,9.979,4.532
11.379,4.137,12.332,5.315,12.337,5.713,4.553
6.172,6.664,12.876,4.986,9.700,7.255,6.524
6.999,8.658,12.708,7.047,8.387,9.797,8.374
6.057,2.129,12.528,6.925,7.643,10.160,9.697
10.252,8.775,10.170,7.054,13.039,9.218,9.033
4.703,9.351,9.646,7.399,9.398,8.643,8.405
11.761,6.689,5.735,4.251,6.155,3.850,12.150
3.382,8.714,9.058,11.622,8.426,8.037,6.866
4.788,7.090,11.121,8.675,10.031,6.533,3.665
6.679,10.380,11.902,5.139,5.310,5.851,12.235
5.711,7.473,12.182,7.567,10.586,8.869,5.948
7.975,6.789,12.347,6.487,7.350,1.032,5.507
5.222,9.720,11.650,10.181,9.023,11.628,8.832
3.696,7.218,9.319,3.373,8.451,5.758,7.103
5.747,7.272,7.962,6.010,2.674,11.716,6.802
10.116,5.858,7.564,7.675,6.428,9.523,7.437
7.179,11.844,7.501,5.894,9.955,9.760,2.955
15.508,10.457,7.355,9.760,2.027,1.380,9.518
6.136,6.578,7.174,6.131,3.993,4.567,6.316
5.522,9.624,7.035,11.825,9.545,8.676,6.730
2.209,7.405,6.934,6.014,6.787,10.919,0.500
4.282,2.615,6.825,5.964,8.092,7.416,9.446
4.433,3.122,6.710,9.926,3.639,8.164,7.509
7.439,6.052,6.591,5.468,7.288,7.651,2.454
12.086,7.559,6.470,11.373,8.658,10.752,7.887
7.328,6.884,6.346,10.394,8.104,7.204,5.832
2.366,9.527,6.224,11.346,5.045,12.980,9.122
8.916,12.282,6.102,10.489,11.896,2.724,3.121
9.955,9.257,5.980,2.065,4.960,3.949,7.210
5.695,10.836,5.850,7.021,5.689,7.508,16.586
8.374,10.534,5.717,8.100,12.965,9.531,12.650
12.792,13.625,9.362,7.605,3.880,11.992,10.113
11.267,11.225,4.879,12.536,9.524,7.692,8.238
6.563,9.334,4.770,10.207,7.562,5.675,9.402
5.032,6.566,4.668,12.798,4.585,8.130,9.229
11.299,7.181,4.573,13.300,9.924,6.964,7.378
6.644,6.776,4.484,8.805,11.749,6.366,9.176
15.649,3.253,4.396,12.543,10.638,4.848,6.794
6.518,9.140,4.314,8.829,9.477,4.357,5.229
8.534,9.576,4.266,5.271,7.505,6.687,12.956
5.100,8.266,4.226,2.163,9.468,12.758,9.221
2.888,8.853,4.186,5.942,2.267,9.250,5.638
7.208,8.684,4.146,12.981,8.374,2.727,10.758
7.113,11.572,9.886,7.609,2.276,12.217,4.255
16.550,9.481,4.995,9.043,6.506,7.278,8.055
6.967,6.472,5.188,5.596,11.258,12.511,6.265
11.622,6.902,5.173,9.910,11.166,8.206,5.189
11.701,6.295,5.210,8.164,8.681,13.140,11.276
8.933,10.820,5.350,8.575,10.850,9.731,7.603
3.919,5.179,5.684,6.286,6.778,7.580,13.384
9.224,10.070,4.089,7.956,8.243,6.599,16.589
6.362,10.827,3.789,8.341,9.973,7.435,9.554
4.088,6.141,3.756,4.019,9.145,5.018,7.098
9.020,5.381,3.595,8.838,8.599,3.936,5.154
8.561,4.798,8.576,6.640,6.959,5.164,2.687
8.407,12.989,5.335,8.429,1.522,6.833,10.158
5.379,10.189,4.841,6.226,8.165,5.338,8.352
8.888,7.240,4.356,9.717,12.642,2.517,5.726
9.648,3.379,4.293,7.903,7.169,6.904,4.615
10.496,6.777,4.608,7.464,7.252,11.457,4.170
6.561,10.866,3.811,3.499,8.927,11.594,9.687
5.981,12.634,3.506,8.373,5.041,8.333,7.086
10.934,8.031,3.231,10.453,4.213,3.470,9.268
2.373,9.074,3.050,11.363,7.997,9.001,8.635
8.826,8.844,1.845,3.889,9.386,5.804,3.504
7.089,9.104,6.745,12.192,8.912,1.602,11.705
11.109,6.577,8.746,3.018,4.820,11.979,9.872
7.906,4.363,6.890,12.173,6.470,4.682,10.765
6.483,6.749,6.939,4.738,11.287,7.076,11.516
4.815,7.744,6.492,7.688,6.776,11.095,11.448
4.634,5.990,6.298,6.038,9.002,5.863,11.378
5.722,11.227,6.304,6.115,8.349,11.068,9.984
11.185,10.006,6.353,3.519,8.857,9.292,9.582
11.293,9.232,6.444,3.381,10.196,5.702,4.228
6.803,9.510,6.625,9.135,9.375,4.593,9.495
6.674,6.307,6.869,1.112,7.247,9.148,1.487
8.075,9.416,7.099,5.946,14.850,13.573,0.599
8.269,8.852,7.333,8.926,9.847,9.903,5.903
6.582,7.904,7.656,5.083,4.981,4.670,9.873
7.944,3.917,7.676,5.358,7.260,9.890,5.699
4.583,11.000,7.840,9.904,8.255,10.326,5.979
3.588,9.058,8.140,6.290,12.133,5.439,9.860
10.733,12.977,8.513,3.861,4.296,7.398,2.303
10.789,10.329,8.874,0.500,4.361,4.684,0.500
3.165,8.731,9.225,11.004,6.316,6.050,11.948
8.601,10.427,9.451,7.148,8.944,9.363,11.561
7.275,5.321,9.415,4.671,9.336,11.978,1.925
11.469,8.830,9.894,9.299,10.796,11.061,13.829
12.740,9.621,10.167,5.552,12.373,11.664,11.904
11.670,7.174,10.730,6.860,10.770,9.055,6.863
7.407,9.819,9.086,3.045,6.332,11.936,10.086
2.643,5.798,10.142,7.349,10.937,7.731,10.078
11.832,7.129,10.488,5.154,6.959,8.065,7.167
7.223,8.300,10.918,10.828,9.405,8.783,4.507
10.662,6.161,11.257,9.155,7.353,3.519,6.765
7.779,10.916,11.360,7.858,10.562,7.003,8.163
2.121,6.684,11.307,5.037,6.054,4.616,4.221
4.947,5.859,11.205,7.491,8.918,7.999,9.104
10.198,10.372,11.199,11.277,10.042,8.949,5.524
12.533,6.456,11.471,5.130,2.859,5.918,11.261
6.987,9.956,11.686,10.333,7.011,12.110,6.468
1.232,9.654,11.069,10.057,11.862,6.262,9.421
12.376,0.500,11.088,6.145,5.399,14.235,6.888
7.413,11.527,15.288,13.578,7.555,4.457,11.747
9.286,8.027,11.337,12.141,10.165,10.132,5.641
5.797,5.275,10.115,7.075,6.075,8.945,1.461
10.895,5.219,9.142,10.411,3.251,13.822,8.902
12.498,11.367,8.818,9.429,9.667,8.716,5.242
8.052,9.664,8.744,5.252,4.475,5.008,6.007
7.004,8.356,14.882,9.578,13.449,11.852,2.011
10.504,4.444,4.195,9.759,10.587,11.745,7.626
7.155,12.929,4.165,4.370,8.146,8.466,6.729
8.204,9.075,4.165,10.960,6.829,4.064,4.173
5.855,7.358,4.164,6.287,10.107,4.393,6.482
10.366,0.500,4.162,8.633,1.523,7.378,7.012
10.556,9.888,4.155,8.486,11.794,12.358,15.814
8.884,7.019,4.156,8.878,7.370,3.759,5.804
2.463,7.568,4.153,8.558,8.125,10.026,6.956
6.717,4.582,4.150,10.939,3.587,12.861,4.075
4.814,4.189,4.151,7.983,4.831,5.616,12.670
9.139,6.727,4.152,9.560,6.198,9.436,7.134
8.629,9.076,7.521,10.077,10.715,10.027,9.631
4.222,4.930,8.236,6.652,10.493,11.291,6.997
12.024,14.024,8.480,7.343,11.870,7.695,1.638
6.029,3.975,4.946,5.650,5.992,2.887,8.590
5.539,3.141,5.066,10.203,8.071,6.639,1.911
16.509,4.412,4.827,7.814,4.513,10.327,3.972
9.872,12.238,5.013,5.243,6.933,10.714,6.059
10.615,9.116,5.042,8.389,5.699,6.998,8.468
9.837,3.953,4.715,16.861,9.552,9.725,6.979
8.038,4.578,8.910,7.082,8.141,10.243,8.022
7.757,9.989,9.201,2.906,8.586,11.792,12.144
11.770,10.255,10.423,8.004,9.694,8.172,12.203
7.909,10.583,6.540,14.909,6.184,3.982,12.518
6.663,12.493,6.598,8.834,4.452,5.745,10.235
14.543,7.981,6.648,2.862,8.425,2.303,5.782
10.257,8.277,6.721,1.879,3.339,5.670,8.699
9.066,7.894,6.771,11.034,6.184,7.169,11.276
7.295,5.970,6.820,11.953,10.275,3.125,10.581
4.026,5.670,6.890,3.915,8.836,8.560,8.436
6.461,10.409,6.959,8.223,7.051,9.361,6.213
9.606,9.703,7.020,10.590,15.884,7.650,3.582
7.502,8.755,7.074,6.652,9.061,5.561,3.147
12.008,10.453,7.108,9.185,6.380,10.902,9.428
10.883,8.295,7.005,10.812,6.987,16.811,10.004
3.465,8.026,5.771,5.002,13.880,7.412,5.248
7.771,3.461,11.845,5.873,14.767,11.822,17.522
7.753,14.244,11.598,7.662,3.899,6.662,10.188
8.150,8.469,11.289,8.442,6.932,7.567,10.613
6.470,9.547,8.704,13.059,12.523,10.333,5.978
0.845,8.858,8.861,9.039,4.278,5.469,7.925
8.409,5.186,9.248,2.553,9.084,7.546,8.801
6.137,5.265,9.473,4.777,3.053,5.440,8.004
4.222,6.111,9.779,8.424,8.374,6.187,2.164
7.768,4.310,9.951,9.264,6.684,10.823,7.338
4.436,6.781,10.015,11.270,5.328,2.421,4.106
7.310,13.420,10.148,4.923,10.971,7.371,10.274
6.124,10.312,10.310,10.712,9.743,3.678,2.180
6.309,9.094,10.447,6.425,9.295,2.942,14.690
9.614,11.934,10.627,14.452,4.684,10.906,12.894
8.372,7.334,10.775,6.005,8.900,7.145,8.014
12.315,6.849,10.669,5.779,8.349,13.210,5.357
4.850,9.988,11.110,11.603,7.044,10.016,10.577
10.942,5.767,10.968,5.115,8.989,7.531,5.295
5.444,13.297,10.937,8.836,4.850,6.516,6.685
10.690,10.316,11.085,4.470,2.500,7.162,12.903
10.044,9.792,14.763,5.276,8.015,8.795,10.123
9.647,2.692,12.237,14.694,13.029,7.242,5.984
5.632,7.301,13.090,13.966,3.978,10.051,5.133
6.783,5.888,15.997,4.902,9.915,12.113,9.787
5.824,6.001,10.437,10.587,9.957,7.836,7.462
8.877,7.561,10.497,8.146,2.475,8.432,8.011
9.354,6.715,10.537,6.829,5.213,5.505,11.252
8.480,11.386,10.583,10.107,9.641,13.616,7.785
9.324,2.897,10.597,1.523,0.500,11.748,3.889
5.533,8.498,10.571,11.794,8.354,7.997,9.350
5.475,11.818,10.538,7.370,11.454,8.504,10.959
4.045,4.240,10.526,8.125,6.469,7.249,10.862
10.247,8.312,10.477,3.587,8.180,11.360,4.832
8.223,11.266,10.812,4.831,8.266,11.736,8.860
4.137,10.208,10.488,6.198,6.256,11.093,7.459
6.664,9.472,10.481,10.715,12.974,7.686,8.984
8.658,1.800,10.480,10.493,7.133,9.045,14.321
2.129,4.486,10.435,11.870,11.206,8.514,8.243
8.775,11.208,10.578,5.992,8.962,9.603,10.667
9.351,8.088,9.240,8.071,12.175,11.311,7.953
6.689,11.852,10.334,4.513,11.829,10.828,6.985
8.714,10.874,10.149,6.933,6.853,7.456,9.598
7.090,7.746,10.148,5.699,10.532,6.794,8.384
10.380,6.131,10.084,9.552,6.985,11.381,9.850
7.473,4.498,10.014,8.141,9.141,6.532,4.916
6.789,2.116,9.899,8.586,9.671,6.545,9.083
9.720,7.350,10.022,9.694,6.716,10.309,9.366
7.218,10.316,10.058,6.184,9.825,10.557,2.627
7.272,10.735,9.785,4.452,5.866,1.460,5.050
5.858,11.067,9.634,8.425,1.724,4.789,11.193
11.844,9.541,9.496,3.339,9.085,9.732,9.900
10.457,7.076,9.369,6.184,10.667,13.443,9.854
6.578,7.932,9.237,10.275,9.821,11.305,14.842
9.624,13.882,8.996,8.836,7.417,8.622,4.101
7.405,7.494,8.779,7.051,7.408,10.391,6.003
2.615,9.322,8.651,15.884,10.921,5.161,7.708
3.122,13.381,8.539,9.061,8.253,10.526,8.834
6.052,9.932,8.402,6.380,2.852,9.562,8.237
7.559,5.954,8.315,6.987,7.605,4.357,10.581
6.884,13.359,8.246,13.880,7.749,4.548,9.937
9.527,3.914,7.994,14.767,3.313,8.370,4.994
12.282,7.623,7.326,3.899,5.535,4.959,2.431
9.257,9.493,8.013,6.932,6.392,8.023,9.228
10.836,9.153,7.368,12.523,10.714,5.623,7.483
10.534,11.212,6.895,4.278,8.709,8.525,6.331
13.625,9.286,6.167,9.084,7.528,11.244,11.805
11.225,6.309,5.825,3.053,7.156,0.894,11.680
9.334,6.756,5.379,8.374,6.698,8.818,7.900
6.566,6.448,7.012,6.684,10.733,12.047,5.758
7.181,3.163,6.026,5.328,6.721,15.640,7.689
6.776,7.956,5.824,10.971,8.429,14.504,7.576
3.253,11.814,5.582,9.743,5.820,8.011,9.826
9.140,8.005,5.360,9.295,9.484,8.258,6.709
9.576,7.809,5.158,4.684,7.404,6.948,6.090
8.266,9.679,4.879,8.900,3.342,10.199,11.083
8.853,13.228,4.457,8.349,8.526,7.807,6.132
8.684,4.505,3.742,7.044,4.448,8.496,4.379
11.572,7.428,2.077,8.989,10.539,9.634,7.411
9.481,16.719,2.038,4.850,12.004,8.762,1.665
6.472,11.293,1.511,2.500,10.499,8.522,8.721
6.902,5.885,1.128,8.015,8.954,13.339,5.972
6.295,9.728,0.766,13.029,4.775,6.201,6.384
10.820,7.695,0.633,3.978,6.884,13.790,5.220
5.179,7.104,13.408,9.915,7.163,11.796,3.039
8.914,8.192,3.607,4.946,6.785,7.956,5.857
6.334,7.871,6.655,10.426,6.729,8.341,7.993
4.803,12.002,6.987,8.754,9.686,4.019,12.001
9.280,11.779,3.990,6.216,7.505,8.838,6.526
4.116,8.216,4.000,9.391,6.946,6.640,6.157
9.113,5.724,7.271,8.544,8.029,8.429,9.903
1.406,11.089,7.560,5.144,12.059,6.226,9.673
6.028,12.111,4.568,7.542,6.951,9.717,5.547
9.582,2.183,7.866,8.474,14.588,7.903,7.842
7.869,7.043,4.892,6.097,15.463,7.464,5.643
9.151,8.001,4.925,4.047,6.656,3.499,9.254
5.197,7.182,4.958,11.024,11.076,8.373,6.179
7.345,9.391,5.000,10.354,2.546,10.453,14.843
13.142,4.301,5.030,6.861,6.985,11.363,10.734
10.702,3.628,5.065,14.208,10.419,3.889,7.045
9.958,6.122,5.099,9.349,7.828,12.192,7.454
6.165,7.829,5.139,1.652,6.785,3.018,11.683
10.164,3.373,8.460,6.194,7.841,12.173,5.327
6.268,8.961,8.866,6.122,11.320,4.738,9.191
1.454,6.621,5.827,5.676,13.740,7.688,5.282
6.366,4.840,5.886,4.674,18.647,6.038,11.913
7.211,6.641,5.949,12.267,8.776,6.115,7.418
6.653,9.802,6.013,8.712,7.670,3.519,10.398
6.406,10.314,6.079,10.103,13.916,3.381,6.819
5.647,7.274,6.154,3.715,8.930,9.135,11.519
8.198,9.594,6.218,9.360,8.995,1.112,11.237
4.787,11.195,6.281,12.744,2.156,5.946,7.409
9.481,10.320,6.351,13.039,6.677,8.926,9.421
6.918,2.852,6.423,6.087,1.856,5.083,11.547
7.252,5.586,6.500,8.612,9.689,5.358,7.964
6.806,12.757,6.579,7.037,9.505,9.904,5.099
2.325,3.301,6.661,5.668,9.390,6.290,7.533
9.513,6.113,6.749,7.804,5.554,3.861,6.465
4.575,9.365,6.838,8.329,8.542,0.500,4.564
8.611,4.575,7.029,4.819,7.416,11.004,8.916
5.988,9.356,10.647,5.635,8.513,7.148,7.905
6.284,7.253,10.644,9.480,9.630,4.671,6.056
6.083,10.653,8.949,9.499,4.291,9.299,10.791
10.699,8.368,7.964,11.961,8.062,5.552,11.424
13.496,3.746,8.063,7.102,11.104,6.860,10.782
9.305,4.215,8.182,7.918,14.640,3.045,7.601
8.768,4.342,8.303,7.829,12.284,7.349,12.151
6.870,6.396,8.433,4.893,10.044,5.154,12.144
9.139,11.487,11.805,6.422,7.900,10.828,10.169
5.705,10.297,8.952,9.557,9.105,9.155,9.586
10.996,5.615,9.091,8.821,4.663,7.858,10.256
10.484,4.113,9.233,14.950,7.967,5.037,9.032
7.766,8.243,9.384,7.123,5.737,7.491,9.323
10.020,3.270,9.529,11.573,7.616,11.277,11.004
3.548,7.098,9.687,12.102,10.815,5.130,7.290
13.218,5.739,9.843,12.438,7.854,10.333,11.277
6.076,9.070,10.003,12.479,4.879,10.057,12.955
4.757,6.773,10.170,9.604,9.679,6.145,6.490
10.813,6.589,10.325,12.662,10.305,13.578,5.950
7.769,5.402,13.757,7.639,6.173,12.141,7.842
6.148,4.701,14.195,3.198,9.037,7.075,5.261
5.132,7.979,14.642,14.746,2.525,10.411,11.569
11.987,8.329,15.096,11.103,5.852,9.429,11.223
6.517,12.248,15.558,4.807,4.523,5.252,4.680
6.293,8.631,16.073,6.786,6.491,9.578,9.363
11.281,7.678,14.627,10.326,9.208,4.158,4.480
7.273,4.855,14.852,4.947,7.764,8.096,6.375
12.380,8.285,10.236,1.502,8.666,9.016,8.236
5.847,6.117,10.014,4.843,8.743,4.118,5.733
11.727,9.066,13.780,9.432,4.418,7.984,7.754
7.445,12.679,13.790,12.634,7.179,3.242,16.010
4.209,11.139,13.791,5.153,6.296,8.551,5.481
6.787,6.006,13.793,7.199,5.657,7.997,12.269
7.421,9.112,13.793,12.324,6.255,16.884,6.304
6.581,6.995,13.790,11.272,10.869,2.471,8.091
11.689,10.485,9.510,7.209,7.732,13.964,12.058
2.918,8.338,8.842,7.652,10.399,9.391,4.530
13.702,13.551,8.344,7.134,11.350,10.833,13.060
4.629,10.828,7.837,9.618,4.561,5.906,4.381
2.933,7.946,7.318,4.280,9.794,3.539,7.072
6.551,11.065,6.800,8.682,9.098,12.356,5.884
6.945,8.058,6.252,7.880,13.702,7.660,2.438
10.781,4.268,5.617,14.285,11.615,12.289,7.416
7.472,7.593,9.764,4.924,9.869,10.349,7.190
4.324,4.288,9.631,8.054,7.344,2.849,10.318
8.643,6.083,9.572,6.228,6.811,6.288,1.814
11.523,12.834,5.041,7.532,6.297,8.514,7.492
11.919,6.919,4.497,8.713,3.709,11.148,6.313
7.121,5.634,3.959,10.377,2.895,0.500,6.524
10.219,5.706,3.459,10.524,12.749,2.933,6.902
2.546,4.942,7.897,3.252,7.139,9.598,10.074
6.712,8.399,7.566,6.100,8.519,9.689,6.095
0.500,7.671,7.634,5.216,6.359,14.156,8.218
7.429,4.961,7.695,5.357,8.665,7.892,7.045
8.330,8.811,7.780,10.404,9.977,7.719,9.158
4.093,6.534,7.892,13.463,6.995,6.130,6.095
11.268,10.706,8.042,2.345,10.760,6.620,6.920
9.219,4.825,8.205,8.697,3.523,9.360,6.943
8.198,8.270,8.394,7.949,9.084,10.029,6.040
6.261,7.711,8.619,7.065,9.488,10.288,7.522
9.259,10.859,8.898,10.708,5.761,5.545,5.952
3.234,12.179,9.189,9.112,9.461,8.920,7.907
10.386,8.632,9.509,6.021,6.491,10.245,5.786
12.623,8.629,9.877,12.982,6.489,7.885,8.420
7.849,8.877,10.334,13.080,9.006,10.034,3.959
9.979,6.878,5.571,8.130,8.046,11.353,1.028
10.531,4.751,5.765,11.787,8.759,11.746,8.113
7.286,10.682,5.648,8.735,6.041,4.523,5.463
6.602,5.383,5.556,8.257,7.059,8.364,5.691
10.209,2.750,5.472,8.249,8.653,5.264,7.613
2.691,5.559,5.369,4.962,12.620,5.889,10.681
7.571,10.998,5.286,6.049,8.697,7.660,14.481
8.192,3.178,5.224,7.584,7.186,8.823,3.369
5.368,7.706,5.178,1.394,7.148,10.905,2.634
5.548,10.747,5.147,7.657,4.994,5.936,10.839
7.048,4.643,5.138,6.508,1.169,12.836,7.605
7.460,7.943,5.190,3.755,10.252,4.472,6.273
9.164,6.358,5.177,4.998,7.021,11.307,8.074
10.501,5.842,5.217,5.762,7.421,7.494,7.499
9.000,10.424,5.310,7.300,8.010,9.191,10.232
9.725,13.236,5.418,8.727,2.659,6.947,7.169
8.470,7.457,5.556,9.178,8.711,10.829,4.662
9.635,6.661,5.723,9.446,4.383,9.300,7.525
7.169,5.501,5.909,6.610,6.390,8.591,6.134
12.571,7.192,10.706,3.567,6.864,5.342,9.293
5.663,9.851,5.843,6.076,5.824,6.001,9.759
11.814,6.959,4.818,13.812,8.877,7.561,4.370
4.699,3.090,7.610,9.008,9.354,6.715,10.960
6.664,7.069,5.600,5.667,8.480,11.386,6.287
5.775,5.022,5.508,7.666,9.324,2.897,8.633
1.007,2.016,5.518,6.904,5.533,8.498,8.486
8.425,6.107,5.577,8.664,5.475,11.818,8.878
12.655,8.936,5.557,5.309,4.045,4.240,8.558
8.264,6.987,5.579,4.199,10.247,8.312,10.939
2.762,8.775,5.666,12.808,8.223,11.266,7.983
12.094,6.779,5.468,9.057,4.137,10.208,9.560
7.083,2.202,5.401,9.907,6.664,9.472,10.077
6.458,10.731,5.328,7.183,8.658,1.800,6.652
7.059,14.850,5.267,11.112,2.129,4.486,7.343
9.149,8.039,5.176,10.964,8.775,11.208,5.650
6.150,6.867,5.035,6.283,9.351,8.088,10.203
6.482,10.273,4.926,7.543,6.689,11.852,7.814
6.935,14.039,4.755,5.639,8.714,10.874,5.243
14.491,8.529,4.152,9.982,7.090,7.746,8.389
7.231,9.747,9.923,7.928,10.380,6.131,16.861
3.896,11.078,5.422,8.161,7.473,4.498,7.082
5.401,7.871,5.203,10.733,6.789,2.116,2.906
8.825,4.355,5.019,0.951,9.720,7.350,8.004
9.913,12.196,4.820,11.053,7.218,10.316,14.909
5.958,9.522,10.001,3.356,7.272,10.735,8.834
5.344,2.403,6.419,4.753,5.858,11.067,2.862
8.592,12.749,6.353,11.616,11.844,9.541,1.879
6.125,11.366,6.450,7.716,10.457,7.076,11.034
1.840,8.451,6.530,7.321,6.578,7.932,11.953
5.706,5.771,6.621,7.478,9.624,13.882,3.915
14.751,6.924,6.740,11.229,7.405,7.494,8.223
11.639,8.549,6.892,5.154,2.615,9.322,10.590
10.990,7.430,7.063,2.719,3.122,13.381,6.652
8.816,6.347,7.238,9.483,6.052,9.932,9.185
5.816,15.975,7.412,8.185,7.559,5.954,10.812
3.427,4.088,7.592,7.624,6.884,13.359,5.002
6.041,8.973,7.779,8.721,9.527,3.914,5.873
8.270,5.000,7.969,9.407,12.282,7.623,7.662
8.766,6.425,8.156,8.258,9.257,9.493,8.442
5.774,3.340,8.347,11.103,10.836,9.153,13.059
12.035,6.758,8.552,9.288,10.534,11.212,9.039
8.918,6.262,8.787,7.614,13.625,9.286,2.553
7.730,1.673,9.080,6.899,11.225,6.309,4.777
4.963,7.374,9.446,14.719,9.334,6.756,8.424
11.177,12.117,9.837,6.389,6.566,6.448,9.264
7.640,7.465,10.169,11.988,7.181,3.163,11.270
4.149,9.401,10.453,5.843,6.776,7.956,4.923
8.428,8.059,10.734,11.751,3.253,11.814,10.712
4.959,13.049,11.039,2.999,9.140,8.005,6.425
8.779,8.260,11.372,9.391,9.576,7.809,14.452
8.996,5.783,11.730,7.675,8.266,9.679,6.005
6.210,8.092,8.404,7.444,8.853,13.228,5.779
11.579,5.058,11.726,13.688,8.684,4.505,11.603
4.524,10.526,12.209,8.559,11.572,7.428,5.115
11.536,6.011,12.813,8.122,9.481,16.719,8.836
8.010,4.949,13.511,6.778,6.472,11.293,4.470
8.116,5.434,13.891,6.249,6.902,5.885,5.276
9.602,8.917,14.164,10.017,6.295,9.728,14.694
4.242,9.058,14.822,8.620,10.820,7.695,13.966
10.258,8.870,16.533,7.650,5.179,7.104,4.902
4.138,9.786,7.345,7.836,5.999,9.851,5.134
8.669,8.006,7.117,8.432,6.538,6.959,7.528
11.447,5.033,7.157,5.505,12.741,3.090,8.138
4.984,11.333,7.169,13.616,9.698,7.069,7.047
7.755,6.209,7.137,11.748,4.440,5.022,7.224
11.148,6.938,7.106,7.997,6.656,2.016,9.019
10.356,6.818,7.078,8.504,6.191,6.107,13.950
3.216,8.632,7.035,7.249,5.825,8.936,6.103
11.867,11.526,6.995,11.360,10.704,6.987,9.621
10.791,5.204,6.957,11.736,8.049,8.775,11.182
5.056,4.222,6.880,11.093,7.293,6.779,6.674
7.354,12.938,6.795,7.686,8.176,2.202,4.654
8.623,9.694,6.720,9.045,9.513,10.731,8.608
8.114,7.840,6.646,8.514,2.187,14.850,7.027
7.747,7.359,6.520,9.603,7.645,8.039,12.197
5.356,12.044,6.401,11.311,8.345,6.867,7.611
8.587,4.193,6.328,10.828,10.332,10.273,8.769
11.669,4.309,5.984,7.456,10.642,14.039,10.913
6.922,5.797,5.508,6.794,9.357,8.529,3.790
3.034,6.106,5.279,11.381,9.065,9.747,5.043
9.222,8.091,5.191,6.532,3.144,11.078,5.360
3.907,7.585,5.084,6.545,8.053,7.871,7.485
9.147,8.304,5.028,10.309,8.418,4.355,9.324
1.243,4.343,13.243,10.557,4.280,12.196,9.928
6.062,5.432,12.020,1.460,6.185,9.522,4.628
8.321,11.591,11.879,4.789,5.474,2.403,3.795
7.258,10.348,11.833,9.732,8.381,12.749,11.130
0.500,8.382,11.752,13.443,11.231,11.366,11.383
7.266,4.671,11.639,11.305,6.337,8.451,7.266
9.450,6.093,11.554,8.622,9.548,5.771,8.715
10.202,11.992,11.507,10.391,5.653,6.924,0.500
6.936,9.911,11.473,5.161,7.672,8.549,9.001
6.795,4.729,11.443,10.526,5.654,7.430,2.554
5.090,6.104,11.431,9.562,3.160,6.347,2.243
7.409,6.968,11.501,4.357,8.534,15.975,8.666
7.226,10.298,11.479,4.548,7.553,4.088,6.162
7.547,9.928,11.325,8.370,5.542,8.973,8.897
8.163,10.913,11.240,4.959,3.485,5.000,5.557
11.021,13.113,11.170,8.023,8.170,6.425,9.916
10.300,9.360,11.182,5.623,6.700,3.340,11.428
6.645,6.948,11.129,8.525,10.379,6.758,8.902
3.030,3.344,11.021,11.244,5.862,6.262,8.112
9.544,9.891,11.031,0.894,10.154,1.673,10.252
8.208,4.339,10.926,8.818,7.576,7.374,7.048
12.460,7.772,10.850,12.047,5.360,12.117,11.027
9.151,8.644,4.701,15.640,5.273,7.465,11.701
13.400,1.974,4.449,14.504,11.358,9.401,9.385
8.087,11.827,4.380,8.011,9.309,8.059,5.476
12.910,7.065,4.462,8.258,7.380,13.049,7.872
10.375,11.780,4.461,6.948,5.160,8.260,11.327
8.044,11.717,3.967,10.199,7.375,5.783,12.961
14.449,10.767,4.206,7.807,8.304,8.092,8.636
13.297,8.817,4.304,8.496,3.086,5.058,8.128
6.506,5.927,4.506,9.634,6.129,10.526,12.863
9.348,9.719,4.574,8.762,7.189,6.011,10.162
6.068,7.314,4.665,8.522,8.924,4.949,7.462
5.571,7.544,4.882,13.339,5.584,5.434,7.530
2.733,7.396,5.113,6.201,5.725,8.917,0.500
3.218,4.938,5.758,13.790,3.209,9.058,9.781
11.276,7.315,13.480,11.796,10.954,8.870,5.324
10.587,9.410,14.521,9.169,10.974,5.661,7.312
8.146,8.539,14.415,7.562,2.011,9.641,3.341
6.829,6.014,14.482,4.647,12.184,4.702,6.591
10.107,10.694,14.515,8.038,4.466,6.611,4.069
1.523,6.771,12.512,8.936,10.267,10.094,8.535
11.794,3.948,12.194,5.280,5.559,10.236,8.482
7.370,4.260,10.484,8.400,9.190,10.300,5.988
8.125,10.024,10.172,9.985,4.009,4.278,8.164
3.587,13.342,10.039,7.913,10.728,10.746,3.803
4.831,5.198,11.643,9.273,10.968,2.601,7.584
6.198,5.648,9.964,7.793,9.510,4.074,6.729
10.715,4.683,9.424,6.666,9.840,7.141,8.147
10.493,2.907,9.242,7.387,4.973,10.417,5.480
11.870,7.347,9.003,11.470,7.432,6.186,9.971
5.992,10.404,8.765,7.420,7.003,8.488,8.618
8.071,8.099,8.595,15.010,10.313,5.978,2.394
4.513,9.087,8.336,7.051,2.087,9.306,11.098
6.933,7.715,13.847,5.408,3.653,3.543,5.654
5.699,8.969,9.087,12.758,7.584,7.916,10.483
9.552,11.027,9.103,13.587,8.979,4.779,7.456
8.141,8.877,9.226,9.493,6.015,12.584,5.941
8.586,14.512,9.443,5.402,4.999,9.796,7.716
9.694,4.758,9.491,7.423,12.286,5.158,11.073
6.184,8.684,8.515,7.691,7.098,4.133,8.034
4.452,8.097,7.368,3.924,9.836,5.813,8.623
8.425,7.049,7.452,7.950,5.941,12.765,7.887
3.339,10.342,7.283,6.408,4.296,6.850,8.438
6.184,7.986,7.064,5.818,4.745,12.560,10.291
10.275,10.566,6.825,8.136,6.817,3.625,10.957
8.836,8.915,6.574,3.950,6.083,2.312,4.840
7.051,8.596,6.326,11.608,4.418,4.001,6.421
15.884,10.974,6.083,9.012,10.461,7.127,11.544
9.061,11.739,5.843,9.655,9.299,9.859,9.752
6.380,5.523,5.610,4.218,3.927,4.308,3.978
6.987,7.453,5.392,9.959,5.824,8.968,6.729
13.880,4.690,5.169,5.230,7.561,7.011,8.544
14.767,8.056,4.936,10.228,2.331,7.675,11.926
3.899,6.519,4.700,7.921,7.304,11.931,6.092
6.932,11.861,4.473,10.412,7.469,3.146,4.741
12.523,8.421,4.357,11.670,6.396,9.454,5.639
4.278,8.167,8.529,11.128,12.270,6.933,11.822
9.084,9.929,9.164,5.799,9.679,6.828,4.522
3.053,11.913,9.225,8.239,6.529,9.631,7.581
8.374,7.054,9.240,8.462,9.647,10.952,10.140
6.684,6.006,9.289,6.004,5.596,2.107,5.943
5.328,5.487,9.407,2.470,8.780,9.666,6.281
10.971,8.286,5.136,9.807,10.414,6.662,8.201
9.743,14.086,4.606,5.164,4.485,9.142,10.799
9.295,8.434,4.109,6.074,7.589,12.053,5.959
4.684,8.770,3.783,15.468,12.050,8.402,6.593
8.900,12.516,3.488,7.403,7.871,11.837,2.273
8.349,8.734,3.146,2.841,6.894,1.682,5.890
7.044,5.409,2.981,6.518,8.130,1.576,8.854
8.989,5.385,7.891,4.844,6.847,12.029,1.684
4.850,4.408,2.981,8.386,3.846,13.992,1.729
2.500,4.281,6.720,2.901,4.382,13.744,7.400
8.015,8.756,7.078,6.335,4.734,5.514,11.178
13.029,5.723,7.069,4.046,8.694,12.355,6.746
3.978,8.174,6.793,9.661,8.522,6.345,10.975
9.915,7.800,6.890,12.067,6.860,7.706,12.122
5.711,6.034,1.220,6.861,8.536,10.474,5.711
3.409,8.713,1.255,7.372,8.855,8.089,3.409
8.986,9.883,5.373,9.037,5.478,4.943,8.986
11.385,5.328,1.745,2.004,11.279,7.393,11.385
9.997,7.068,5.956,9.533,7.909,5.438,9.997
3.063,7.901,6.546,11.624,9.817,11.408,3.063
4.471,4.142,3.002,10.477,9.912,6.470,4.471
5.817,0.500,3.205,9.089,7.540,8.819,5.817
5.995,4.142,3.354,8.795,6.976,12.481,5.995
9.656,9.151,5.497,4.708,9.897,6.329,9.656
8.103,8.556,3.923,8.200,6.702,11.798,8.103
13.208,8.437,4.127,5.657,11.216,7.141,13.208
11.454,7.000,4.333,4.849,8.825,11.314,11.454
3.794,7.182,4.550,6.323,1.658,9.067,3.794
6.622,12.943,5.740,4.615,6.619,9.913,6.622
9.167,2.667,5.011,5.252,6.094,10.664,9.167
9.066,3.749,5.311,12.935,13.423,4.151,9.066
4.157,8.953,5.522,7.093,1.167,10.418,4.157
5.446,6.464,5.756,7.720,6.236,6.533,5.446
4.961,7.405,10.174,10.293,9.246,10.130,4.961
6.202,3.854,6.717,8.013,8.708,6.631,6.202
7.368,7.125,7.009,9.417,10.258,10.113,7.368
9.181,8.761,7.289,7.221,14.318,6.996,9.181
16.053,7.493,7.618,5.594,7.761,7.363,16.053
1.751,9.160,7.858,11.641,9.835,4.634,1.751
6.800,4.792,8.127,3.988,10.949,8.784,6.800
12.203,13.280,8.389,12.293,10.557,6.842,12.203
7.577,11.104,8.631,10.786,5.363,6.785,7.577
10.589,11.625,8.884,11.880,6.368,8.159,10.589
7.363,9.316,9.114,9.922,10.203,10.169,7.363
8.102,11.777,9.343,4.588,9.005,9.460,8.102
14.525,6.408,9.554,5.039,5.340,10.880,14.525
6.790,8.163,9.751,8.955,11.581,8.306,6.790
9.004,10.128,9.940,9.915,6.631,7.684,9.004
3.254,14.178,10.113,10.570,7.591,8.301,3.254
11.708,8.570,11.138,9.207,8.145,10.010,11.708
6.904,7.883,10.587,11.998,7.541,5.148,6.904
6.635,9.704,10.658,6.658,3.294,11.143,6.635
7.238,14.038,10.758,9.348,7.780,2.951,7.238
3.581,8.570,10.840,11.414,4.939,6.816,3.581
9.152,4.117,10.897,5.883,5.436,5.775,9.152
5.607,0.500,10.931,3.425,6.414,7.689,5.607
9.509,10.456,10.933,8.876,6.943,10.342,9.509
3.203,8.804,10.897,10.155,5.229,6.605,3.203
11.094,5.022,10.842,6.898,8.576,10.036,11.094
7.699,7.774,10.886,5.888,3.598,2.798,7.699
9.333,8.492,10.649,4.669,7.015,7.634,9.333
15.807,4.918,14.616,8.580,5.655,2.058,15.807
8.723,5.621,10.831,7.021,8.504,5.150,8.723
4.010,12.647,10.600,8.796,7.268,5.717,4.010
6.032,4.853,10.304,8.882,3.097,9.867,6.032
3.796,8.942,10.106,7.747,6.390,2.425,3.796
4.107,10.403,9.815,11.048,11.283,5.653,4.107
7.298,4.042,9.464,6.936,5.501,8.966,7.298
6.703,9.672,9.077,8.737,12.698,8.574,6.703
8.314,4.472,12.848,4.065,7.936,4.561,8.314
8.092,9.617,8.719,4.508,5.444,10.176,8.092
8.204,10.842,8.241,7.335,7.498,5.253,8.204
6.106,9.346,7.835,9.248,0.500,9.605,6.106
5.122,10.104,7.592,7.311,4.418,6.383,5.122
4.426,11.637,9.856,6.642,9.345,0.654,4.158
3.846,10.787,9.867,6.625,8.211,3.804,8.096
11.053,12.695,9.848,4.828,7.922,10.405,9.016
9.522,6.438,9.691,4.134,5.470,7.588,4.118
2.504,6.014,9.806,12.314,11.081,9.902,7.984
10.310,7.488,9.763,11.947,7.738,8.967,3.242
10.000,8.908,9.739,8.950,4.454,5.460,8.551
6.332,6.882,9.696,11.242,7.709,5.468,7.997
8.934,8.130,9.647,7.481,10.069,5.075,16.884
3.650,7.536,9.591,6.867,8.553,9.733,2.471
7.620,7.783,9.522,9.261,8.140,8.806,13.964
7.052,6.129,9.439,10.990,4.688,8.142,9.391
11.213,4.122,9.342,7.543,8.636,11.005,10.833
4.573,9.402,9.228,4.580,10.256,4.462,5.906
5.206,7.634,9.095,9.561,14.709,9.050,3.539
6.970,6.441,8.951,15.097,10.663,12.432,12.356
13.274,6.008,8.778,4.952,7.141,14.800,7.660
5.840,6.258,8.581,4.692,6.851,11.510,12.289
6.497,3.242,12.990,4.679,0.500,5.366,10.349
7.172,10.406,13.483,6.735,8.608,3.072,2.849
7.286,16.024,9.560,12.581,11.599,8.165,6.288
6.088,3.931,9.220,7.327,5.895,10.342,8.514
10.765,4.230,8.998,14.657,5.856,10.644,11.148
3.980,6.496,8.740,17.441,3.251,3.707,0.500
9.029,7.365,13.104,14.347,6.994,12.670,2.933
3.704,12.327,8.881,3.515,11.581,5.300,9.598
7.162,7.114,8.578,8.649,6.344,6.365,9.689
7.363,6.058,8.242,13.083,3.813,8.562,14.156
9.123,2.713,7.858,3.186,3.856,10.671,7.892
10.360,11.547,7.419,1.530,5.894,11.451,7.719
2.951,6.886,6.941,7.244,11.262,7.718,6.130
7.106,13.194,6.491,6.401,11.141,7.620,6.620
4.139,9.578,10.408,8.809,7.506,11.171,9.360
11.444,5.531,10.498,7.902,12.145,11.088,10.029
11.641,11.369,10.532,10.176,3.331,5.424,10.288
7.508,2.605,6.039,6.775,9.673,15.042,5.545
9.670,10.692,5.384,6.238,3.820,4.990,8.920
5.376,5.864,8.972,11.625,13.712,3.158,10.245
17.005,1.323,9.117,10.373,7.121,2.994,7.885
7.575,5.797,9.062,12.185,0.500,2.541,10.034
6.399,11.914,8.995,8.013,10.381,4.013,11.353
4.332,13.728,8.924,6.737,9.055,10.490,11.746
8.532,9.566,8.850,4.493,10.669,9.959,4.523
5.971,4.480,8.778,7.900,10.123,8.642,8.364
3.766,8.614,8.714,9.066,6.717,8.824,5.264
2.901,6.241,8.653,7.738,2.916,7.843,5.889
7.809,9.590,8.602,7.532,3.810,6.035,7.660
9.726,11.279,8.564,13.164,10.008,8.337,8.823
10.396,9.037,8.542,11.886,7.138,11.188,10.905
12.929,6.440,8.541,8.626,6.729,6.023,5.936
11.147,7.669,3.914,10.677,6.597,6.300,12.836
10.467,8.934,3.223,4.889,6.565,9.457,4.472
8.470,7.595,2.494,7.299,8.595,9.302,11.307
10.455,3.538,1.727,7.080,6.945,17.905,7.494
15.069,7.184,0.926,16.555,6.197,5.595,9.191
2.679,8.491,4.780,12.140,10.715,4.668,6.947
6.646,7.720,0.500,13.134,3.612,5.454,10.829
4.579,6.328,0.500,1.559,8.942,7.599,9.300
7.830,9.271,0.500,11.551,5.171,1.155,8.591
10.700,10.160,3.315,7.569,5.609,8.701,5.342
9.665,4.587,2.070,5.999,9.438,11.637,9.665
11.391,3.216,1.968,6.538,7.619,10.787,11.391
5.022,11.408,1.942,12.741,5.649,12.695,5.022
10.900,7.114,1.887,9.698,4.606,6.438,10.900
6.972,6.435,1.884,4.440,11.518,6.014,6.972
7.911,3.420,1.898,6.656,7.157,7.488,7.911
8.504,5.843,1.869,6.191,7.420,8.908,8.504
12.243,1.603,5.885,5.825,7.498,6.882,12.243
8.205,10.254,6.155,10.704,4.812,8.130,8.205
7.650,8.969,6.466,8.049,13.223,7.536,7.650
11.705,8.979,6.787,7.293,9.039,7.783,11.705
3.439,9.667,7.121,8.176,8.263,6.129,3.439
4.654,7.802,7.472,9.513,6.189,4.122,4.654
10.144,9.911,7.826,2.187,0.500,9.402,10.144
3.488,5.848,8.182,7.645,7.352,7.634,3.488
6.536,12.436,8.484,8.345,10.154,6.441,6.536
7.882,13.376,4.767,10.332,7.774,6.008,7.882
2.633,3.789,8.860,10.642,10.339,6.258,2.633
3.685,7.358,9.218,9.357,12.101,3.242,3.685
7.382,3.391,9.580,9.065,13.398,10.406,7.382
1.861,8.357,5.951,3.144,9.926,16.024,1.861
5.524,7.928,6.030,8.053,5.421,3.931,5.524
10.481,9.724,6.080,8.418,15.199,4.230,10.481
7.263,4.657,10.211,4.280,8.992,6.496,7.263
13.814,11.435,10.636,6.185,8.488,7.365,13.814
8.330,8.441,7.058,5.474,3.625,12.327,8.330
10.034,11.718,7.102,8.381,5.542,7.114,10.034
5.849,6.444,7.188,11.231,4.262,6.058,5.849
5.923,7.071,7.283,6.337,2.659,2.713,5.923
5.765,4.489,7.373,9.548,7.173,11.547,5.765
9.474,9.318,7.465,5.653,5.358,6.886,9.474
9.097,6.402,7.557,7.672,8.527,13.194,9.097
5.194,8.092,7.650,5.654,7.458,9.578,5.194
9.768,5.841,7.744,3.160,9.897,5.531,9.768
10.948,14.562,7.843,8.534,9.558,11.369,10.948
7.952,9.382,7.941,7.553,3.386,2.605,7.952
5.524,4.787,8.039,5.542,2.189,10.692,5.524
8.821,11.421,8.137,3.485,7.641,5.864,8.821
4.712,8.360,8.236,8.170,9.479,1.323,4.712
11.026,10.661,8.346,6.700,12.642,5.797,11.026
9.658,7.736,8.480,10.379,8.428,11.914,9.658
6.028,5.126,8.574,5.862,5.988,13.728,6.028
8.599,6.279,8.681,10.154,7.796,9.566,8.599
8.724,7.313,8.786,7.576,7.215,4.480,8.724
12.278,7.117,13.062,5.360,11.151,8.614,12.278
7.583,8.016,9.443,5.273,8.545,6.241,7.583
6.091,10.056,9.609,11.358,8.647,9.590,6.091
4.097,5.401,9.776,9.309,8.888,11.279,4.097
6.564,12.074,9.949,7.380,8.356,9.037,6.564
1.383,7.930,10.127,5.160,6.932,6.440,1.383
12.539,8.379,10.314,7.375,13.484,7.669,12.539
9.982,10.037,10.507,8.304,5.871,8.934,9.982
4.165,9.445,10.927,3.086,9.756,7.595,4.165
7.706,10.156,10.868,6.129,2.613,3.538,7.706
8.988,1.426,15.265,7.189,6.471,7.184,8.988
7.374,5.012,11.789,8.924,12.550,8.491,7.374
9.905,11.395,12.033,5.584,2.897,7.720,9.905
4.042,7.762,12.294,5.725,4.329,6.328,4.042
7.824,9.267,12.570,3.209,7.201,9.271,7.824
5.223,12.997,12.756,10.954,8.848,10.160,5.223
